detail_amplitude,detail_amplitude_error,detail_component_relative_mse,elapsed_seconds,gain,gradient_probe_seconds,gradient_rounding_cosine,gradient_rounding_mse,gradient_zeroed_fraction,initial_calibration_seconds,mode,reselection_seconds,seed,selection_seconds,step,target,total_gradient_cosine,total_gradient_mse,training_loss,training_seconds,validation_mse,weight_rounding_gradient_cosine,weight_rounding_output_mse
-0.04324006661772728,0.05324006661772728,55.219821986957754,0.0036375001072883606,1.0,0.0,,,,0.0,fp32,0.0,10,0.0,0,detail,,,,0.0,0.005454347934573889,,0.0
0.009482862427830696,0.0005171375721693041,1.2622972914880057,0.32879004208371043,1.0,0.0005643330514431,0.9999999999999983,0.0,0.0,0.0,fp32,0.0,10,0.0,500,detail,0.9999999999999983,0.0,6.169451080495492e-05,0.3170904505532235,8.471980254398659e-05,0.9999999999999983,0.0
0.009684140793979168,0.00031585920602083227,0.5216805652917869,0.6468666249420494,1.0,0.0009497492574155331,0.999999999999999,0.0,0.0,0.0,fp32,0.0,10,0.0,1000,detail,0.999999999999999,0.0,2.2632353648077697e-05,0.6271678728517145,3.338685928611085e-05,0.999999999999999,0.0
0.01024050172418356,0.0002405017241835592,0.3201596727197114,0.9619225419592112,1.0,0.0013955824542790651,0.9999999999999963,0.0,0.0,0.0,fp32,0.0,10,0.0,1500,detail,0.9999999999999963,0.0,2.0363560906844214e-05,0.9341747025027871,2.0781239072675817e-05,0.9999999999999963,0.0
0.00892689824104309,0.0010731017589569094,0.24116754659718426,1.2787141669541597,1.0,0.0018250413704663515,0.999999999999996,0.0,0.0,0.0,fp32,0.0,10,0.0,2000,detail,0.999999999999996,0.0,1.7361784557579085e-05,1.2423381723929197,1.4314770851342473e-05,0.999999999999996,0.0
0.010089236311614513,8.923631161451319e-05,0.16764185419737399,1.5878149589989334,1.0,0.0022053741849958897,0.9999999999999983,0.0,0.0,0.0,fp32,0.0,10,0.0,2500,detail,0.9999999999999983,0.0,1.7263577319681644e-05,1.543346224585548,2.452652552165091e-05,0.9999999999999983,0.0
0.010243967175483704,0.0002439671754837034,0.13918398840470422,1.9154766669962555,1.0,0.002585833193734288,0.9999999999999963,0.0,0.0,0.0,fp32,0.0,10,0.0,3000,detail,0.9999999999999963,0.0,6.710125035169767e-06,1.8628636801149696,1.2373498066153843e-05,0.9999999999999963,0.0
0.0097960839048028,0.00020391609519720098,0.09760482468096071,2.236946834018454,1.0,0.00296299927867949,0.9999999999999962,0.0,0.0,0.0,fp32,0.0,10,0.0,3500,detail,0.9999999999999962,0.0,9.290935850003734e-06,2.176215849816799,7.728417585894931e-06,0.9999999999999962,0.0
0.009887523017823696,0.00011247698217630407,0.07731225253365727,2.5613792499061674,1.0,0.003335708286613226,0.9999999999999977,0.0,0.0,0.0,fp32,0.0,10,0.0,4000,detail,0.9999999999999977,0.0,6.728611424478004e-06,2.4924651554320008,7.3129240263369866e-06,0.9999999999999977,0.0
0.010156217962503433,0.00015621796250343302,0.06812534196016869,2.890112250111997,1.0,0.003705583279952407,0.9999999999999972,0.0,0.0,0.0,fp32,0.0,10,0.0,4500,detail,0.9999999999999972,0.0,5.277969648886938e-06,2.8130020280368626,6.8795529841736425e-06,0.9999999999999972,0.0
0.010225978679955006,0.00022597867995500544,0.12820741174287453,3.2000573750119656,1.0,0.004085208289325237,0.9999999999999968,0.0,0.0,0.0,fp32,0.0,10,0.0,5000,detail,0.9999999999999968,0.0,3.108957753283903e-05,3.1146662968676537,5.313421934260987e-05,0.9999999999999968,0.0
0.008261827751994133,0.0017381722480058672,0.11244410549865388,3.5371631251182407,1.0,0.004625208443030715,0.9999999999999963,0.0,0.0,0.0,fp32,0.0,10,0.0,5500,detail,0.9999999999999963,0.0,2.0053357729921117e-05,3.443455637898296,1.2772956324624829e-05,0.9999999999999963,0.0
0.009574520401656628,0.00042547959834337255,0.060549958860868634,3.8630096670240164,1.0,0.0050088753923773766,0.999999999999998,0.0,0.0,0.0,fp32,0.0,10,0.0,6000,detail,0.999999999999998,0.0,9.743676855578087e-06,3.7605076138861477,7.150206783990143e-06,0.999999999999998,0.0
0.013305051252245903,0.003305051252245903,0.2405575777188071,4.1920083339791745,1.0,0.005415708292275667,0.9999999999999964,0.0,0.0,0.0,fp32,0.0,10,0.0,6500,detail,0.9999999999999964,0.0,2.0253299226169474e-05,4.0802011815831065,2.6864037863560952e-05,0.9999999999999964,0.0
0.009825171902775764,0.00017482809722423574,0.07286856513727079,4.51505095907487,1.0,0.005813750205561519,0.9999999999999978,0.0,0.0,0.0,fp32,0.0,10,0.0,7000,detail,0.9999999999999978,0.0,1.3986455996928271e-05,4.394965470768511,1.3648535968968645e-05,0.9999999999999978,0.0
0.010020076297223568,2.0076297223567754e-05,0.058707831876410196,4.830316792009398,1.0,0.006182875018566847,0.999999999999996,0.0,0.0,0.0,fp32,0.0,10,0.0,7500,detail,0.999999999999996,0.0,2.5292443751823157e-05,4.701740947319195,7.576496500405483e-06,0.999999999999996,0.0
0.009240570478141308,0.0007594295218586924,0.03212136379111729,5.1434192499145865,1.0,0.006560625042766333,0.9999999999999968,0.0,0.0,0.0,fp32,0.0,10,0.0,8000,detail,0.9999999999999968,0.0,8.777225957601331e-06,5.006631032563746,6.174423560878495e-06,0.9999999999999968,0.0
0.009978215210139751,2.1784789860248774e-05,0.01974711208890018,5.454791834112257,1.0,0.006942291045561433,0.9999999999999963,0.0,0.0,0.0,fp32,0.0,10,0.0,8500,detail,0.9999999999999963,0.0,1.9063177205680404e-06,5.310225532390177,2.3653742573515046e-06,0.9999999999999963,0.0
0.010402350686490536,0.00040235068649053553,0.032773417081211814,5.76372745889239,1.0,0.007330791093409061,0.9999999999999979,0.0,0.0,0.0,fp32,0.0,10,0.0,9000,detail,0.9999999999999979,0.0,3.6272201668907655e-06,5.611266752006486,5.398629127739696e-06,0.9999999999999979,0.0
0.009736577048897743,0.000263422951102257,0.022950743887540502,6.074091499904171,1.0,0.0077047080267220736,0.9999999999999979,0.0,0.0,0.0,fp32,0.0,10,0.0,9500,detail,0.9999999999999979,0.0,1.5031905604701024e-06,5.913691743509844,2.1547737105720444e-06,0.9999999999999979,0.0
0.01051055546849966,0.0005105554684996603,0.020989010665893693,6.384496625047177,1.0,0.008083040826022625,0.9999999999999972,0.0,0.0,0.0,fp32,0.0,10,0.0,10000,detail,0.9999999999999972,0.0,7.576885764137842e-06,6.216012414777651,4.985104169463739e-06,0.9999999999999972,0.0
0.009628591127693653,0.0003714088723063471,0.026302176818696284,6.710063583916053,1.0,0.00848174886777997,0.9999999999999961,0.0,0.0,0.0,fp32,0.0,10,0.0,10500,detail,0.9999999999999961,0.0,2.9503569294320187e-06,6.527899560285732,2.537162572480156e-06,0.9999999999999961,0.0
0.009636742062866688,0.00036325793713331243,0.03306453335048176,7.02092649997212,1.0,0.008870415855199099,0.999999999999997,0.0,0.0,0.0,fp32,0.0,10,0.0,11000,detail,0.999999999999997,0.0,2.0033915006933967e-06,6.830872305901721,2.781493549264269e-06,0.999999999999997,0.0
0.010098733939230442,9.873393923044184e-05,0.009630447781672775,7.330668000038713,1.0,0.00926129100844264,0.9999999999999957,0.0,0.0,0.0,fp32,0.0,10,0.0,11500,detail,0.9999999999999957,0.0,1.5620231579305255e-06,7.132585980463773,9.034076811076375e-07,0.9999999999999957,0.0
0.010008536279201508,8.53627920150736e-06,0.00895390985445903,7.640361750032753,1.0,0.009639041032642126,0.9999999999999972,0.0,0.0,0.0,fp32,0.0,10,0.0,12000,detail,0.9999999999999972,0.0,1.2583320767589612e-06,7.4342756231781095,1.3313085673871683e-06,0.9999999999999972,0.0
0.01020599715411663,0.00020599715411663035,0.02593915118056778,7.9514687499031425,1.0,0.010028500109910965,0.9999999999999972,0.0,0.0,0.0,fp32,0.0,10,0.0,12500,detail,0.9999999999999972,0.0,2.2981985239312053e-06,7.7371828043833375,1.7871028603622108e-06,0.9999999999999972,0.0
0.010217562317848206,0.00021756231784820536,0.006619500718666635,8.260224374942482,1.0,0.010399291990324855,0.9999999999999983,0.0,0.0,0.0,fp32,0.0,10,0.0,13000,detail,0.9999999999999983,0.0,7.062103577482048e-07,8.03809805214405,4.827423936148989e-07,0.9999999999999983,0.0
0.009722231887280941,0.0002777681127190592,0.008330183327982618,8.57029979210347,1.0,0.01083649997599423,0.9999999999999989,0.0,0.0,0.0,fp32,0.0,10,0.0,13500,detail,0.9999999999999989,0.0,1.3831411251885584e-06,8.34035342792049,9.874318038782803e-07,0.9999999999999989,0.0
0.009943336248397827,5.666375160217306e-05,0.00622574952880229,8.878785459091887,1.0,0.011251207906752825,0.9999999999999966,0.0,0.0,0.0,fp32,0.0,10,0.0,14000,detail,0.9999999999999966,0.0,1.5917981954771676e-06,8.64092263695784,1.1708252714015543e-06,0.9999999999999966,0.0
0.01020511332899332,0.00020511332899332026,0.008395235719180931,9.188908874988556,1.0,0.011636458104476333,0.9999999999999949,0.0,0.0,0.0,fp32,0.0,10,0.0,14500,detail,0.9999999999999949,0.0,7.81215248935041e-07,8.943167855264619,6.264976377678977e-07,0.9999999999999949,0.0
0.009983785450458527,1.6214549541473597e-05,0.005544813503531095,9.498857833910733,1.0,0.012008500052616,0.9999999999999972,0.0,0.0,0.0,fp32,0.0,10,0.0,15000,detail,0.9999999999999972,0.0,3.5072400805802317e-07,9.24512277613394,5.28130669863458e-07,0.9999999999999972,0.0
0.009986509568989277,1.3490431010723322e-05,0.005227242072694546,9.827411083970219,1.0,0.012377458857372403,0.999999999999998,0.0,0.0,0.0,fp32,0.0,10,0.0,15500,detail,0.999999999999998,0.0,3.6614895293496375e-07,9.565632062964141,3.6436190953281766e-07,0.999999999999998,0.0
0.009955800138413906,4.419986158609411e-05,0.0072182141438474874,10.153208958916366,1.0,0.012781333876773715,0.9999999999999988,0.0,0.0,0.0,fp32,0.0,10,0.0,16000,detail,0.9999999999999988,0.0,5.410290668805828e-07,9.883229025406763,6.700111043755896e-07,0.9999999999999988,0.0
0.009975442662835121,2.4557337164879053e-05,0.006125841717991338,10.464704541955143,1.0,0.013153000036254525,0.9999999999999973,0.0,0.0,0.0,fp32,0.0,10,0.0,16500,detail,0.9999999999999973,0.0,6.652919068983465e-07,10.186989741167054,4.886157398686919e-07,0.9999999999999973,0.0
0.009980669245123863,1.9330754876136988e-05,0.003976554641920672,10.775719667086378,1.0,0.01353570818901062,0.9999999999999983,0.0,0.0,0.0,fp32,0.0,10,0.0,17000,detail,0.9999999999999983,0.0,2.4521418140466267e-07,10.489715417148545,2.6578277356748004e-07,0.9999999999999983,0.0
0.009804167784750462,0.00019583221524953863,0.0044419779036791625,11.08588566700928,1.0,0.013915708288550377,0.9999999999999982,0.0,0.0,0.0,fp32,0.0,10,0.0,17500,detail,0.9999999999999982,0.0,3.0880056556270574e-07,10.791908463230357,2.814093704728293e-07,0.9999999999999982,0.0
0.010035539045929909,3.5539045929908544e-05,0.0036845228755874398,11.39674570900388,1.0,0.01429487532004714,0.9999999999999969,0.0,0.0,0.0,fp32,0.0,10,0.0,18000,detail,0.9999999999999969,0.0,1.9926476113596436e-07,11.095018053893,2.0827727098549076e-07,0.9999999999999969,0.0
0.009901657700538635,9.834229946136495e-05,0.003770919315360828,11.707145124906674,1.0,0.014660917455330491,0.9999999999999963,0.0,0.0,0.0,fp32,0.0,10,0.0,18500,detail,0.9999999999999963,0.0,1.4970883910336852e-07,11.397477981401607,2.121254141229656e-07,0.9999999999999963,0.0
0.009969641454517841,3.035854548215887e-05,0.003818287954032331,12.015831042081118,1.0,0.015031584305688739,0.9999999999999987,0.0,0.0,0.0,fp32,0.0,10,0.0,19000,detail,0.9999999999999987,0.0,2.0093298758183664e-07,11.698183160973713,2.1420639484404091e-07,0.9999999999999987,0.0
0.01002286747097969,2.2867470979690344e-05,0.003426944666045532,12.331597249954939,1.0,0.015406584367156029,0.9999999999999989,0.0,0.0,0.0,fp32,0.0,10,0.0,19500,detail,0.9999999999999989,0.0,1.710507149255136e-07,12.006035440135747,1.9189353395177022e-07,0.9999999999999989,0.0
0.009954974986612797,4.5025013387203425e-05,0.003440172509692075,12.643386000068858,1.0,0.01581866736523807,0.9999999999999974,0.0,0.0,0.0,fp32,0.0,10,0.0,20000,detail,0.9999999999999974,0.0,1.442732298073679e-07,12.309762563323602,1.8500080045669165e-07,0.9999999999999974,0.0
-0.045783352106809616,0.05578335210680962,56.37879512445265,0.004233292071148753,1.0,0.0,,,,0.0,fixed-e3m4,0.0,10,0.0,0,detail,,,,0.0,0.005082836840301752,,0.0002061322593363002
0.008360039442777634,0.0016399605572223665,1.2738799321122205,1.3988244170323014,1.0,0.00038158404640853405,0.99990981803305,3.1013301259193847e-12,0.011587600277310092,0.0,fixed-e3m4,0.0,10,0.0,500,detail,0.14276665821837292,1.7210671909112453e-07,6.177019531605765e-05,1.3778462000191212,7.655637455172837e-05,0.1419008660109825,0.00013315858086571097
0.010623075999319553,0.0006230759993195532,0.7125391031457138,2.8174456250853837,1.0,0.0007712091319262981,0.9999159772662258,2.700571139706229e-11,0.018322273942755273,0.0,fixed-e3m4,0.0,10,0.0,1000,detail,0.4885047913604773,1.3521659047074654e-07,9.96791131910868e-05,2.779078113147989,7.085166726028547e-05,0.48883066581094403,0.0001100233566830866
0.009703611955046654,0.00029638804495334646,0.43255018984139554,4.24693562509492,1.0,0.0011767512187361717,0.9999142763141361,2.636482689120031e-12,0.012577993463404971,0.0,fixed-e3m4,0.0,10,0.0,1500,detail,0.5171014285380859,9.239424652440742e-08,3.3130705560324714e-05,4.192207736428827,3.067237412324175e-05,0.5178327680338246,9.626521205063909e-05
0.010539093986153603,0.0005390939861536024,0.4847719403940012,5.63269358407706,1.0,0.0015608761459589005,0.999905536557945,1.9885455216719306e-11,0.019510745766069128,0.0,fixed-e3m4,0.0,10,0.0,2000,detail,0.8873305947161607,8.162730056515418e-08,6.928130460437387e-05,5.561297192936763,4.5561981096398085e-05,0.8873433919108915,6.337843660730869e-05
0.01142422016710043,0.0014242201671004293,0.3446302805040799,7.038755208952352,1.0,0.002012876095250249,0.9998891023265088,9.669346977333004e-11,0.015747251658908588,0.0,fixed-e3m4,0.0,10,0.0,2500,detail,0.6921421392555771,2.829602309100826e-07,0.00016116764163598418,6.949686075560749,7.04700214555487e-05,0.6923468972293433,6.027040217304602e-05
0.010256849229335785,0.0002568492293357847,0.21397629332174017,8.432010292075574,1.0,0.0024173350539058447,0.9999165499783177,4.65665375221188e-12,0.023472318510448648,0.0,fixed-e3m4,0.0,10,0.0,3000,detail,0.2295989200738538,5.061342278718881e-08,3.554949216777459e-05,8.32593560568057,2.388691427768208e-05,0.2285539124527476,4.439111944520846e-05
0.008840307593345642,0.0011596924066543581,0.4229543058355987,9.826714167138562,1.0,0.0027964601758867502,0.999917750315001,5.29749391334795e-12,0.028919481033970486,0.0,fixed-e3m4,0.0,10,0.0,3500,detail,-0.06784735490233634,6.686076198943721e-08,3.6034281947650015e-05,9.702991389902309,4.615807847585529e-05,-0.06875868843915135,5.8949859521817416e-05
0.011772057972848415,0.0017720579728484152,0.24355244649205018,11.257959167007357,1.0,0.0032080442178994417,0.9999269143030993,6.17695610390047e-12,0.026344458750123798,0.0,fixed-e3m4,0.0,10,0.0,4000,detail,-0.15103583905489962,7.022468467534916e-08,4.087451088707894e-05,11.116018800064921,4.208816972095519e-05,-0.15215546986937556,6.592946738237515e-05
0.00982321985065937,0.00017678014934062979,0.3742768651060256,12.64774608402513,1.0,0.003585461061447859,0.9999099875602236,9.868799267222728e-12,0.019411706447459643,0.0,fixed-e3m4,0.0,10,0.0,4500,detail,0.743765041335894,2.491516074813473e-08,6.237577326828614e-05,12.487712795613334,4.0759787225397304e-05,0.7432372573035949,1.817500924516935e-05
0.011547922156751156,0.0015479221567511556,0.22663404028914952,14.01478045899421,1.0,0.004022961016744375,0.9999128149477002,3.4263548200997822e-12,0.020600178270773498,0.0,fixed-e3m4,0.0,10,0.0,5000,detail,0.7038468108882947,1.2865582609781581e-08,3.3593685657251626e-05,13.83675575000234,2.1534673578571528e-05,0.7034705964128198,1.6672473066137172e-05
0.011692982167005539,0.0016929821670055387,0.30295435890813266,15.380696959095076,1.0,0.004432544810697436,0.999902047218787,2.4282939541392273e-12,0.030504110131722294,0.0,fixed-e3m4,0.0,10,0.0,5500,detail,0.47159925212146814,3.39265803858763e-08,1.452780361432815e-05,15.18487350991927,1.6297462934744544e-05,0.4718681576548326,3.649034260888584e-05
0.010581337846815586,0.0005813378468155859,0.16842257310974085,16.75889745913446,1.0,0.004806586774066091,0.9999003646811707,2.3469344643525725e-12,0.027731009210656632,0.0,fixed-e3m4,0.0,10,0.0,6000,detail,0.8919334643757666,1.3444022395221465e-08,1.8994318452314474e-05,16.54538050084375,3.055606430280022e-05,0.8921548490711473,2.661489816091489e-05
0.009823099710047245,0.00017690028995275518,0.1710906562237171,18.123638875083998,1.0,0.0051899205427616835,0.999923640378074,7.22367124593449e-12,0.032782014459740515,0.0,fixed-e3m4,0.0,10,0.0,6500,detail,0.49297302113929287,4.0273985882549144e-08,4.76244640594814e-05,17.89440604043193,3.0580031307181343e-05,0.4924441469895528,5.670985410688445e-05
0.012064359150826931,0.002064359150826931,0.2931636909893236,19.480940209003165,1.0,0.005572003312408924,0.9999221080597855,5.018719243826245e-12,0.023175200554620183,0.0,fixed-e3m4,0.0,10,0.0,7000,detail,0.7570931305794733,1.2929893538417677e-07,4.457215982256457e-05,19.235686441417783,9.145017247647047e-05,0.7583343253847544,6.0492035117931664e-05
0.010978777892887592,0.000978777892887592,0.15948456292941127,20.84944458398968,1.0,0.005950212245807052,0.9999166734669636,1.2832569439534995e-12,0.03813013766465287,0.0,fixed-e3m4,0.0,10,0.0,7500,detail,-0.5050562159637061,1.0917620727032767e-07,1.4405857655219734e-05,20.586284230463207,3.734961501322687e-05,-0.505484869066403,6.886526534799486e-05
0.007937075570225716,0.0020629244297742846,0.45963649984910254,22.210110834101215,1.0,0.0063486292492598295,0.999905472239366,4.5252234751702465e-12,0.02584926215707636,0.0,fixed-e3m4,0.0,10,0.0,8000,detail,0.4962508812446447,3.556817913206365e-08,2.907288580900058e-05,21.92938609747216,3.212237425032072e-05,0.4955536431573805,7.317335985135287e-05
0.009800232946872711,0.00019976705312728903,0.13800112263877662,23.566678375005722,1.0,0.006726421415805817,0.9999284992453457,5.261550410992545e-12,0.039021491532138255,0.0,fixed-e3m4,0.0,10,0.0,8500,detail,0.8709509002420349,3.946666083512235e-08,4.348057336756028e-05,23.26828425563872,3.057932190131396e-05,0.8709797126145565,4.2596446292009205e-05
0.009754590690135956,0.0002454093098640444,0.08729809847412645,24.931879667099565,1.0,0.007094421423971653,0.9999331117203702,5.190047694087675e-13,0.026542537387342774,0.0,fixed-e3m4,0.0,10,0.0,9000,detail,0.7622401727185889,1.0343409121953423e-08,5.49037440578104e-06,24.615472169825807,7.511830517614726e-06,0.762455107634423,3.705642302520573e-05
0.00894229020923376,0.0010577097907662394,0.14153760179478053,26.303705250145867,1.0,0.007583379279822111,0.9999056040984845,1.0359420748167445e-11,0.0370407051599485,0.0,fixed-e3m4,0.0,10,0.0,9500,detail,0.8339237438064095,1.9114717742440007e-08,4.769164297613315e-05,25.969762130873278,2.2642452677246183e-05,0.8343874640366653,2.4846192900440656e-05
0.011509119533002377,0.0015091195330023763,0.09383423116081505,27.681014667032287,1.0,0.007961754221469164,0.9999126858225018,2.0522500121711544e-12,0.032782014459740515,0.0,fixed-e3m4,0.0,10,0.0,10000,detail,0.665504713202803,3.08862083519949e-08,1.667347169131972e-05,27.330638674087822,1.7688944353722036e-05,0.6653536926612964,3.564631333574653e-05
0.01000749971717596,7.499717175960333e-06,0.15428321497711406,29.088174792006612,1.0,0.008402795996516943,0.9999227490180908,7.643404147080692e-13,0.05506586114687531,0.0,fixed-e3m4,0.0,10,0.0,10500,detail,0.3145169284151434,1.045221980127676e-07,1.0163820661546197e-05,28.72181462822482,2.0411920559126884e-05,0.3143303380675611,0.00010913670848822221
0.008392601273953915,0.0016073987260460856,0.14276311184255175,30.475357334129512,1.0,0.008775254944339395,0.9999253584793972,1.0268118306982453e-12,0.04654847974645934,0.0,fixed-e3m4,0.0,10,0.0,11000,detail,0.6675270467756068,7.313827488691402e-08,8.686753062647767e-06,30.091757550137118,1.593890192452818e-05,0.6687124936374498,5.619244257104583e-05
0.01026001013815403,0.00026001013815402964,0.0697004657202281,31.84443616704084,1.0,0.009156504878774285,0.9999233993448864,6.688369818268095e-13,0.049816777260572445,0.0,fixed-e3m4,0.0,10,0.0,11500,detail,0.29944277653014456,2.483001441202973e-08,7.831273251213133e-06,31.44323618733324,1.1852912393806037e-05,0.2996449026729945,2.8276843295316212e-05
0.010000101290643215,1.0129064321497128e-07,0.05638802026965548,33.241434750147164,1.0,0.009545379783958197,0.9998681435879445,2.930602155405524e-12,0.03307913241556898,0.0,fixed-e3m4,0.0,10,0.0,12000,detail,0.7174917960173504,7.681457525214055e-09,9.445073374081403e-06,32.823084140662104,6.9924749368510675e-06,0.7165921329433486,1.747914393490646e-05
0.00954519771039486,0.0004548022896051409,0.05350203290184004,34.60832112515345,1.0,0.009917213814333081,0.9998944737415157,1.8118881646450609e-12,0.05011389521640091,0.0,fixed-e3m4,0.0,10,0.0,12500,detail,-0.08545864561430033,2.1021275782966375e-08,1.2050983059452847e-05,34.17313551646657,4.536814685707213e-06,-0.08343455398145685,2.346045948797837e-05
0.009617416188120842,0.00038258381187915823,0.02901346814030638,35.96616995916702,1.0,0.010293547762557864,0.9998890549676421,8.284684348219753e-13,0.03743686243438645,0.0,fixed-e3m4,0.0,10,0.0,13000,detail,0.761754269338998,1.8710763032738947e-08,3.9447518247470725e-06,35.51499975495972,4.242115210217889e-06,0.7609701572086314,2.0661032976931892e-05
0.009784754365682602,0.00021524563431739828,0.17151606298467206,37.330192791996524,1.0,0.010676547652110457,0.9999170972281619,2.426391097521963e-12,0.04674655838367832,0.0,fixed-e3m4,0.0,10,0.0,13500,detail,0.903760577037575,4.6314098641639937e-08,1.6094405509647913e-05,36.86385909304954,2.2893547793501057e-05,0.9039899933777782,4.773360342369415e-05
0.009903445839881897,9.655416011810324e-05,0.03364793226579303,38.69053287501447,1.0,0.011051380541175604,0.9999102126770005,2.3124453385281773e-13,0.036743587204120035,0.0,fixed-e3m4,0.0,10,0.0,14000,detail,0.6287783236019998,5.844322143669463e-08,2.817004769894993e-06,38.20902850525454,2.386855840086355e-06,0.6288159457785409,4.437845200300217e-05
0.010188155807554722,0.00018815580755472162,0.08699841738332924,40.048721458995715,1.0,0.011441547656431794,0.9999278096159468,6.597952483546644e-13,0.040209963355452114,0.0,fixed-e3m4,0.0,10,0.0,14500,detail,-0.379359938768009,6.697489236425096e-08,8.896443432604428e-06,39.551350206369534,7.392101906589232e-06,-0.3795961012719505,5.7176010159309953e-05
0.007981179282069206,0.002018820717930794,0.0878924946277423,41.40550912497565,1.0,0.011816880665719509,0.9999201275132724,5.184736046023332e-13,0.04793503020699218,0.0,fixed-e3m4,0.0,10,0.0,15000,detail,-0.679187510787243,4.680816912360054e-08,6.060500709281769e-06,40.89028780045919,7.022553745628102e-06,-0.6808618213830601,3.1760166166350245e-05
0.01067187637090683,0.0006718763709068296,0.06085870895433219,42.762095334008336,1.0,0.012205088743939996,0.9998992762046774,3.1241976852337843e-13,0.04100227790432802,0.0,fixed-e3m4,0.0,10,0.0,15500,detail,0.05599049297230666,4.309711654716071e-08,5.1482420531101525e-06,42.22914772666991,5.522165338334162e-06,0.055904514192458746,3.429672142374329e-05
0.011518079787492752,0.0015180797874927519,0.05297504444893118,44.12334687495604,1.0,0.01260925573296845,0.9999154629762101,3.7502123470129504e-13,0.04684559770228781,0.0,fixed-e3m4,0.0,10,0.0,16000,detail,-0.2228931915976474,3.789669269051487e-08,5.610469997918699e-06,43.572735669557005,5.7553361330064945e-06,-0.2247627744872612,3.206140172551386e-05
0.00910873245447874,0.0008912675455212595,0.0657775468577139,45.491343250032514,1.0,0.01305163069628179,0.9999052164450027,5.402057141393031e-13,0.035456076062196695,0.0,fixed-e3m4,0.0,10,0.0,16500,detail,0.06607545734284709,2.9683698271154254e-08,5.023839094064897e-06,44.92307304451242,6.165599643281894e-06,0.06562191708645772,3.710860255523585e-05
0.009583170525729656,0.000416829474270344,0.02855336083267494,46.81882737507112,1.0,0.01342200580984354,0.9999023588683355,3.272387260192004e-13,0.043478260869565216,0.0,fixed-e3m4,0.0,10,0.0,17000,detail,0.23943382642010744,2.0126883559606155e-08,4.045979949296452e-06,46.231955733848736,2.596147623989964e-06,0.24026114259885165,3.194899909431115e-05
0.008886630646884441,0.0011133693531155588,0.019653211577880064,48.16156241716817,1.0,0.013812214834615588,0.999925746864608,1.3233866173608866e-12,0.05060909180944835,0.0,fixed-e3m4,0.0,10,0.0,17500,detail,0.657361417349598,2.2973630332800194e-08,9.51054971665144e-06,47.557543724775314,3.3369774428138044e-06,0.6579256735689861,3.7638288631569594e-05
0.011111335828900337,0.001111335828900337,0.046285420546008316,49.497105417074636,1.0,0.01418217271566391,0.9999367465481416,7.288123610452128e-13,0.048529266118649106,0.0,fixed-e3m4,0.0,10,0.0,18000,detail,0.8156131876135937,2.0815321955164357e-08,5.225667337072082e-06,48.87637217994779,2.8579540867212927e-06,0.815388742373892,3.784484215429984e-05
0.008997821249067783,0.0010021787509322169,0.02174341673441161,50.8333608340472,1.0,0.014552089618518949,0.9999177096884773,3.3250177210054e-13,0.043082103595127264,0.0,fixed-e3m4,0.0,10,0.0,18500,detail,-0.5662731303372757,5.711877372386965e-08,3.230518359487178e-06,50.195452062413096,3.236548081986257e-06,-0.5669914255183099,3.818657205556519e-05
0.011147060431540012,0.0011470604315400122,0.02543188588747629,52.17033049999736,1.0,0.014945464674383402,0.9998813349770687,2.0750620163087702e-13,0.031494503317817175,0.0,fixed-e3m4,0.0,10,0.0,19000,detail,-0.38004549311887037,3.202826886444659e-08,1.5677069313824177e-06,51.51578492997214,2.3515497105108807e-06,-0.37623507381312116,3.287223444203846e-05
0.011029478162527084,0.0010294781625270841,0.020907424276393825,53.56633695913479,1.0,0.01532254763878882,0.9999051589280461,2.9212134615649573e-13,0.04476577201148856,0.0,fixed-e3m4,0.0,10,0.0,19500,detail,-0.5914881448202851,3.829042793663217e-08,2.8326985557214357e-06,52.89394755382091,2.8940576157765463e-06,-0.5938043492867205,3.6994635593146086e-05
0.009410789236426353,0.0005892107635736468,0.01736237980101344,54.951417334144935,1.0,0.015712963650003076,0.9999138530391489,1.0402228795589306e-13,0.036149351292463106,0.0,fixed-e3m4,0.0,10,0.0,20000,detail,0.19499904442212757,3.267349411811165e-08,2.5937370082829148e-06,54.260597380343825,2.1957853277854156e-06,0.19468030775556164,3.112071499344893e-05
-0.033225201070308685,0.04322520107030869,47.01703139863656,0.00434991717338562,1.0,0.0,,,,0.0,fixed-e4m3,0.0,10,0.0,0,detail,,,,0.0,0.0062673697248101234,,0.0003925589844584465
0.007397794630378485,0.0026022053696215155,1.3664859867593466,1.3908440831582993,1.0,0.000420666066929698,0.9996735940689193,1.716192934183499e-11,0.0,0.0,fixed-e4m3,0.0,10,0.0,500,detail,-0.04860704009382678,2.6727448202297115e-07,8.37077823234722e-05,1.3686602502129972,8.88506619958207e-05,-0.05023162151168645,0.00032982719130814075
0.009363844059407711,0.0006361559405922892,0.6515076107310582,2.886050583096221,1.0,0.0008297080639749765,0.9996379159172052,1.7617262719554152e-11,0.0,0.0,fixed-e4m3,0.0,10,0.0,1000,detail,0.1740224223107391,2.118309668805764e-07,4.9530928663443774e-05,2.845696654403582,5.1191560487495735e-05,0.17558044736822792,0.00021260546054691076
0.011663042940199375,0.001663042940199375,0.7278728128662801,4.381121583050117,1.0,0.001389375189319253,0.9996773104558548,2.1699716337474272e-11,0.00019807863721897593,0.0,fixed-e4m3,0.0,10,0.0,1500,detail,0.3652272207902875,1.0052288983071298e-07,6.370641494868323e-05,4.321185105247423,9.057829447556287e-05,0.36564666276913854,0.00014166640175972134
0.009911663830280304,8.833616971969625e-05,0.3858184909782085,5.8585126250982285,1.0,0.0019532921724021435,0.9996183304776715,8.826917316523484e-11,0.0,0.0,fixed-e4m3,0.0,10,0.0,2000,detail,0.6985525506807073,7.689825465772462e-08,7.740362343611196e-05,5.77936950000003,3.427878982620314e-05,0.6969424464463261,0.00011820804502349347
0.011774038895964622,0.0017740388959646223,0.8469026904739486,7.521457417169586,1.0,0.002360292011871934,0.9997122039616387,5.0964372445923453e-11,0.0,0.0,fixed-e4m3,0.0,10,0.0,2500,detail,0.653958098300257,3.890785748471964e-07,0.00010816043504746631,7.421007418306544,0.00011747780081350356,0.6527746885261686,0.000386835919925943
0.00503471540287137,0.00496528459712863,1.109053418201028,9.182820875197649,1.0,0.0028559581842273474,0.9996630573571752,1.3026465415159706e-10,0.00019807863721897593,0.0,fixed-e4m3,0.0,10,0.0,3000,detail,0.8340839121539407,1.381912001635244e-07,0.00018631084822118282,9.060756541555747,0.0002220577298430726,0.8343308397823643,0.00021351240866351873
0.0098482770845294,0.00015172291547060034,0.6845497290645005,10.683321125106886,1.0,0.0033226662781089544,0.9996355522196558,8.815454180816423e-12,0.0,0.0,fixed-e4m3,0.0,10,0.0,3500,detail,0.21300613310917546,2.3554972259830944e-07,2.8960439522052184e-05,10.539611805230379,4.8952471843222156e-05,0.2144946331698862,0.00017103832215070724
0.007714211940765381,0.0022857880592346193,0.29983338944539356,12.112671458162367,1.0,0.003825416322797537,0.9996707652865865,1.3752858361033169e-11,0.0,0.0,fixed-e4m3,0.0,10,0.0,4000,detail,-0.28703799410245207,2.7111894885647874e-07,2.8627544452319853e-05,11.947243753587827,4.47774727945216e-05,-0.285887557917985,0.00021368519810494035
0.009605500847101212,0.00039449915289878866,0.490871795493001,13.5784067499917,1.0,0.004210957325994968,0.9995907344772299,3.716268196505672e-11,0.0,0.0,fixed-e4m3,0.0,10,0.0,4500,detail,-0.17196355226312846,2.697575155706552e-07,6.549018144141883e-05,13.393911382881925,4.412662019603886e-05,-0.17577992065151907,0.00013609750021714717
0.011049098335206509,0.0010490983352065084,0.4872169606656895,15.020231542177498,1.0,0.004594874102622271,0.9996880442730803,1.3154367743682976e-11,0.0,0.0,fixed-e4m3,0.0,10,0.0,5000,detail,-0.5124853892685006,5.932622167553973e-07,4.1419822082389146e-05,14.81433321814984,2.790792495943606e-05,-0.5130203517520628,0.0002686590305529535
0.012065618298947811,0.002065618298947811,0.26818217356933777,16.45752716716379,1.0,0.00497729005292058,0.9996560551534929,3.2660556760997668e-12,9.903931860948797e-05,0.0,fixed-e4m3,0.0,10,0.0,5500,detail,0.34380372773662254,2.7161793934954226e-07,1.228332803293597e-05,16.23278489499353,2.307453723915387e-05,0.34513619451209504,0.00018541539611760527
0.012630115263164043,0.0026301152631640432,1.115388314230681,17.864412292139605,1.0,0.005359831964597106,0.99969636880687,1.2256020805866341e-11,0.00019807863721897593,0.0,fixed-e4m3,0.0,10,0.0,6000,detail,0.365805013216485,7.52535668438777e-08,4.0053040720522404e-05,17.622612389037386,0.00010398653103038669,0.36570141301020775,0.00012345411232672632
0.006679610814899206,0.003320389185100794,0.3859345607634936,19.200638542184606,1.0,0.005726624047383666,0.9996699826537269,1.750864242675975e-11,0.0002971179558284639,0.0,fixed-e4m3,0.0,10,0.0,6500,detail,-0.5017841707966171,1.2524855593924203e-07,4.784599150298163e-05,18.94279056880623,0.00019288872135803103,-0.5016893832007256,0.00012327874719630927
0.006073563359677792,0.003926436640322209,0.6337172537507272,20.57411116710864,1.0,0.006171040004119277,0.9996286934929921,1.326027777610931e-11,0.00019807863721897593,0.0,fixed-e4m3,0.0,10,0.0,7000,detail,-0.08851046510926679,1.3863736643737417e-07,4.034260200569406e-05,20.299931620713323,5.286789746605791e-05,-0.08769654087006944,0.00015579092723783106
0.01131149660795927,0.0013114966079592703,0.5409214120235358,21.942470083013177,1.0,0.00655720685608685,0.9995923716405668,9.610999964143863e-12,0.0002971179558284639,0.0,fixed-e4m3,0.0,10,0.0,7500,detail,-0.34818316139222527,2.406587094878779e-07,2.903363019868266e-05,21.651524171466008,7.592327892780304e-05,-0.3469836250537567,0.000220606176299043
0.00940098986029625,0.0005990101397037508,0.27871448788156805,23.293569833040237,1.0,0.006924956804141402,0.9997504474077282,2.554104819300792e-12,0.0,0.0,fixed-e4m3,0.0,10,0.0,8000,detail,-0.5836770445289716,1.480205735690026e-07,7.486072718165815e-06,22.984356452710927,2.5766434191609733e-05,-0.5833858911010085,0.00020443594257812947
0.009364945814013481,0.0006350541859865191,0.12500499945172305,24.66163937514648,1.0,0.007307414663955569,0.9997422661018601,3.388408237995679e-12,0.0,0.0,fixed-e4m3,0.0,10,0.0,8500,detail,0.3066475751379231,7.828029331825654e-08,2.1500276488950476e-05,24.334648624062538,1.4590020327887032e-05,0.3083910923078774,0.00013500312343239784
0.010230743326246738,0.00023074332624673823,0.5586625037848998,26.072727958206087,1.0,0.007688164710998535,0.9996646067482274,1.1337794359916068e-11,0.00019807863721897593,0.0,fixed-e4m3,0.0,10,0.0,9000,detail,0.6044499267306016,3.467652197340547e-08,3.374535299371928e-05,25.72761799558066,3.795035809162073e-05,0.6057392474561538,8.970526687335223e-05
0.010856034234166145,0.0008560342341661451,0.8076871013863471,27.466142625082284,1.0,0.008082872722297907,0.999594068254009,2.1495709775657327e-11,9.903931860948797e-05,0.0,fixed-e4m3,0.0,10,0.0,9500,detail,0.505582606642833,2.6239812800251657e-08,3.691985330078751e-05,27.103840701514855,0.00014522441779263318,0.5028482143115035,0.00014124390145298094
0.009909473359584808,9.052664041519186e-05,0.046767287233634824,28.79705158318393,1.0,0.00848387274891138,0.9997136168220018,3.0273269632076543e-12,0.00019807863721897593,0.0,fixed-e4m3,0.0,10,0.0,10000,detail,0.43712971091473635,5.1379501849573626e-08,6.261418093345128e-06,28.417916438542306,1.2641454304684885e-05,0.4353510118058499,0.00010292320803273469
0.008582049049437046,0.0014179509505629542,0.31614592092749294,30.12644279212691,1.0,0.00885583064518869,0.9995833222188251,8.355747314231946e-12,0.0004951965930474399,0.0,fixed-e4m3,0.0,10,0.0,10500,detail,0.048992972732349566,4.012244668435367e-08,1.6810110537335277e-05,29.729289864888415,4.1060178773477674e-05,0.048502702130026026,0.00010224725701846182
0.009832323528826237,0.00016767647117376348,0.16077035796703795,31.463360583176836,1.0,0.009247663663700223,0.9996841938027463,3.950762531289933e-12,0.00019807863721897593,0.0,fixed-e4m3,0.0,10,0.0,11000,detail,0.0408215751335008,6.700569696721903e-08,1.4957575331209227e-05,31.048433393472806,1.3423580639937427e-05,0.04126165592480403,0.00013170743477530777
0.009724955074489117,0.00027504492551088354,0.14323418081144207,32.79622595803812,1.0,0.009655955713242292,0.999729736647435,2.5705478718959237e-12,0.00019807863721897593,0.0,fixed-e4m3,0.0,10,0.0,11500,detail,0.3983121041019796,3.659614724591921e-08,1.083186361938715e-05,32.36355521902442,1.732115742925089e-05,0.3978128142428677,0.0001311093510594219
0.01004229299724102,4.2292997241019994e-05,0.06956143674105669,34.13051270809956,1.0,0.010029247729107738,0.9996707338154298,4.514829374358572e-12,0.00019807863721897593,0.0,fixed-e4m3,0.0,10,0.0,12000,detail,0.1310844519529637,3.696801169519087e-08,1.3010611837671604e-05,33.68013263307512,1.2873196283180732e-05,0.13189058241647414,0.00014639478467870504
0.010281920433044434,0.0002819204330444334,0.17476154003467692,35.45655137510039,1.0,0.010499331867322326,0.9996604794186658,3.3412194005689155e-12,0.00039615727443795186,0.0,fixed-e4m3,0.0,10,0.0,12500,detail,0.4466469342068879,4.9899660470052776e-08,1.292258548346581e-05,34.98583270981908,1.1910885405086447e-05,0.4469831568923975,0.00015645874373149127
0.009851411916315556,0.00014858808368444464,0.14141880189494757,36.78476666705683,1.0,0.010870581725612283,0.9996544958094741,7.17355138974506e-13,9.903931860948797e-05,0.0,fixed-e4m3,0.0,10,0.0,13000,detail,-0.34587706889216385,4.201398194744392e-08,3.861498953483533e-06,36.298546453239396,1.3554555152950343e-05,-0.3464069478309754,9.75211660261266e-05
0.00970961432904005,0.0002903856709599497,0.026133587557993283,38.15740750008263,1.0,0.011282123625278473,0.9997361938295731,1.7611029033074351e-12,9.903931860948797e-05,0.0,fixed-e4m3,0.0,10,0.0,13500,detail,-0.17998349935954097,1.352352294016567e-07,8.192360837711021e-06,37.65408845455386,6.251760623854352e-06,-0.1816964990610748,0.00016287680773530155
0.01002501416951418,2.501416951417902e-05,0.025028896651172333,39.48683841712773,1.0,0.011651873588562012,0.9995517163750439,1.1004039262518965e-12,9.903931860948797e-05,0.0,fixed-e4m3,0.0,10,0.0,14000,detail,-0.18152618522290342,9.739113648163944e-08,4.481614269025158e-06,38.96672546560876,5.902488737774547e-06,-0.18092638958283372,0.00018300453666597605
0.009784256108105183,0.00021574389189481756,0.06532527422608708,40.838458416983485,1.0,0.012032164493575692,0.9996049948225989,9.140172292023728e-11,0.0,0.0,fixed-e4m3,0.0,10,0.0,14500,detail,0.42469227727797526,1.0607286555351799e-07,9.213397424900904e-05,40.30045352457091,8.330116543220356e-06,0.4247689333570683,0.00015320256352424622
0.010285169817507267,0.0002851698175072668,0.03668471422600651,42.17310587503016,1.0,0.012482955353334546,0.9996717549909048,1.1478431996677181e-11,0.0002971179558284639,0.0,fixed-e4m3,0.0,10,0.0,15000,detail,0.5668982620215722,6.728976621002469e-08,1.9995935872429982e-05,41.61738094477914,4.035054644191405e-06,0.5670345625466743,0.00016344116011168808
0.008994100615382195,0.0010058993846178057,0.143788803689494,43.515019667102024,1.0,0.01286899740807712,0.9995396765145396,2.4205491802627942e-12,0.00039615727443795186,0.0,fixed-e4m3,0.0,10,0.0,15500,detail,-0.40017420329394277,9.08008095811856e-08,5.896601578569971e-06,42.94261036813259,9.685561053629499e-06,-0.40241542884964804,0.00014719628961756825
0.010364378802478313,0.00036437880247831324,0.04283702532789003,44.84020262514241,1.0,0.013303372310474515,0.9997188027541926,7.566053503274055e-13,0.00019807863721897593,0.0,fixed-e4m3,0.0,10,0.0,16000,detail,0.41451505082717904,8.146212539264115e-08,4.429894943314139e-06,44.25190695771016,3.3634210012678523e-06,0.4116435718442082,0.00011948723840760067
0.01010520663112402,0.00010520663112401941,0.017981656606494503,46.16395462513901,1.0,0.013687497237697244,0.999668824814051,1.869076384832862e-12,9.903931860948797e-05,0.0,fixed-e4m3,0.0,10,0.0,16500,detail,0.7741689758310873,9.302322856069124e-08,4.171062300883932e-06,45.560403793817386,2.662304495970602e-06,0.7765958609558739,0.00012760500248987228
0.010199439711868763,0.00019943971186876276,0.027328273331360425,47.50050750002265,1.0,0.014063581125810742,0.9997256699796235,2.709622577452109e-12,0.00039615727443795186,0.0,fixed-e4m3,0.0,10,0.0,17000,detail,0.4125796897020127,5.453090307977357e-08,4.974207513441797e-06,46.88082661665976,3.2625969197397353e-06,0.4121684580442403,0.00010541284427745268
0.010049253702163696,4.925370216369608e-05,0.024869878897164858,48.82703583315015,1.0,0.014434123178943992,0.9996929703740467,7.866317784839422e-13,0.0,0.0,fixed-e4m3,0.0,10,0.0,17500,detail,0.4844920857860028,5.3335461208190473e-08,2.1585785816569114e-06,48.19175398838706,2.2899416762811597e-06,0.4870992097712142,0.00012064795737387612
0.009929951280355453,7.004871964454672e-05,0.06194692589946948,50.15426487498917,1.0,0.014817540301010013,0.9996853417837419,2.036275984721369e-12,0.0,0.0,fixed-e4m3,0.0,10,0.0,18000,detail,-0.7236828994148479,8.08248393487097e-08,7.833708878024481e-06,49.5032687371131,6.595997547265142e-06,-0.7233587285561104,0.00012429375783540308
0.009690633043646812,0.00030936695635318777,0.049603318902838464,51.475722667062655,1.0,0.01519545610062778,0.9997251163602043,8.97254786193709e-13,0.00039615727443795186,0.0,fixed-e4m3,0.0,10,0.0,18500,detail,0.6621121013926161,8.274485765377314e-08,3.9360165828838944e-06,50.80840649968013,3.7783900097565493e-06,0.6620790277647485,9.912327368510887e-05
0.009315901435911655,0.0006840985640883448,0.04316690031563551,52.791195625206456,1.0,0.01560528902336955,0.9996981919644491,5.085043543189159e-13,0.0,0.0,fixed-e4m3,0.0,10,0.0,19000,detail,0.4591879882873202,4.601059875696615e-08,2.839979515556479e-06,52.107038704212755,5.391298600443406e-06,0.4580658501644372,0.00011846960114780813
0.009935312904417515,6.468709558248541e-05,0.042393709454776704,54.11214195820503,1.0,0.015982288867235184,0.9995848791806792,2.0863335951237542e-12,9.903931860948797e-05,0.0,fixed-e4m3,0.0,10,0.0,19500,detail,0.6426709919934641,8.714955178905804e-08,5.6121857596735936e-06,53.412403870839626,3.3463084037066437e-06,0.6436580236585105,0.00011835824989248067
0.011980632320046425,0.0019806323200464247,0.24081611996996796,55.43952575000003,1.0,0.016395829850807786,0.9996696582115115,9.40782649034066e-13,0.0,0.0,fixed-e4m3,0.0,10,0.0,20000,detail,0.04158649267865548,9.66890836706371e-08,5.305243576003704e-06,54.72134761931375,5.792395677417517e-05,0.040344661271707535,0.00018872525834012777
-0.052900467067956924,0.06290046706795692,70.50991414380854,0.005690084071829915,1.0,0.0,,,,0.0,fixed-e5m2,0.0,10,0.0,0,detail,,,,0.0,0.010836330242455006,,0.00204523210413754
0.008952099829912186,0.0010479001700878145,2.1027158867948774,1.5377483749762177,1.0,0.00519541697576642,0.9985855793637793,1.7009353216078372e-10,0.0,0.0,fixed-e5m2,0.0,10,0.0,500,detail,-0.13787757035459722,9.401850210084651e-06,0.00013069150736555457,1.500977752264589,0.00016348579083569348,-0.13416500783168162,0.0034827457275241613
0.0103726452216506,0.0003726452216506002,1.2588218336999477,2.960946583887562,1.0,0.005601166980341077,0.9987439886118573,2.5630801981229637e-10,0.0,0.0,fixed-e5m2,0.0,10,0.0,1000,detail,0.7047836749899828,4.487985530658479e-06,9.568056702846661e-05,2.904480928555131,9.766544098965824e-05,0.7064379561270059,0.0017610834911465645
0.011621436104178429,0.0016214361041784284,0.7358115134069606,4.342476916965097,1.0,0.006011416902765632,0.9987257626265182,1.3614947017899277e-10,0.0,0.0,fixed-e5m2,0.0,10,0.0,1500,detail,-0.23618242306188905,4.711460400634981e-06,8.402416278840974e-05,4.267100808676332,5.90422423556447e-05,-0.23734110268649108,0.0020025940611958504
0.011885996907949448,0.0018859969079494474,0.7159622874671979,5.810448041884229,1.0,0.006396166980266571,0.9986130400542028,1.7812444185608093e-10,0.00019807863721897593,0.0,fixed-e5m2,0.0,10,0.0,2000,detail,-0.07334771158049101,3.4500972418478726e-06,7.94625811977312e-05,5.716877137310803,6.857454718556255e-05,-0.07452660092082422,0.0014161817962303758
0.005934325512498617,0.004065674487501383,1.2212870692593847,7.27567316708155,1.0,0.006815916858613491,0.9985040214907609,1.1850914133245896e-10,0.0,0.0,fixed-e5m2,0.0,10,0.0,2500,detail,0.7320766968493349,1.6941350059284212e-06,5.033126944908872e-05,7.165163474623114,9.531856630928814e-05,0.7292952950740906,0.0008202488534152508
0.010092991404235363,9.29914042353628e-05,0.3846150705722307,8.6506193340756,1.0,0.007232459029182792,0.9986288521665947,2.774100304909737e-10,0.0,0.0,fixed-e5m2,0.0,10,0.0,3000,detail,-0.5721489351794715,1.6345411237897222e-06,8.540535054635257e-05,8.521478600101545,3.8446596590802073e-05,-0.5704159028431864,0.0009675202891230583
0.010146865621209145,0.00014686562120914438,0.9141391586701834,10.012757333926857,1.0,0.007634792011231184,0.9981572319390055,2.5824301709466254e-09,0.0,0.0,fixed-e5m2,0.0,10,0.0,3500,detail,-0.3228816042322385,2.5681781159275326e-06,0.0005675843567587435,9.861808586865664,7.868523243814707e-05,-0.3254705808860174,0.0008238397422246635
0.005294463597238064,0.004705536402761936,0.9744938179390817,11.348636999959126,1.0,0.008013875223696232,0.9981428041859199,4.852492614539218e-10,0.0,0.0,fixed-e5m2,0.0,10,0.0,4000,detail,-0.228171549441251,1.0597169324354514e-06,0.00020952121121808887,11.179124919930473,0.0003443912719376385,-0.2284421705238993,0.0012627474498003721
0.0063663050532341,0.0036336949467659,1.2548174800158598,12.762240666896105,1.0,0.008387125097215176,0.9986094468816078,6.158012513730173e-11,0.0,0.0,fixed-e5m2,0.0,10,0.0,4500,detail,-0.03503001722674963,8.478774959499963e-07,5.5669712310191244e-05,12.575109413126484,0.00010297440167050809,-0.03411705916476745,0.0009569075773470104
0.012568725273013115,0.0025687252730131147,0.8456867830053003,14.198492416879162,1.0,0.00876483297906816,0.9987789145908937,6.381075000645478e-11,0.0,0.0,fixed-e5m2,0.0,10,0.0,5000,detail,0.15993418582954189,3.652767184187101e-07,4.5611002860823646e-05,13.993293961510062,0.0001256652903975919,0.15999863830734373,0.0004871806304436177
0.011209153570234776,0.0012091535702347753,0.3343856331816141,15.626468333881348,1.0,0.0092159160412848,0.9987570169086308,4.8006736995517335e-11,0.0,0.0,fixed-e5m2,0.0,10,0.0,5500,detail,0.10157922350827997,2.727400717643553e-07,4.016508682980202e-05,15.400051503675058,3.7726964364992455e-05,0.09028995425798085,0.00033154943957924843
0.003889634506776929,0.006110365493223071,1.4410927919022931,17.04575216700323,1.0,0.009595290990546346,0.998606054387487,1.911550886892199e-10,0.0,0.0,fixed-e5m2,0.0,10,0.0,6000,detail,-0.265912920209663,1.6145320732463466e-06,6.627413677051663e-05,16.800998302176595,9.043830505106598e-05,-0.2614215704160682,0.0012589668622240424
0.010764694772660732,0.0007646947726607321,0.25181672274941425,18.50562983402051,1.0,0.010039957938715816,0.9986772625277887,2.848549935373855e-11,0.0,0.0,fixed-e5m2,0.0,10,0.0,6500,detail,0.5491909947247343,1.5683916789955394e-06,2.6319114112993702e-05,18.241223465418443,2.5923733119270764e-05,0.555320544720995,0.0012422134168446064
0.013162696734070778,0.0031626967340707777,0.19788815077089972,20.703103374922648,1.0,0.01067824987694621,0.9984393160785872,1.3727652869755275e-09,0.0,0.0,fixed-e5m2,0.0,10,0.0,7000,detail,-0.6427464696127989,8.938035722817804e-07,0.00022615940542891622,20.40742305968888,0.00011208774230908602,-0.6458704852587029,0.0004993922775611281
0.007040371652692556,0.002959628347307444,0.2049862529122052,22.841887916903943,1.0,0.011211666977033019,0.9985362325009692,1.0784784922120679e-11,0.0,0.0,fixed-e5m2,0.0,10,0.0,7500,detail,-0.029653860624938844,2.1843837573301612e-07,1.2173475624877028e-05,22.519745636964217,2.9599666959256865e-05,-0.03047064961927859,0.0004349655646365136
0.01041901670396328,0.0004190167039632795,0.5116350535356056,24.47011054190807,1.0,0.01160191697999835,0.9981577874900562,1.9476349275794245e-10,0.0,0.0,fixed-e5m2,0.0,10,0.0,8000,detail,-0.31862642308885075,5.542024312489776e-07,0.00011514878860907629,24.127361110877246,8.558462286600843e-05,-0.31063205492599855,0.0004551058227661997
0.011046112515032291,0.0010461125150322912,0.8410654979588026,25.872714834054932,1.0,0.011986708967015147,0.9991018753396936,1.4447363627496533e-10,0.0,0.0,fixed-e5m2,0.0,10,0.0,8500,detail,-0.7340713034636188,7.301898822410953e-07,8.887638978194445e-05,25.51302227866836,5.927486563450657e-05,-0.7348378430063291,0.0003570131375454366
0.010553112253546715,0.0005531122535467146,0.17103619291869432,27.30180958402343,1.0,0.0124103759881109,0.9988137317130845,4.937223319985782e-11,0.0,0.0,fixed-e5m2,0.0,10,0.0,9000,detail,0.584896414353044,1.3144684609517283e-07,4.433170033735223e-05,26.92417739983648,4.996463394491002e-05,0.5842548848295539,0.000200018854229711
0.00896116066724062,0.0010388393327593805,0.1657810185325218,28.709333333885297,1.0,0.012805416947230697,0.9987652289840299,1.885953123802675e-10,0.0,0.0,fixed-e5m2,0.0,10,0.0,9500,detail,0.6161257249110261,2.1512155163279375e-07,6.411202775780112e-05,28.314581071492285,8.927123417379335e-05,0.6203579380584778,0.00030164304189383984
0.010507273487746716,0.0005072734877467153,0.075270284066337,30.126517334021628,1.0,0.0132144580129534,0.9986424341403053,2.326945234523809e-11,0.0,0.0,fixed-e5m2,0.0,10,0.0,10000,detail,-0.008470011790337338,4.210850102717579e-07,3.8775007851654664e-05,29.713351184036583,1.0604852832329925e-05,-0.0166569727767831,0.0003159874468110502
0.01045422162860632,0.0004542216286063192,0.08294822756806139,31.546976333949715,1.0,0.01360620791092515,0.9990005748331919,3.502893053408216e-12,0.0,0.0,fixed-e5m2,0.0,10,0.0,10500,detail,-0.42065582661674134,3.472653318988605e-07,4.683283805206884e-06,31.11531498027034,6.2468407122651115e-06,-0.42341463574752397,0.0004223161085974425
0.009858379140496254,0.00014162085950374624,0.1697503617090967,32.95749062485993,1.0,0.013980916002765298,0.9986873128537064,1.141532439649665e-10,0.0,0.0,fixed-e5m2,0.0,10,0.0,11000,detail,0.08703090715107935,1.7381250101041145e-07,5.0175629439763725e-05,32.50764537998475,2.531316022214014e-05,0.08294577850481852,0.00035346567165106535
0.00863577239215374,0.0013642276078462603,0.09186090399140576,34.360384749947116,1.0,0.014358540996909142,0.9984925538863624,1.0652543169909733e-11,0.0,0.0,fixed-e5m2,0.0,10,0.0,11500,detail,-0.39052724613563733,2.1651903412514647e-07,1.1974592780461535e-05,33.89335631974973,8.938805876823608e-06,-0.39745060139162164,0.00032481836387887597
0.009818279184401035,0.0001817208155989649,0.2371521457873318,35.78050420898944,1.0,0.014724666019901633,0.9987359128802136,1.4608523309056137e-11,0.0,0.0,fixed-e5m2,0.0,10,0.0,12000,detail,-0.06247742300689916,1.8652813584351617e-07,2.7177857191418298e-05,35.296700440114364,3.0442151910392568e-05,-0.06525548496832397,0.0003945961652789265
0.009627103805541992,0.000372896194458008,0.23150386540607376,37.17531720898114,1.0,0.01510329102165997,0.9985581460294974,1.1317253074874947e-11,0.0,0.0,fixed-e5m2,0.0,10,0.0,12500,detail,0.17766800750822184,3.184279026248574e-07,1.758276812324766e-05,36.67337922891602,1.4771246242162306e-05,0.17916080167124337,0.00040168024133890867
0.010595371015369892,0.0005953710153698919,0.22999616650144633,38.56437100004405,1.0,0.015483208000659943,0.9986782676252819,1.111058476950017e-11,0.0,0.0,fixed-e5m2,0.0,10,0.0,13000,detail,-0.043419867103980186,1.8564321863628195e-07,1.4249610103433952e-05,38.043757810024545,1.5594447177136317e-05,-0.040699784585047374,0.0004087534616701305
0.01062880177050829,0.0006288017705082891,0.3580008780133479,39.91187841701321,1.0,0.015857874881476164,0.9989355262859076,1.1241626087115213e-11,0.0,0.0,fixed-e5m2,0.0,10,0.0,13500,detail,0.16071417994312148,2.0229426313185264e-07,7.543349511252018e-06,39.373975560069084,3.345605728100054e-05,0.16544008233127863,0.00040884866029955447
0.009083974175155163,0.0009160258248448374,0.3323168852016661,41.24871945893392,1.0,0.016224041813984513,0.9989099839719503,8.534636313834482e-12,0.0,0.0,fixed-e5m2,0.0,10,0.0,14000,detail,0.44858258848557303,2.0147099816412366e-07,1.3558854334405623e-05,40.69441041187383,2.060057522612624e-05,0.444353437886639,0.0003439001156948507
0.010820025578141212,0.0008200255781412123,0.4721219557666324,42.610793499974534,1.0,0.016618624795228243,0.9983946496486314,3.1243951391197473e-11,0.0,0.0,fixed-e5m2,0.0,10,0.0,14500,detail,-0.0288957558054269,7.725424180776686e-07,3.467770875431597e-05,42.041013908339664,2.6552976123639382e-05,-0.02718641084729296,0.0006033173995092511
0.010287863202393055,0.00028786320239305475,0.044159406011121304,44.00854237494059,1.0,0.01701162476092577,0.9984180933072035,1.009835353475114e-11,0.0,0.0,fixed-e5m2,0.0,10,0.0,15000,detail,0.3851770511998453,6.24026087277885e-07,1.0570732229098212e-05,43.42239621211775,7.550490863650339e-06,0.37761532152142757,0.00046574464067816734
0.009325744584202766,0.0006742554157972338,0.1452991359253114,45.39790033386089,1.0,0.017385374754667282,0.9986791247998604,1.1549403385714611e-11,0.0,0.0,fixed-e5m2,0.0,10,0.0,15500,detail,-0.507471733232284,3.926161103109273e-07,1.1723340321623255e-05,44.795797414844856,1.3982841664983425e-05,-0.505974281690235,0.0004919231287203729
0.007276633288711309,0.0027233667112886908,0.18301357275276522,46.773190416861326,1.0,0.017761790892109275,0.9988571866795041,5.8998729053123135e-12,0.0,0.0,fixed-e5m2,0.0,10,0.0,16000,detail,-0.49037621554617106,6.563538365180075e-07,7.4296235652582254e-06,46.1531575769186,1.2492360838223249e-05,-0.4932309672126623,0.0005728270043618977
0.00934025552123785,0.00065974447876215,0.055671580189347314,48.16647862503305,1.0,0.01825274876318872,0.9981050547359421,2.3899783047534228e-11,0.0,0.0,fixed-e5m2,0.0,10,0.0,16500,detail,0.8047401709749378,3.4009294727463076e-07,6.3875477280816995e-06,47.530120001873,6.772367214580299e-06,0.8011328857924281,0.0004983867984265089
0.009540772065520287,0.00045922793447971365,0.050796142626680765,49.54573545907624,1.0,0.01862924895249307,0.9990327103889212,6.190892053088637e-12,0.0,0.0,fixed-e5m2,0.0,10,0.0,17000,detail,-0.7709343124066262,7.802892477765445e-07,7.113289939297829e-06,48.891423175809905,5.200386567594251e-06,-0.7771229348552576,0.0005734849837608635
0.010508249513804913,0.0005082495138049124,0.06421302252813775,50.92806133395061,1.0,0.019005790119990706,0.9991594163795513,4.63344999858282e-12,0.0,0.0,fixed-e5m2,0.0,10,0.0,17500,detail,-0.6791709023818236,5.77221700741557e-07,8.532473657396622e-06,50.25612569064833,6.426738764275797e-06,-0.6793739086285233,0.000667316373437643
0.009243280626833439,0.0007567193731665613,0.02008729584578912,52.28085812507197,1.0,0.01939045707695186,0.9987140206454614,1.0246467545737556e-11,0.0,0.0,fixed-e5m2,0.0,10,0.0,18000,detail,0.5384835907190152,6.243191199697782e-07,1.0757852578535676e-05,51.591595561709255,3.2558716611674754e-06,0.5442838825760298,0.0006464150501415133
0.009275348857045174,0.0007246511429548266,0.11898146548118027,53.68309674994089,1.0,0.0198051230981946,0.9989172887214915,3.6219255139224234e-12,0.0,0.0,fixed-e5m2,0.0,10,0.0,18500,detail,0.22188325163272674,7.151445771188275e-07,6.77046955388505e-06,52.97601957805455,7.164002909121336e-06,0.2129959189496955,0.0006353642675094306
0.01152287982404232,0.00152287982404232,0.2004915532214819,55.05483249993995,1.0,0.020183456130325794,0.9983968652696616,6.678374176293165e-12,0.0,0.0,fixed-e5m2,0.0,10,0.0,19000,detail,0.45893159919775917,6.201163628931686e-07,8.237283509515692e-06,54.330515389796346,1.2289799087739084e-05,0.46186116202421346,0.0005944768781773746
0.008521840907633305,0.0014781590923666956,0.08570658186830243,56.44704558397643,1.0,0.02056224807165563,0.998578338143812,3.5572977039835315e-12,0.0,0.0,fixed-e5m2,0.0,10,0.0,19500,detail,0.49234011013289386,8.277346059140227e-07,4.402692866278812e-06,55.704257023055106,6.271046004258096e-06,0.4927458106840628,0.0006231834995560348
0.008399829268455505,0.0016001707315444948,0.09223944503171408,57.82814966700971,1.0,0.020989456214010715,0.9986533375950758,8.538228320372517e-12,0.0,0.0,fixed-e5m2,0.0,10,0.0,20000,detail,-0.4217852287577271,5.590632445607846e-07,1.165618232334964e-05,57.06595360999927,6.586510153283598e-06,-0.4244497928623827,0.0006282624672167003
-0.033225201070308685,0.04322520107030869,47.01703139863656,0.004081333056092262,1.0,0.0,,,,0.0,fixed-hybrid,0.0,10,0.0,0,detail,,,,0.0,0.0062673697248101234,,0.0003925589844584465
0.009739070199429989,0.00026092980057001135,1.3741089949576448,1.4297090000472963,1.0,0.00038220896385610104,0.9989293135007158,4.535163033175984e-11,0.0,0.0,fixed-hybrid,0.0,10,0.0,500,detail,0.05509096640406898,1.9482672508159242e-07,6.854165985714644e-05,1.4088697063270956,9.872898954199627e-05,0.05491092785959836,0.0003117061569355428
0.010983801446855068,0.000983801446855068,1.052661374338675,2.8087914581410587,1.0,0.0007702088914811611,0.9986368339338859,1.4425135407687394e-10,0.0,0.0,fixed-hybrid,0.0,10,0.0,1000,detail,0.5741865905084603,1.6209959442393262e-07,5.763720764662139e-05,2.7640943196602166,6.471952656283975e-05,0.5715892094860596,0.0003538239689078182
0.010775245726108551,0.0007752457261085508,0.6432917954966451,4.180736833019182,1.0,0.0011549587361514568,0.9985690673437642,1.4715427406519755e-10,0.0,0.0,fixed-hybrid,0.0,10,0.0,1500,detail,-0.43242860912759323,2.383157616774145e-07,3.944067793781869e-05,4.118357031373307,4.0505889046471566e-05,-0.4317066431632946,0.0002391321468167007
0.007551571354269981,0.002448428645730019,0.6315529548206215,5.519093916052952,1.0,0.00154112558811903,0.9988114807361521,5.338592227966809e-11,0.0,0.0,fixed-hybrid,0.0,10,0.0,2000,detail,0.09557503348812497,3.727014423226156e-07,3.327726881252602e-05,5.440161572303623,4.4851156417280436e-05,0.0947430484492357,0.00023321379558183253
0.011242998763918877,0.0012429987639188764,0.21045379720072552,6.861091958126053,1.0,0.001981708686798811,0.9986687649209369,5.852256994512714e-11,0.0,0.0,fixed-hybrid,0.0,10,0.0,2500,detail,0.6450600206018354,1.176843894106191e-07,3.201887011528015e-05,6.766092695295811,2.96368762064958e-05,0.6459142870454129,0.00012782574049197137
0.007563910447061062,0.0024360895529389383,0.25134580419721875,8.236426000017673,1.0,0.0023979165125638247,0.9987753032208418,2.189299639623333e-10,0.0,0.0,fixed-hybrid,0.0,10,0.0,3000,detail,0.362802662607835,1.8478909136659963e-07,9.258046338800341e-05,8.125125190475956,4.25910584453959e-05,0.36047319226478003,0.0002698139869607985
0.012612622231245041,0.0026126222312450407,0.59053627206121,9.693397833034396,1.0,0.0027872915379703045,0.9986646187620725,1.275429863034322e-10,0.0,0.0,fixed-hybrid,0.0,10,0.0,3500,detail,-0.41156850457738586,4.879838189998443e-07,5.124804738443345e-05,9.565060342662036,0.00012031258665956557,-0.41336117885750834,0.00029397508478723466
0.01040114276111126,0.00040114276111125925,0.2726358050030593,11.076914499979466,1.0,0.003184499451890588,0.998616716600357,6.664471219675961e-11,0.0,0.0,fixed-hybrid,0.0,10,0.0,4000,detail,0.7422016963007789,1.1085146621552172e-07,3.8603320717811584e-05,10.93213471956551,8.15436796983704e-05,0.7423356157868919,0.00015476797125302255
0.008881629444658756,0.001118370555341244,0.0990120573076014,12.463942333124578,1.0,0.0035566664300858974,0.9984095471927399,1.1704942338616442e-10,0.0,0.0,fixed-hybrid,0.0,10,0.0,4500,detail,-0.057788799887627945,9.114833088554551e-07,4.822120536118746e-05,12.302263842662796,2.1006006136303768e-05,-0.05647525299480688,0.0004584183916449547
0.006253321189433336,0.003746678810566664,0.9517037028702503,13.823449457995594,1.0,0.00393308256752789,0.9982571917498655,1.0388788188036529e-10,0.0,0.0,fixed-hybrid,0.0,10,0.0,5000,detail,-0.2563299625936504,2.7022209339327127e-07,3.346620360389352e-05,13.644173465203494,7.917512266431004e-05,-0.25868129765241804,0.00027729972498491406
0.010906553827226162,0.0009065538272261617,0.20398530562904604,15.185721874935552,1.0,0.004439373733475804,0.9984674326778189,1.392168436105288e-10,0.0,0.0,fixed-hybrid,0.0,10,0.0,5500,detail,-0.7298337282992879,3.2808573493041053e-07,4.268663906259462e-05,14.98946096864529,1.775557393557392e-05,-0.73485510530687,0.0002382670354563743
0.011664561927318573,0.0016645619273185728,0.1445814721291704,16.56336879101582,1.0,0.004805831704288721,0.9985779344803194,2.705073691846245e-11,0.0,0.0,fixed-hybrid,0.0,10,0.0,6000,detail,-0.08022058047518038,4.215551701227192e-07,2.940701597253792e-05,16.349060884211212,4.530840669758618e-05,-0.07364606998058736,0.0002569365024100989
0.011892526410520077,0.0018925264105200765,0.4602820986102118,17.951572875026613,1.0,0.005179581698030233,0.998525918449643,5.261553718403331e-11,0.0,0.0,fixed-hybrid,0.0,10,0.0,6500,detail,0.15162997080938287,8.966548117036331e-08,3.4919805329991505e-05,17.718020506203175,2.8409935111994855e-05,0.15310837356987242,0.00011831577285192907
0.005573466420173645,0.004426533579826355,0.5627764716254517,19.348870957968757,1.0,0.0055807477328926325,0.9988111900337535,1.0369021975299308e-10,0.0,0.0,fixed-hybrid,0.0,10,0.0,7000,detail,0.7388700386072675,3.445114613683347e-08,4.726117185782641e-05,19.096707915654406,5.930349652771838e-05,0.7407656888973416,0.00011625534534687176
0.011999841779470444,0.0019998417794704435,0.41175354426114547,20.71145970793441,1.0,0.0059912477154284716,0.9987151093719001,4.5571522996973525e-11,0.0,0.0,fixed-hybrid,0.0,10,0.0,7500,detail,0.5906361791481457,1.1728516016133689e-07,3.249537621741183e-05,20.44145874818787,5.068786776973866e-05,0.5877026128293039,0.00019600869563873857
0.013013768009841442,0.003013768009841442,0.5185164793377522,22.066564250038937,1.0,0.006398789817467332,0.9982771548952879,6.201823401930505e-11,0.0,0.0,fixed-hybrid,0.0,10,0.0,8000,detail,-0.2970494358647389,5.324714719211713e-08,3.354593354742974e-05,21.778962079668418,5.246299406280741e-05,-0.29339507607427895,8.206029451685026e-05
0.010374501347541809,0.0003745013475418089,0.09336055806080881,23.43972595804371,1.0,0.006769789848476648,0.998794094683767,4.334052504590904e-12,0.0,0.0,fixed-hybrid,0.0,10,0.0,8500,detail,-0.48916629457149896,4.435291395541955e-07,7.477817234757822e-06,23.135784283978865,1.2147764209657907e-05,-0.48968188962501547,0.0003093566047027707
0.008387753739953041,0.0016122462600469591,0.18742296953534873,24.813935625134036,1.0,0.007141539826989174,0.998679847790424,1.3581328974572863e-11,0.0,0.0,fixed-hybrid,0.0,10,0.0,9000,detail,0.33883288695038577,2.361357221406437e-07,1.3726781617151573e-05,24.492266026558354,1.4014686712471303e-05,0.3429671949820576,0.00020412530284374952
0.00806117057800293,0.0019388294219970705,0.17126824248029568,26.157681290991604,1.0,0.007525455905124545,0.9986347305399981,2.353708921458933e-11,0.0,0.0,fixed-hybrid,0.0,10,0.0,9500,detail,0.5784654507313274,4.047265716410782e-08,2.268592652399093e-05,25.81842409260571,1.1713985259120818e-05,0.5819826367848048,5.715389852412045e-05
0.010000210255384445,2.1025538444498226e-07,0.3845752790447338,27.538697249954566,1.0,0.007899747928604484,0.9986060677691063,9.518412054858121e-11,0.0,0.0,fixed-hybrid,0.0,10,0.0,10000,detail,-0.22104196790918731,7.31677848650867e-08,5.700236579286866e-05,27.183171892305836,3.911325256922282e-05,-0.22272609260539522,6.457970448536798e-05
0.00969750341027975,0.0003024965897202494,0.13502024583161223,28.90024666604586,1.0,0.008325081784278154,0.9988594155943639,5.1078311728253906e-12,0.0,0.0,fixed-hybrid,0.0,10,0.0,10500,detail,0.293306655665585,4.430996888697737e-08,6.402726285159588e-06,28.52824519854039,1.2116901416447945e-05,0.28539221167398054,7.633704080944881e-05
0.009328030049800873,0.0006719699501991274,0.15105537283221415,30.29465066595003,1.0,0.008773914771154523,0.9984447092758199,4.9204605835578755e-11,0.0,0.0,fixed-hybrid,0.0,10,0.0,11000,detail,-0.22022036516331273,6.8701578515979e-08,2.2246280423132703e-05,29.906393285142258,1.7690492313704453e-05,-0.2179643214402256,0.00010003324132412672
0.011239275336265564,0.0012392753362655638,0.08072979071302881,31.657809040974826,1.0,0.009141289629042149,0.998599040588128,1.9576458129229627e-10,0.0,0.0,fixed-hybrid,0.0,10,0.0,11500,detail,0.9129525872386152,1.8567014967261894e-08,5.370711733121425e-05,31.253685172181576,1.3189852325012907e-05,0.9107471558386616,6.227378617040813e-05
0.010082351043820381,8.235104382038096e-05,0.03371547572318726,33.01543854107149,1.0,0.009511706652119756,0.9986178668303101,1.4195962501946857e-11,0.0,0.0,fixed-hybrid,0.0,10,0.0,12000,detail,0.13636117769798606,1.7799845639639075e-08,1.0374474186392035e-05,32.595400631660596,4.858720330958022e-06,0.1395637892146814,5.2831881475867704e-05
0.0100846067070961,8.460670709609965e-05,0.0557409574411912,34.37753575015813,1.0,0.009910622611641884,0.9987491650146247,8.335128180660182e-12,0.0,0.0,fixed-hybrid,0.0,10,0.0,12500,detail,0.582654366656698,4.747349262218484e-08,8.391977644350845e-06,33.94160367362201,3.128265689156251e-06,0.5858994175085108,9.190826676785946e-05
0.010686513967812061,0.0006865139678120611,0.09443203540755889,35.72638400015421,1.0,0.010294456500560045,0.9989914217892987,1.4491310508431171e-11,0.0,0.0,fixed-hybrid,0.0,10,0.0,13000,detail,-0.051641527444572496,6.3890549035372e-08,1.8449478375259787e-05,35.27262816671282,2.9441125661833212e-05,-0.04535816310245396,7.396437285933644e-05
0.00995450560003519,4.5494399964809626e-05,0.127449180434,37.06115600001067,1.0,0.010671748546883464,0.9989527241561316,2.2764944907195407e-11,0.0,0.0,fixed-hybrid,0.0,10,0.0,13500,detail,0.8640483974371298,1.0767536802454465e-07,1.4124416338745505e-05,36.58951954427175,1.3692512766283471e-05,0.8647195766822094,0.00010866962111322209
0.010413337498903275,0.00041333749890327433,0.0661731688359842,38.391602125018835,1.0,0.011045623570680618,0.9986019078248561,8.317735779539238e-12,0.0,0.0,fixed-hybrid,0.0,10,0.0,14000,detail,0.09345560514457737,5.746299223007338e-08,9.721752576297149e-06,37.90184400207363,8.94955428520916e-06,0.09240649887407765,0.00010701599239837378
0.008647979237139225,0.0013520207628607752,0.054400581494538115,39.715289916144684,1.0,0.011417415458709002,0.9985699349058176,6.309614912562733e-12,0.0,0.0,fixed-hybrid,0.0,10,0.0,14500,detail,-0.4388642079892256,3.599630693780767e-08,7.143935363274068e-06,39.20798084046692,3.915886736649554e-06,-0.4370609204396707,9.81666162260808e-05
0.009340533055365086,0.0006594669446349146,0.16986960581246366,41.03845337498933,1.0,0.011785456677898765,0.9989577531393986,3.377932047825938e-12,0.0,0.0,fixed-hybrid,0.0,10,0.0,15000,detail,0.5174772476654755,3.1481047084235634e-08,4.5298766053747386e-06,40.51348741538823,9.749093806021847e-06,0.5218182920340131,0.00012091216194676235
0.01003340445458889,3.340445458888987e-05,0.08488223066760839,42.41915616602637,1.0,0.01219049864448607,0.9983914613067807,5.1688433539518694e-12,0.0,0.0,fixed-hybrid,0.0,10,0.0,15500,detail,0.35613523803690283,5.090583934460903e-08,6.140655386843719e-06,41.87737902952358,4.743094450532226e-06,0.35856766544513474,0.00014208645734470338
0.009823606349527836,0.00017639365047216436,0.07626361275297261,43.77740216604434,1.0,0.012612998485565186,0.9985088718455931,7.315230176643523e-11,0.0,0.0,fixed-hybrid,0.0,10,0.0,16000,detail,-0.3384283546846382,1.2446267974386245e-07,1.9004100977326743e-05,43.21776115940884,5.8815594456973486e-06,-0.34065213522143084,0.00016157780191861093
0.00970514491200447,0.0002948550879955294,0.03968297718026818,45.12376354099251,1.0,0.012998790480196476,0.9986307460532532,3.133910019927873e-12,0.0,0.0,fixed-hybrid,0.0,10,0.0,16500,detail,0.31367777241851097,2.1074964429287219e-07,3.80925439458224e-06,44.54699627473019,5.179871095606359e-06,0.31857995267109274,0.00021707442647311836
0.010387351736426353,0.00038735173642635325,0.023554974573434397,46.58489525015466,1.0,0.01345424959436059,0.9986425795650953,1.2487773895805095e-12,0.0,0.0,fixed-hybrid,0.0,10,0.0,17000,detail,0.33877144558785915,2.2612074914849213e-07,1.7322222447546665e-06,45.98980926256627,4.744963007397018e-06,0.33768854249536967,0.00025714858202263713
0.00943244993686676,0.00056755006313324,0.08554794881434495,48.05177349993028,1.0,0.013851624680683017,0.9982671028410607,1.276325131586342e-11,0.0,0.0,fixed-hybrid,0.0,10,0.0,17500,detail,-0.31555268325187275,1.923551855253661e-07,1.194283140648622e-05,47.436499511124566,6.566144293174148e-06,-0.31343564934502943,0.0002859353553503752
0.009750718250870705,0.00024928174912929556,0.11895177959822409,49.50137254106812,1.0,0.014275416731834412,0.9986294978582705,7.0879081189694534e-12,0.0,0.0,fixed-hybrid,0.0,10,0.0,18000,detail,-0.47729350360015593,2.770458294306952e-07,8.134282325045206e-06,48.856391882523894,9.639661584515125e-06,-0.4786357325540303,0.000306428293697536
0.012702735140919685,0.002702735140919685,0.1927130086390997,50.96677600010298,1.0,0.014805541839450598,0.998630675104206,5.315546700937243e-12,0.0,0.0,fixed-hybrid,0.0,10,0.0,18500,detail,-0.14313568099304033,4.4216062894246104e-07,8.03822695161216e-06,50.30281642382033,1.0974646102113184e-05,-0.14237965966030625,0.00029970050673000515
0.00945461355149746,0.0005453864485025408,0.14448978340612123,52.43168250005692,1.0,0.015237750951200724,0.9986954864539445,5.748537707304677e-12,0.0,0.0,fixed-hybrid,0.0,10,0.0,19000,detail,0.4000065891420278,2.0426658840060968e-07,7.394334716082085e-06,51.74894580664113,9.160544323094655e-06,0.4028593903245308,0.0003348234749864787
0.00980136077851057,0.00019863922148942968,0.060628002457064914,53.902693500043824,1.0,0.015889792935922742,0.9986597640161868,6.766500019808097e-12,0.0,0.0,fixed-hybrid,0.0,10,0.0,19500,detail,-0.2558353387051026,3.990964714953056e-07,9.112784937315155e-06,53.20184738957323,6.151948127808282e-06,-0.2555872712677033,0.0003125348885077983
0.009674791246652603,0.00032520875334739706,0.11544741602709971,55.336781040998176,1.0,0.016322250943630934,0.9985403994876736,8.456338693203658e-12,0.0,0.0,fixed-hybrid,0.0,10,0.0,20000,detail,-0.07340967758456908,3.8068280482545044e-07,1.0716213182604406e-05,54.616068930132315,7.032690973574063e-06,-0.07686241163738382,0.000306682224618271
-0.045783352106809616,0.05578335210680962,56.37879512445265,0.0040547908283770084,1.0,0.0,,,,0.013704458950087428,calibrated,0.0,10,0.013704458950087428,0,detail,,,,0.0,0.005082836840301752,,0.0002061322593363002
0.008360039442777634,0.0016399605572223665,1.2738799321122205,1.3657257498707622,1.0,0.00039387517608702183,0.99990981803305,3.1013301259193847e-12,0.011587600277310092,0.013704458950087428,calibrated,0.0,10,0.013704458950087428,500,detail,0.17955414412789192,1.6549554304958136e-07,6.177019531605765e-05,1.3440372897312045,7.655637455172837e-05,0.17870432018890725,0.00013148787547834218
0.010623075999319553,0.0006230759993195532,0.7125391031457138,2.7390635409392416,1.0,0.0007736252155154943,0.999849998120306,4.8022272089580984e-11,0.018322273942755273,0.013704458950087428,calibrated,0.0,10,0.013704458950087428,1000,detail,0.5520595727739633,1.1883818236987774e-07,9.96791131910868e-05,2.6997974219266325,7.085166726028547e-05,0.5511403029619817,0.00010853433195734397
0.009703611955046654,0.00029638804495334646,0.43255018984139554,4.102812625002116,1.0,0.0011450422462075949,0.9999142763141361,2.636482689120031e-12,0.012577993463404971,0.013704458950087428,calibrated,0.0,10,0.013704458950087428,1500,detail,0.5143260278395195,9.23007311276788e-08,3.3130705560324714e-05,4.0463077870663255,3.067237412324175e-05,0.515042581763304,9.60312390816398e-05
0.010539093986153603,0.0005390939861536024,0.4847719403940012,5.481277999933809,1.0,0.0015195831656455994,0.9998768814888171,2.6356946436772393e-11,0.019510745766069128,0.013704458950087428,calibrated,0.0,10,0.013704458950087428,2000,detail,0.8885895611912409,1.0034116934755326e-07,6.928130460437387e-05,5.407705081161112,4.5561981096398085e-05,0.889328531393531,6.768802995793521e-05
0.011049309745430946,0.0010493097454309461,0.21470580387919255,6.898228040896356,1.0,0.0018950833473354578,0.9999097325731287,4.106529180624792e-12,0.015450133703080123,0.013704458950087428,calibrated,0.0,10,0.013704458950087428,2500,detail,0.5687709018708101,4.1395173888542056e-07,2.930160735559184e-05,6.807468420825899,2.775268512777984e-05,0.5697824112200415,0.00015499696019105613
0.006351354531943798,0.003648645468056202,0.5639067944116513,8.35347908292897,1.0,0.0023054582998156548,0.999890468479363,4.2123838724660634e-11,0.015549173021689611,0.013704458950087428,calibrated,0.0,10,0.013704458950087428,3000,detail,0.9755748870543672,8.978071393996442e-08,0.00011057263327529654,8.243192797293887,0.00013030772970523685,0.9754908867155456,9.548821981297806e-05
0.012622273527085781,0.002622273527085781,0.4081503931848462,9.797225249931216,1.0,0.002752875443547964,0.9999183124740536,2.486271125791493e-12,0.018619391898583738,0.013704458950087428,calibrated,0.0,10,0.013704458950087428,3500,detail,0.2942126378110849,5.7180665483714434e-08,2.8616084819077514e-05,9.667709132656455,4.5597018470289186e-05,0.2946967712310489,5.489150498760864e-05
0.007483875844627619,0.0025161241553723814,0.2972565995735423,11.351517249830067,1.0,0.0031321255955845118,0.9999084754877182,3.157538619038877e-12,0.01703476280083193,0.013704458950087428,calibrated,0.0,10,0.013704458950087428,4000,detail,-0.14771659661899686,9.180979493993161e-08,2.296903039678e-05,11.202752090757713,2.5769048079382628e-05,-0.1470778763137643,7.450597331626341e-05
0.01281579490751028,0.0028157949075102804,0.28085965060453416,12.813620207831264,1.0,0.003519709687680006,0.9999112814461653,5.480125998593058e-12,0.017827077349707832,0.013704458950087428,calibrated,0.0,10,0.013704458950087428,4500,detail,0.4918867617584899,6.233871491706297e-08,4.0021779568633065e-05,12.647348296595737,3.8262147427303717e-05,0.49275537633948313,3.802917490247637e-05
0.010590876452624798,0.0005908764526247976,0.3618582349115373,14.265195374842733,1.0,0.0038955428171902895,0.9999176878232602,1.5366893358737256e-11,0.023769436466277112,0.013704458950087428,calibrated,0.0,10,0.013704458950087428,5000,detail,0.9539386861366091,1.2733222894598218e-08,8.502350829076022e-05,14.080567139666528,8.570111094741151e-05,0.954209832397804,3.71855785488151e-05
0.01164857018738985,0.0016485701873898504,0.11059453940307562,15.692013958003372,1.0,0.004260709974914789,0.9999057056747845,9.911902339170738e-12,0.02050113895216401,0.013704458950087428,calibrated,0.0,10,0.013704458950087428,5500,detail,0.641042666586868,6.358445163489957e-08,4.36593072663527e-05,15.489664637250826,2.3038610379444435e-05,0.6415055163809322,4.809546226169914e-05
0.010666560381650925,0.0006665603816509245,0.3187934460114193,17.08038158295676,1.0,0.004634334938600659,0.9998950681114952,7.607970603957264e-12,0.02683965534317124,0.013704458950087428,calibrated,0.0,10,0.013704458950087428,6000,detail,-0.6565191853378035,2.765616659989362e-07,3.16345103783533e-05,16.860553594771773,2.7617399609880522e-05,-0.6569755415906392,0.00017429904255550355
0.012448851019144058,0.002448851019144058,0.36992716461402075,18.470436499919742,1.0,0.005095293978229165,0.9997676980680195,1.31008975777131e-10,0.01762899871248886,0.013704458950087428,calibrated,0.0,10,0.013704458950087428,6500,detail,0.9377963655161079,5.599491038884365e-08,0.00021812158229295164,18.232383467722684,8.69543946464546e-05,0.9392897675939231,7.822477346053347e-05
0.011217636056244373,0.0012176360562443731,0.20915857321273051,19.843895707977936,1.0,0.005464253015816212,0.999872159267048,4.161037993332359e-12,0.032782014459740515,0.013704458950087428,calibrated,0.0,10,0.013704458950087428,7000,detail,-0.0982501888340857,3.4905757269283785e-08,2.9243263270473108e-05,19.588838325580582,2.023001252382528e-05,-0.09775359222576722,3.85586463380605e-05
0.008581048808991909,0.0014189511910080912,0.4151425848573349,21.187996207969263,1.0,0.0058673780877143145,0.9999143034911422,6.600862937719635e-12,0.03585223333663464,0.013704458950087428,calibrated,0.0,10,0.013704458950087428,7500,detail,0.86658139855346,1.6991627718921045e-08,3.9710517739877105e-05,20.917118110926822,0.00014170087524689734,0.8672985694578771,4.0940089093055576e-05
0.008105470798909664,0.001894529201090336,0.0970446146424408,22.540240583010018,1.0,0.0062443779315799475,0.9999106514448897,1.7686349223347602e-12,0.027532930573437656,0.013704458950087428,calibrated,0.0,10,0.013704458950087428,8000,detail,0.7987105148691727,8.071840802440146e-09,1.7057755030691624e-05,22.25391140440479,2.349804708501324e-05,0.7985700008786429,1.9356381017132662e-05
0.010726165026426315,0.0007261650264263151,0.32335973924895794,23.89931512484327,1.0,0.006623877910897136,0.9999054050494094,2.767758098596315e-12,0.04654847974645934,0.013704458950087428,calibrated,0.0,10,0.013704458950087428,8500,detail,0.8900409900214488,2.8309168195105264e-08,1.95374850591179e-05,23.597226148238406,3.250504596508108e-05,0.8902507635392298,3.5405617381911725e-05
0.010747179388999939,0.0007471793889999388,0.1984540935128026,25.259800707921386,1.0,0.0070231277495622635,0.9999133733321616,2.0065329847224927e-12,0.05179756363276221,0.013704458950087428,calibrated,0.0,10,0.013704458950087428,9000,detail,-0.24386082425546085,1.0233303496273129e-07,2.1012259821873158e-05,24.941453767940402,1.7846776245278306e-05,-0.2437438705414049,7.686384924454615e-05
0.0077117313630878925,0.0022882686369121077,0.2870525406035562,26.62450774991885,1.0,0.007406002609059215,0.9999021412257867,3.2516798688416768e-12,0.058829355254035855,0.013704458950087428,calibrated,0.0,10,0.013704458950087428,9500,detail,0.6666099866399013,1.413429387933465e-07,2.480964394635521e-05,26.290329444920644,1.9873141354764812e-05,0.6686702023509713,0.00011190211080247536
0.0100177563726902,1.7756372690200597e-05,0.045993087347332144,27.980559916002676,1.0,0.007800169754773378,0.9999310895325513,8.355075577751253e-13,0.06407843914033871,0.013704458950087428,calibrated,0.0,10,0.013704458950087428,10000,detail,-0.0836903877753925,6.240893723764517e-08,1.7250889868591912e-05,27.63050527521409,8.735351002542302e-06,-0.08431948438785838,5.894547939533368e-05
0.009683677926659584,0.00031632207334041616,0.0659770042684642,29.334680625004694,1.0,0.008174086920917034,0.9999058605818687,5.855995174468481e-13,0.03070218876894127,0.013704458950087428,calibrated,0.0,10,0.013704458950087428,10500,detail,0.5013926112899502,4.002036688867708e-08,7.80047139414819e-06,28.96893393737264,6.88337877363665e-06,0.500383901269472,4.971792077412829e-05
0.011512999422848225,0.0015129994228482244,0.05674299219529337,30.693622624967247,1.0,0.008547296049073339,0.9999012388909121,5.464082794225598e-13,0.04942061998613449,0.013704458950087428,calibrated,0.0,10,0.013704458950087428,11000,detail,-0.006064755496105328,7.289254327655275e-08,4.982959580956958e-06,30.312011525267735,4.702020305558108e-06,-0.005913344386548925,7.436781743308529e-05
0.01049834955483675,0.0004983495548367498,0.03888660958845352,32.05213249986991,1.0,0.008950504008680582,0.9999001009103208,2.2456548304299379e-13,0.04209171040903239,0.013704458950087428,calibrated,0.0,10,0.013704458950087428,11500,detail,0.46977878129561756,5.3104595144535344e-08,4.231108960084384e-06,31.654200561111793,6.327496976155089e-06,0.46971048048206787,4.3055424612248316e-05
0.011312508024275303,0.0013125080242753027,0.04660841460512548,33.45866095786914,1.0,0.009340629214420915,0.9998999956951148,1.0321200696420874e-13,0.03010795285728434,0.013704458950087428,calibrated,0.0,10,0.013704458950087428,12000,detail,0.2757954183659125,4.104293062035558e-08,2.1568775991909206e-06,33.04442206281237,6.719512839481467e-06,0.27278400412560533,4.7992594772949815e-05
0.009704332798719406,0.0002956672012805941,0.09033109383421838,34.83406437491067,1.0,0.00972358719445765,0.9999163848583648,1.0299299690894003e-13,0.043577300188174704,0.013704458950087428,calibrated,0.0,10,0.013704458950087428,12500,detail,0.4699351840849021,9.221802434570486e-08,1.9312640233692946e-06,34.402623237110674,6.7838259383279365e-06,0.4693912723365554,4.2460949771339074e-05
0.010141978040337563,0.00014197804033756235,0.07721302454710112,36.20358979096636,1.0,0.010108087211847305,0.9998972691059,2.9381114045365173e-12,0.04783599088838269,0.013704458950087428,calibrated,0.0,10,0.013704458950087428,13000,detail,0.8278653213033359,1.124723576145366e-07,1.4305685908766463e-05,35.75614611641504,1.1039427590731066e-05,0.8262331040213131,8.752529538469389e-05
0.009074610657989979,0.0009253893420100214,0.1069830669577109,37.57762504089624,1.0,0.010482795303687453,0.999903794900031,1.8228315800581377e-13,0.04793503020699218,0.013704458950087428,calibrated,0.0,10,0.013704458950087428,13500,detail,0.5664991144216096,1.0492794766618368e-07,2.3941697691043373e-06,37.11306162038818,8.147626431309618e-06,0.5675077209777625,7.915661990409717e-05
0.010941592045128345,0.0009415920451283453,0.08926605112733249,38.939747707918286,1.0,0.01085704518482089,0.9999106902603312,5.664841360730861e-13,0.04902446271169655,0.013704458950087428,calibrated,0.0,10,0.013704458950087428,14000,detail,0.7013946647749943,8.936163790164064e-08,7.053078661556356e-06,38.45768699608743,7.650754923815839e-06,0.7020583519768401,9.951643005479127e-05
0.011460872367024422,0.0014608723670244215,0.08468005776588433,40.29762095795013,1.0,0.011280795093625784,0.9999272167383575,3.4030472480886915e-13,0.05367931068634248,0.013704458950087428,calibrated,0.0,10,0.013704458950087428,14500,detail,0.8451804625898295,1.0622241150571804e-07,3.50080381394946e-06,39.798214494017884,6.296224455581978e-06,0.8452116393690545,9.199463966069743e-05
0.01062580943107605,0.0006258094310760496,0.18224966099013978,41.66690049995668,1.0,0.011656837072223425,0.999919591661975,5.172364616552393e-13,0.03991284539962365,0.013704458950087428,calibrated,0.0,10,0.013704458950087428,15000,detail,-0.31486117544199155,1.0213275149666469e-07,5.132523710926762e-06,41.14932271721773,9.498490726400632e-06,-0.31450093535155643,9.241951192962006e-05
0.009483367204666138,0.0005166327953338625,0.11386494253859247,43.03168120793998,1.0,0.012033127946779132,0.9998910770842949,2.5870492116514647e-13,0.05585817569575122,0.013704458950087428,calibrated,0.0,10,0.013704458950087428,15500,detail,0.3718680273655083,7.087931036141805e-08,3.796957116719568e-06,42.49621176510118,7.383634510915726e-06,0.3714158679552479,7.162169640650973e-05
0.010237004607915878,0.0002370046079158781,0.08535171033721063,44.39770124992356,1.0,0.012421502964571118,0.9998776225989955,4.427752915281371e-13,0.059522630484302265,0.013704458950087428,calibrated,0.0,10,0.013704458950087428,16000,detail,0.031924227825112714,1.2559083104645076e-07,3.6683609323517885e-06,43.843996714567766,5.677555236616172e-06,0.02842984734079924,6.998713070061058e-05
0.010149270296096802,0.00014927029609680155,0.013751369672812784,45.767313458025455,1.0,0.012802336132153869,0.9999138932529659,3.273829705216274e-13,0.04328018223234624,0.013704458950087428,calibrated,0.0,10,0.013704458950087428,16500,detail,-0.7613581751009426,1.1407904350124692e-07,2.9785560400341637e-06,45.19723622966558,2.2909352992428467e-06,-0.7596222369551668,0.00010718623525463045
0.010248566046357155,0.00024856604635715464,0.06529290726020366,47.13464704086073,1.0,0.013172336155548692,0.9999172074316048,3.179177773315669e-13,0.032782014459740515,0.013704458950087428,calibrated,0.0,10,0.013704458950087428,17000,detail,-0.06119542176224141,1.900142441732788e-07,6.619815394515172e-06,46.54779748409055,5.108829100208823e-06,-0.06198186087946819,0.00011696884757839143
0.009139049798250198,0.0008609502017498018,0.021717529592229896,48.49462441587821,1.0,0.013555378187447786,0.9999101957877738,1.1384834238109242e-13,0.045260968604536,0.013704458950087428,calibrated,0.0,10,0.013704458950087428,17500,detail,-0.1683658430300331,1.546826008291928e-07,2.547764552218723e-06,47.8900197353214,3.4226577554363757e-06,-0.17062788482504407,0.0001409459946444258
0.008726837113499641,0.0012731628865003588,0.027763377179698907,49.86296487483196,1.0,0.0139699203427881,0.9998885293750303,1.6848192126190943e-13,0.03981380608101416,0.013704458950087428,calibrated,0.0,10,0.013704458950087428,18000,detail,-0.0008994093060542316,1.938720499650598e-07,2.343173264307552e-06,49.24063836969435,3.0882836199452868e-06,-0.003173685279950378,0.00014480248501058668
0.010343914851546288,0.00034391485154628733,0.016104161867077985,51.217992374906316,1.0,0.014352254336699843,0.9999008365628124,9.44602038698839e-14,0.04427057541844112,0.013704458950087428,calibrated,0.0,10,0.013704458950087428,18500,detail,-0.38352326164107137,1.7481016961393085e-07,1.9129729480482638e-06,50.57777335308492,3.464567043920397e-06,-0.3850031911395982,0.00014500247198157012
0.010614780709147453,0.0006147807091474531,0.036974175110077605,52.57810933282599,1.0,0.014778088545426726,0.9999066118309208,1.9575363380956993e-13,0.04961869862335347,0.013704458950087428,calibrated,0.0,10,0.013704458950087428,19000,detail,-0.4988486630499112,2.9539018581717994e-07,2.8215854399604723e-06,51.92030608979985,2.738869170570979e-06,-0.4976745608861991,0.0001633972569834441
0.010550050064921379,0.0005500500649213789,0.01411343183727131,53.96710008289665,1.0,0.015162629541009665,0.9999129839867379,5.143965513314029e-14,0.043577300188174704,0.013704458950087428,calibrated,0.0,10,0.013704458950087428,19500,detail,-0.23205048298457834,2.4126854078845177e-07,1.1480519788165111e-06,53.29240062367171,1.2315268804741208e-06,-0.23111020779770727,0.00016264212899841368
0.009357539005577564,0.000642460994422436,0.014465752654943197,55.38266429095529,1.0,0.015548837604001164,0.9999202276814465,1.2015921411400506e-13,0.03258393582252154,0.013704458950087428,calibrated,0.0,10,0.013704458950087428,20000,detail,0.15608346854566477,2.2796295440149307e-07,2.8203573947394034e-06,54.68951304652728,1.142288510891376e-06,0.1571671618620456,0.00016161357052624226
-0.045783352106809616,0.05578335210680962,56.37879512445265,0.004034250043332577,1.0,0.0,,,,0.013704458950087428,adaptive,0.0,10,0.013704458950087428,0,detail,,,,0.0,0.005082836840301752,,0.0002061322593363002
0.008360039442777634,0.0016399605572223665,1.2738799321122205,1.3869047909975052,1.0,0.0003824580926448107,0.99990981803305,3.1013301259193847e-12,0.011587600277310092,0.013704458950087428,adaptive,0.01925254543311894,10,0.03295700438320637,500,detail,0.1410851380605487,1.7242903106063122e-07,6.177019531605765e-05,1.365802463144064,7.655637455172837e-05,0.14021866629262494,0.00013324034807737917
0.010623075999319553,0.0006230759993195532,0.7125391031457138,2.7662402079440653,1.0,0.0007557501085102558,0.9999159772662258,2.700571139706229e-11,0.018322273942755273,0.013704458950087428,adaptive,0.043590176617726684,10,0.05729463556781411,1000,detail,0.5036151344556432,1.3141573439158903e-07,9.96791131910868e-05,2.7292286984156817,7.085166726028547e-05,0.5039315990667235,0.0001096447158488445
0.009703611955046654,0.00029638804495334646,0.43255018984139554,4.149422415997833,1.0,0.0011599170975387096,0.9999142763141361,2.636482689120031e-12,0.012577993463404971,0.013704458950087428,adaptive,0.06794626102782786,10,0.08165071997791529,1500,detail,0.5295158420637983,9.305620102877348e-08,3.3130705560324714e-05,4.096434483071789,3.067237412324175e-05,0.530315075402516,9.739752567838877e-05
0.010539093986153603,0.0005390939861536024,0.4847719403940012,5.542401791084558,1.0,0.0016211671754717827,0.9998768814888171,2.6356946436772393e-11,0.019510745766069128,0.013704458950087428,adaptive,0.0927970060147345,10,0.10650146496482193,2000,detail,0.8884774966070983,9.897938160578823e-08,6.928130460437387e-05,5.472914974903688,4.5561981096398085e-05,0.8892140664909329,6.735447095707059e-05
0.00997049268335104,2.950731664896032e-05,0.29261773717630735,7.03982612490654,1.0,0.001983834197744727,0.9999139476977802,3.6098326675420525e-12,0.012875111419233436,0.013704458950087428,adaptive,0.11779216723516583,10,0.13149662618525326,2500,detail,0.09581397876182905,5.452805087008895e-08,3.879212817992084e-05,6.953091133385897,6.327372102532536e-05,0.09668141127961166,7.848235691199079e-05
0.009846129454672337,0.00015387054532766363,0.36260165324976623,8.487294290913269,1.0,0.0023590843193233013,0.9999225208657758,4.1303977765833875e-12,0.019807863721897592,0.013704458950087428,adaptive,0.14270591689273715,10,0.15641037584282458,3000,detail,0.050818117156526316,6.997592093228113e-08,3.740029569598846e-05,8.383911045268178,2.814757863234263e-05,0.051421053061898994,5.590917862718925e-05
0.008496065624058247,0.0015039343759417536,0.2354874209134122,10.241625416092575,1.0,0.002764334436506033,0.9999315554468187,1.1011497417732175e-11,0.023175200554620183,0.013704458950087428,adaptive,0.16905565955676138,10,0.1827601185068488,3500,detail,0.6287845602011336,5.0952537261234524e-08,7.113310130080208e-05,10.117996474262327,2.872475488402415e-05,0.6293282648092172,4.533234459813684e-05
0.010390646755695343,0.0003906467556953428,0.5074692557584282,11.875910915900022,1.0,0.003249167464673519,0.9999072488973287,3.0982949328634767e-12,0.021689610775477864,0.013704458950087428,adaptive,0.1971516173798591,10,0.21085607632994652,4000,detail,-0.1178949943828255,2.356548463580663e-07,3.5546832805266604e-05,11.732587510487065,9.307209984399378e-05,-0.11864144127802409,7.633918721694499e-05
0.011126476339995861,0.0011264763399958608,0.2718287191717826,13.508886750089005,1.0,0.0036867093294858932,0.9999272646425658,1.4521350627098495e-12,0.01911458849163118,0.013704458950087428,adaptive,0.2238374853041023,10,0.23754194425418973,4500,detail,0.04784832790142492,6.282621975612075e-08,1.9497865650919266e-05,13.345235964516178,5.4157997510628775e-05,0.04698416352406313,7.84221338108182e-05
0.01104110199958086,0.00104110199958086,0.32355899900974505,15.031794457929209,1.0,0.0040799593552947044,0.9999190729550257,9.970013451823372e-13,0.024660790333762502,0.013704458950087428,adaptive,0.25135073461569846,10,0.2650551935657859,5000,detail,0.4336945095936193,3.5680182654882886e-08,1.510931906523183e-05,14.850070713786408,3.001098048116546e-05,0.43371509462611274,5.035717549617402e-05
0.00987674854695797,0.00012325145304203054,0.3341733713768743,16.59052279102616,1.0,0.004472542321309447,0.9999005234887045,7.863310038040083e-12,0.024561751015153017,0.013704458950087428,adaptive,0.277560600778088,10,0.2912650597281754,5500,detail,0.06889813521187933,8.129350517084814e-08,4.449983680387959e-05,16.389452167088166,3.5458040656521916e-05,0.0683952665874855,6.228544225450605e-05
0.011068159714341164,0.0010681597143411634,0.15743811874425098,18.08440824993886,1.0,0.004863792331889272,0.9999297066888335,8.127127157818987e-12,0.028919481033970486,0.013704458950087428,adaptive,0.30324381589889526,10,0.3169482748489827,6000,detail,0.7752306393417538,6.2954118988258e-08,3.42990351782646e-05,17.86447504721582,2.3698115910519846e-05,0.7749758039379424,6.655932520516217e-05
0.009974399581551552,2.560041844844839e-05,0.172990005200203,19.52613487490453,1.0,0.005249667214229703,0.99991948258038,1.812284170774037e-12,0.034861840150539766,0.013704458950087428,adaptive,0.32824289985001087,10,0.3419473588000983,6500,detail,0.8428915734596627,6.715483850312e-08,1.558348594699055e-05,19.287855837726966,2.0948411474819295e-05,0.8434099464576345,7.977341010700911e-05
0.00772050628438592,0.0022794937156140806,0.3212536484944349,20.931875665904954,1.0,0.005623875185847282,0.9999365130922971,5.149075037350017e-12,0.028919481033970486,0.013704458950087428,adaptive,0.35324706323444843,10,0.36695152218453586,7000,detail,-0.5293890267757434,3.9471991650029677e-07,4.909743802272715e-05,20.675976469181478,4.264360177330673e-05,-0.5296541905831517,0.00017656624549999833
0.00999558623880148,4.4137611985208686e-06,0.06593984168649313,22.533066333038732,1.0,0.006004291120916605,0.9999275626149153,1.3417361232990288e-12,0.02594830147568585,0.013704458950087428,adaptive,0.378776848083362,10,0.3924813070334494,7500,detail,0.5766080388913217,8.756618434760086e-08,1.7847980416263454e-05,22.259070842992514,1.4706187357660383e-05,0.5765119866552489,8.724116923986003e-05
0.009767127223312855,0.00023287277668714544,0.062286566067144146,24.02259795810096,1.0,0.006427541142329574,0.9999280924986039,8.16584812644991e-13,0.0312964246805982,0.013704458950087428,adaptive,0.40476943366229534,10,0.41847389261238277,8000,detail,0.1447874483647239,2.7478960493974098e-08,1.5192588762147352e-05,23.730674545513466,8.810993676888756e-06,0.14468072470366558,3.561285848263651e-05
0.008902031928300858,0.0010979680716991427,0.15002625243407927,25.64636587491259,1.0,0.006820166250690818,0.9998824030864809,1.8302798058863098e-12,0.045161929285926515,0.013704458950087428,adaptive,0.4364952212199569,10,0.4501996801700443,8500,detail,0.3312570714448193,3.393128428552729e-08,1.2265602890693117e-05,25.33368058432825,1.1928582352993544e-05,0.33211565429887596,5.9357655118219554e-05
0.011824644170701504,0.0018246441707015035,0.42901376072806596,27.203920624917373,1.0,0.007298125186935067,0.9999423814201541,8.554864138898907e-12,0.03634742992968208,0.013704458950087428,adaptive,0.46306326356716454,10,0.47676772251725197,9000,detail,-0.10189906347297192,9.889624687288282e-08,6.888485950184986e-05,26.87180820037611,0.00013650239270646125,-0.10183359883136278,0.00011737772001652047
0.010555492714047432,0.0005554927140474317,0.21783610128783573,28.734886500053108,1.0,0.007759042317047715,0.9998978715664733,1.4798373393683362e-12,0.041695553134594436,0.013704458950087428,adaptive,0.49022522172890604,10,0.5039296806789935,9500,detail,0.37603606999822453,1.5389160650322136e-08,1.0692800969991367e-05,28.384655033703893,3.28765636368189e-05,0.3756475262770079,2.532649705244694e-05
0.009866460226476192,0.00013353977352380773,0.12690978268746497,30.312808874994516,1.0,0.00825362536124885,0.999895046241242,1.8928572842968595e-12,0.042388828364860846,0.013704458950087428,adaptive,0.5163561401423067,10,0.5300605990923941,10000,detail,-0.01617305475135559,5.303223209366801e-08,1.0755400580819696e-05,29.94401219440624,1.423495814378839e-05,-0.017906022992797966,4.468000042834319e-05
0.00940950121730566,0.00059049878269434,0.10036150530408414,31.86653049988672,1.0,0.008692375384271145,0.9999141253531784,1.5474918684095733e-12,0.04615232247202139,0.013704458950087428,adaptive,0.5426067211665213,10,0.5563111801166087,10500,detail,0.7835238266917234,1.853497553244523e-08,1.4724626453244127e-05,31.478241412667558,1.3211529221734963e-05,0.7847959674318045,4.518979403655976e-05
0.010433892719447613,0.00043389271944761255,0.07607845706734206,33.39720104099251,1.0,0.009175500366836786,0.9999190594300759,4.471463213765115e-13,0.04427057541844112,0.013704458950087428,adaptive,0.5690960478968918,10,0.5828005068469793,11000,detail,0.011041096950651115,2.9541269259246692e-08,7.147912583604921e-06,32.989911573706195,7.765779628243763e-06,0.009842692080833607,3.7066649383632466e-05
0.010004835203289986,4.8352032899854486e-06,0.15459453698379252,34.984883916098624,1.0,0.009611333254724741,0.9999175248900088,1.6628048936093126e-12,0.05051005249083886,0.013704458950087428,adaptive,0.5961454615462571,10,0.6098499204963446,11500,detail,0.0698916436967817,1.6195029164906882e-08,1.5617351891705766e-05,34.55935060372576,2.109992601617705e-05,0.06827726944609183,2.3368924303213134e-05
0.009283974766731262,0.000716025233268738,0.10747327879050642,36.550956750055775,1.0,0.010030583245679736,0.9998512616020361,4.170019610357547e-12,0.04149747449737546,0.013704458950087428,adaptive,0.6219703331589699,10,0.6356747921090573,12000,detail,0.3320362912453366,1.600336460209597e-08,1.7922204278875142e-05,36.107779514975846,8.41702421894297e-06,0.3350910063687778,1.7512455087853596e-05
0.00909956730902195,0.0009004326909780504,0.06472374616301313,38.03215974988416,1.0,0.010475625284016132,0.9999201326457346,1.0017107144407572e-12,0.04050708131128058,0.013704458950087428,adaptive,0.6475533649791032,10,0.6612578239291906,12500,detail,-0.4430838691647317,3.818936258000574e-08,9.24634969123872e-06,37.571732650045305,9.231283911503851e-06,-0.44346472658267966,4.07528605137486e-05
0.009797191247344017,0.00020280875265598318,0.031556429359585594,39.58837254089303,1.0,0.0108777922578156,0.9999169577957461,7.008453218872161e-13,0.05367931068634248,0.013704458950087428,adaptive,0.6731800695415586,10,0.686884528491646,13000,detail,0.7097616508342329,3.5858690981720666e-08,5.924574907112401e-06,39.10977720632218,3.7059892292745644e-06,0.7089132826761144,2.948240035038907e-05
0.010171953588724136,0.00017195358872413614,0.02843823985727252,41.093584374990314,1.0,0.011297792196273804,0.9999172825454646,2.3174370448996195e-12,0.05239179954441914,0.013704458950087428,adaptive,0.6984423610847443,10,0.7121468200348318,13500,detail,-0.22171422642078642,1.0656783929403906e-07,1.2536148460640106e-05,40.59650611388497,2.4394698812102433e-06,-0.2216647336597268,5.337579204933718e-05
0.009131514467298985,0.0008684855327010157,0.037530613903976606,42.60145920794457,1.0,0.011766375275328755,0.9998874433566437,3.2826533044499716e-13,0.04892542339308706,0.013704458950087428,adaptive,0.725275483680889,10,0.7389799426309764,14000,detail,0.7668485410610896,4.5297197547408805e-08,3.1504421258432558e-06,42.0844535829965,4.276821982784895e-06,0.7659413455154237,4.822421396966092e-05
0.00992775708436966,7.224291563034078e-05,0.029933799527705123,44.21150920796208,1.0,0.012156000128015876,0.9998974831421922,9.707257109124403e-13,0.04942061998613449,0.013704458950087428,adaptive,0.7520609921775758,10,0.7657654511276633,14500,detail,-0.06808016601373415,8.943010022717906e-08,5.739873813581653e-06,43.675033473875374,3.1908045912132366e-06,-0.06881304678087877,6.980983744142577e-05
0.0103932349011302,0.0003932349011301992,0.018568921286226413,45.922194082988426,1.0,0.012645459035411477,0.9999231629410763,1.7092037114847935e-12,0.05219372090720016,0.013704458950087428,adaptive,0.7801064888481051,10,0.7938109477981925,15000,detail,0.8201766578760666,3.705724607389008e-08,8.312914360431023e-06,45.36702965805307,1.0686962014005985e-05,0.8198917808060298,2.9022516173426993e-05
0.009869905188679695,0.00013009481132030508,0.009146974310029728,47.64880462503061,1.0,0.01311045908369124,0.9999049185073213,8.998049198818142e-14,0.04813310884421115,0.013704458950087428,adaptive,0.8095714005175978,10,0.8232758594676852,15500,detail,0.42154061296607903,3.5060200160514664e-08,1.0297012522642035e-06,47.07328894454986,8.649093956591969e-07,0.42274647842374485,3.500700040603988e-05
0.00994926504790783,5.0734952092170923e-05,0.014995151340380933,49.259432750055566,1.0,0.013579376274719834,0.9999130697106424,1.4524743434542016e-13,0.04377537882539368,0.013704458950087428,adaptive,0.8374248156324029,10,0.8511292745824903,16000,detail,-0.5334990324654484,7.3326465164848e-08,1.1254481933065108e-06,48.66511539998464,1.882388801277557e-06,-0.5350625429619813,3.783315696637146e-05
0.009979200549423695,2.0799450576305598e-05,0.01423802782868168,50.941011749906465,1.0,0.014042793307453394,0.9999043125539324,1.3783767757350264e-13,0.05169852431415272,0.013704458950087428,adaptive,0.8662639467511326,10,0.87996840570122,16500,detail,0.045706683077559054,6.300263819519049e-08,1.3278850019560196e-06,50.3250122226309,1.6450267139589414e-06,0.042756538829052726,5.662854528054595e-05
0.009967614896595478,3.238510340452215e-05,0.057237347157404736,52.82585854106583,1.0,0.014752834336832166,0.9999090260293362,2.076944205340811e-13,0.041200356541546995,0.013704458950087428,adaptive,0.8939354023896158,10,0.9076398613397032,17000,detail,0.6885853809124561,7.969657575791055e-08,1.8830012322723633e-06,52.1870640006382,3.22199616675789e-06,0.6882814572300944,4.6937548177083954e-05
0.010337520390748978,0.00033752039074897745,0.02938828026297268,54.75000287499279,1.0,0.01528745936229825,0.9999097711110926,6.160652669979074e-13,0.07269485985936416,0.013704458950087428,adaptive,0.9277709061279893,10,0.9414753650780767,17500,detail,-0.41881602083927433,5.80967604282801e-08,4.916988473269157e-06,54.088056785520166,3.950842256017495e-06,-0.42119710871783644,5.7273729908047244e-05
0.010071516036987305,7.151603698730448e-05,0.009087512673909219,56.334680166095495,1.0,0.015733042499050498,0.9999270803666149,2.50341707911801e-13,0.036644547885510546,0.013704458950087428,adaptive,0.9549130804371089,10,0.9686175393871963,18000,detail,-0.16967747617264572,5.8161347950101096e-08,3.9290393942792434e-06,55.65478419116698,9.897926247504074e-07,-0.16850002552279542,4.549841833068058e-05
0.009895406663417816,0.00010459333658218405,0.00919953355486006,57.88238870794885,1.0,0.016194792464375496,0.9999103439606061,1.6151165742991798e-12,0.06140437753788254,0.013704458950087428,adaptive,0.9807259915396571,10,0.9944304504897445,18500,detail,0.5218485447593758,2.4319729560792303e-08,6.607967407035176e-06,57.18302623927593,4.320805601309985e-06,0.5205450200345878,3.414175444049761e-05
0.009874791838228703,0.00012520816177129766,0.022933147529158343,59.520946790929884,1.0,0.016575750429183245,0.9998904492225702,5.980725949222008e-14,0.045657125878973956,0.013704458950087428,adaptive,1.0090538244694471,10,1.0227582834195346,19000,detail,0.29433054056464414,3.968274742676326e-08,8.493956897837052e-07,58.80171371600591,3.7245513340167236e-06,0.2956374920928912,3.9758866478223354e-05
0.009861217811703682,0.00013878218829631826,0.008137213196719109,61.18173566600308,1.0,0.01702983328141272,0.9999040710413237,4.7940977325179846e-14,0.03426760423888284,0.013704458950087428,adaptive,1.0392301068641245,10,1.052934565814212,19500,detail,-0.0032841543391860795,3.1826354664426584e-08,1.0092361435454222e-06,60.441135769942775,1.0479134289198555e-06,-0.0023504948931364496,3.225776890758425e-05
0.010023374110460281,2.3374110460281164e-05,0.010378044969172483,62.79551375005394,1.0,0.017523666378110647,0.9999135844617244,1.0843490303030432e-13,0.04763791225116371,0.013704458950087428,adaptive,1.066689598141238,10,1.0803940570913255,20000,detail,0.5580087703770176,2.8107702392314642e-08,1.8471014300303068e-06,62.033550885971636,4.589882337313611e-06,0.5575367112614112,3.663999086711556e-05
0.003491771873086691,0.006508228126913309,26.393750525975655,0.003448166884481907,1.0,0.0,,,,0.0,fp32,0.0,11,0.0,0,detail,,,,0.0,0.0023104387801140547,,0.0
0.009534339420497417,0.00046566057950258276,0.851497556269885,0.3168004169128835,1.0,0.0003869999200105667,0.9999999999999941,0.0,0.0,0.0,fp32,0.0,11,0.0,500,detail,0.9999999999999941,0.0,6.588247197214514e-05,0.3056892901659012,4.961857484886423e-05,0.9999999999999941,0.0
0.010790972970426083,0.0007909729704260824,0.3907092881534522,0.6415890420321375,1.0,0.0007869168184697628,0.9999999999999989,0.0,0.0,0.0,fp32,0.0,11,0.0,1000,detail,0.9999999999999989,0.0,1.889552004286088e-05,0.6226936753373593,2.7101816158392467e-05,0.9999999999999989,0.0
0.011410379782319069,0.0014103797823190687,0.2737364150470697,0.9637467078864574,1.0,0.0011652919929474592,0.9999999999999973,0.0,0.0,0.0,fp32,0.0,11,0.0,1500,detail,0.9999999999999973,0.0,1.0536798981775064e-05,0.9368115994147956,1.6357358617824502e-05,0.9999999999999973,0.0
0.011340347118675709,0.0013403471186757086,0.23361989869731975,1.3163337919395417,1.0,0.0015479999128729105,0.9999999999999939,0.0,0.0,0.0,fp32,0.0,11,0.0,2000,detail,0.9999999999999939,0.0,1.4526200175168924e-05,1.281226365128532,1.4389861462404951e-05,0.9999999999999939,0.0
0.009898200631141663,0.00010179936885833761,0.16605975400679907,1.682918124832213,1.0,0.0019723328296095133,0.9999999999999983,0.0,0.0,0.0,fp32,0.0,11,0.0,2500,detail,0.9999999999999983,0.0,1.4615495274483692e-05,1.6391571224667132,2.1728308638557792e-05,0.9999999999999983,0.0
0.008349871262907982,0.0016501287370920183,0.1818983370427282,2.0326214579399675,1.0,0.002363832900300622,0.9999999999999942,0.0,0.0,0.0,fp32,0.0,11,0.0,3000,detail,0.9999999999999942,0.0,7.624533282069024e-06,1.980393784120679,1.244686973222997e-05,0.9999999999999942,0.0
0.009674270637333393,0.0003257293626666071,0.4708197552680637,2.388968124985695,1.0,0.002774749882519245,0.9999999999999972,0.0,0.0,0.0,fp32,0.0,11,0.0,3500,detail,0.9999999999999972,0.0,4.1234929085476324e-05,2.327600335236639,0.00012648262782022357,0.9999999999999972,0.0
0.008634931407868862,0.001365068592131138,0.21080547877591532,2.7205716248136014,1.0,0.0031958329491317272,0.999999999999997,0.0,0.0,0.0,fp32,0.0,11,0.0,4000,detail,0.999999999999997,0.0,2.6901785531663336e-05,2.6508546601980925,3.345081859151833e-05,0.999999999999997,0.0
0.010135408490896225,0.00013540849089622477,0.057931418179544635,3.039480249863118,1.0,0.0036439578980207443,1.0,0.0,0.0,0.0,fp32,0.0,11,0.0,4500,detail,1.0,0.0,1.248064472747501e-05,2.9616322836373,8.189491381926928e-06,1.0,0.0
0.010315293446183205,0.00031529344618320444,0.0820701282844255,3.3713529580272734,1.0,0.004076749784871936,0.9999999999999969,0.0,0.0,0.0,fp32,0.0,11,0.0,5000,detail,0.9999999999999969,0.0,2.329132257727906e-05,3.2851526585873216,1.1396572517696768e-05,0.9999999999999969,0.0
0.010365596041083336,0.00036559604108333567,0.04424199299648885,3.7048701669555157,1.0,0.004466749727725983,0.9999999999999962,0.0,0.0,0.0,fp32,0.0,11,0.0,5500,detail,0.9999999999999962,0.0,5.5036180128809065e-06,3.6097936062142253,3.624125611167983e-06,0.9999999999999962,0.0
0.009175741113722324,0.0008242588862776758,0.07051634047783072,4.034040666883811,1.0,0.00484958291053772,0.9999999999999947,0.0,0.0,0.0,fp32,0.0,11,0.0,6000,detail,0.9999999999999947,0.0,6.462690180342179e-06,3.930891647003591,6.1953305703355e-06,0.9999999999999947,0.0
0.01039191335439682,0.00039191335439681986,0.04697386085142143,4.357063999865204,1.0,0.005259290803223848,0.9999999999999979,0.0,0.0,0.0,fp32,0.0,11,0.0,6500,detail,0.9999999999999979,0.0,4.009610620414605e-06,4.245706642046571,5.423733909992734e-06,0.9999999999999979,0.0
0.010949255898594856,0.000949255898594856,0.05628532757171872,4.697315708035603,1.0,0.005666206823661923,0.9999999999999956,0.0,0.0,0.0,fp32,0.0,11,0.0,7000,detail,0.9999999999999956,0.0,2.3718280317552853e-06,4.577449078671634,7.569362423964776e-06,0.9999999999999956,0.0
0.01093258336186409,0.0009325833618640898,0.06291648833958127,5.030260207829997,1.0,0.0060446239076554775,0.999999999999999,0.0,0.0,0.0,fp32,0.0,11,0.0,7500,detail,0.999999999999999,0.0,1.1395604815334082e-05,4.901964035350829,5.1506171985238325e-06,0.999999999999999,0.0
0.010116410441696644,0.00011641044169664362,0.01123734228306476,5.353932457976043,1.0,0.0064193329308182,0.999999999999997,0.0,0.0,0.0,fp32,0.0,11,0.0,8000,detail,0.999999999999997,0.0,1.2302828054089332e-06,5.217673757346347,2.1454984562296886e-06,0.999999999999997,0.0
0.009544476866722107,0.0004555231332778933,0.06432556805662844,5.690170916961506,1.0,0.006859540939331055,0.9999999999999963,0.0,0.0,0.0,fp32,0.0,11,0.0,8500,detail,0.9999999999999963,0.0,7.313438345590839e-06,5.545857503544539,7.601008292112965e-06,0.9999999999999963,0.0
0.010224012657999992,0.00022401265799999216,0.01662803687730749,6.051972041837871,1.0,0.00725070689804852,0.9999999999999979,0.0,0.0,0.0,fp32,0.0,11,0.0,9000,detail,0.9999999999999979,0.0,3.439729198362329e-06,5.898739186814055,3.973464572482044e-06,0.9999999999999979,0.0
0.010218455456197262,0.0002184554561972616,0.023939385525495394,6.419599166838452,1.0,0.0076360818929970264,0.9999999999999954,0.0,0.0,0.0,fp32,0.0,11,0.0,9500,detail,0.9999999999999954,0.0,2.013825906033162e-06,6.257065179059282,3.846268100460293e-06,0.9999999999999954,0.0
0.0106846634298563,0.0006846634298563001,0.019536486499295177,6.742986291879788,1.0,0.008016874082386494,0.9999999999999977,0.0,0.0,0.0,fp32,0.0,11,0.0,10000,detail,0.9999999999999977,0.0,2.641084165588836e-06,6.572213136125356,4.087595698365476e-06,0.9999999999999977,0.0
0.009964697062969208,3.5302937030792444e-05,0.019364276656937893,7.071959916967899,1.0,0.008427666267380118,0.9999999999999966,0.0,0.0,0.0,fp32,0.0,11,0.0,10500,detail,0.9999999999999966,0.0,1.808423576221685e-06,6.892548005562276,2.649025645951042e-06,0.9999999999999966,0.0
0.00986006110906601,0.0001399388909339907,0.007068123411108735,7.409673999994993,1.0,0.008809375343844295,0.9999999999999948,0.0,0.0,0.0,fp32,0.0,11,0.0,11000,detail,0.9999999999999948,0.0,5.028713303545373e-07,7.222159296507016,7.81567280228046e-07,0.9999999999999948,0.0
0.009867949411273003,0.00013205058872699758,0.01313134438821682,7.748076791875064,1.0,0.009447750402614474,1.0000000000000002,0.0,0.0,0.0,fp32,0.0,11,0.0,11500,detail,1.0000000000000002,0.0,1.5031120028652367e-06,7.551729433238506,1.2763586028086138e-06,1.0000000000000002,0.0
0.009747310541570187,0.0002526894584298136,0.00915789009852703,8.090140708023682,1.0,0.009925333317369223,0.9999999999999976,0.0,0.0,0.0,fp32,0.0,11,0.0,12000,detail,0.9999999999999976,0.0,1.1330812412779778e-06,7.884655833477154,1.2780820952684735e-06,0.9999999999999976,0.0
0.009660226292908192,0.00033977370709180853,0.012371572671292084,8.421059666899964,1.0,0.010291667189449072,0.9999999999999961,0.0,0.0,0.0,fp32,0.0,11,0.0,12500,detail,0.9999999999999961,0.0,8.877559594111517e-07,8.206983875483274,1.5917021300992928e-06,0.9999999999999961,0.0
0.010074509307742119,7.450930774211863e-05,0.00555998894938421,8.748576749814674,1.0,0.010694167111068964,0.9999999999999983,0.0,0.0,0.0,fp32,0.0,11,0.0,13000,detail,0.9999999999999983,0.0,1.2095913461962482e-06,8.526416141539812,1.2617042557394598e-06,0.9999999999999983,0.0
0.009941763244569302,5.82367554306986e-05,0.004308271712046917,9.107949457829818,1.0,0.011067876126617193,0.9999999999999977,0.0,0.0,0.0,fp32,0.0,11,0.0,13500,detail,0.9999999999999977,0.0,4.303205969335977e-07,8.877152557717636,3.1813183909434883e-07,0.9999999999999977,0.0
0.010005354881286621,5.354881286620886e-06,0.00818519491605959,9.43568191700615,1.0,0.011447626166045666,0.9999999999999959,0.0,0.0,0.0,fp32,0.0,11,0.0,14000,detail,0.9999999999999959,0.0,1.6106617977129645e-06,9.196671967860311,1.8076722199111828e-06,0.9999999999999959,0.0
0.009880742989480495,0.00011925701051950476,0.006456054230305683,9.758184457896277,1.0,0.011829751078039408,0.9999999999999971,0.0,0.0,0.0,fp32,0.0,11,0.0,14500,detail,0.9999999999999971,0.0,4.2122098875552183e-07,9.510892220074311,5.852966751263011e-07,0.9999999999999971,0.0
0.01018612552434206,0.00018612552434205988,0.0034211161290610137,10.091505042044446,1.0,0.012217918178066611,0.9999999999999983,0.0,0.0,0.0,fp32,0.0,11,0.0,15000,detail,0.9999999999999983,0.0,2.73262088512638e-07,9.835995147703215,2.9749367058684584e-07,0.9999999999999983,0.0
0.010054850950837135,5.485095083713511e-05,0.005372152910448793,10.425990249961615,1.0,0.01264100125990808,0.9999999999999984,0.0,0.0,0.0,fp32,0.0,11,0.0,15500,detail,0.9999999999999984,0.0,2.695629746085615e-07,10.161677787313238,3.149676217617525e-07,0.9999999999999984,0.0
0.009868704713881016,0.00013129528611898443,0.0033497223515015794,10.745918791973963,1.0,0.013012751238420606,0.9999999999999971,0.0,0.0,0.0,fp32,0.0,11,0.0,16000,detail,0.9999999999999971,0.0,4.0338136386708356e-07,10.47320986771956,2.806517613862525e-07,0.9999999999999971,0.0
0.009949068538844585,5.093146115541479e-05,0.0026764362460675165,11.07291179196909,1.0,0.013423792319372296,0.9999999999999973,0.0,0.0,0.0,fp32,0.0,11,0.0,16500,detail,0.9999999999999973,0.0,2.525429749766772e-07,10.792178303236142,2.654422814885038e-07,0.9999999999999973,0.0
0.010096047073602676,9.604707360267618e-05,0.0025007318720565424,11.38894374994561,1.0,0.013801917433738708,0.9999999999999972,0.0,0.0,0.0,fp32,0.0,11,0.0,17000,detail,0.9999999999999972,0.0,1.732131806875259e-07,11.100193338934332,1.5723689728019963e-07,0.9999999999999972,0.0
0.009956356137990952,4.364386200904867e-05,0.0028001220154671206,11.707955708028749,1.0,0.014192375354468822,0.9999999999999981,0.0,0.0,0.0,fp32,0.0,11,0.0,17500,detail,0.9999999999999981,0.0,1.220432750415057e-07,11.411273292265832,2.0877024553556112e-07,0.9999999999999981,0.0
0.010014532133936882,1.4532133936881811e-05,0.001904216786778103,12.055520166875795,1.0,0.015059333527460694,0.9999999999999993,0.0,0.0,0.0,fp32,0.0,11,0.0,18000,detail,0.9999999999999993,0.0,1.1766923790901274e-07,11.747666587587446,1.212644917814032e-07,0.9999999999999993,0.0
0.009992493316531181,7.506683468818873e-06,0.0018983199443881862,12.405520666856319,1.0,0.015447833575308323,0.9999999999999998,0.0,0.0,0.0,fp32,0.0,11,0.0,18500,detail,0.9999999999999998,0.0,8.358579606237981e-08,12.086677372222766,1.0046130682894727e-07,0.9999999999999998,0.0
0.010027863085269928,2.786308526992777e-05,0.0017677035745880876,12.736999749904498,1.0,0.015840541571378708,0.9999999999999948,0.0,0.0,0.0,fp32,0.0,11,0.0,19000,detail,0.9999999999999948,0.0,7.275616553670261e-08,12.40982715645805,9.541150092218231e-08,0.9999999999999948,0.0
0.010010715574026108,1.071557402610758e-05,0.0017842108172558336,13.079447999829426,1.0,0.01623674971051514,0.999999999999998,0.0,0.0,0.0,fp32,0.0,11,0.0,19500,detail,0.999999999999998,0.0,7.869211060551606e-08,12.744102247059345,1.031028062925543e-07,0.999999999999998,0.0
0.010008471086621284,8.471086621284277e-06,0.0018218682085267533,13.39913387503475,1.0,0.016661416739225388,0.9999999999999959,0.0,0.0,0.0,fp32,0.0,11,0.0,20000,detail,0.9999999999999959,0.0,8.605817924944859e-08,13.055647880071774,9.58524850602771e-08,0.9999999999999959,0.0
0.008359911851584911,0.0016400881484150889,24.14289084285438,0.004392666043713689,1.0,0.0,,,,0.0,fixed-e3m4,0.0,11,0.0,0,detail,,,,0.0,0.002277432009577751,,9.145266085397452e-05
0.008355667814612389,0.0016443321853876116,1.219889629896142,1.5777136660180986,1.0,0.000427457969635725,0.9999173756364371,1.0437047840041563e-11,0.012082796870357532,0.0,fixed-e3m4,0.0,11,0.0,500,detail,0.5074427659027032,1.2186108479442553e-07,0.00011436096974648535,1.5543594572227448,0.00014733352873008698,0.5076393720792598,0.00012673757737502456
0.01118647214025259,0.00118647214025259,0.7185943984089691,3.1545570001471788,1.0,0.0009007500484585762,0.9999090236735028,1.2704097644967797e-11,0.017232841438050907,0.0,fixed-e3m4,0.0,11,0.0,1000,detail,0.8618436706391218,7.663852641178719e-08,4.48206665168982e-05,3.1120015387423337,5.093701111036353e-05,0.8621391606587626,0.00013113825116306543
0.011363506317138672,0.0013635063171386717,0.35930188141529745,4.859256208175793,1.0,0.0016873751301318407,0.9999139459706344,9.64583542976414e-12,0.01911458849163118,0.0,fixed-e3m4,0.0,11,0.0,1500,detail,-0.2841681283570328,1.3038393473032238e-07,2.795714681269601e-05,4.796322221169248,2.7283593226457015e-05,-0.28414572231925145,4.969044675817713e-05
0.011822658590972424,0.0018226585909724233,0.6312740225489437,6.5124207499902695,1.0,0.0021754170302301645,0.9999251128759901,6.447674738754467e-12,0.017331880756660395,0.0,fixed-e3m4,0.0,11,0.0,2000,detail,0.38856840640840445,1.2691224875863788e-07,5.776988109573722e-05,6.427536724600941,4.753902248921804e-05,0.38913348707846684,7.862238999223337e-05
0.008864245377480984,0.0011357546225190165,0.40030289366375016,8.033980541164055,1.0,0.002646292094141245,0.9999056361286759,8.763894527565417e-12,0.02248192532435377,0.0,fixed-e3m4,0.0,11,0.0,2500,detail,0.1454435830911947,9.663850741787126e-08,6.617128383368254e-05,7.929877938237041,8.300115587189794e-05,0.14574905427737236,0.00011175715189892799
0.009316695854067802,0.0006833041459321978,0.6076307177979953,9.53844783315435,1.0,0.003044750075787306,0.9999240196305526,3.184412128831807e-12,0.017728038031098348,0.0,fixed-e3m4,0.0,11,0.0,3000,detail,0.4414425623760634,4.321697778777713e-08,3.6090936191612855e-05,9.404295062180609,5.9412330301711336e-05,0.44232535783695887,4.641419218387455e-05
0.010012336075305939,1.2336075305938513e-05,0.17585640236726635,11.032487541204318,1.0,0.003450291231274605,0.9999311192339786,1.3033501899720203e-11,0.018124195305536297,0.0,fixed-e3m4,0.0,11,0.0,3500,detail,0.7889108177769283,7.214053680111935e-08,5.9686441090889275e-05,10.88007269660011,3.374209700268693e-05,0.7888571332990106,7.984133117133752e-05
0.01274269912391901,0.00274269912391901,0.5647881774710739,12.492679708171636,1.0,0.0038352070841938257,0.999909409760553,3.4653684982606485e-12,0.026146380112904825,0.0,fixed-e3m4,0.0,11,0.0,4000,detail,0.48323194769887845,3.0857823940626283e-07,3.2746414944995195e-05,12.322331903036684,4.7276465920731425e-05,0.48316097619624215,0.00013763249444309622
0.01143823191523552,0.0014382319152355192,0.21169531434051456,13.977422041120008,1.0,0.00426658196374774,0.9999121955565264,3.1925518592428677e-12,0.028820441715361,0.0,fixed-e3m4,0.0,11,0.0,4500,detail,0.19155465305777108,4.271119805238124e-08,2.0778217731276527e-05,13.790346410358325,2.480976218066644e-05,0.19196195132807325,4.142642137594521e-05
0.01005580648779869,5.580648779869059e-05,0.08087823484928537,15.395237083081156,1.0,0.004648206755518913,0.9998727677428274,1.4658714713200428e-11,0.028523323759532534,0.0,fixed-e3m4,0.0,11,0.0,5000,detail,0.25716489216873895,6.82819079276955e-08,3.612069122027606e-05,15.190501399338245,2.2892214474268258e-05,0.25542508659981294,5.998454798827879e-05
0.010943438857793808,0.0009434388577938078,0.6958886889232156,16.775979375001043,1.0,0.005040998570621014,0.9999068456569068,3.707367483526578e-12,0.02188768941269684,0.0,fixed-e3m4,0.0,11,0.0,5500,detail,0.772571678152491,1.5089992948073723e-08,3.526683576637879e-05,16.55480314930901,8.13521837699227e-05,0.7732059407592824,6.641467189183459e-05
0.010030191391706467,3.0191391706466467e-05,0.1542380778765824,18.198725000023842,1.0,0.005438373424112797,0.9999142309096073,8.955621677118724e-12,0.041200356541546995,0.0,fixed-e3m4,0.0,11,0.0,6000,detail,0.8665060259717118,3.899486569311549e-08,3.838467819150537e-05,17.960072858724743,3.012070374097675e-05,0.8664924467473817,5.28549644513987e-05
0.012378967367112637,0.0023789673671126364,0.171461498380709,19.59487812500447,1.0,0.005834623472765088,0.9999151870517323,6.095693796256539e-13,0.042983064276517775,0.0,fixed-e3m4,0.0,11,0.0,6500,detail,0.2351410648836954,9.124272751835315e-08,8.266455552075058e-06,19.338432299904525,3.308894520159811e-05,0.23380377838575062,7.689560152357444e-05
0.01087703462690115,0.0008770346269011495,0.07357090007649912,20.995401916094124,1.0,0.00624312344007194,0.9998912692271468,4.411641085507099e-12,0.05387738932356145,0.0,fixed-e3m4,0.0,11,0.0,7000,detail,0.5306174269140818,7.52962624674159e-08,2.5049619580386207e-05,20.71972395083867,2.4917189875850454e-05,0.5292504040064868,4.733330933959223e-05
0.010390659794211388,0.0003906597942113874,0.22131617558405692,22.39019566611387,1.0,0.006642789347097278,0.9999187423179601,1.2260546568104545e-12,0.04763791225116371,0.0,fixed-e3m4,0.0,11,0.0,7500,detail,0.6202456924472669,1.883479388207089e-08,1.7673693946562707e-05,22.09538278495893,4.249882840667851e-05,0.6212291700561489,4.444003934622742e-05
0.009939953684806824,6.004631519317648e-05,0.020363153893744542,23.876237000105903,1.0,0.007044498343020678,0.9998980657838712,3.8998768127102314e-13,0.03605031197385362,0.0,fixed-e3m4,0.0,11,0.0,8000,detail,0.39350258404409566,2.3190514465799984e-08,4.989565240975935e-06,23.563374997116625,3.877605649904581e-06,0.3953793545712182,3.665650001494214e-05
0.012202524580061436,0.0022025245800614355,0.19694135697705487,25.26618279120885,1.0,0.007423831149935722,0.9999105943902789,6.56343682064117e-12,0.03862533425770031,0.0,fixed-e3m4,0.0,11,0.0,8500,detail,0.7138975212807201,2.4920920999904146e-08,4.893976802122779e-05,24.93574027484283,1.99903024622472e-05,0.7141625185790524,4.8133133532246575e-05
0.01056455448269844,0.0005645544826984403,0.34367657587936845,26.63286633300595,1.0,0.007843331201002002,0.999906821836083,5.914299354980146e-12,0.05120332772110528,0.0,fixed-e3m4,0.0,11,0.0,9000,detail,0.864775397141927,5.3784353860529455e-08,3.6766021366929635e-05,26.286336651537567,2.9082510081934743e-05,0.8652740800893297,8.022598922252655e-05
0.00915607437491417,0.0008439256250858309,0.06804399529941654,28.003455416066572,1.0,0.00823037326335907,0.9999192739765294,4.5021576062912745e-12,0.05496682182826582,0.0,fixed-e3m4,0.0,11,0.0,9500,detail,0.00465299695550219,4.5586368349571517e-08,2.7574145860853605e-05,27.641075486317277,2.276555278513115e-05,0.00414707179728149,4.569489465211518e-05
0.010999162681400776,0.0009991626814007757,0.06304949628529909,29.385891541140154,1.0,0.008603373309597373,0.9998973175216088,2.8580207187049948e-12,0.045260968604536,0.0,fixed-e3m4,0.0,11,0.0,10000,detail,-0.15900427997752567,3.969196435993774e-08,1.6333089661202393e-05,29.00712743587792,6.23619553152821e-06,-0.1591143317405995,4.1630537452874705e-05
0.011091397143900394,0.0010913971439003942,0.177585045211589,30.763070750050247,1.0,0.00898274825885892,0.9999010406071301,8.595766617572802e-13,0.06288996731702486,0.0,fixed-e3m4,0.0,11,0.0,10500,detail,0.510352181949551,3.818759247551285e-08,7.845909749448765e-06,30.366925719659775,9.994390893552918e-06,0.5085861123548215,5.406908530858345e-05
0.008525765500962734,0.001474234499037266,0.36393181973198224,32.129079250153154,1.0,0.009352331049740314,0.9998966789877395,2.4844429740581377e-12,0.07972665148063782,0.0,fixed-e3m4,0.0,11,0.0,11000,detail,0.7698787478742434,3.759580773313265e-08,1.4742088751518168e-05,31.71477818186395,1.8954540792037733e-05,0.769555810654818,6.134083378128707e-05
0.008770416490733624,0.0012295835092663767,0.06165789349495557,33.495475916191936,1.0,0.009734330931678414,0.9999118497059097,1.2615943996797054e-12,0.06635634346835693,0.0,fixed-e3m4,0.0,11,0.0,11500,detail,-0.5715220696490194,3.206098206384011e-08,8.674013770360034e-06,33.063584262970835,5.260969373921398e-06,-0.57156830318087,2.7985593987978064e-05
0.010327369906008244,0.00032736990600824335,0.051356654092709716,34.90938533307053,1.0,0.010160080855712295,0.9998905004422273,1.4958890990646462e-12,0.05080717044666733,0.0,fixed-e3m4,0.0,11,0.0,12000,detail,0.2934356490056584,1.6563557959421844e-08,8.983517545857467e-06,34.461154104210436,5.63650974072516e-06,0.2930938114716801,2.5991503207478672e-05
0.010626506991684437,0.0006265069916844366,0.07261219667479848,36.28371066600084,1.0,0.0105604138225317,0.9999054295932515,5.166158380311043e-13,0.04268594632068931,0.0,fixed-e3m4,0.0,11,0.0,12500,detail,-0.3751391934808924,2.5342335980445878e-08,7.2031143645290285e-06,35.81915930798277,5.641083134833025e-06,-0.3752561764206327,3.4102504287147895e-05
0.01112416759133339,0.001124167591333389,0.05634579585802349,37.66765408311039,1.0,0.010971746873110533,0.999919292511515,1.0087821486355517e-12,0.08012280875507577,0.0,fixed-e3m4,0.0,11,0.0,13000,detail,0.6104300256406376,3.483413387897589e-08,8.157478077919222e-06,37.18536360259168,8.237111615017056e-06,0.6104867732880652,3.7183308450039476e-05
0.009706472046673298,0.0002935279533267023,0.05433423442807731,39.049496750114486,1.0,0.01135182986035943,0.9999095015059604,4.717269331892752e-13,0.0633851639100723,0.0,fixed-e3m4,0.0,11,0.0,13500,detail,0.18554505062624746,7.424051483192995e-08,4.160543994657928e-06,38.54857130651362,3.962981281802058e-06,0.18516941238984574,6.75297633279115e-05
0.009611324407160282,0.0003886755928397181,0.03194435584523759,40.4291672911495,1.0,0.01177691388875246,0.9999192629354564,2.1047409294897925e-13,0.051401406358324256,0.0,fixed-e3m4,0.0,11,0.0,14000,detail,0.042002289484128146,6.677444464058671e-08,3.1509625841863453e-06,39.909876129822806,5.483158020069823e-06,0.04179911179312891,4.469218765734695e-05
0.010395649820566177,0.00039564982056617716,0.02649279943236361,41.79751191614196,1.0,0.012148038949817419,0.9999333604948203,1.8010502603951362e-12,0.06685154006140438,0.0,fixed-e3m4,0.0,11,0.0,14500,detail,0.21225079258964835,6.166393279596895e-08,1.1292542694718577e-05,41.26121533103287,2.2538090433954494e-06,0.2126185717489987,5.994422099320218e-05
0.010111840441823006,0.00011184044182300547,0.013449645117787406,43.16312662512064,1.0,0.012535413959994912,0.999913002085349,2.513495797812806e-13,0.06675250074279489,0.0,fixed-e3m4,0.0,11,0.0,15000,detail,0.4473243360464884,3.473215374291503e-08,2.620105760797742e-06,42.61072427104227,1.2478635653678793e-06,0.4455518165066459,5.082791903987527e-05
0.009973675012588501,2.632498741149923e-05,0.023171558448054883,44.537762416061014,1.0,0.012922246940433979,0.9999069792219817,1.5903704582442636e-13,0.06358324254729128,0.0,fixed-e3m4,0.0,11,0.0,15500,detail,-0.06889949262444657,2.877261938419215e-08,2.2157123567012604e-06,43.96892826911062,2.9789134714519605e-06,-0.06824075890133738,3.6140532756689936e-05
0.009969808161258698,3.01918387413027e-05,0.011954943061839583,45.90817120810971,1.0,0.013357872143387794,0.9999133977679915,4.1167027673657094e-13,0.053184114093295036,0.0,fixed-e3m4,0.0,11,0.0,16000,detail,-0.08600197564596992,2.477124022082076e-08,4.632062882592436e-06,45.32252448494546,5.107114702695981e-06,-0.08614942002909963,4.1029066778719425e-05
0.010105028748512268,0.00010502874851226786,0.029541143284133188,47.27808166621253,1.0,0.01374245504848659,0.9999123006331775,4.03235984097112e-13,0.05902743389125483,0.0,fixed-e3m4,0.0,11,0.0,16500,detail,-0.17870074325176435,4.952965344190595e-08,3.7388815599115333e-06,46.67472947621718,3.250521558584296e-06,-0.18067692635333493,4.655455268220976e-05
0.01013210415840149,0.00013210415840148905,0.012713685723008735,48.6346430410631,1.0,0.0141297890804708,0.9999124690041279,8.658067731326252e-14,0.0502129345350104,0.0,fixed-e3m4,0.0,11,0.0,17000,detail,-0.08238986206134215,3.6022102309537394e-08,1.463890953345981e-06,48.01349630858749,3.1947679417498875e-06,-0.08203272399145814,4.19700299971737e-05
0.01025860570371151,0.0002586057037115095,0.013331904989125799,49.99402754101902,1.0,0.01451258105225861,0.9999106607390182,2.1413058232338635e-13,0.042983064276517775,0.0,fixed-e3m4,0.0,11,0.0,17500,detail,-0.09967253665427328,2.0332074648723324e-08,3.0714072636328638e-06,49.35497744381428,1.3667972780240234e-06,-0.10071457825446785,3.7456455174833536e-05
0.010932475328445435,0.0009324753284454344,0.026117188988341387,51.35306100011803,1.0,0.014904581010341644,0.9999181200258942,3.326196622906436e-13,0.06932752302664158,0.0,fixed-e3m4,0.0,11,0.0,18000,detail,0.7300590752822125,2.1282796866593407e-08,3.3003402677422855e-06,50.696268369676545,2.327406491531292e-06,0.729776626962765,3.469304647296667e-05
0.009093121625483036,0.0009068783745169642,0.01854638477602046,52.71799166616984,1.0,0.015299206133931875,0.9999164717645481,1.670129493544369e-13,0.05645241160740814,0.0,fixed-e3m4,0.0,11,0.0,18500,detail,0.2069757973071971,2.5792586480071314e-08,2.218975851064897e-06,52.044544274918735,2.3268423774425173e-06,0.20655192603686495,3.9683360228082165e-05
0.010549589060246944,0.0005495890602469442,0.014469698626779298,54.09076887508854,1.0,0.015664956299588084,0.9999183705056237,1.5588975867257206e-13,0.0650688323264336,0.0,fixed-e3m4,0.0,11,0.0,19000,detail,-0.20627979785557748,3.1944944789464295e-08,1.7387781099387212e-06,53.40036131837405,1.6527492334716953e-06,-0.20672586649213942,4.4224107114132494e-05
0.00931476429104805,0.0006852357089519503,0.009413868739139275,55.45874133310281,1.0,0.01604841439984739,0.9999087112832925,9.194162285566616e-14,0.05397642864217094,0.0,fixed-e3m4,0.0,11,0.0,19500,detail,-0.2707808292286604,2.9811666742870025e-08,1.0443582141306251e-06,54.75242193671875,1.5224362641674816e-06,-0.2708436537066588,4.05058563046623e-05
0.010786041617393494,0.0007860416173934934,0.019565433525331657,56.8316253751982,1.0,0.016420331317931414,0.999912610981912,1.804257448611145e-13,0.05219372090720016,0.0,fixed-e3m4,0.0,11,0.0,20000,detail,0.12424427258888693,2.4921452359568835e-08,1.8698435724218143e-06,56.10795322316699,1.7542707837492344e-06,0.12434344820175304,3.9838119846535847e-05
0.0035807909443974495,0.006419209055602551,26.970162505663847,0.004022292094305158,1.0,0.0,,,,0.0,fixed-e4m3,0.0,11,0.0,0,detail,,,,0.0,0.0023158900439739227,,0.00014746228407602757
0.007826566696166992,0.002173433303833008,1.3876563505293689,1.335511791985482,1.0,0.00038824998773634434,0.9996796714974768,2.917258706921484e-11,0.0,0.0,fixed-e4m3,0.0,11,0.0,500,detail,-0.29244571931102087,7.124821203646856e-07,7.328970241360366e-05,1.3135100365616381,0.00010756839765235782,-0.2931075267662359,0.0002185991033911705
0.009835039265453815,0.00016496073454618475,0.7574189329006618,2.660854292102158,1.0,0.0007560839876532555,0.9996385887696984,8.022007306497782e-11,9.903931860948797e-05,0.0,fixed-e4m3,0.0,11,0.0,1000,detail,0.6014054014664065,5.250402980132972e-07,9.585888619767502e-05,2.621070081135258,0.00012332451296970248,0.605155131604291,0.00042684696381911635
0.011373009532690048,0.001373009532690048,0.464375652842857,4.001513082999736,1.0,0.0011327089741826057,0.9996457350497672,1.239269706342281e-10,0.0002971179558284639,0.0,fixed-e4m3,0.0,11,0.0,1500,detail,-0.3024421579586321,7.352105847354437e-07,7.175096106948331e-05,3.943789383629337,4.76116911158897e-05,-0.30375430616361,0.0003934282576665282
0.007933859713375568,0.002066140286624432,1.2270111468059532,5.337543417001143,1.0,0.0015102920588105917,0.9996898241837853,1.7286759599444184e-10,0.0,0.0,fixed-e4m3,0.0,11,0.0,2000,detail,0.8455875921154028,2.8091542462065913e-07,0.00017322972416877747,5.262037116335705,0.00025744724553078413,0.8453660779004396,0.0004370429669506848
0.009955872781574726,4.4127218425274103e-05,0.48652250038450484,6.672052083071321,1.0,0.0019313751254230738,0.9996640534692485,1.935695788787314e-10,9.903931860948797e-05,0.0,fixed-e4m3,0.0,11,0.0,2500,detail,0.8588234265599098,1.2083241461172677e-07,0.00022063461074139923,6.578946873778477,3.9682923670625314e-05,0.8590885350543191,0.00021544295304920524
0.008997869677841663,0.0010021303221583368,0.7113825984094246,8.013854042161256,1.0,0.0023159580305218697,0.9996599419433871,7.179157286822262e-11,0.0,0.0,fixed-e4m3,0.0,11,0.0,3000,detail,0.7195013727013927,9.782298960439145e-08,0.0001297941489610821,7.9029992879368365,6.946983194211498e-05,0.7179287195337686,0.0003083009214606136
0.0067246756516397,0.0032753243483603003,1.8526208360548422,9.434569792123511,1.0,0.0027483750600367785,0.9996476412836183,3.579525905486354e-11,0.00019807863721897593,0.0,fixed-e4m3,0.0,11,0.0,3500,detail,0.6656007047692606,9.993210308815228e-08,6.526370998471975e-05,9.305575336329639,0.00014690382522530854,0.6641265911134298,0.00018112602992914617
0.007955401204526424,0.002044598795473576,0.4537883956142356,10.823850500164554,1.0,0.003219708101823926,0.9996726089297661,5.825611628022056e-11,0.00039615727443795186,0.0,fixed-e4m3,0.0,11,0.0,4000,detail,0.24372802382107234,1.3528040798933673e-07,0.00011184961476828903,10.67710722074844,0.00010725312313297763,0.24329029058261623,0.00012448067718651146
0.012215557508170605,0.0022155575081706045,1.8576651592474784,12.254257458029315,1.0,0.003627750091254711,0.9996807818405388,2.8246026023629364e-11,0.0,0.0,fixed-e4m3,0.0,11,0.0,4500,detail,-0.29272936240702674,2.7737999493782365e-07,7.113701576599851e-05,12.089393215021119,0.00012421952851582319,-0.29338580356381816,0.0003708842268679291
0.009280807338654995,0.0007191926613450052,0.23206334082606106,13.626753875054419,1.0,0.004000666085630655,0.9996529730407965,1.3772217684217932e-11,0.00019807863721897593,0.0,fixed-e4m3,0.0,11,0.0,5000,detail,-0.08348522843968703,9.454722491299554e-08,2.465868237777613e-05,13.445460805203766,2.2007136067259125e-05,-0.0822333089853817,0.00022546602122019976
0.010045183822512627,4.518382251262644e-05,0.25979244263866796,15.007090750150383,1.0,0.0043907491490244865,0.9996369161435077,1.0560335683447942e-11,0.0002971179558284639,0.0,fixed-e4m3,0.0,11,0.0,5500,detail,-0.3235717900242762,8.31888841943951e-08,3.1776551622897387e-05,14.808287458028644,4.271161378710531e-05,-0.3255299685093793,0.0001510224537923932
0.010368193499743938,0.00036819349974393824,0.12020759550951994,16.360545792151242,1.0,0.00477154110558331,0.9996965034151504,1.5160120126247353e-11,0.0,0.0,fixed-e4m3,0.0,11,0.0,6000,detail,0.13505148160464064,6.712092176815303e-08,3.623140582931228e-05,16.14413633919321,2.021887485170737e-05,0.1359551279874436,0.00017031542665790766
0.011425427161157131,0.001425427161157131,0.1701975494229075,17.741435500094667,1.0,0.005186041118577123,0.999747194076871,4.499392663825746e-12,0.00019807863721897593,0.0,fixed-e4m3,0.0,11,0.0,6500,detail,-0.02998237595526339,1.2398840430507964e-07,1.2757092008541804e-05,17.507086370605975,4.795932545675896e-05,-0.02931847130923405,0.00022474356228485703
0.010132655501365662,0.0001326555013656614,0.12387913923386135,19.198813250055537,1.0,0.005626833066344261,0.9997390506224374,1.2363365078895014e-11,0.0005942359116569278,0.0,fixed-e4m3,0.0,11,0.0,7000,detail,0.5004095180196046,2.8305297107269235e-08,3.145868322462775e-05,18.946289971936494,1.8916252884082496e-05,0.5013025672394383,7.531364099122584e-05
0.009595908224582672,0.0004040917754173281,0.15589684834576564,20.586243458092213,1.0,0.006019083084538579,0.9997155494219453,7.266126941311786e-12,9.903931860948797e-05,0.0,fixed-e4m3,0.0,11,0.0,7500,detail,0.22076697114805338,3.953697829438964e-08,1.876004353107419e-05,20.315654924837872,2.0746600057464093e-05,0.223278597004886,9.535680146655068e-05
0.011222598142921925,0.0012225981429219244,0.14249686523429517,22.011701666982844,1.0,0.006399832898750901,0.9996978191626507,7.264680130471631e-12,0.0002971179558284639,0.0,fixed-e4m3,0.0,11,0.0,8000,detail,0.11692366949184393,1.1038370423245063e-07,2.149931970052421e-05,21.723200493492186,2.055253389698919e-05,0.11797753562181339,0.00013228484021965414
0.010716200806200504,0.0007162008062005041,0.09016832688366962,23.37595958309248,1.0,0.0067995828576385975,0.9996487512311827,4.156812947672434e-12,0.00019807863721897593,0.0,fixed-e4m3,0.0,11,0.0,8500,detail,0.32645129682618423,2.0751449021634722e-07,1.6221601981669664e-05,23.070919666672125,1.064651496562874e-05,0.32633764690642697,0.00020034714543726295
0.012441796250641346,0.0024417962506413458,0.18806331059579706,24.759740500012413,1.0,0.00721108284778893,0.9996277119853457,1.3678925498817587e-11,0.0,0.0,fixed-e4m3,0.0,11,0.0,9000,detail,0.6296044197697956,1.1472758506626765e-07,1.7136018868768588e-05,24.438583246199414,1.247153431904735e-05,0.6292645931333929,0.00012917529966216534
0.010692100040614605,0.0006921000406146047,0.15839024200671312,26.15992437512614,1.0,0.007591832894831896,0.9996176077204904,1.1916039000409906e-11,0.0004951965930474399,0.0,fixed-e4m3,0.0,11,0.0,9500,detail,0.47720591905774035,1.1761166723346605e-07,4.2917676182696596e-05,25.822723673423752,2.028522612818051e-05,0.4773643667864609,0.00011049754539271817
0.006963714491575956,0.003036285508424044,0.23214068147745903,27.545885417144746,1.0,0.007968332851305604,0.9996649151833742,6.788321965031621e-12,0.0009903931860948797,0.0,fixed-e4m3,0.0,11,0.0,10000,detail,0.18723706422731054,3.0253019817268786e-07,3.447400376899168e-05,27.190593822626397,2.9008942874497734e-05,0.18637912587659702,0.0003270579327363521
0.012693628668785095,0.002693628668785095,0.6350331337196627,28.967717749997973,1.0,0.008367749862372875,0.999617228744353,4.284778704108656e-12,0.0002971179558284639,0.0,fixed-e4m3,0.0,11,0.0,10500,detail,-0.045638094121321665,2.538780825600448e-07,8.087216883723158e-06,28.59424994001165,3.8405240047723055e-05,-0.04888526747668399,0.0003335965157020837
0.007626840844750404,0.002373159155249596,0.20176266265071632,30.360287292161956,1.0,0.008756374940276146,0.9996812278450101,7.504300096613656e-12,0.00019807863721897593,0.0,fixed-e4m3,0.0,11,0.0,11000,detail,0.679299402126677,6.636645393075449e-08,2.7496162147144787e-05,29.96867698477581,2.3136703021009453e-05,0.6800485255835641,0.00016958486230578274
0.01002625934779644,2.6259347796439916e-05,0.3165564623694302,31.72007158305496,1.0,0.00914162490516901,0.9996786554121592,1.6894076027609434e-11,0.003268297514113103,0.0,fixed-e4m3,0.0,11,0.0,11500,detail,-0.38620474965224755,1.3056476351584576e-07,5.254967982182279e-05,31.31035465351306,2.239086461486295e-05,-0.3844794641572699,0.00014484368148259819
0.009710805490612984,0.0002891945093870165,0.23936729844637553,33.10497641703114,1.0,0.00952054187655449,0.9997421717570443,6.013368801731237e-12,0.00019807863721897593,0.0,fixed-e4m3,0.0,11,0.0,12000,detail,-0.16857542081343105,8.02569823625162e-08,2.1734485926572233e-05,32.67606457602233,1.754353434080258e-05,-0.16703439044974108,0.0001389835524605587
0.011350228451192379,0.0013502284511923788,0.09854981009420383,34.50763320806436,1.0,0.009909125976264477,0.99967971530032,3.737501200528065e-12,0.0011884718233138556,0.0,fixed-e4m3,0.0,11,0.0,12500,detail,0.327129844198661,4.228532188919983e-08,1.5177364730334375e-05,34.060572907561436,1.694686034170445e-05,0.32580831823926626,0.00010978757927659899
0.009970133192837238,2.9866807162761896e-05,0.06477039472121748,35.86418949998915,1.0,0.010284750955179334,0.9996928643785519,3.3612693212817305e-12,0.00019807863721897593,0.0,fixed-e4m3,0.0,11,0.0,13000,detail,0.26074861178590875,2.858732727467764e-08,1.2437616533134133e-05,35.39904545596801,4.969262136000907e-06,0.2592123831516756,0.00011176958651049063
0.010478341951966286,0.0004783419519662855,0.14579426000653578,37.2365585421212,1.0,0.010674417950212955,0.9996438036291688,1.7209809592401165e-12,0.0,0.0,fixed-e4m3,0.0,11,0.0,13500,detail,0.5804242891273474,4.2490315309181925e-08,4.263722075847909e-06,36.753411741228774,1.4797527001064736e-05,0.5823671404493164,0.00012453747331164777
0.010072283446788788,7.228344678878763e-05,0.09083163360881152,38.642625333042815,1.0,0.011088708881288767,0.9996432380318022,1.5487284136707844e-12,0.0008913538674853917,0.0,fixed-e4m3,0.0,11,0.0,14000,detail,-0.6091135312496685,1.4365201983249237e-07,4.760679985338356e-06,38.1403408634942,7.62804029363906e-06,-0.6124864646938843,0.00013778872380498797
0.0103085832670331,0.0003085832670330999,0.06200422145102987,40.03139379201457,1.0,0.01147233392111957,0.9996722060773192,1.856937979402011e-12,0.00019807863721897593,0.0,fixed-e4m3,0.0,11,0.0,14500,detail,0.29696134369269606,4.715774574014515e-08,5.116262855153764e-06,39.51132241077721,7.321423254325055e-06,0.2958604707709974,0.00013584901171270758
0.009664682671427727,0.00033531732857227346,0.032067137949490725,41.43833929207176,1.0,0.01184833375737071,0.9997083549557659,1.0251520324741943e-12,0.00019807863721897593,0.0,fixed-e4m3,0.0,11,0.0,15000,detail,0.15103709229847523,6.968970080852068e-08,6.109426976763643e-06,40.900179208721966,3.7914312542852713e-06,0.15254054157058927,0.00014682617620564997
0.010457002557814121,0.00045700255781412104,0.018364725740121064,42.79563954216428,1.0,0.01222554175183177,0.9997655738611719,2.1289106899437872e-12,0.00019807863721897593,0.0,fixed-e4m3,0.0,11,0.0,15500,detail,-0.6014144199208986,6.758818949720508e-08,4.253475253790384e-06,42.24005515803583,4.089661615580553e-06,-0.6011495643991743,0.0001082350208889693
0.010403699241578579,0.00040369924157857874,0.05634871793237886,44.1789595419541,1.0,0.012616791762411594,0.999719148368162,6.976203125272961e-12,0.00019807863721897593,0.0,fixed-e4m3,0.0,11,0.0,16000,detail,0.42556320232098094,4.967598721115976e-08,1.5176401575445198e-05,43.60573373292573,5.8400805755809415e-06,0.4293241346749151,9.815026714932173e-05
0.011281411163508892,0.0012814111635088919,0.1652764705775773,45.54729237500578,1.0,0.013004374923184514,0.9996831464952198,3.767915533184164e-12,0.0,0.0,fixed-e4m3,0.0,11,0.0,16500,detail,-0.6837845912542768,8.637010594643123e-08,1.3510853023035452e-05,44.95717571931891,1.1008000001311302e-05,-0.6807258054985381,0.00014937692321836948
0.010463821701705456,0.00046382170170545557,0.01720697292728127,46.907813125057146,1.0,0.013427416794002056,0.9997240265846601,4.852617839276523e-13,0.0005942359116569278,0.0,fixed-e4m3,0.0,11,0.0,17000,detail,-0.31240704100668304,8.541820314976673e-08,3.2103134799399413e-06,46.30217512906529,1.4330362319014966e-06,-0.31284789520871414,0.00011942455603275448
0.007812472525984049,0.0021875274740159514,0.06700862556167521,48.249074707971886,1.0,0.01384975085966289,0.9997043524006637,4.5297346289539977e-13,0.0006932752302664158,0.0,fixed-e4m3,0.0,11,0.0,17500,detail,0.33110968541317093,6.286414595450794e-08,1.6311767012666678e-06,47.62781054060906,3.7271299788699253e-06,0.33159033601128424,0.00012086903734598309
0.008056098595261574,0.0019439014047384264,0.09124947144003999,49.583685541991144,1.0,0.014214333845302463,0.9997206916832186,1.957409208891267e-12,0.00019807863721897593,0.0,fixed-e4m3,0.0,11,0.0,18000,detail,-0.5811666148949096,1.1613162707240904e-07,6.695282991131535e-06,48.94651100365445,6.313362064247485e-06,-0.5815629544351872,0.00012165103544248268
0.009353340603411198,0.0006466593965888025,0.052118184794531314,50.91972570796497,1.0,0.014585167868062854,0.9996121772595256,5.298262063693151e-12,0.0005942359116569278,0.0,fixed-e4m3,0.0,11,0.0,18500,detail,-0.17139987627674508,1.2229873262770945e-07,1.6199734091060236e-05,50.26681208703667,5.436593710328452e-06,-0.16657818347024783,0.0001365829521091655
0.00922500342130661,0.0007749965786933901,0.03214474894893,52.31155025004409,1.0,0.014958583982661366,0.9996426029181593,2.371889231693959e-12,0.0008913538674853917,0.0,fixed-e4m3,0.0,11,0.0,19000,detail,-0.4719413272083033,9.400257517443203e-08,5.558107204706175e-06,51.64227101835422,2.7561279694054974e-06,-0.47276430453775553,0.00010659779218258336
0.009574417024850845,0.00042558297514915487,0.025238788945370995,53.66635254211724,1.0,0.015344042098149657,0.9997346337612958,3.2131674019456256e-12,0.00019807863721897593,0.0,fixed-e4m3,0.0,11,0.0,19500,detail,-0.2203821505005342,1.0476030521669894e-07,1.3135768313077278e-05,52.98023562529124,2.77860090136528e-06,-0.21939253766552572,0.00011937972158193588
0.010026401840150356,2.6401840150356085e-05,0.013718905128631532,55.033517125062644,1.0,0.015870542265474796,0.9996851794738174,1.40130618245226e-12,0.00019807863721897593,0.0,fixed-e4m3,0.0,11,0.0,20000,detail,0.44200677561995355,5.0650512353094874e-08,3.76373691324261e-06,54.32816366292536,3.5888103866454912e-06,0.4404534152821776,0.00011573389929253608
0.014296921901404858,0.004296921901404857,35.73490981130736,0.004089708207175136,1.0,0.0,,,,0.0,fixed-e5m2,0.0,11,0.0,0,detail,,,,0.0,0.003629924962297082,,0.0012058117426931858
0.007494933437556028,0.002505066562443972,1.7904843473410388,1.418141958070919,1.0,0.00042458297684788704,0.9987287076242308,7.373276686571534e-10,0.0,0.0,fixed-e5m2,0.0,11,0.0,500,detail,-0.537395509491047,3.3222296423744003e-06,0.00017737002053763717,1.3974365510512143,0.0008148151682689786,-0.536373995772915,0.0020977258682250977
0.007577649317681789,0.002422350682318211,4.841172805819449,2.870428750058636,1.0,0.0008031250908970833,0.9985906643411914,1.0524109233957723e-09,0.0,0.0,fixed-e5m2,0.0,11,0.0,1000,detail,0.39990689032980187,6.751045894678064e-07,0.00029920577071607113,2.8297533793374896,0.00036180129973217845,0.4038853809311167,0.0007929477142170072
0.010347952134907246,0.00034795213490724543,0.5540449981250378,4.299600333208218,1.0,0.0011962500866502523,0.998823144129378,9.642452927646922e-11,0.0,0.0,fixed-e5m2,0.0,11,0.0,1500,detail,-0.7876211188347325,9.137859886794276e-07,5.181632877793163e-05,4.239488330669701,4.090227957931347e-05,-0.7895766627752565,0.0009155988227576017
0.009897981770336628,0.00010201822966337225,0.480391802985909,5.686468375148252,1.0,0.0016012911219149828,0.9987320225290162,8.966781304072866e-11,0.0,0.0,fixed-e5m2,0.0,11,0.0,2000,detail,0.062113334735387146,6.895476132560401e-07,5.2519641030812636e-05,5.608233490725979,6.576481246156618e-05,0.061280975747788305,0.0007904389640316367
0.013069657608866692,0.0030696576088666914,0.44522239358007065,7.07457433314994,1.0,0.0019757079426199198,0.9987997217005585,1.915158612369196e-10,0.0,0.0,fixed-e5m2,0.0,11,0.0,2500,detail,0.07642665143846666,1.2385692024462792e-06,0.00012627054820768535,6.977202686248347,9.420826972927898e-05,0.07712717585972945,0.0009499469888396561
0.007587849628180265,0.0024121503718197348,0.8309153849869703,8.456904792226851,1.0,0.002367874840274453,0.9986052091885119,1.71057597492229e-10,0.0,0.0,fixed-e5m2,0.0,11,0.0,3000,detail,0.17752916352698586,2.137257090229663e-06,8.625470218248665e-05,8.341574524529278,8.430417801719159e-05,0.1807267189621909,0.002204313175752759
0.013068403117358685,0.0030684031173586843,2.0918207831807782,9.869934083195403,1.0,0.0027849578764289618,0.9985319561031951,1.4628476184356681e-10,0.0,0.0,fixed-e5m2,0.0,11,0.0,3500,detail,0.022491359973473273,6.910390573579458e-07,8.750583947403356e-05,9.736620651558042,0.00013501745706889778,0.02135475725648869,0.0007588946609757841
0.010236023925244808,0.000236023925244808,2.7899520039407797,11.255527458153665,1.0,0.003170665819197893,0.9987076812937423,7.573012429523094e-10,0.0,0.0,fixed-e5m2,0.0,11,0.0,4000,detail,0.4605024609631222,1.970364738641827e-06,0.00022383563918992877,11.104308897163719,0.00025094387819990516,0.462518670737812,0.0013142147799953818
0.017215030267834663,0.007215030267834663,1.2894960763006846,12.626512875081971,1.0,0.003568373853340745,0.9985379156416593,9.414733727283729e-11,0.0,0.0,fixed-e5m2,0.0,11,0.0,4500,detail,-0.5606591940845125,5.512670701796483e-07,4.057021578773856e-05,12.457087391754612,0.00011030182213289663,-0.5537701959022608,0.0007369306404143572
0.010344639420509338,0.00034463942050933817,0.6517981633627156,13.988433417165652,1.0,0.003952165832743049,0.9988209444364212,6.030988344656736e-11,0.0,0.0,fixed-e5m2,0.0,11,0.0,5000,detail,-0.1260745048910371,2.3216251243105394e-07,7.47446101740934e-05,13.801628477871418,8.156801050063223e-05,-0.1272234700974382,0.0005514700314961374
0.010097954422235489,9.795442223548868e-05,0.421564693445501,15.34662437508814,1.0,0.004335082834586501,0.9986047953750615,6.18328449478317e-11,0.0,0.0,fixed-e5m2,0.0,11,0.0,5500,detail,0.7090990712955347,2.995715778111009e-07,4.531774902716279e-05,15.143641016213223,4.522069139056839e-05,0.7115969933051571,0.0006654308526776731
0.008521472103893757,0.0014785278961062433,0.16244041721946345,16.70242212503217,1.0,0.004729957785457373,0.998619295349898,7.917783624454756e-11,0.0,0.0,fixed-e5m2,0.0,11,0.0,6000,detail,-0.31077176164667203,4.3084261496576533e-07,4.246863682055846e-05,16.483495771419257,6.591866258531809e-05,-0.30764580796727103,0.0005643371841870248
0.008884583599865437,0.0011154164001345637,1.1117484005457774,18.085753250168636,1.0,0.0051816669292747974,0.998801232077988,9.391861733740793e-11,0.0,0.0,fixed-e5m2,0.0,11,0.0,6500,detail,0.7202982545778353,3.7067466497244433e-07,6.41972801531665e-05,17.850139105925336,7.246079621836543e-05,0.7168809787348351,0.0005614294204860926
0.010649621486663818,0.0006496214866638182,0.4692984537967414,19.5197769170627,1.0,0.005569374887272716,0.9986734878442703,3.636531106186255e-11,0.0,0.0,fixed-e5m2,0.0,11,0.0,7000,detail,0.6489712414409639,5.351694927053077e-07,2.9828459446434863e-05,19.266847101273015,7.653039210708812e-05,0.652872323317844,0.000642534636426717
0.010163367725908756,0.00016336772590875605,0.18309566338277383,20.948881500167772,1.0,0.005942583782598376,0.9985884531985535,6.271464953580105e-12,0.0,0.0,fixed-e5m2,0.0,11,0.0,7500,detail,-0.29095266009762505,9.243388195495665e-07,5.236685865384061e-06,20.678492405451834,1.4553873370459769e-05,-0.29461680315637684,0.0009500134619884193
0.009704393334686756,0.0002956066653132441,0.11971395031171439,22.43979233317077,1.0,0.006368625909090042,0.998949305198047,5.270425022338843e-11,0.0,0.0,fixed-e5m2,0.0,11,0.0,8000,detail,-0.23426496469938282,1.4010023035214885e-06,6.37493358226493e-05,22.151488488307223,1.5241112123476341e-05,-0.23687668966721723,0.0012500793673098087
0.010853725485503674,0.0008537254855036733,0.19067037789656127,23.94059562520124,1.0,0.006794916931539774,0.9990147960389371,1.3776586812868932e-11,0.0,0.0,fixed-e5m2,0.0,11,0.0,8500,detail,0.5577780772461294,6.167823299347304e-07,1.578523551870603e-05,23.634464658098295,1.9904446162399836e-05,0.5604150006960744,0.0006922841421328485
0.008900024928152561,0.001099975071847439,0.07923774368605413,25.39476679218933,1.0,0.0071807499043643475,0.9987595483182055,7.433845778964555e-12,0.0,0.0,fixed-e5m2,0.0,11,0.0,9000,detail,0.503292352882967,3.4578285160570784e-07,9.651552318246104e-06,25.071310171158984,8.466869985568337e-06,0.5048371881577961,0.00033149373484775424
0.009065765887498856,0.0009342341125011446,0.22781712755671696,26.822518958011642,1.0,0.007560916943475604,0.9989090565730707,1.8311411354818605e-10,0.0,0.0,fixed-e5m2,0.0,11,0.0,9500,detail,0.6429940853719488,1.6018819220986706e-07,6.487869541160762e-05,26.481780469417572,5.0899961934192106e-05,0.6451315742999109,0.0002659098827280104
0.010005674324929714,5.674324929713995e-06,0.033043075262767944,28.21952912514098,1.0,0.007968875113874674,0.9988939617035073,3.170438400110223e-12,0.0,0.0,fixed-e5m2,0.0,11,0.0,10000,detail,-0.08087979166684463,6.616646218994414e-07,4.540247118711704e-06,27.862249679863453,6.6515303842606954e-06,-0.07688710151527742,0.000580177060328424
0.01016508974134922,0.00016508974134922007,0.3134072864701697,29.589070917107165,1.0,0.008353125071153045,0.9982558276430483,8.607514626789093e-10,0.0,0.0,fixed-e5m2,0.0,11,0.0,10500,detail,0.5881902164087135,1.6028117165895065e-07,0.00024761102395132184,29.21497714193538,0.00022047919628676027,0.5875803756292322,0.00026542687555775046
0.011017166078090668,0.0010171660780906675,0.15477390398963356,30.97622395819053,1.0,0.008733500028029084,0.9985599353085528,1.1914964925336978e-10,0.0,0.0,fixed-e5m2,0.0,11,0.0,11000,detail,0.40205844141824687,6.85283504149542e-08,6.129735265858471e-05,30.585581852588803,3.452886448940262e-05,0.4000528305516012,0.00014870642917230725
0.009993201121687889,6.798878312111109e-06,0.018474304319774013,32.32353337504901,1.0,0.009144250070676208,0.998874672757253,1.3684727891855868e-11,0.0,0.0,fixed-e5m2,0.0,11,0.0,11500,detail,0.6451833208996148,2.128672936507762e-07,6.2511703617929015e-06,31.916567970532924,3.955432930524694e-06,0.6418165045831853,0.0003075312706641853
0.009004886262118816,0.0009951137378811838,0.2745691974398504,33.65713808313012,1.0,0.009532833006232977,0.9985801033951793,2.248662241799805e-11,0.0,0.0,fixed-e5m2,0.0,11,0.0,12000,detail,-0.5407411828926403,3.452212617509493e-07,1.4911318430677056e-05,33.2338928473182,1.739041181281209e-05,-0.53694458273711,0.0004963696119375527
0.010895824059844017,0.0008958240598440168,0.11934570373177569,35.0060967921745,1.0,0.00990875018760562,0.9984890852428671,4.621297655146995e-11,0.0,0.0,fixed-e5m2,0.0,11,0.0,12500,detail,-0.7416986085699651,4.3583277244119374e-07,3.3279928175034e-05,34.5664860161487,1.168508424598258e-05,-0.73869830404844,0.000448468403192237
0.011459250934422016,0.001459250934422016,0.0903787140635109,36.36349366721697,1.0,0.010301875183358788,0.9986028714749359,8.441787454070118e-11,0.0,0.0,fixed-e5m2,0.0,11,0.0,13000,detail,0.6520491974107919,1.8348253307690318e-07,3.697623105836101e-05,35.90761418896727,2.5307797841378488e-05,0.648224265800348,0.0003149568219669163
0.00979173555970192,0.00020826444029808065,0.31853895907573065,37.711521208053455,1.0,0.01066679204814136,0.9979639528532255,5.4775601610276625e-11,0.0,0.0,fixed-e5m2,0.0,11,0.0,13500,detail,0.8461940491447172,2.0756039203892837e-07,2.0115125153097324e-05,37.23995443317108,3.0382296245079488e-05,0.8445430730629861,0.0002704582584556192
0.009956268593668938,4.3731406331062525e-05,0.09459822399055856,39.06690541701391,1.0,0.01107850018888712,0.998627536689236,1.303422989585167e-11,0.0,0.0,fixed-e5m2,0.0,11,0.0,14000,detail,0.23657760044283904,3.307942710588274e-07,1.750755836837925e-05,38.57929305615835,7.389851361949695e-06,0.23913693652349935,0.0003459240833763033
0.0095334742218256,0.00046652577817440054,0.14755070643462287,40.411576208192855,1.0,0.011456042062491179,0.9988538285756066,1.4318768443614828e-11,0.0,0.0,fixed-e5m2,0.0,11,0.0,14500,detail,-0.5178252666690186,3.341081822359106e-07,1.4314834515971597e-05,39.90838492428884,2.2577032723347656e-05,-0.5145301532082591,0.00045822764514014125
0.01140760350972414,0.00140760350972414,0.3183227892366977,41.75991633301601,1.0,0.011891876114532351,0.9990690874537196,2.0675554214216888e-11,0.0,0.0,fixed-e5m2,0.0,11,0.0,15000,detail,0.6552622153253512,2.602112899973512e-07,2.4379207388847135e-05,41.24081904464401,2.553063677623868e-05,0.6567724774891706,0.0005393904866650701
0.009899802505970001,0.00010019749402999899,0.311809723519377,43.10671250009909,1.0,0.012270875973626971,0.9989811682103941,2.1333998900855328e-11,0.0,0.0,fixed-e5m2,0.0,11,0.0,15500,detail,-0.7520932097561034,4.035165211298245e-07,2.1054256649222225e-05,42.57168484153226,2.46059316850733e-05,-0.7516297851051739,0.0005960322450846434
0.011828862130641937,0.001828862130641937,0.2143941627648647,44.46073250006884,1.0,0.01265879301354289,0.9985321973195486,1.6278992174532748e-11,0.0,0.0,fixed-e5m2,0.0,11,0.0,16000,detail,-0.44677326286123986,2.7653751255507487e-07,1.5005129171186127e-05,43.91002720221877,1.1876103599206544e-05,-0.4468797478247385,0.00038315096753649414
0.009989849291741848,1.0150708258152216e-05,0.015077331578159174,45.85909037501551,1.0,0.01305533410049975,0.9988717052942845,1.4977871427539003e-11,0.0,0.0,fixed-e5m2,0.0,11,0.0,16500,detail,-0.4763031207674116,2.1476068189269796e-07,1.578092633280903e-05,45.29203129094094,2.4049247713264776e-06,-0.48314560300513076,0.000291189004201442
0.010175543837249279,0.00017554383724927881,0.06796151585874648,47.225990208098665,1.0,0.013437793124467134,0.9983053280786437,2.200596672655977e-11,0.0,0.0,fixed-e5m2,0.0,11,0.0,17000,detail,0.37651720203328326,1.407213215587351e-07,1.8109943994204514e-05,46.64281839109026,4.889430783805437e-06,0.36680366082676624,0.0003528185188770294
0.010015874169766903,1.5874169766902715e-05,0.2747362372637944,48.58352595800534,1.0,0.013935043243691325,0.99839839769701,7.531424143149147e-12,0.0,0.0,fixed-e5m2,0.0,11,0.0,17500,detail,0.2767650503342135,2.3785534530926302e-07,1.1487612937344238e-05,47.98441871139221,1.624413016543258e-05,0.2762003245570956,0.0004254007653798908
0.010014669969677925,1.4669969677924902e-05,0.10317276647123921,49.94303487520665,1.0,0.014348918106406927,0.9986461521437633,3.121105549379047e-11,0.0,0.0,fixed-e5m2,0.0,11,0.0,18000,detail,-0.3255155500269412,2.1573899470692023e-07,1.4076123989070766e-05,49.327537863049656,1.7284257410210557e-05,-0.32533894801417285,0.000309124676277861
0.009819664061069489,0.00018033593893051168,0.1489672851252139,51.28970529208891,1.0,0.014739542966708541,0.9987305529393493,5.665630968802748e-12,0.0,0.0,fixed-e5m2,0.0,11,0.0,18500,detail,-0.14297262818941897,1.3439685346688057e-07,1.1737354725482874e-05,50.65755741321482,1.0644768735801335e-05,-0.14389757714341847,0.000265908834990114
0.009957153350114822,4.284664988517782e-05,0.2822048936328606,52.64384545804933,1.0,0.01513112592510879,0.9986244282463811,1.6777972098247842e-11,0.0,0.0,fixed-e5m2,0.0,11,0.0,19000,detail,0.2467270084477638,1.628381462844309e-07,2.1490381186595187e-05,51.994934875983745,1.9705725208041258e-05,0.25097720427793113,0.0003056006389670074
0.00997066218405962,2.9337815940380305e-05,0.0639977635194107,54.00137662515044,1.0,0.01553212571889162,0.9988686083801522,8.9053839254139e-12,0.0,0.0,fixed-e5m2,0.0,11,0.0,19500,detail,-0.38695420261772534,1.49765793332003e-07,1.679448723734822e-05,53.33551122783683,1.6452639101771638e-05,-0.38751292219428274,0.0003743632114492357
0.010056973434984684,5.697343498468378e-05,0.17520053593521245,55.35582962515764,1.0,0.015925291692838073,0.9988118295452033,1.3524074360468506e-11,0.0,0.0,fixed-e5m2,0.0,11,0.0,20000,detail,-0.03905069250783284,1.82701670443628e-07,2.280328953929711e-05,54.67147122393362,1.4146135981718544e-05,-0.03864242486407714,0.0003173664154019207
0.0035807909443974495,0.006419209055602551,26.970162505663847,0.006054375087842345,1.0,0.0,,,,0.0,fixed-hybrid,0.0,11,0.0,0,detail,,,,0.0,0.0023158900439739227,,0.00014746228407602757
0.009881643578410149,0.00011835642158985159,1.1092551294586146,1.546163166174665,1.0,0.0005990420468151569,0.9987791307276553,1.9118242641087444e-10,0.0,0.0,fixed-hybrid,0.0,11,0.0,500,detail,0.5149715211694285,4.977997364822218e-07,8.910405449569225e-05,1.5159485971089453,0.00011107234604423866,0.5171532815931421,0.0001292905944865197
0.011015322059392929,0.0010153220593929289,0.8128489654319091,2.9857856251765043,1.0,0.0009803338907659054,0.9986324712668077,3.984127958990228e-10,0.0,0.0,fixed-hybrid,0.0,11,0.0,1000,detail,0.8495150959469081,5.575909819494483e-07,8.877251821104437e-05,2.9379612666089088,9.444358147447929e-05,0.8517753949557275,0.00035180372651666403
0.009114852175116539,0.0008851478248834612,0.7300376631103409,4.380782208172604,1.0,0.0014380838256329298,0.998652007397834,9.841388192838293e-11,0.0,0.0,fixed-hybrid,0.0,11,0.0,1500,detail,-0.10930399253788604,5.699413419845708e-07,4.929203714709729e-05,4.315969964722171,7.43516648071818e-05,-0.11545941589212035,0.00042153114918619394
0.012451832182705402,0.002451832182705402,0.7537756451432595,5.859253916190937,1.0,0.0018475418910384178,0.9984105391436722,2.3580173174672717e-10,0.0,0.0,fixed-hybrid,0.0,11,0.0,2000,detail,0.569200604349632,5.158805440734738e-07,9.972538100555539e-05,5.777695254189894,0.00011914609058294445,0.5676900786081216,0.00047973598702810705
0.010410388000309467,0.0004103880003094671,0.5050702114038036,7.345577124971896,1.0,0.0022447078954428434,0.9987806757231223,8.326966039536277e-11,0.0,0.0,fixed-hybrid,0.0,11,0.0,2500,detail,-0.1760974920772912,2.9032051380670727e-07,5.199207225814462e-05,7.242690964136273,9.671860607340932e-05,-0.1730220073739863,0.0003143340873066336
0.008457927964627743,0.0015420720353722574,0.5635206361432911,8.735959375044331,1.0,0.0026122909039258957,0.9987248371998738,1.0704369209460455e-10,0.0,0.0,fixed-hybrid,0.0,11,0.0,3000,detail,0.668635557039576,4.693767120254642e-07,5.450426397146657e-05,8.616704184561968,6.397567631211132e-05,0.6705810543206404,0.0003181931679137051
0.009486365132033825,0.0005136348679661753,0.20335811148646898,10.111569000175223,1.0,0.0030109158251434565,0.9985066613479072,2.671382786206152e-11,0.0,0.0,fixed-hybrid,0.0,11,0.0,3500,detail,-0.37071600143313127,3.42463208460387e-07,1.7790971469366923e-05,9.972640645690262,2.2006361177773215e-05,-0.36700037625164617,0.0002862543042283505
0.012734831310808659,0.0027348313108086584,1.206133149925446,11.46163679100573,1.0,0.0034057076554745436,0.9987502958694721,1.2945476243016186e-10,0.0,0.0,fixed-hybrid,0.0,11,0.0,4000,detail,0.8739176310336843,5.2329834389240855e-08,5.565166429732926e-05,11.304281356045976,6.666794797638431e-05,0.8762951753555335,8.342336514033377e-05
0.010601174086332321,0.000601174086332321,1.0992458593731256,12.911534124985337,1.0,0.0038303746841847897,0.9985807527021547,2.080165587425199e-10,0.0,0.0,fixed-hybrid,0.0,11,0.0,4500,detail,0.3164942278147134,2.2757052966540595e-07,8.984014129964635e-05,12.734821872320026,6.745565042365342e-05,0.3188495457479606,0.0003739489184226841
0.007929416373372078,0.0020705836266279223,0.6061151795787879,14.357662040973082,1.0,0.004209457663819194,0.9985842560494521,1.8543750790823805e-10,0.0,0.0,fixed-hybrid,0.0,11,0.0,5000,detail,0.6623743891679416,1.8361245358961814e-07,7.348434155574068e-05,14.162815128453076,9.968571976060048e-05,0.6638883416253151,0.0001779058075044304
0.008511736989021301,0.001488263010978699,0.10034477520456271,15.806125166127458,1.0,0.004602707689628005,0.9983603886763527,1.1806776567354502e-11,0.0,0.0,fixed-hybrid,0.0,11,0.0,5500,detail,-0.103475947144932,4.3370910313487773e-07,8.631550372228958e-06,15.593862987589091,1.425386744813295e-05,-0.0971993429384911,0.00041277450509369373
0.014059791341423988,0.004059791341423988,0.3286762749504022,17.228894958039746,1.0,0.005023082718253136,0.9986849308702177,9.690256941963946e-11,0.0,0.0,fixed-hybrid,0.0,11,0.0,6000,detail,-0.051463191641210645,4.4558774742725855e-07,5.0839571485994384e-05,16.999849538551643,4.8606798372929916e-05,-0.05427200770124305,0.0002638399600982666
0.009402688592672348,0.0005973114073276522,0.2516763312448794,18.769543041009456,1.0,0.0055908747017383575,0.9986809779464975,6.127540586299065e-10,0.0,0.0,fixed-hybrid,0.0,11,0.0,6500,detail,0.8064126812860706,8.033987148017476e-08,0.0001332375395577401,18.5213823847007,3.0253722798079252e-05,0.8063177509474482,0.00020480743842199445
0.010750988498330116,0.0007509884983301161,0.4144188748672345,21.1018851660192,1.0,0.006403791718184948,0.9989108617626644,3.1827040885737183e-10,0.0,0.0,fixed-hybrid,0.0,11,0.0,7000,detail,0.15664918523392102,1.800004930573632e-07,0.000150023857713677,20.826451807748526,7.646973972441629e-05,0.15451358907671806,0.00017116386152338237
0.010207143612205982,0.000207143612205982,0.06384353389155649,23.1280303329695,1.0,0.006851291516795754,0.9986638527468438,4.0588446851973025e-11,0.0,0.0,fixed-hybrid,0.0,11,0.0,7500,detail,-0.012283493049432784,2.4404291333467313e-07,1.6755666365497746e-05,22.825483778957278,9.200915883411653e-06,-0.015360398802004648,0.0003294575435575098
0.01170225441455841,0.0017022544145584104,0.08742452348958747,24.719687750097364,1.0,0.007231541443616152,0.9988423590230524,2.2153524282041115e-11,0.0,0.0,fixed-hybrid,0.0,11,0.0,8000,detail,-0.6644136183997481,4.776641477493555e-07,1.4460931197390892e-05,24.394452682463452,1.6133559256559238e-05,-0.6694662317173837,0.0004449211701285094
0.01019666064530611,0.00019666064530611017,0.029042054573938353,26.148758874973282,1.0,0.007652708329260349,0.9983834966356957,9.234448018387072e-12,0.0,0.0,fixed-hybrid,0.0,11,0.0,8500,detail,0.10349423374992021,2.6179237403998085e-07,7.5881757766183e-06,25.80423480272293,1.7407346604159102e-05,0.09229878069835738,0.00033734276075847447
0.009940629824995995,5.937017500400564e-05,0.09379038585363647,27.602832166012377,1.0,0.008047208189964294,0.9990752276193726,1.777040433385704e-10,0.0,0.0,fixed-hybrid,0.0,11,0.0,9000,detail,0.4297236915430557,1.4708680647198424e-07,6.261040107347071e-05,27.24077477166429,1.3770711120741908e-05,0.4329060448144081,0.00016414490528404713
0.010404665023088455,0.000404665023088455,0.04861824738512659,29.046581665985286,1.0,0.008433625334873796,0.9985597469308607,2.4212545595257708e-11,0.0,0.0,fixed-hybrid,0.0,11,0.0,9500,detail,0.04122653042222349,2.8662730784461847e-07,1.9614390112110414e-05,28.66731589077972,7.631443622813094e-06,0.04021021233040938,0.00020712039258796722
0.009353630244731903,0.0006463697552680971,0.11542694537157171,30.4736277081538,1.0,0.008817833382636309,0.998760805315062,5.444328259036542e-12,0.0,0.0,fixed-hybrid,0.0,11,0.0,10000,detail,0.5299024915509494,4.7188745530860596e-08,6.716927600791678e-06,30.07678468991071,1.0409146852907725e-05,0.5313362693844684,9.380187839269638e-05
0.009848253801465034,0.00015174619853496572,0.04943480655316987,31.919351250166073,1.0,0.009218500228598714,0.9987619973662114,2.6563689370684393e-11,0.0,0.0,fixed-hybrid,0.0,11,0.0,10500,detail,0.3920722620078944,8.436834414861648e-08,1.8876024114433676e-05,31.50472072674893,1.1544948392838705e-05,0.38894108906282704,0.00010258808470098302
0.010720386169850826,0.0007203861698508261,0.07595510384631067,33.341034250101075,1.0,0.009626125218346715,0.9989579302550177,1.944950514604568e-11,0.0,0.0,fixed-hybrid,0.0,11,0.0,11000,detail,0.7549300452850101,1.9512498479148687e-07,1.0314512110198848e-05,32.90786413894966,9.631606189941522e-06,0.7542539546143285,0.00021507724886760116
0.010670693591237068,0.000670693591237068,0.0710480301024942,34.771586999995634,1.0,0.010039083193987608,0.998731988520563,9.359238234064587e-12,0.0,0.0,fixed-hybrid,0.0,11,0.0,11500,detail,-0.14612031953840912,6.015914841177768e-08,1.1755398190871347e-05,34.320444961311296,8.396660632570274e-06,-0.15038979676643408,0.00012470530054997653
0.010290428064763546,0.0002904280647635458,0.06844222912580324,36.19171795807779,1.0,0.010443167295306921,0.9985828094548576,5.851165549341004e-12,0.0,0.0,fixed-hybrid,0.0,11,0.0,12000,detail,0.2845853869861206,4.6164581168278784e-08,5.858222266397206e-06,35.72148324898444,3.659641834019567e-06,0.27921991724392176,0.0001177530866698362
0.010755368508398533,0.0007553685083985327,0.01606083555125736,37.61754620797001,1.0,0.010865417309105396,0.9983063808114238,3.776033935708182e-12,0.0,0.0,fixed-hybrid,0.0,11,0.0,12500,detail,0.19074418262170156,4.759555627522672e-08,2.6969848931912566e-06,37.12855359306559,1.2617451830010395e-06,0.19390821316129989,9.592054266249761e-05
0.00986049696803093,0.00013950303196907064,0.07166739297441055,39.0075002911035,1.0,0.01124320924282074,0.9986852794976583,4.351608500151057e-12,0.0,0.0,fixed-hybrid,0.0,11,0.0,13000,detail,-0.13065306125079382,1.1370806762394679e-07,4.84959855384659e-06,38.49270758545026,1.1703344171110075e-05,-0.1371502291886404,0.00017874555487651378
0.010305113159120083,0.00030511315912008265,0.09198197001500341,40.370729375164956,1.0,0.011652667075395584,0.9984499456268625,9.619673422751854e-11,0.0,0.0,fixed-hybrid,0.0,11,0.0,13500,detail,-0.39874759494362466,2.0529691704359091e-07,3.165206726407632e-05,39.83972403570078,4.5249569666339085e-05,-0.39747350194361253,0.0002736680908128619
0.00981994066387415,0.00018005933612585089,0.08235535859528137,41.73035766603425,1.0,0.01203487510792911,0.9986591117754043,8.883843473757829e-11,0.0,0.0,fixed-hybrid,0.0,11,0.0,14000,detail,-0.6703878909581389,3.4110021837675385e-07,2.759230847004801e-05,41.18151019164361,6.463647423515795e-06,-0.671456220318667,0.00023011649318505079
0.01017603650689125,0.0001760365068912504,0.01464994512436594,43.140841416083276,1.0,0.0124293752014637,0.9986134605796027,3.407378225010584e-12,0.0,0.0,fixed-hybrid,0.0,11,0.0,14500,detail,-0.024579339592414505,3.1559185904360256e-07,3.431568984524347e-06,42.57388869463466,1.7463263475292479e-06,-0.02568601832378874,0.0002710676926653832
0.009854980744421482,0.00014501925557851812,0.035720367339709715,44.54114354099147,1.0,0.012918959371745586,0.9986402767905428,3.5633003814131323e-12,0.0,0.0,fixed-hybrid,0.0,11,0.0,15000,detail,-0.27314740057112163,2.0069873672290203e-07,3.935715540137608e-06,43.95629908097908,4.3106097109557595e-06,-0.2673080774500729,0.000271803728537634
0.009781320579349995,0.00021867942065000555,0.037246759214216225,45.977909916080534,1.0,0.013298584381118417,0.9981331156804321,1.8697446889733535e-11,0.0,0.0,fixed-hybrid,0.0,11,0.0,15500,detail,-0.21495499918260366,2.1066502906733527e-07,7.93078652350232e-06,45.37462613219395,3.847028438030975e-06,-0.21969556682676628,0.0002456541114952415
0.010030973702669144,3.097370266914347e-05,0.05072529298100563,47.33878120803274,1.0,0.013687459286302328,0.998326517371911,5.839153107691183e-12,0.0,0.0,fixed-hybrid,0.0,11,0.0,16000,detail,-0.17172130864519194,1.7361014148415608e-07,4.5076958485879e-06,46.71901150746271,3.2759069199528312e-06,-0.17678236081456766,0.00019203222473151982
0.010444551706314087,0.0004445517063140867,0.1303424402030947,48.77437462517992,1.0,0.01408579247072339,0.998756395424319,1.057717864141034e-11,0.0,0.0,fixed-hybrid,0.0,11,0.0,16500,detail,0.20972057802772892,1.305094082853529e-07,9.001056241686456e-06,48.13720921543427,7.875081792008132e-06,0.208716815973419,0.00017641502199694514
0.010390857234597206,0.0003908572345972059,0.013116958578480366,50.16133525012992,1.0,0.014472001465037465,0.998771396611224,2.7540569640408246e-12,0.0,0.0,fixed-hybrid,0.0,11,0.0,17000,detail,0.5214026449187048,1.0987458039151621e-07,3.1473748549615266e-06,49.507325429003686,1.3631536148750456e-06,0.5211320580235943,0.00018224006635136902
0.010381683707237244,0.00038168370723724344,0.2767634335189108,51.55028249998577,1.0,0.01489887642674148,0.9983992668340652,1.3418433696009992e-11,0.0,0.0,fixed-hybrid,0.0,11,0.0,17500,detail,0.3021608791669827,9.620353773053137e-08,4.158347110205796e-06,50.878125424264,1.44135356094921e-05,0.30522389751544055,0.000182274729013443
0.010302143171429634,0.0003021431714296339,0.02263149653481999,52.93743616598658,1.0,0.015302501386031508,0.9989635716525094,3.214932871247192e-12,0.0,0.0,fixed-hybrid,0.0,11,0.0,18000,detail,-0.39339871786483294,9.973938632604413e-08,4.435206392372493e-06,52.24681155337021,1.7423705003238865e-06,-0.39523873960904765,0.0001443252112949267
0.009825882501900196,0.00017411749809980413,0.01994729962095931,54.35915300017223,1.0,0.01572300144471228,0.9986969858688959,4.254971223381771e-12,0.0,0.0,fixed-hybrid,0.0,11,0.0,18500,detail,-0.05047297488090591,9.71404135190387e-08,4.292605353839463e-06,53.650600746739656,4.815270585822873e-06,-0.04966254173677659,0.00014846178237348795
0.010085183195769787,8.518319576978663e-05,0.06332469984641334,55.77826791605912,1.0,0.016117168590426445,0.9985559861895069,4.607820272722086e-12,0.0,0.0,fixed-hybrid,0.0,11,0.0,19000,detail,-0.39229935031012353,1.1780166023805932e-07,4.730722139356658e-06,55.051100875483826,4.967277163814288e-06,-0.3955047235368277,0.00016168727597687393
0.009955374523997307,4.4625476002693384e-05,0.016508108149592013,57.14456387516111,1.0,0.016505001578480005,0.9987948761328034,1.6848448307162083e-12,0.0,0.0,fixed-hybrid,0.0,11,0.0,19500,detail,-0.197909110207412,1.0002049545745093e-07,2.6090192477568053e-06,56.40038991696201,1.56278088070394e-06,-0.194068417144586,0.00013378338189795613
0.00989291351288557,0.00010708648711442968,0.01166464048377918,58.58237962517887,1.0,0.016896043671295047,0.998798265257957,1.6422522861896368e-12,0.0,0.0,fixed-hybrid,0.0,11,0.0,20000,detail,-0.37729020405068503,7.348928090794719e-08,1.2445557331375312e-06,57.81959587940946,6.889827545819571e-06,-0.37890442945428615,0.00013686082093045115
0.008359911851584911,0.0016400881484150889,24.14289084285438,0.004095250042155385,1.0,0.0,,,,0.012654250022023916,calibrated,0.0,11,0.012654250022023916,0,detail,,,,0.0,0.002277432009577751,,9.145266085397452e-05
0.008355667814612389,0.0016443321853876116,1.219889629896142,1.4072192078456283,1.0,0.0004403330385684967,0.9999173756364371,1.0437047840041563e-11,0.012082796870357532,0.012654250022023916,calibrated,0.0,11,0.012654250022023916,500,detail,0.5147150675690019,1.2004845112963623e-07,0.00011436096974648535,1.3860984451603144,0.00014733352873008698,0.5149154885845826,0.00012532062828540802
0.0116542037576437,0.0016542037576436994,0.7253505901677382,2.8721246658824384,1.0,0.0008837489876896143,0.9998974671436257,2.6154133987237398e-11,0.014855897791423194,0.012654250022023916,calibrated,0.0,11,0.012654250022023916,1000,detail,0.7404695363979864,1.2903716441389733e-07,7.683649891987443e-05,2.833644942380488,6.367370224324986e-05,0.7410963888628207,0.0001573277113493532
0.012395419180393219,0.002395419180393219,0.3617033844150814,4.39491416583769,1.0,0.001758331898599863,0.9999113468958621,1.402320882603075e-12,0.015549173021689611,0.012654250022023916,calibrated,0.0,11,0.012654250022023916,1500,detail,0.1649626700286924,7.899838121449234e-08,1.9984019672847353e-05,4.337178807007149,2.3044884073897265e-05,0.16420285861784023,5.8989702665712684e-05
0.009933722205460072,6.627779453992864e-05,0.8724887337273945,6.084938457934186,1.0,0.002167206723242998,0.9998907428166063,1.1173825751928257e-11,0.020104981677726057,0.012654250022023916,calibrated,0.0,11,0.012654250022023916,2000,detail,0.14002785579247978,1.2773522170565746e-07,6.10590068390593e-05,6.005249396665022,8.296537271235138e-05,0.13945840124162984,9.851101640379056e-05
0.012069422751665115,0.002069422751665115,0.31311824749505035,7.671945499954745,1.0,0.0025492487475275993,0.9999235253509395,1.1807800619626276e-11,0.02327423987322967,0.012654250022023916,calibrated,0.0,11,0.012654250022023916,2500,detail,0.8541303243379458,2.2645012234839464e-07,4.752965105581097e-05,7.574277818435803,2.709632826736197e-05,0.8546658190579578,0.00016825874627102166
0.00940054189413786,0.0005994581058621409,0.41448669822700246,9.289249165914953,1.0,0.002927206689491868,0.9998979273878543,8.207151652864734e-12,0.022085768049915817,0.012654250022023916,calibrated,0.0,11,0.012654250022023916,3000,detail,0.5230056927194973,4.8426542590882435e-08,4.830284888157621e-05,9.17336810613051,3.165216912748292e-05,0.521686510838743,5.7789173297351226e-05
0.011414592154324055,0.0014145921543240545,0.1803075970272329,10.786015833029523,1.0,0.003327789716422558,0.9999044839950246,3.4029563219697997e-12,0.018322273942755273,0.012654250022023916,calibrated,0.0,11,0.012654250022023916,3500,detail,0.5327580336902821,3.49799254983892e-08,2.4545423002564348e-05,10.651558108162135,1.9655044525279664e-05,0.5326709430635637,5.1499344408512115e-05
0.009027575142681599,0.0009724248573184015,0.18203032484436807,12.335834583034739,1.0,0.003747497918084264,0.9999022371693286,3.445008576035323e-12,0.026641576705952262,0.012654250022023916,calibrated,0.0,11,0.012654250022023916,4000,detail,0.5742549302431824,5.4268699185613845e-08,3.388473851373419e-05,12.182541309623048,4.866977542405948e-05,0.572952354816238,8.587408228777349e-05
0.00898712407797575,0.0010128759220242502,0.35138223918590406,13.817893457831815,1.0,0.0041323318146169186,0.9999009347368417,1.0122169078417221e-11,0.034465682876101814,0.012654250022023916,calibrated,0.0,11,0.012654250022023916,4500,detail,0.7382029912534829,8.548041619596872e-08,5.208287984714843e-05,13.645658294437453,9.288347064284608e-05,0.7387369305945041,0.00010330599616281688
0.011494108475744724,0.001494108475744724,0.4721753795585406,15.240040582837537,1.0,0.004534081788733602,0.9999179637815406,8.353306087833288e-11,0.03298009309695949,0.012654250022023916,calibrated,0.0,11,0.012654250022023916,5000,detail,0.96145050795894,3.908418240901315e-08,0.00030751124722883105,15.050123704131693,5.345103272702545e-05,0.9619800573731155,9.923864126903936e-05
0.009556625969707966,0.00044337403029203436,0.16693993684736955,16.645989874843508,1.0,0.004922414664179087,0.9999098707999691,1.4526409139448504e-12,0.040705159948499554,0.012654250022023916,calibrated,0.0,11,0.012654250022023916,5500,detail,0.4454586175319593,2.618154407872607e-07,1.4048871889826842e-05,16.43942099646665,2.2256088413996622e-05,0.4448113940310645,0.00018136153812520206
0.008978779427707195,0.001021220572292805,0.09573983118967891,18.225252624833956,1.0,0.005313747562468052,0.9999202806746953,5.652056087456547e-12,0.044666732692879074,0.012654250022023916,calibrated,0.0,11,0.012654250022023916,6000,detail,0.2099661874057683,9.537497306546032e-08,4.023699148092419e-05,18.000043591717258,1.5100176824489608e-05,0.2080221744079812,8.997139957500622e-05
0.00931579526513815,0.000684204734861851,0.21732307244024057,19.70784929092042,1.0,0.005735497456043959,0.9998561057811876,7.70918973745124e-12,0.047538872932554224,0.012654250022023916,calibrated,0.0,11,0.012654250022023916,6500,detail,0.1197648524809997,8.573801512435388e-08,3.624725650297478e-05,19.46461294265464,2.2295935195870697e-05,0.11898080763068898,8.970485214376822e-05
0.013187078759074211,0.003187078759074211,0.23521650529719446,21.320102457888424,1.0,0.006417914293706417,0.999931268813034,7.0246932907555275e-12,0.05298603545607606,0.012654250022023916,calibrated,0.0,11,0.012654250022023916,7000,detail,0.8762224107748803,1.405753670427118e-08,4.3235893826931715e-05,21.057871109806,4.338171856943518e-05,0.8761999809326368,3.3611660910537466e-05
0.010086850263178349,8.685026317834833e-05,0.11873650597025003,22.856408790918067,1.0,0.006826080149039626,0.9998963800869374,2.507617546396081e-12,0.0387243735763098,0.012654250022023916,calibrated,0.0,11,0.012654250022023916,7500,detail,0.5315985148809471,5.354841673617269e-08,1.7600485080038197e-05,22.574634555960074,1.3742700502916705e-05,0.5326592447286713,5.7654466218082234e-05
0.010028098709881306,2.8098709881305486e-05,0.1381096325011698,24.367474499857053,1.0,0.00721637113019824,0.9998991153746144,8.805559442223679e-13,0.04377537882539368,0.012654250022023916,calibrated,0.0,11,0.012654250022023916,8000,detail,0.370235599002138,7.543020135802264e-08,1.038054051605286e-05,24.067337185842916,1.0238705726806074e-05,0.3718911940248215,5.101734495838173e-05
0.010505985468626022,0.0005059854686260221,0.12483679131632446,25.929367624921724,1.0,0.0075904130935668945,0.9999145220159753,1.8681717780401342e-12,0.04625136179063088,0.012654250022023916,calibrated,0.0,11,0.012654250022023916,8500,detail,0.33429510669217943,3.5902679876052826e-08,2.1749590814579278e-05,25.611817362951115,1.1360149983374868e-05,0.334381952334908,3.3973221434280276e-05
0.00995677337050438,4.3226629495620936e-05,0.1926436554215134,27.473152540856972,1.0,0.007995413150638342,0.9999219067347498,3.347438763979437e-12,0.060612062989006635,0.012654250022023916,calibrated,0.0,11,0.012654250022023916,9000,detail,0.7375796954010072,1.0765678201110846e-08,3.240376099711284e-05,27.136565485037863,2.7891645004274324e-05,0.7372635437533442,2.0810170099139214e-05
0.011670851148664951,0.0016708511486649511,0.143909143338351,28.987662999890745,1.0,0.008699830155819654,0.9999087463532627,3.264208751803385e-12,0.05169852431415272,0.012654250022023916,calibrated,0.0,11,0.012654250022023916,9500,detail,0.4670378073056952,2.2659287058859347e-08,3.0340466764755547e-05,28.631598808569834,2.506830423953943e-05,0.4678820477428444,3.565380029613152e-05
0.0111119095236063,0.0011119095236063001,0.10042657316836173,30.556706791045144,1.0,0.009120663162320852,0.9998357622363491,2.4280249581412534e-12,0.04724175497672576,0.012654250022023916,calibrated,0.0,11,0.012654250022023916,10000,detail,0.22613124665355988,1.636657686279942e-08,9.930885426001623e-06,30.1796009731479,9.808081813389435e-06,0.22652294409170223,3.629706407082267e-05
0.008603066205978394,0.0013969337940216067,0.12840768151201568,32.11563937482424,1.0,0.009523038053885102,0.9999024717943411,7.98194813833504e-13,0.06288996731702486,0.012654250022023916,calibrated,0.0,11,0.012654250022023916,10500,detail,0.44089305793133127,1.3500707904166205e-08,1.0505410500627477e-05,31.718574146041647,1.1229706615267787e-05,0.44111411226276326,4.1779745515668765e-05
0.010719713754951954,0.0007197137549519537,0.12403158829130069,33.58493391587399,1.0,0.010005370946601033,0.9998937596950345,3.2702472576891634e-13,0.06140437753788254,0.012654250022023916,calibrated,0.0,11,0.012654250022023916,11000,detail,0.09800010661970725,1.6203350124883122e-08,3.4848776522267144e-06,33.16889497824013,1.074359897756949e-05,0.09865490866588707,3.8088037399575114e-05
0.010216508992016315,0.00021650899201631525,0.06977532711963558,35.12765987496823,1.0,0.010482371086254716,0.999876993655174,1.428252972608589e-12,0.05526393978409429,0.012654250022023916,calibrated,0.0,11,0.012654250022023916,11500,detail,0.5471704105397982,1.4543974121502907e-08,7.961834853631444e-06,34.69183589098975,1.9063660147367045e-05,0.5462477819980589,4.4859225454274565e-05
0.009783448651432991,0.00021655134856700918,0.12808686439170236,36.62240237486549,1.0,0.010871120961382985,0.9999241257004585,1.9312970120137466e-12,0.07309101713380212,0.012654250022023916,calibrated,0.0,11,0.012654250022023916,12000,detail,0.6898633654033446,1.5678827160219798e-08,1.8339647795073688e-05,36.16678629210219,1.8092752725351602e-05,0.6901995296584431,3.916059358743951e-05
0.009173372760415077,0.000826627239584923,0.034338601854967975,38.11110037495382,1.0,0.011354537913575768,0.9999033519172716,7.639643526922514e-13,0.06675250074279489,0.012654250022023916,calibrated,0.0,11,0.012654250022023916,12500,detail,0.4118837775221527,1.0882777156067492e-08,8.554138730687555e-06,37.63646725844592,5.928412065259181e-06,0.41089076005923825,3.3989748772000894e-05
0.010732627473771572,0.0007326274737715719,0.05473194293788721,39.70864349999465,1.0,0.011825037887319922,0.9999055221090848,2.018402903220456e-12,0.045756165197583444,0.012654250022023916,calibrated,0.0,11,0.012654250022023916,13000,detail,0.5730851806979361,1.3086044107512692e-08,1.0057809959107544e-05,39.21357654617168,5.334496563591529e-06,0.5733713869489949,2.5642095351940952e-05
0.00901885237544775,0.0009811476245522501,0.04025943902203441,41.39654591586441,1.0,0.012281328905373812,0.9999217317104877,1.7107804035894694e-12,0.0691294443894226,0.012654250022023916,calibrated,0.0,11,0.012654250022023916,13500,detail,0.828669086566853,1.9867941255108027e-08,1.265904211322777e-05,40.88290904741734,4.902414275420597e-06,0.8287586513086729,2.9573346182587557e-05
0.009980572387576103,1.9427612423896998e-05,0.023721801257716082,43.11020291596651,1.0,0.012718870770186186,0.9998916547338654,4.598242060793994e-13,0.03981380608101416,0.012654250022023916,calibrated,0.0,11,0.012654250022023916,14000,detail,0.25118182036575026,2.030558230338865e-08,5.004652848583646e-06,42.57540063164197,3.2403213481302373e-06,0.2518372718500817,3.8617919926764444e-05
0.010781904682517052,0.0007819046825170515,0.08750112517389706,44.71727537503466,1.0,0.013110370840877295,0.999923728594051,2.571606873152448e-13,0.05496682182826582,0.012654250022023916,calibrated,0.0,11,0.012654250022023916,14500,detail,0.04920277985718936,1.604498272681892e-08,3.7872582652198616e-06,44.15774984122254,8.048878953559324e-06,0.049556694219265174,3.625268436735496e-05
0.010489925742149353,0.0004899257421493528,0.03523552788843402,46.36870333296247,1.0,0.013734495732933283,0.9999029839265068,8.857908573902259e-13,0.05051005249083886,0.012654250022023916,calibrated,0.0,11,0.012654250022023916,15000,detail,0.42648453820467214,1.7417124468216797e-08,5.313500878401101e-06,45.788088030414656,3.019793894054601e-06,0.42420885847774964,4.4312393583822995e-05
0.010262224823236465,0.00026222482323646525,0.042995414175280244,48.178227707976475,1.0,0.014374745776876807,0.9999140516668288,2.813100220984415e-13,0.04506288996731703,0.012654250022023916,calibrated,0.0,11,0.012654250022023916,15500,detail,-0.06112159454656681,2.297180300401561e-08,4.203134267299902e-06,47.57448773505166,3.93625532524311e-06,-0.061111298804153606,4.355467899586074e-05
0.010432450100779533,0.0004324501007795332,0.016988827740883877,50.14875033288263,1.0,0.014794287737458944,0.9998900168725176,3.2454019031271454e-13,0.042487867683470334,0.012654250022023916,calibrated,0.0,11,0.012654250022023916,16000,detail,0.22314816090450768,5.331594093537886e-08,5.03803494211752e-06,49.51972854300402,2.939811110991286e-06,0.2223120715374578,4.76699169666972e-05
0.009882175363600254,0.00011782463639974615,0.01481721040111933,51.74287658301182,1.0,0.015191621845588088,0.9999158906337741,1.7001501626978152e-13,0.04427057541844112,0.012654250022023916,calibrated,0.0,11,0.012654250022023916,16500,detail,-0.3900699358249235,5.4882799195636045e-08,2.7939991014136467e-06,51.09431715751998,1.922069486681721e-06,-0.38975399434813807,5.869259257451631e-05
0.010685761459171772,0.0006857614591717718,0.035939941774735584,53.25400974997319,1.0,0.015622955746948719,0.9999169462358525,1.2723260803878e-13,0.0460532831534119,0.012654250022023916,calibrated,0.0,11,0.012654250022023916,17000,detail,0.35661626542882374,3.488979456338912e-08,1.9583344510465395e-06,52.584862988907844,3.3501296456961427e-06,0.357946219987139,5.060912008048035e-05
0.010616027750074863,0.0006160277500748632,0.020475251196132478,54.89497641590424,1.0,0.016032039653509855,0.9998948174580576,6.341611670596876e-13,0.07140734871744082,0.012654250022023916,calibrated,0.0,11,0.012654250022023916,17500,detail,0.7643101461066394,1.657492355538491e-08,5.374748525355244e-06,54.20472469343804,2.641262653924059e-06,0.7642521348490158,4.568490476231091e-05
0.010035283863544464,3.52838635444639e-05,0.04989153770851168,56.52619395800866,1.0,0.01645128964446485,0.9999193118276762,3.302221320701534e-13,0.06140437753788254,0.012654250022023916,calibrated,0.0,11,0.012654250022023916,18000,detail,0.27935351615842585,1.712435017284236e-08,2.926990418927744e-06,55.81320853671059,3.293006329840864e-06,0.2792704441212724,4.3983945943182334e-05
0.010081802494823933,8.180249482393244e-05,0.05440727123313371,58.13439658284187,1.0,0.016841664677485824,0.9999170019959468,2.0786409097571976e-13,0.06774289392888977,0.012654250022023916,calibrated,0.0,11,0.012654250022023916,18500,detail,-0.5032936371097211,1.9993765894850678e-08,3.508109330141451e-06,57.401712705381215,3.264732413299498e-06,-0.5026439651412191,5.291304114507511e-05
0.010252369567751884,0.00025236956775188425,0.040875340957206574,59.671114624943584,1.0,0.01734866457991302,0.9999104847710415,3.315060302437349e-13,0.057640883430722,0.012654250022023916,calibrated,0.0,11,0.012654250022023916,19000,detail,0.7607622169027736,1.5065872966005302e-08,4.0706072468310595e-06,58.91945857531391,3.2460529837408103e-06,0.7605582099069175,3.405061943340115e-05
0.010138615034520626,0.00013861503452062586,0.019018107731080598,61.194358290871605,1.0,0.017790497513487935,0.9999018928601503,9.267874817258524e-14,0.06368228186590076,0.012654250022023916,calibrated,0.0,11,0.012654250022023916,19500,detail,-0.057109078775709,1.4498526323859084e-08,1.13603209683788e-06,60.424788989825174,1.5770220898048137e-06,-0.05495710020864523,4.2023119021905586e-05
0.010166805237531662,0.00016680523753166178,0.04603084037289429,62.74826274998486,1.0,0.018177580321207643,0.9999211090965713,2.5752829483458124e-13,0.06249381004258691,0.012654250022023916,calibrated,0.0,11,0.012654250022023916,20000,detail,-0.2934057873389362,2.493995284819072e-08,3.4513286664150655e-06,61.95690990751609,4.879089829046279e-06,-0.29414842737350994,4.123943654121831e-05
0.008359911851584911,0.0016400881484150889,24.14289084285438,0.004017708823084831,1.0,0.0,,,,0.012654250022023916,adaptive,0.0,11,0.012654250022023916,0,detail,,,,0.0,0.002277432009577751,,9.145266085397452e-05
0.008355667814612389,0.0016443321853876116,1.219889629896142,1.415633208816871,1.0,0.0003820001147687435,0.9999173756364371,1.0437047840041563e-11,0.012082796870357532,0.012654250022023916,adaptive,0.02034011739306152,11,0.032994367415085435,500,detail,0.5072585273873369,1.2190818158426141e-07,0.00011436096974648535,1.3937918874435127,0.00014733352873008698,0.5074550375392789,0.00012677286576945335
0.010816559195518494,0.0008165591955184934,0.6233669493912537,2.83136612479575,1.0,0.0007662500720471144,0.9999115820222229,5.907468629352256e-12,0.01911458849163118,0.012654250022023916,adaptive,0.04586554109118879,11,0.058519791113212705,1000,detail,0.16456489316364092,2.66570925388047e-07,4.9385849706595764e-05,2.7916423436254263,6.162041972856969e-05,0.1638764204209296,0.00014666328206658363
0.01036408357322216,0.00036408357322216013,0.41291842692064035,4.242269916925579,1.0,0.0011401660740375519,0.9999156869316815,4.986447674745441e-12,0.018322273942755273,0.012654250022023916,adaptive,0.07120532938279212,11,0.08385957940481603,1500,detail,0.14399919981656115,6.975309018540018e-08,4.232474020682275e-05,4.186076107202098,2.8991305953240953e-05,0.14483969834834,8.165957842720672e-05
0.011037757620215416,0.0010377576202154157,0.2943274851785194,5.649302416946739,1.0,0.0015134159475564957,0.9999087173953236,3.967670091101449e-12,0.01901554917302169,0.012654250022023916,adaptive,0.09617908066138625,11,0.10883333068341017,2000,detail,0.5112180551151809,1.1811760987685981e-07,2.895117359003052e-05,5.576453228015453,6.323305569821969e-05,0.511824256421249,6.425805622711778e-05
0.008973867632448673,0.001026132367551327,0.3547167358162768,7.064908166881651,1.0,0.0018911249935626984,0.9999033543248432,2.7176661296207774e-12,0.02040209963355452,0.012654250022023916,adaptive,0.12086874665692449,11,0.1335229966789484,2500,detail,0.15829150170146442,7.425540462994351e-08,1.9528048142092302e-05,6.974041176494211,3.148463292745873e-05,0.15671240042933235,3.737689621630125e-05
0.008849278092384338,0.0011507219076156618,0.6453881998324518,8.471822541905567,1.0,0.00227983295917511,0.9999063997291581,5.595049648790178e-12,0.02099633554521145,0.012654250022023916,adaptive,0.1458312477916479,11,0.15848549781367183,3000,detail,0.6848682269285504,1.7715655806087124e-08,2.7621150366030633e-05,8.362574183382094,4.264185918145813e-05,0.6850741850656581,2.067247078230139e-05
0.008655104786157608,0.0013448952138423922,0.46340912969683984,9.882891541812569,1.0,0.0026565829757601023,0.9999295704512163,6.003530386331203e-12,0.022580964642963258,0.012654250022023916,adaptive,0.17085509281605482,11,0.18350934283807874,3500,detail,-0.30097999782376766,2.0020109067417014e-07,5.031826003687456e-05,9.756002565845847,3.787072273553349e-05,-0.29988521236405935,8.083695865934715e-05
0.01359171699732542,0.00359171699732542,0.4106014100576537,11.35491787479259,1.0,0.003048582933843136,0.9999101777420378,4.438173580504873e-12,0.02683965534317124,0.012654250022023916,adaptive,0.19634192832745612,11,0.20899617834948003,4000,detail,-0.009818236704901976,2.1602707387420596e-07,3.334119901410304e-05,11.21116249798797,4.208449900033884e-05,-0.011042608584006184,0.00013170449528843164
0.011015198193490505,0.001015198193490505,0.24917163268575093,12.793729583965614,1.0,0.0034299581311643124,0.9999098842552514,3.219699197646208e-12,0.02198672873130633,0.012654250022023916,adaptive,0.22226859373040497,11,0.2349228437524289,4500,detail,0.472374376755098,4.591023954521414e-08,2.4601977202109993e-05,12.633019994478673,4.309391079004854e-05,0.4723256066299427,4.768759390572086e-05
0.010080811567604542,8.081156760454157e-05,0.1442796882090941,14.24753704178147,1.0,0.00384916621260345,0.9999058420875523,5.379614309087949e-12,0.03515895810636823,0.012654250022023916,adaptive,0.24722980009391904,11,0.25988405011594296,5000,detail,0.7545095314715266,3.244648322863846e-08,4.3892516259802505e-05,14.069734833901748,5.462305125547573e-05,0.754751873937656,3.752082557184622e-05
0.012752753682434559,0.0027527536824345587,0.2993420688054661,15.748298749793321,1.0,0.004234291380271316,0.999918202252713,2.544876956089527e-12,0.03268297514113103,0.012654250022023916,adaptive,0.27250896696932614,11,0.28516321699135005,5500,detail,0.5524384668317327,4.186111127935464e-08,2.8426078642951325e-05,15.551365923369303,5.625701669487171e-05,0.5519887036077714,6.447650957852602e-05
0.010204060934484005,0.00020406093448400477,0.07420361247034418,17.177081791916862,1.0,0.004643166437745094,0.9998784907466037,1.819542971309963e-12,0.04615232247202139,0.012654250022023916,adaptive,0.29812442092224956,11,0.31077867094427347,6000,detail,0.38115730652639657,6.939057692685802e-08,1.3574586773756891e-05,16.962513389298692,1.5929761502775364e-05,0.38339608143853865,5.798718848382123e-05
0.009873315691947937,0.0001266843080520632,0.15768117278571464,18.609960541827604,1.0,0.0050138323567807674,0.9998967595044753,3.5562134278214454e-12,0.02921659898979895,0.012654250022023916,adaptive,0.3240867501590401,11,0.336741000181064,6500,detail,0.23075444226071107,7.650845560517628e-08,3.027435923286248e-05,18.377183291129768,3.697080319398083e-05,0.2308439954820105,5.2020732255186886e-05
0.00963467825204134,0.00036532174795866033,0.08419041981035454,20.05736841680482,1.0,0.005386123433709145,0.9999116371304967,1.3347398495932888e-12,0.05011389521640091,0.012654250022023916,adaptive,0.34925779164768755,11,0.36191204166971147,7000,detail,0.8139729723079315,6.816129852896748e-08,8.13138649391476e-06,19.80617663473822,8.465559403703082e-06,0.8127645949023624,5.995405444991775e-05
0.01032533310353756,0.0003253331035375593,0.15405300508894884,21.475313166854903,1.0,0.005768331466242671,0.9999176265702826,2.5855465619839803e-12,0.02971179558284639,0.012654250022023916,adaptive,0.37433608598075807,11,0.386990336002782,7500,detail,0.5549725102617878,2.6494243118369506e-08,1.6540343494853005e-05,21.20655983989127,1.6700423657312058e-05,0.5548444415564217,3.978534005000256e-05
0.009964989498257637,3.5010501742363184e-05,0.09755638672752,22.95083099999465,1.0,0.006144998362287879,0.9998827133251886,9.65957765074863e-12,0.04684559770228781,0.012654250022023916,adaptive,0.39992613554932177,11,0.4125803855713457,8000,detail,0.7610031219589585,3.1305920883008697e-08,2.939825935754925e-05,22.665417132899165,8.91102899913676e-06,0.7606932737051161,4.8780988436192274e-05
0.011348610743880272,0.0013486107438802717,0.09179043710356581,24.378792833769694,1.0,0.00656854035332799,0.9999189878869414,1.0851105973413762e-12,0.05209468158859067,0.012654250022023916,adaptive,0.4248638362623751,11,0.43751808628439903,8500,detail,0.5090475404973382,1.1455780820993395e-08,8.572652404836845e-06,24.077129163080826,1.6373171092709526e-05,0.5077928190536628,2.1970821762806736e-05
0.007523202337324619,0.002476797662675381,0.26993659570237233,25.78303191694431,1.0,0.006943707354366779,0.9998738586968239,2.525743034567217e-12,0.05417450727938992,0.012654250022023916,adaptive,0.44964213320054114,11,0.46229638322256505,9000,detail,0.4526471581137164,1.280822322146691e-08,1.743226675898768e-05,25.464046239620075,1.824168248276692e-05,0.45264983187027974,2.686818697839044e-05
0.010487435385584831,0.00048743538558483103,0.0638951200189705,27.19135837489739,1.0,0.0073273321613669395,0.9999158362788763,5.006431277677816e-13,0.05506586114687531,0.012654250022023916,adaptive,0.47440137760713696,11,0.4870556276291609,9500,detail,0.015062197422784938,5.463568358833247e-08,5.8616010392142925e-06,26.853990553878248,4.5627803046954796e-06,0.014879498327262439,6.605998351005837e-05
0.010897301137447357,0.000897301137447357,0.1721318320482755,28.607952874852344,1.0,0.0076958732679486275,0.9999236745559291,9.860337606473617e-13,0.06813905120332772,0.012654250022023916,adaptive,0.4996421323157847,11,0.5122963823378086,10000,detail,0.25467483428948756,3.5550374290065676e-08,1.3399270756053738e-05,28.252574416343123,1.1109780643892009e-05,0.25353343250896676,2.9980536055518314e-05
0.011266092769801617,0.0012660927698016165,0.1403134124414118,30.012312333798036,1.0,0.008122665109112859,0.9999184968148888,5.018238806705727e-12,0.04892542339308706,0.012654250022023916,adaptive,0.5244511386845261,11,0.53710538870655,10500,detail,0.8612839452853238,2.406942614495492e-08,2.639573358464986e-05,29.639452835544944,1.2877014341938775e-05,0.8616035818247995,4.675538730225526e-05
0.00918621476739645,0.0008137852326035502,0.123822497179977,31.41029458399862,1.0,0.00851299799978733,0.999915439336397,4.859419381472194e-12,0.04951965930474398,0.012654250022023916,adaptive,0.5493839676491916,11,0.5620382176712155,11000,detail,-0.7677349335938224,1.0402708268842493e-07,2.635476084833499e-05,31.01950146071613,3.1101455533644184e-05,-0.7678525495387191,5.311436325428076e-05
0.010154549963772297,0.0001545499637722967,0.14383096502982806,32.81327495886944,1.0,0.008893456077203155,0.99991085902066,1.3354120268744757e-12,0.06140437753788254,0.012654250022023916,adaptive,0.5743136673700064,11,0.5869679173920304,11500,detail,0.5840027605219994,3.0835938209519706e-08,1.1779853593907319e-05,32.406509074615315,1.830314431572333e-05,0.5848076553637546,8.083692227955908e-05
0.008643360808491707,0.0013566391915082934,0.21414223981774386,34.210784416878596,1.0,0.009267664048820734,0.9999112602688298,2.5433539171891462e-12,0.0683371298405467,0.012654250022023916,adaptive,0.5989100839942694,11,0.6115643340162933,12000,detail,-0.13298418621564267,4.1938289164073654e-08,1.4291548723122105e-05,33.78696713526733,1.5333236660808325e-05,-0.13209679296697432,3.369929254404269e-05
0.009660881944000721,0.00033911805599927923,0.04614634749880999,35.60719745885581,1.0,0.009656705893576145,0.999905849503795,1.2884420535484771e-13,0.04872734475586808,0.012654250022023916,adaptive,0.6237802584655583,11,0.6364345084875822,12500,detail,-0.31065581200692427,2.491802816662203e-08,2.1565554106928175e-06,35.16490852297284,4.508961865212768e-06,-0.31000924207440017,2.8492280762293376e-05
0.009920771233737469,7.922876626253149e-05,0.046277753703499215,37.01121274987236,1.0,0.010104038752615452,0.9999297854590345,4.776577545885587e-13,0.04674655838367832,0.012654250022023916,adaptive,0.6486142936628312,11,0.6612685436848551,13000,detail,0.6093774936966018,1.6710670166587502e-08,5.335948571882909e-06,36.55249538132921,4.9421000767324585e-06,0.6096316497937098,2.901137304434087e-05
0.01021401397883892,0.00021401397883892039,0.09108923636411818,38.42071966687217,1.0,0.010491413762792945,0.9999058472901557,1.6552910519492668e-13,0.04793503020699218,0.012654250022023916,adaptive,0.6740439471323043,11,0.6866981971543282,13500,detail,-0.5309094600218082,5.30242690478593e-08,2.388031589362072e-06,37.945596462115645,1.759529550326988e-05,-0.5317974123854353,6.457464041886851e-05
0.0089830681681633,0.0010169318318367006,0.1446465549290996,39.84356208378449,1.0,0.010915080783888698,0.9999137233361994,1.6039758927723889e-12,0.07378429236406854,0.012654250022023916,adaptive,0.6987822891678661,11,0.71143653918989,14000,detail,-0.6390427368965366,8.904491992123312e-08,1.0826488505699672e-05,39.34880650648847,9.628710358811077e-06,-0.6381373913570978,4.637703386833891e-05
0.0105189960449934,0.0005189960449934004,0.04316726846428805,41.301173083949834,1.0,0.011291289934888482,0.9999070244742253,2.510719096316554e-13,0.053184114093295036,0.012654250022023916,adaptive,0.7243027009535581,11,0.736956950975582,14500,detail,0.6297428128648628,3.594728630056494e-08,2.8814570214308333e-06,40.78835117723793,3.0696321573486784e-06,0.6286492862927546,3.3688367693684995e-05
0.00920387264341116,0.0007961273565888407,0.10103091296320499,42.71641941694543,1.0,0.011673873057588935,0.999932829812491,3.862518063456068e-14,0.055462018421313264,0.012654250022023916,adaptive,0.7489934160839766,11,0.7616476661060005,15000,detail,-0.5346404826930637,3.583425638184408e-08,9.434993444301654e-07,42.18739736219868,5.8178911785944365e-06,-0.5341337326143835,3.893063694704324e-05
0.01074981689453125,0.0007498168945312498,0.01957380514690293,44.127029791940004,1.0,0.01206641411408782,0.9998956188808923,4.262877227303795e-13,0.05476874319104685,0.012654250022023916,adaptive,0.7738624610938132,11,0.7865167111158371,15500,detail,0.1087371002615856,2.927550169760585e-08,5.7771212595980614e-06,43.58003165945411,3.801066668529529e-06,0.10894642044299835,2.909245085902512e-05
0.008728333748877048,0.0012716662511229517,0.08555831883695429,45.564274416770786,1.0,0.01244758116081357,0.9998644496278236,1.794019207015495e-12,0.04902446271169655,0.012654250022023916,adaptive,0.7994636322837323,11,0.8121178823057562,16000,detail,-0.7204683637553035,3.752458701883291e-08,7.401627954095602e-06,44.9996175323613,5.550090918404749e-06,-0.7206063655093466,3.888622086378746e-05
0.010750031098723412,0.0007500310987234114,0.04516209745825883,46.96770624979399,1.0,0.012828415026888251,0.9999088723710876,4.755618241968042e-13,0.06407843914033871,0.012654250022023916,adaptive,0.8245177119970322,11,0.8371719620190561,16500,detail,0.5559787031264039,3.220330411172011e-08,4.709661425295053e-06,46.3848799711559,4.721087407233426e-06,0.555803737644296,3.595598172978498e-05
0.009392872452735901,0.0006071275472640993,0.039283131441615514,48.37384549994022,1.0,0.013199415057897568,0.9999262174638264,1.082950947668059e-12,0.05793800138655046,0.012654250022023916,adaptive,0.8494240758009255,11,0.8620783258229494,17000,detail,0.29661633576042257,4.356720131776372e-08,8.918111234379467e-06,47.77326680487022,3.3571632229723036e-06,0.2974702361018962,3.651307997643016e-05
0.010877419263124466,0.0008774192631244657,0.055246456371991805,49.77764741680585,1.0,0.01361904013901949,0.9999275634633038,2.301835497885501e-13,0.07556700009903931,0.012654250022023916,adaptive,0.8742460350040346,11,0.8869002850260586,17500,detail,-0.02674076742256926,2.4033928289426515e-08,3.0448336474364623e-06,49.158679467160255,3.5963000755145913e-06,-0.027227334447365612,3.914035914931446e-05
0.010515275411307812,0.0005152754113078115,0.025506094163911436,51.179223583778366,1.0,0.014005540171638131,0.9999073754321047,4.564984903436964e-13,0.05080717044666733,0.012654250022023916,adaptive,0.8993869081605226,11,0.9120411581825465,18000,detail,0.0714497301229529,1.5434358292570152e-08,5.406327545642853e-06,50.54401821969077,1.9566368791856803e-06,0.07116229913971814,2.3626917027286254e-05
0.010924066416919231,0.0009240664169192312,0.036850588889641774,52.571390124969184,1.0,0.014385582180693746,0.9998916616155954,5.224191696162181e-13,0.04991581657918193,0.012654250022023916,adaptive,0.9240854186937213,11,0.9367396687157452,18500,detail,-0.1516245212899977,1.7153746713841378e-08,4.764805908052949e-06,51.91967540443875,4.976580385118723e-06,-0.15022505075518489,2.914749893534463e-05
0.010684624314308167,0.0006846243143081663,0.05040091230365221,53.973031458910555,1.0,0.014762998092919588,0.9999117116758419,6.787934782923601e-14,0.05575913637714173,0.012654250022023916,adaptive,0.9489667569287121,11,0.961621006950736,19000,detail,-0.07854950544975955,1.2181983976865824e-08,1.290171212531277e-06,53.30259836371988,3.7367369714047527e-06,-0.07783539894271714,3.322935663163662e-05
0.010594816878437996,0.0005948168784379957,0.055075836852058295,55.372272041859105,1.0,0.01514804014004767,0.9999279796150998,1.0768380066963837e-13,0.05130236703971477,0.012654250022023916,adaptive,0.9736182612832636,11,0.9862725113052875,19500,detail,0.44890831384544483,9.389001373651655e-09,2.176986981794471e-06,54.684205619152635,4.789563718077261e-06,0.44942748028595897,3.5140663385391235e-05
0.010564745403826237,0.0005647454038262365,0.012805853408533902,56.787906624842435,1.0,0.015524207148700953,0.999904136195903,1.156692944085538e-13,0.04734079429533525,0.012654250022023916,adaptive,0.9988909177482128,11,1.0115451677702367,20000,detail,0.019186724638960227,5.720391737566583e-09,1.3923959159001242e-06,56.079323668032885,2.07905418392329e-06,0.01849244427775121,1.9560928194550797e-05
0.011868853121995926,0.0018688531219959257,36.704165797718844,0.0033289999701082706,1.0,0.0,,,,0.0,fp32,0.0,12,0.0,0,detail,,,,0.0,0.004839268978685141,,0.0
0.012256491929292679,0.0022564919292926786,1.626702450515204,0.324434082955122,1.0,0.0003860420547425747,0.9999999999999983,0.0,0.0,0.0,fp32,0.0,12,0.0,500,detail,0.9999999999999983,0.0,8.98339640116319e-05,0.3132438415195793,9.002736624097452e-05,0.9999999999999983,0.0
0.009921387769281864,7.861223071813604e-05,0.6526662138315323,0.6447837909217924,1.0,0.0007769169751554728,0.9999999999999931,0.0,0.0,0.0,fp32,0.0,12,0.0,1000,detail,0.9999999999999931,0.0,4.2241365008521825e-05,0.625548386014998,3.550767360138707e-05,0.9999999999999931,0.0
0.009382613003253937,0.0006173869967460634,0.38623587905698264,0.9950308750849217,1.0,0.0011898749507963657,0.9999999999999966,0.0,0.0,0.0,fp32,0.0,12,0.0,1500,detail,0.9999999999999966,0.0,2.0642706658691168e-05,0.9674326821696013,2.2844709747005254e-05,0.9999999999999966,0.0
0.009741504676640034,0.0002584953233599665,0.2890847057043888,1.3541211660485715,1.0,0.0015974999405443668,0.9999999999999998,0.0,0.0,0.0,fp32,0.0,12,0.0,2000,detail,0.9999999999999998,0.0,1.7297148588113487e-05,1.3181644838768989,1.785686436051037e-05,0.9999999999999998,0.0
0.010372943244874477,0.0003729432448744772,0.19805323201370897,1.70551679097116,1.0,0.0020340827759355307,0.9999999999999957,0.0,0.0,0.0,fp32,0.0,12,0.0,2500,detail,0.9999999999999957,0.0,1.5020268619991839e-05,1.6601748436223716,1.3064815902907867e-05,0.9999999999999957,0.0
0.01135104801505804,0.0013510480150580404,0.19600286742437917,2.0582473329268396,1.0,0.0024608748499304056,0.9999999999999932,0.0,0.0,0.0,fp32,0.0,12,0.0,3000,detail,0.9999999999999932,0.0,1.285809230466839e-05,2.0037487130612135,1.4458171790465713e-05,0.9999999999999932,0.0
0.00887236837297678,0.0011276316270232203,0.15920801511299398,2.388948541134596,1.0,0.00292245764285326,0.9999999999999978,0.0,0.0,0.0,fp32,0.0,12,0.0,3500,detail,0.9999999999999978,0.0,1.185398105008062e-05,2.3262551797088236,1.2197481737530325e-05,0.9999999999999978,0.0
0.009900163859128952,9.983614087104818e-05,0.1850079168564135,2.7074023329187185,1.0,0.003359374823048711,0.9999999999999966,0.0,0.0,0.0,fp32,0.0,12,0.0,4000,detail,0.9999999999999966,0.0,3.6661447666119784e-05,2.6365103498101234,1.2994170901947655e-05,0.9999999999999966,0.0
0.0080804992467165,0.0019195007532835009,0.2087427252180769,3.037643250077963,1.0,0.0037796669639647007,0.9999999999999973,0.0,0.0,0.0,fp32,0.0,12,0.0,4500,detail,0.9999999999999973,0.0,2.351884904783219e-05,2.958660724107176,1.5292142052203417e-05,0.9999999999999973,0.0
0.00897585041821003,0.0010241495817899706,0.15232644096965003,3.372869250131771,1.0,0.004174666944891214,0.9999999999999984,0.0,0.0,0.0,fp32,0.0,12,0.0,5000,detail,0.9999999999999984,0.0,1.8039392671198584e-05,3.2850704735610634,3.0361354220076464e-05,0.9999999999999984,0.0
0.00991904828697443,8.095171302557012e-05,0.05404410388991239,3.705221208045259,1.0,0.004563542082905769,0.9999999999999977,0.0,0.0,0.0,fp32,0.0,12,0.0,5500,detail,0.9999999999999977,0.0,6.022781690262491e-06,3.6094619713258,6.97851783115766e-06,0.9999999999999977,0.0
0.008634472265839577,0.0013655277341604235,0.06574197316040185,4.024021374993026,1.0,0.004971126094460487,0.9999999999999952,0.0,0.0,0.0,fp32,0.0,12,0.0,6000,detail,0.9999999999999952,0.0,6.4597111304465216e-06,3.919775760965422,1.177250305772759e-05,0.9999999999999952,0.0
0.00946787092834711,0.0005321290716528895,0.3051642559184475,4.3601832499261945,1.0,0.005394251085817814,0.9999999999999973,0.0,0.0,0.0,fp32,0.0,12,0.0,6500,detail,0.9999999999999973,0.0,1.598039125383366e-05,4.247474009171128,2.0308039893279783e-05,0.9999999999999973,0.0
0.010078387334942818,7.838733494281748e-05,0.08515580452746442,4.693732666084543,1.0,0.005798418074846268,0.9999999999999977,0.0,0.0,0.0,fp32,0.0,12,0.0,7000,detail,0.9999999999999977,0.0,1.0909767297562212e-05,4.572418593335897,2.1838905013282783e-05,0.9999999999999977,0.0
0.011360477656126022,0.0013604776561260221,0.09599155010829152,5.017163790995255,1.0,0.006194708868861198,0.9999999999999978,0.0,0.0,0.0,fp32,0.0,12,0.0,7500,detail,0.9999999999999978,0.0,3.982111138611799e-06,4.887170723173767,6.970054982957663e-06,0.9999999999999978,0.0
0.007801081519573927,0.0021989184804260733,0.26985651064431926,5.34733129106462,1.0,0.006595417857170105,0.9999999999999978,0.0,0.0,0.0,fp32,0.0,12,0.0,8000,detail,0.9999999999999978,0.0,1.894229899335187e-05,5.208571681054309,3.4697033697739244e-05,0.9999999999999978,0.0
0.010022678412497044,2.26784124970434e-05,0.025929374179558817,5.702730958117172,1.0,0.007021792931482196,0.9999999999999946,0.0,0.0,0.0,fp32,0.0,12,0.0,8500,detail,0.9999999999999946,0.0,2.3834513740439434e-06,5.5555173135362566,2.426271066724439e-06,0.9999999999999946,0.0
0.010687809437513351,0.0006878094375133512,0.03399188258470218,6.067744666012004,1.0,0.007427334785461426,0.9999999999999958,0.0,0.0,0.0,fp32,0.0,12,0.0,9000,detail,0.9999999999999958,0.0,2.7940914151258767e-06,5.910827367100865,3.5010414194402983e-06,0.9999999999999958,0.0
0.00923910178244114,0.000760898217558861,0.023870138189140338,6.399468583054841,1.0,0.007823042804375291,0.9999999999999984,0.0,0.0,0.0,fp32,0.0,12,0.0,9500,detail,0.9999999999999984,0.0,4.630635430658003e-06,6.234090480720624,7.109580565156648e-06,0.9999999999999984,0.0
0.010811016894876957,0.0008110168948769567,0.0384719750131146,6.721119583118707,1.0,0.00820820964872837,0.9999999999999977,0.0,0.0,0.0,fp32,0.0,12,0.0,10000,detail,0.9999999999999977,0.0,3.4368895285297185e-06,6.547755612526089,3.611899501265725e-06,0.9999999999999977,0.0
0.009482860565185547,0.0005171394348144533,0.02544105056280907,7.057340125087649,1.0,0.008594084531068802,0.9999999999999979,0.0,0.0,0.0,fp32,0.0,12,0.0,10500,detail,0.9999999999999979,0.0,3.0934868391341297e-06,6.8751153983175755,2.461855046931305e-06,0.9999999999999979,0.0
0.008994095027446747,0.0010059049725532534,0.04889450070988876,7.394284500041977,1.0,0.008995084557682276,0.9999999999999961,0.0,0.0,0.0,fp32,0.0,12,0.0,11000,detail,0.9999999999999961,0.0,6.2000067373446655e-06,7.203935016179457,1.1761193491111044e-05,0.9999999999999961,0.0
0.00989419687539339,0.00010580312460660955,0.026624821269411517,7.736911541083828,1.0,0.009388167411088943,0.9999999999999968,0.0,0.0,0.0,fp32,0.0,12,0.0,11500,detail,0.9999999999999968,0.0,4.080729922861792e-06,7.53823580709286,5.2399996093299706e-06,0.9999999999999968,0.0
0.0104990778490901,0.0004990778490900991,0.036296796930703173,8.072858999948949,1.0,0.009774875361472368,0.9999999999999986,0.0,0.0,0.0,fp32,0.0,12,0.0,12000,detail,0.9999999999999986,0.0,3.2342932172468863e-06,7.86520338896662,2.0857944491581293e-06,0.9999999999999986,0.0
0.010333930142223835,0.0003339301422238348,0.015675845132643793,8.395200333092362,1.0,0.01015537534840405,0.9999999999999964,0.0,0.0,0.0,fp32,0.0,12,0.0,12500,detail,0.9999999999999964,0.0,1.8681536175790825e-06,8.179548842599615,1.5417997474287404e-06,0.9999999999999964,0.0
0.010154487565159798,0.00015448756515979746,0.012187326041360524,8.757078625028953,1.0,0.010571792488917708,0.9999999999999951,0.0,0.0,0.0,fp32,0.0,12,0.0,13000,detail,0.9999999999999951,0.0,7.298540367628448e-07,8.532617334043607,7.27910048681224e-07,0.9999999999999951,0.0
0.010296249762177467,0.00029624976217746714,0.013653043682823012,9.078132499940693,1.0,0.010954584460705519,0.9999999999999963,0.0,0.0,0.0,fp32,0.0,12,0.0,13500,detail,0.9999999999999963,0.0,1.05109370451828e-06,8.84576074895449,1.527059339423431e-06,0.9999999999999963,0.0
0.010140074416995049,0.00014007441699504831,0.005979996585302154,9.404888832941651,1.0,0.011355126276612282,0.9999999999999981,0.0,0.0,0.0,fp32,0.0,12,0.0,14000,detail,0.9999999999999981,0.0,3.8980167005320254e-07,9.16406086832285,4.954530368195265e-07,0.9999999999999981,0.0
0.00945355650037527,0.0005464434996247294,0.012210743784638139,9.731971166096628,1.0,0.01173762627877295,0.9999999999999964,0.0,0.0,0.0,fp32,0.0,12,0.0,14500,detail,0.9999999999999964,0.0,8.00619488927623e-07,9.482519293669611,1.2468773320506443e-06,0.9999999999999964,0.0
0.010029836557805538,2.983655780553797e-05,0.004119035012949881,10.067291208077222,1.0,0.012131001334637403,0.9999999999999976,0.0,0.0,0.0,fp32,0.0,12,0.0,15000,detail,0.9999999999999976,0.0,2.936780560958141e-07,9.809693548129871,3.4398405546198774e-07,0.9999999999999976,0.0
0.010001102462410927,1.1024624109266107e-06,0.004862941876201256,10.390067333122715,1.0,0.01251645921729505,0.9999999999999982,0.0,0.0,0.0,fp32,0.0,12,0.0,15500,detail,0.9999999999999982,0.0,4.496365875183983e-07,10.124274002155289,4.0622961705594207e-07,0.9999999999999982,0.0
0.010014020837843418,1.4020837843417913e-05,0.003778002238897402,10.715888583101332,1.0,0.012905334355309606,0.9999999999999964,0.0,0.0,0.0,fp32,0.0,12,0.0,16000,detail,0.9999999999999964,0.0,3.2851835385372397e-07,10.442071177065372,2.568283719028841e-07,0.9999999999999964,0.0
0.009981624782085419,1.8375217914581507e-05,0.003434393701554529,11.032691499916837,1.0,0.01328612631186843,0.9999999999999987,0.0,0.0,0.0,fp32,0.0,12,0.0,16500,detail,0.9999999999999987,0.0,1.7965018628274265e-07,10.750963170314208,2.0630008634725527e-07,0.9999999999999987,0.0
0.009939845651388168,6.015434861183187e-05,0.00430466818528133,11.350525208050385,1.0,0.0136641263961792,0.9999999999999973,0.0,0.0,0.0,fp32,0.0,12,0.0,17000,detail,0.9999999999999973,0.0,3.281152203271631e-07,11.060753592057154,2.8137779395365214e-07,0.9999999999999973,0.0
0.009993051178753376,6.948821246624201e-06,0.0031421795276615565,11.666269041132182,1.0,0.014057751512154937,0.9999999999999984,0.0,0.0,0.0,fp32,0.0,12,0.0,17500,detail,0.9999999999999984,0.0,1.9017835484191892e-07,11.368399509927258,1.7951761321910453e-07,0.9999999999999984,0.0
0.01015476230531931,0.00015476230531930903,0.003606733932243427,12.050556499976665,1.0,0.014443917665630579,0.9999999999999944,0.0,0.0,0.0,fp32,0.0,12,0.0,18000,detail,0.9999999999999944,0.0,1.276046077691717e-07,11.744382336735725,2.327933117385328e-07,0.9999999999999944,0.0
0.01008398737758398,8.398737758398035e-05,0.0029045942142924227,12.380868625128642,1.0,0.014832209562882781,0.9999999999999972,0.0,0.0,0.0,fp32,0.0,12,0.0,18500,detail,0.9999999999999972,0.0,1.5947536269322882e-07,12.066106094745919,1.8327419581964932e-07,0.9999999999999972,0.0
0.010071170516312122,7.117051631212214e-05,0.00282382724584014,12.725745333125815,1.0,0.01523912651464343,0.9999999999999982,0.0,0.0,0.0,fp32,0.0,12,0.0,19000,detail,0.9999999999999982,0.0,1.3789166075639514e-07,12.401415231171995,1.622438645654256e-07,0.9999999999999982,0.0
0.010054221376776695,5.422137677669504e-05,0.0028807280145476044,13.044230916071683,1.0,0.015624501509591937,0.9999999999999936,0.0,0.0,0.0,fp32,0.0,12,0.0,19500,detail,0.9999999999999936,0.0,1.3092387973756558e-07,12.711819772375748,1.6239309275078995e-07,0.9999999999999936,0.0
0.010060207918286324,6.020791828632334e-05,0.0027241983033933644,13.357982291141525,1.0,0.016009001526981592,0.9999999999999969,0.0,0.0,0.0,fp32,0.0,12,0.0,20000,detail,0.9999999999999969,0.0,1.3327272085916775e-07,13.017541530774906,1.6100334221391677e-07,0.9999999999999969,0.0
0.009652361273765564,0.00034763872623443624,37.17984379673251,0.004168124869465828,1.0,0.0,,,,0.0,fixed-e3m4,0.0,12,0.0,0,detail,,,,0.0,0.005255813244730234,,0.00010905089584412053
0.012082062661647797,0.0020820626616477964,1.6716956971807762,1.4030856660101563,1.0,0.0003932919353246689,0.9999105883491631,2.5867497444852643e-12,0.013271268693671387,0.0,fixed-e3m4,0.0,12,0.0,500,detail,-0.46025940753702904,2.1465194488283204e-07,8.21375724626705e-05,1.3814070394728333,9.495916310697794e-05,-0.46039921645047593,8.743585203774273e-05
0.00868998747318983,0.0013100125268101694,0.7183792834740413,2.7789855408482254,1.0,0.0007739169523119926,0.999901913693426,6.670893429057465e-12,0.016341487570565513,0.0,fixed-e3m4,0.0,12,0.0,1000,detail,0.09614907369202132,2.2458967304818917e-07,6.473711982835084e-05,2.7392897829413414,3.89744272979442e-05,0.09651664271056767,9.673309250501916e-05
0.0128026669844985,0.0028026669844985006,0.49601752874732086,4.1612046249210835,1.0,0.0011612919624894857,0.9999299412948844,3.312427868661834e-12,0.008022184807368526,0.0,fixed-e3m4,0.0,12,0.0,1500,detail,0.432276508860386,4.049245245810672e-07,3.8394267903640866e-05,4.104336166055873,3.677685890579596e-05,0.43195554149141857,0.0001628360478207469
0.010009914636611938,9.914636611938268e-06,1.3242627661260475,5.5500357078853995,1.0,0.0015402918215841055,0.9999164581207336,6.849107679371992e-12,0.021689610775477864,0.0,fixed-e3m4,0.0,12,0.0,2000,detail,0.48783702409427077,2.3642386729731001e-07,6.137439049780369e-05,5.476335950894281,0.00016270614287350327,0.48708337936222074,0.00014247985382098705
0.010757592506706715,0.0007575925067067144,0.39628251385639107,6.928436249960214,1.0,0.0019370419904589653,0.9999082262377015,1.6044022401685137e-11,0.010795285728434188,0.0,fixed-e3m4,0.0,12,0.0,2500,detail,0.9271506943642017,1.327044076236646e-07,5.38917156518437e-05,6.838690028525889,3.6650100810220465e-05,0.927767610605947,8.71316296979785e-05
0.010125569067895412,0.00012556906789541224,0.27242099587850727,8.312477333005518,1.0,0.00234729191288352,0.9998978641126217,1.1377241026062967e-11,0.01703476280083193,0.0,fixed-e3m4,0.0,12,0.0,3000,detail,0.5381876574785378,7.705825185220179e-08,5.209851951804012e-05,8.205989317269996,4.264822928234935e-05,0.5374641995177795,4.989411172573455e-05
0.008723713457584381,0.001276286542415619,0.3932069837104077,9.75274729100056,1.0,0.0027155838906764984,0.9999058899702518,8.97194125513897e-12,0.016044369614737052,0.0,fixed-e3m4,0.0,12,0.0,3500,detail,0.7223581815982629,1.612287897651716e-07,5.350644642021507e-05,9.62765907193534,5.597175913862884e-05,0.7209972480725955,0.0001308209029957652
0.010841474868357182,0.0008414748683571813,0.2945635789842611,11.163745125057176,1.0,0.0030921248253434896,0.9999037658145167,1.5594961734694187e-11,0.011983757551748044,0.0,fixed-e3m4,0.0,12,0.0,4000,detail,0.5603508948621541,1.7376931718321498e-07,8.24125818326138e-05,11.020381359849125,3.506087159621529e-05,0.5603698534293777,0.00015740196977276355
0.008195399306714535,0.0018046006932854654,0.19593828105403066,12.58206179086119,1.0,0.0034709167666733265,0.9999224222844394,5.11589087268362e-12,0.017232841438050907,0.0,fixed-e3m4,0.0,12,0.0,4500,detail,0.5011060408338833,5.122615097979002e-08,3.6468358302954584e-05,12.419575988780707,2.461548865539953e-05,0.5006754001573349,5.112146391184069e-05
0.010196000337600708,0.0001960003376007078,0.14949356359833604,14.05623958306387,1.0,0.003845041850581765,0.9999261277184889,2.1109089215644747e-12,0.020303060314945033,0.0,fixed-e3m4,0.0,12,0.0,5000,detail,0.7467831119899645,1.0616571225386472e-07,1.9746819816646166e-05,13.87584537663497,1.8654931409400888e-05,0.7479229157314774,0.00010076174658024684
0.009446307085454464,0.0005536929145455362,0.2290256415122101,15.444755916018039,1.0,0.0042367917485535145,0.9999288940199704,2.1328761716776415e-12,0.016143408933346537,0.0,fixed-e3m4,0.0,12,0.0,5500,detail,0.7115937079992154,2.4100388614210334e-07,1.0888221368077211e-05,15.246942339697853,2.3968588720890693e-05,0.7113310390731384,0.00014677310537081212
0.010409880429506302,0.00040988042950630167,0.3560186019449883,16.849923708010465,1.0,0.004618374863639474,0.999914802713508,5.596097387115567e-12,0.020699217589382986,0.0,fixed-e3m4,0.0,12,0.0,6000,detail,-0.27109587136663044,5.5002362356522376e-08,3.241368176531978e-05,16.63617628416978,3.1320538255386055e-05,-0.2710315602587915,5.252507980912924e-05
0.010356249287724495,0.0003562492877244947,0.39094752890184864,18.27212387486361,1.0,0.005001666955649853,0.9999153507460175,1.893344835873625e-12,0.02198672873130633,0.0,fixed-e3m4,0.0,12,0.0,6500,detail,0.5047138727122161,1.333742924246932e-08,1.4491862202703487e-05,18.04226279212162,2.923266583820805e-05,0.503686198832394,3.338804162922315e-05
0.00970345176756382,0.0002965482324361803,0.04003001090418761,19.645077999914065,1.0,0.005385666852816939,0.9999274123091135,1.3257636905813208e-12,0.018916509854412202,0.0,fixed-e3m4,0.0,12,0.0,7000,detail,0.35126515458141405,2.4342908994741136e-08,9.583742212271318e-06,19.398977406322956,9.795395271794405e-06,0.34989567314644443,4.29346582677681e-05
0.008038385771214962,0.001961614228785038,1.1922720222976952,21.097782416036353,1.0,0.0057669999077916145,0.9998832185124197,1.5764841694353435e-11,0.021689610775477864,0.0,fixed-e3m4,0.0,12,0.0,7500,detail,0.6786048699116332,4.342374115522369e-08,4.267443364369683e-05,20.83516181865707,7.171485776780173e-05,0.677956565010178,5.275429430184886e-05
0.010304435156285763,0.0003044351562857626,0.1381101018986508,22.503053416032344,1.0,0.0061689577996730804,0.9999090105854136,3.801919299935743e-12,0.03179162127364564,0.0,fixed-e3m4,0.0,12,0.0,8000,detail,-0.38019876364585375,8.376791484879884e-08,1.9261888155597262e-05,22.223859690129757,2.2175061531015672e-05,-0.3816287671779728,6.46649714326486e-05
0.011475462466478348,0.0014754624664783476,0.07290228841056824,23.874877207912505,1.0,0.00655070785433054,0.9998851777348328,3.638376251420949e-12,0.031593542636426664,0.0,fixed-e3m4,0.0,12,0.0,8500,detail,0.21775988670942772,2.866653180427919e-08,1.2514899935922585e-05,23.579370360122994,4.201319825369865e-06,0.2191806998476982,3.487316644168459e-05
0.008610358461737633,0.0013896415382623675,0.1956297016934167,25.253730291035026,1.0,0.0069358330219984055,0.9999107732607401,6.041782372671163e-13,0.037337823115776964,0.0,fixed-e3m4,0.0,12,0.0,9000,detail,0.46083319985578547,6.840319030194997e-08,9.527462680125609e-06,24.941905657062307,1.9588700524764135e-05,0.4610100617003392,7.921044016256928e-05
0.0094660185277462,0.0005339814722537996,0.11924588936499049,26.637039833003655,1.0,0.007314207963645458,0.9999114141212557,4.653445930730121e-12,0.028622363078142022,0.0,fixed-e3m4,0.0,12,0.0,9500,detail,0.6748645421471656,4.0647359237919854e-08,2.599758590804413e-05,26.307889617979527,1.4400785403267946e-05,0.6735735572070152,4.844997965847142e-05
0.01228964515030384,0.0022896451503038404,0.27124422966409445,28.01890454092063,1.0,0.007748750038444996,0.9999012071492333,6.919333417267125e-12,0.03397048628305437,0.0,fixed-e3m4,0.0,12,0.0,10000,detail,0.015614636223711497,5.0154499040822406e-08,5.6152457545977086e-05,27.672397831687704,3.44386171491351e-05,0.01798500799868532,3.379496411071159e-05
0.010617646388709545,0.0006176463887095449,0.0868747130247416,29.38672670791857,1.0,0.008142709033563733,0.9998994268723634,2.3069134261428666e-12,0.039021491532138255,0.0,fixed-e3m4,0.0,12,0.0,10500,detail,0.4543121363276496,1.505912104236524e-08,1.402821817464428e-05,29.023360080318525,9.842846338870004e-06,0.45432085386202525,2.490650695108343e-05
0.011386722326278687,0.0013867223262786863,0.11001956087293062,30.765429332852364,1.0,0.008566292002797127,0.9999266267883947,9.95790625773069e-13,0.03139546399920769,0.0,fixed-e3m4,0.0,12,0.0,11000,detail,0.5791074808010725,8.60222828767918e-09,1.1120306226075627e-05,30.384587704669684,1.7879970982903615e-05,0.5786063346746098,2.5238323360099457e-05
0.009751502424478531,0.0002484975755214693,0.03314278209112621,32.13225504104048,1.0,0.00894229207187891,0.9999009778840187,4.700236324728338e-13,0.04427057541844112,0.0,fixed-e3m4,0.0,12,0.0,11500,detail,-0.3437744941309125,1.3601305920062714e-08,3.495978489809204e-06,31.73508843500167,3.0995749966677977e-06,-0.3423628434649358,2.2774383978685364e-05
0.010407192632555962,0.0004071926325559614,0.06113845314449879,33.49616258288734,1.0,0.0093282510060817,0.999922080099402,3.595189174467552e-13,0.045855204516192925,0.0,fixed-e3m4,0.0,12,0.0,12000,detail,0.5533665251000639,2.3809947528068463e-08,3.969616500398843e-06,33.08312672725879,6.0720644796674605e-06,0.5525285005144135,4.876052480540238e-05
0.009279136545956135,0.0007208634540438654,0.03160728626452786,34.872227790998295,1.0,0.009716541972011328,0.9999290847047481,3.901518434116922e-13,0.023571357829058136,0.0,fixed-e3m4,0.0,12,0.0,12500,detail,0.030654982524011602,4.607723546312665e-08,3.2194011510000564e-06,34.44169497140683,2.018057557506836e-06,0.03006333720972734,4.901801366941072e-05
0.010269653983414173,0.0002696539834141729,0.021969394515657954,36.26003862498328,1.0,0.010127709014341235,0.9999038444507522,8.656868632693495e-14,0.037337823115776964,0.0,fixed-e3m4,0.0,12,0.0,13000,detail,0.4890163694872295,1.9434142807884027e-08,1.2121586223656777e-06,35.81076726340689,2.015128984567127e-06,0.4869361908916158,4.859613909502514e-05
0.011040597222745419,0.0010405972227454183,0.07575981052248751,37.640757041051984,1.0,0.01051895902492106,0.9999136076075681,1.2289946115622426e-12,0.04506288996731703,0.0,fixed-e3m4,0.0,12,0.0,13500,detail,0.6414788428409202,1.5886351954683437e-08,1.4734931028215215e-05,37.17329634958878,1.8328457372263074e-05,0.6417451835937776,6.743562698829919e-05
0.010192256420850754,0.00019225642085075358,0.027423097043268636,39.06597004085779,1.0,0.010904500028118491,0.9999022941736924,5.742828832285006e-13,0.04833118748143013,0.0,fixed-e3m4,0.0,12,0.0,14000,detail,0.10807651937509953,2.967861925592173e-08,6.758333711331943e-06,38.58041894505732,5.608962055703159e-06,0.10896699642367767,5.41806330147665e-05
0.00942920707166195,0.000570792928338051,0.03064461874512535,40.47372574987821,1.0,0.011286708060652018,0.9999063722308182,4.636985342074997e-13,0.03476280083193028,0.0,fixed-e3m4,0.0,12,0.0,14500,detail,-0.04710852216165954,2.2549120188129595e-08,7.494746569136623e-06,39.97003140789457,2.5987092158175074e-06,-0.04669620634184171,4.8863934352993965e-05
0.010731265880167484,0.0007312658801674841,0.10664435597665446,41.858179749920964,1.0,0.011668333085253835,0.9999413446187859,3.65665741945968e-13,0.05684856888184609,0.0,fixed-e3m4,0.0,12,0.0,15000,detail,-0.3210111373074631,3.0519191269672826e-08,6.543993094965117e-06,41.33613416342996,7.121584076230647e-06,-0.32021363738445946,3.9392576582031325e-05
0.009802165441215038,0.0001978345587849619,0.15277483754526508,43.24768037488684,1.0,0.012049208162352443,0.9999095649248048,3.1487238003798755e-13,0.046449440427849854,0.0,fixed-e3m4,0.0,12,0.0,15500,detail,0.4108754699572852,2.7708935287346037e-08,4.1845423766062595e-06,42.70762882800773,1.0137997378478758e-05,0.4112757202720059,6.105168722569942e-05
0.00995596032589674,4.403967410326025e-05,0.02372587200295122,44.63922100001946,1.0,0.012438917066901922,0.99991982278022,1.7416820823070862e-13,0.03822917698326236,0.0,fixed-e3m4,0.0,12,0.0,16000,detail,-0.035256524421027786,5.6449567688656074e-08,1.5109449122974183e-06,44.08097775396891,3.850255325232865e-06,-0.035084666972087016,6.055019184714183e-05
0.00986520852893591,0.00013479147106409094,0.006998949404419043,46.019799957983196,1.0,0.01283637504093349,0.9999086762195167,3.752334679252576e-13,0.06150341685649203,0.0,fixed-e3m4,0.0,12,0.0,16500,detail,-0.06907788258926857,2.5235747690011148e-08,2.0423340174602345e-06,45.44450136600062,2.0031347958138213e-06,-0.07003982018341551,5.15586907567922e-05
0.010231765918433666,0.00023176591843366602,0.008112984760828217,47.399924624944106,1.0,0.013223957968875766,0.9999249746498193,1.6916678103178253e-13,0.04159651381598495,0.0,fixed-e3m4,0.0,12,0.0,17000,detail,0.23709504881589444,1.91060154618478e-08,1.511222308181459e-06,46.80866528023034,1.4186703083396424e-06,0.23704959920345917,4.662022183765657e-05
0.010116533376276493,0.00011653337627649286,0.012566254311601584,48.767651750007644,1.0,0.013649832922965288,0.9999301042640825,6.441904180475643e-14,0.04892542339308706,0.0,fixed-e3m4,0.0,12,0.0,17500,detail,0.4065219536171967,2.590443909652114e-08,1.0647778481143177e-06,48.16014058771543,3.3016308407241013e-06,0.40678591931196806,4.490317951422185e-05
0.010109295137226582,0.00010929513722658137,0.02714148615265295,50.14255770784803,1.0,0.014050624798983335,0.999915828480667,1.6976450996334948e-13,0.046449440427849854,0.0,fixed-e3m4,0.0,12,0.0,18000,detail,0.36981327794603125,3.5644488060349736e-08,1.560502937536512e-06,49.51760103669949,2.142773610103177e-06,0.37153753501889386,5.8744550187839195e-05
0.010208659805357456,0.000208659805357456,0.017086583996889344,51.51194850006141,1.0,0.014446332585066557,0.999904621000002,7.223462956372561e-14,0.04486481133009805,0.0,fixed-e3m4,0.0,12,0.0,18500,detail,-0.11622516083065002,2.1968903277110467e-08,1.2287200661376119e-06,50.87106992141344,1.4074308865019702e-06,-0.11693586585167456,4.7084478865144774e-05
0.009855499491095543,0.0001445005089044573,0.027354065015929782,52.879293540958315,1.0,0.014821416698396206,0.9999088219127862,9.469600049566525e-14,0.04506288996731703,0.0,fixed-e3m4,0.0,12,0.0,19000,detail,-0.24765227546983923,2.3024833670532608e-08,1.292321712753619e-06,52.222501060925424,2.0105701423744904e-06,-0.24918669681245764,6.222374213393778e-05
0.009883066639304161,0.00011693336069583914,0.023434882070450365,54.24518874986097,1.0,0.01520083355717361,0.9999036984714861,3.2347548785409613e-13,0.04942061998613449,0.0,fixed-e3m4,0.0,12,0.0,19500,detail,0.5937617975171148,1.9278322374427826e-08,4.021135282528121e-06,53.5719177601859,1.5154402035477688e-06,0.5937169792202467,4.798281952389516e-05
0.010115858167409897,0.00011585816740989664,0.02349080236635264,55.630603458033875,1.0,0.015602999599650502,0.99992311904693,1.3531647113323614e-13,0.04090323858571853,0.0,fixed-e3m4,0.0,12,0.0,20000,detail,0.33330310703321797,1.9058208915434866e-08,2.3060929379425943e-06,54.93970380187966,1.7697170733299572e-06,0.33484266701190063,4.80355229228735e-05
0.006969843525439501,0.0030301564745604994,48.50349534529708,0.004112208960577846,1.0,0.0,,,,0.0,fixed-e4m3,0.0,12,0.0,0,detail,,,,0.0,0.005198817700147629,,0.00033254633308388293
0.01724964752793312,0.0072496475279331205,4.448881147736429,1.5626239590346813,1.0,0.0003892499953508377,0.9996680842834745,4.637423608974796e-11,9.903931860948797e-05,0.0,fixed-e4m3,0.0,12,0.0,500,detail,-0.17957653224467393,5.095140840605463e-07,0.00014122205902822316,1.5402564329560846,0.0002663813647814095,-0.18168249904387368,0.0006745931459590793
0.00891253910958767,0.0010874608904123308,1.1873832462949707,3.150548999896273,1.0,0.0008085828740149736,0.9997230454210178,6.442795000503742e-10,0.0,0.0,fixed-e4m3,0.0,12,0.0,1000,detail,0.9385370383797049,4.504302537742903e-07,0.00041937586502172053,3.1029804761055857,0.00011929877655347809,0.9389632108877598,0.0005462493281811476
0.009174317121505737,0.0008256828784942629,0.8110250558075519,4.775969417067245,1.0,0.0012163328938186169,0.9997048842132205,1.755025557747018e-11,0.0,0.0,fixed-e4m3,0.0,12,0.0,1500,detail,-0.22053740560406565,9.86245529174653e-07,4.878426989307627e-05,4.708230196265504,5.024835263611749e-05,-0.2193329253118458,0.0006401760037988424
0.009248025715351105,0.0007519742846488955,0.7770587051684686,6.4097026670351624,1.0,0.0016650829929858446,0.9995675187180488,1.4774248397110137e-10,0.0,0.0,fixed-e4m3,0.0,12,0.0,2000,detail,-0.3300247960166067,7.342747850507877e-07,0.0001349707308690995,6.320980452699587,9.518407023278996e-05,-0.3302037869546074,0.00035769041278399527
0.009550221264362335,0.000449778735637665,1.2494795987401235,7.883732791990042,1.0,0.0020431240554898977,0.9996630895079449,1.7514351449634676e-10,0.0002971179558284639,0.0,fixed-e4m3,0.0,12,0.0,2500,detail,0.5427242191239878,1.3616227281487998e-06,0.00020976318046450615,7.776953659718856,0.00017969889449886978,0.5436343757426706,0.0006735942442901433
0.00885330606251955,0.0011466939374804499,0.25927098757452754,9.370613833889365,1.0,0.002501582959666848,0.9996452252973587,1.777541357322784e-11,0.0,0.0,fixed-e4m3,0.0,12,0.0,3000,detail,-0.15911648629943398,1.2681505577547768e-06,4.421748599270359e-05,9.225468029733747,2.2101132344687358e-05,-0.1598598776784915,0.0005825732951052487
0.006281926296651363,0.003718073703348637,0.8566666820185367,10.824091417016461,1.0,0.0028989159036427736,0.9995860527900285,5.42307027747622e-11,0.0,0.0,fixed-e4m3,0.0,12,0.0,3500,detail,0.5030900422436438,9.930098546874894e-07,8.169429929694161e-05,10.661219233181328,8.76458507264033e-05,0.5026055001014553,0.0006278163054957986
0.011281009763479233,0.0012810097634792326,0.3203487002458012,12.247979749925435,1.0,0.003298790892586112,0.999655822091695,2.1055013185322924e-10,0.0,0.0,fixed-e4m3,0.0,12,0.0,4000,detail,0.9081546069166656,2.695626369246052e-07,0.00015187311510089785,12.067205884726718,6.125080835772678e-05,0.908568406801575,0.00044533333857543766
0.007116289343684912,0.0028837106563150885,0.9602060024401965,13.706612084060907,1.0,0.0037342070136219263,0.999665862334948,1.5407352466192596e-10,0.00019807863721897593,0.0,fixed-e4m3,0.0,12,0.0,4500,detail,0.7340279696107347,1.0566175022870796e-07,0.00016647214943077415,13.507967557292432,9.137404413195327e-05,0.7351922608761673,0.00012246528058312833
0.011711802333593369,0.0017118023335933683,0.23702786590370536,15.100350583903491,1.0,0.004116622963920236,0.9996480923184917,5.1036357163757976e-11,0.0,0.0,fixed-e4m3,0.0,12,0.0,5000,detail,-0.4039139572535374,2.9535956125038285e-07,6.549654790433124e-05,14.88426643004641,2.48086653300561e-05,-0.4055116556525164,0.00032020616345107555
0.011416948400437832,0.0014169484004378317,0.5495547845270453,16.454020791919902,1.0,0.004520831163972616,0.9996610955421823,3.163718695116929e-11,0.0,0.0,fixed-e4m3,0.0,12,0.0,5500,detail,0.543895073214787,6.845723906458943e-08,8.618379069957882e-05,16.220822338946164,0.00013237816165201366,0.5436966663734812,0.00014615982945542783
0.010158039629459381,0.0001580396294593809,1.1926906976500522,17.859366458840668,1.0,0.004905039211735129,0.99966488078393,3.919132751727705e-11,9.903931860948797e-05,0.0,fixed-e4m3,0.0,12,0.0,6000,detail,0.12231613567540393,2.2576353599243252e-07,9.612980647943914e-05,17.607101756846532,0.00011790086864493787,0.12397845411272539,0.00019710663764271885
0.009748821146786213,0.0002511788532137873,0.3612132988753824,19.232469291891903,1.0,0.005280622281134129,0.9996395236534719,1.9534087478215798e-11,0.00039615727443795186,0.0,fixed-e4m3,0.0,12,0.0,6500,detail,-0.4260877679262621,1.7610915290439005e-07,3.979054599767551e-05,18.96271355333738,2.2388207071344368e-05,-0.42404003614433655,0.0001844707439886406
0.010268664918839931,0.0002686649188399313,0.13737744761932064,20.600979416863993,1.0,0.005680330330505967,0.9996495081130095,3.4992832409268023e-12,0.0004951965930474399,0.0,fixed-e4m3,0.0,12,0.0,7000,detail,-0.3113548739854241,8.258975081913445e-08,9.398591828357894e-06,20.31424150406383,1.005818194244057e-05,-0.3099268031973636,0.00018441824067849666
0.011320878751575947,0.0013208787515759466,0.42758399403790615,21.95893158391118,1.0,0.006066872272640467,0.9996730361526635,2.862981559010505e-11,0.00039615727443795186,0.0,fixed-e4m3,0.0,12,0.0,7500,detail,0.21713480004430177,1.6580745922692838e-07,5.19517416250892e-05,21.656513998750597,3.5515684430720285e-05,0.21864253610647028,0.00020405251416377723
0.009357373230159283,0.0006426267698407175,0.05889293555675148,23.416871374938637,1.0,0.006457122275605798,0.9996725361358996,3.818035149651598e-11,9.903931860948797e-05,0.0,fixed-e4m3,0.0,12,0.0,8000,detail,-0.1364734264805329,1.3568370478468883e-07,5.9001722547691315e-05,23.097657159669325,2.5468425519648008e-05,-0.1353940197908185,0.00017776266031432897
0.011894582770764828,0.0018945827707648275,0.15991353087813628,24.779290458885953,1.0,0.006852580234408379,0.9996396579548982,6.7421760207786146e-12,0.0002971179558284639,0.0,fixed-e4m3,0.0,12,0.0,8500,detail,0.6334737045787155,2.0687903430758313e-07,1.8581413314677775e-05,24.44406362855807,1.7335241864202544e-05,0.6309264668544009,0.00018334269407205284
0.010147997178137302,0.0001479971781373022,0.17882763482486083,26.11987154185772,1.0,0.007247247267514467,0.9996595461874918,2.1805965423279627e-12,0.0002971179558284639,0.0,fixed-e4m3,0.0,12,0.0,9000,detail,0.12000743192759354,3.0170859222117226e-07,1.0284402378601953e-05,25.7690536796581,1.7641461454331875e-05,0.12098062983948192,0.00023772493295837194
0.009594431146979332,0.00040556885302066824,0.45338213265989386,27.457685333909467,1.0,0.007626163307577372,0.9996724824049789,6.337506838818787e-12,0.00019807863721897593,0.0,fixed-e4m3,0.0,12,0.0,9500,detail,0.5873739218087437,1.32800278596731e-07,2.267027593916282e-05,27.091005296912044,3.654016472864896e-05,0.5874413162239668,0.0001341884199064225
0.009460468776524067,0.0005395312234759333,0.2968866985731494,28.812007333850488,1.0,0.008023954462260008,0.999630836217911,4.359863837466515e-12,0.00019807863721897593,0.0,fixed-e4m3,0.0,12,0.0,10000,detail,-0.45729297040761785,4.81576481361503e-08,1.579931631567888e-05,28.428226889343932,2.9215487302280962e-05,-0.45464573622425564,7.438601460307837e-05
0.012896168977022171,0.002896168977022171,0.24651263968816375,30.16237270901911,1.0,0.008403246523812413,0.9996261890103865,1.1514597206138789e-11,0.0006932752302664158,0.0,fixed-e4m3,0.0,12,0.0,10500,detail,0.05014252811593767,8.702382466985295e-08,4.092708331882022e-05,29.761001761071384,3.99232521886006e-05,0.05383748591161553,0.0001563099940540269
0.0093454634770751,0.0006545365229249003,0.06380645262696916,31.50035308394581,1.0,0.008774871472269297,0.9996690730813709,7.753794952151698e-12,0.0,0.0,fixed-e4m3,0.0,12,0.0,11000,detail,-0.08066507020047547,8.83865600038814e-08,2.4820270482450724e-05,31.081768959295005,1.2700448678515386e-05,-0.08220855744455273,0.00014485551218967885
0.009527278132736683,0.0004727218672633173,0.10381860165610923,32.84509012498893,1.0,0.009179079439491034,0.999744181111721,4.846206907303597e-12,0.0005942359116569278,0.0,fixed-e4m3,0.0,12,0.0,11500,detail,0.03318071689852198,4.480530203989429e-08,1.4151932191452943e-05,32.40834378497675,1.0727019798650872e-05,0.03463012769635308,8.486207661917433e-05
0.0055420976132154465,0.004457902386784554,0.2606798776781812,34.22229700000025,1.0,0.00956582953222096,0.9996504779655558,1.0281875104308282e-11,0.0016836684163612954,0.0,fixed-e4m3,0.0,12,0.0,12000,detail,0.5385833403702855,1.8664988516586066e-08,2.4530349037377164e-05,33.76810808223672,1.9037153833778575e-05,0.536847597993447,4.549389268504456e-05
0.0117042176425457,0.0017042176425456999,0.10011139990779956,35.579007792053744,1.0,0.00997866247780621,0.9995827043852354,3.578295639618338e-12,0.0002971179558284639,0.0,fixed-e4m3,0.0,12,0.0,12500,detail,0.23039905962658422,2.3812948106347035e-07,1.6608837540843524e-05,35.10697713657282,6.700845005980227e-06,0.23391510148550082,0.00020523967396002263
0.00796276330947876,0.0020372366905212404,0.18446468157759888,36.92162224999629,1.0,0.010350871598348022,0.9996451743986894,3.69522603223572e-12,0.0007923145488759037,0.0,fixed-e4m3,0.0,12,0.0,13000,detail,-0.5254078088495794,1.1660689376480054e-07,1.2512577086454257e-05,36.432658788980916,2.0896213754895143e-05,-0.5248088633221796,0.00011343890218995512
0.010408192873001099,0.0004081928730010984,0.02623166371538418,38.28831783402711,1.0,0.010719121666625142,0.9996580068745194,3.716590004387132e-12,0.00019807863721897593,0.0,fixed-e4m3,0.0,12,0.0,13500,detail,0.37233629027404863,9.472620650299797e-08,1.5235869796015322e-05,37.78323395480402,4.807488039659802e-06,0.367972295544481,9.278803918277845e-05
0.009768376126885414,0.00023162387311458608,0.04950598362321094,39.63233758392744,1.0,0.011115830857306719,0.9996178459262669,1.422429219889774e-12,0.00019807863721897593,0.0,fixed-e4m3,0.0,12,0.0,14000,detail,0.06353856441724094,5.4737051298687755e-08,6.561729151144391e-06,39.11109196324833,3.3956323477468686e-06,0.06253237715891931,8.089927723631263e-05
0.008570955134928226,0.0014290448650717737,0.19159297180130855,40.98565895901993,1.0,0.011546747060492635,0.9996964620407037,9.04658318693341e-13,0.00039615727443795186,0.0,fixed-e4m3,0.0,12,0.0,14500,detail,-0.5423346679132997,5.7278383183063915e-08,3.905528501491062e-06,40.4466855970677,2.0593493900378235e-05,-0.5451971709588771,6.852273509139195e-05
0.010103137232363224,0.00010313723236322382,0.019586536428872647,42.32165349996649,1.0,0.011930496897548437,0.9996624368241195,5.74274395699406e-13,0.0005942359116569278,0.0,fixed-e4m3,0.0,12,0.0,15000,detail,0.40039272650465224,5.954710674738372e-08,3.16466434924223e-06,41.764930800534785,2.630585640872596e-06,0.40132289678799615,8.149526547640562e-05
0.010475925169885159,0.00047592516988515833,0.08324518284930037,43.67121216701344,1.0,0.012328288750723004,0.9996130666210219,1.2368395855164186e-12,9.903931860948797e-05,0.0,fixed-e4m3,0.0,12,0.0,15500,detail,0.6136322463828322,4.709344993459456e-08,2.991236215166282e-06,43.09712430089712,5.438638709165389e-06,0.6150672204096937,7.421062036883086e-05
0.008948576636612415,0.001051423363387585,0.02709707947787948,45.00733104185201,1.0,0.01272058067843318,0.9996629012663789,7.826171374387637e-13,0.00019807863721897593,0.0,fixed-e4m3,0.0,12,0.0,16000,detail,0.09096717584204707,4.641133659927157e-08,4.924952008877881e-06,44.41538004134782,3.767710950342007e-06,0.09144683180558427,6.89626976964064e-05
0.009209518320858479,0.0007904816791415217,0.07506565945699023,46.35339720896445,1.0,0.013124038698151708,0.9994856918557281,8.201305680086876e-12,9.903931860948797e-05,0.0,fixed-e4m3,0.0,12,0.0,16500,detail,-0.4026139212701187,5.921941912860379e-08,8.135119060170837e-06,45.74424462579191,7.343307061091764e-06,-0.4014576899779568,6.852846854599193e-05
0.008907857351005077,0.0010921426489949228,0.052231789603583545,47.693939291872084,1.0,0.013507372699677944,0.9996434922126494,5.761476945392277e-12,0.00019807863721897593,0.0,fixed-e4m3,0.0,12,0.0,17000,detail,-0.8758041117276545,9.952738278274209e-08,1.3067917279840913e-05,47.06684004678391,6.180826858326327e-06,-0.8747532291954812,5.8345613069832325e-05
0.011368934996426105,0.0013689349964261053,0.10960904062268485,49.02503733406775,1.0,0.013886206550523639,0.9995963553601891,2.764303076203459e-12,9.903931860948797e-05,0.0,fixed-e4m3,0.0,12,0.0,17500,detail,0.26662853601800435,5.127684518509075e-08,9.431650141777936e-06,48.38262596912682,8.550212442060001e-06,0.2708774426526753,9.31331524043344e-05
0.010220486670732498,0.00022048667073249796,0.05077216151804516,50.354951916961,1.0,0.014265123521909118,0.9996678218436968,6.723314129279748e-13,0.00019807863721897593,0.0,fixed-e4m3,0.0,12,0.0,18000,detail,-0.11729712634937242,9.822480835325109e-08,4.204282049613539e-06,49.69702792773023,4.228566012898227e-06,-0.118503164270675,0.00010133963223779574
0.009607304818928242,0.0003926951810717585,0.024826397898974766,51.69219958386384,1.0,0.014637540560215712,0.9996708045523421,1.4053657668335514e-12,0.00019807863721897593,0.0,fixed-e4m3,0.0,12,0.0,18500,detail,-0.05789559480119038,9.843634376422208e-08,4.1765438254515175e-06,51.01804530527443,1.9026300606128643e-06,-0.05610590829561735,9.368605969939381e-05
0.009613988921046257,0.0003860110789537432,0.0700179451911698,53.03095987485722,1.0,0.01502220775000751,0.9996761627075168,1.2096692034881532e-12,0.0002971179558284639,0.0,fixed-e4m3,0.0,12,0.0,19000,detail,-0.09080925801684597,8.401247766116413e-08,7.94447805674281e-06,52.340903415111825,4.219129550619982e-06,-0.08979818299524205,8.866887219483033e-05
0.009925671853125095,7.432814687490484e-05,0.03251007650594466,54.378251833841205,1.0,0.015437957597896457,0.9997197420951195,1.0968615173805406e-12,0.0007923145488759037,0.0,fixed-e4m3,0.0,12,0.0,19500,detail,-0.5276231161860263,1.551108511040998e-07,4.726967745227739e-06,53.670731416903436,3.229525418646517e-06,-0.5262702477822744,9.086760837817565e-05
0.009942185133695602,5.781486630439779e-05,0.03497143262460739,55.72045679204166,1.0,0.01581112458370626,0.9996978575936081,1.0090473806033777e-12,0.00039615727443795186,0.0,fixed-e4m3,0.0,12,0.0,20000,detail,-0.6559821108526299,8.867187632161533e-08,3.3805099519668147e-06,54.99307928723283,1.0395143362984527e-05,-0.6548387562132757,7.67280362197198e-05
0.009515293873846531,0.0004847061261534693,41.96612846016521,0.004197583068162203,1.0,0.0,,,,0.0,fixed-e5m2,0.0,12,0.0,0,detail,,,,0.0,0.006958285346627235,,0.0014786868123337626
0.013218843378126621,0.003218843378126621,3.7509170139457906,1.449326208094135,1.0,0.0003932500258088112,0.9980119623043565,1.2539344928807431e-09,0.0,0.0,fixed-e5m2,0.0,12,0.0,500,detail,-0.674564412433692,1.9947022217153575e-06,0.00022561931109521538,1.427521786186844,0.00021221855422481894,-0.6750248013038208,0.000813253631349653
0.010277757421135902,0.0002777574211359022,1.8923487553889455,2.8600433331448585,1.0,0.000810250174254179,0.9987830866116193,3.789921154742547e-10,0.0,0.0,fixed-e5m2,0.0,12,0.0,1000,detail,-0.04572967074557326,2.3521799453941313e-06,0.0002011014730669558,2.821226609637961,0.00022448373783845454,-0.04579810644153174,0.0011685398640111089
0.021203601732850075,0.011203601732850075,2.389527029436257,4.237628540955484,1.0,0.0011961671989411116,0.9985034926517852,1.9820043827356756e-10,0.0,0.0,fixed-e5m2,0.0,12,0.0,1500,detail,-0.15783823017298895,2.7824740423801692e-06,9.358680108562112e-05,4.182240350404754,0.00013051804853603244,-0.15559552194884285,0.002131488872691989
0.0077856797724962234,0.0022143202275037768,0.8620665515413184,5.613810375100002,1.0,0.0015742923133075237,0.9988455495656159,2.706656048877498e-10,0.0,0.0,fixed-e5m2,0.0,12,0.0,2000,detail,-0.10356949984924615,2.7492180569317635e-06,0.00014044169802218676,5.541589079424739,0.0001526197011116892,-0.10939824567260499,0.0027104164473712444
0.01422505546361208,0.004225055463612079,2.220016058764497,6.989967958070338,1.0,0.0019657511729747057,0.9985672056355889,6.50091790400512e-10,0.0,0.0,fixed-e5m2,0.0,12,0.0,2500,detail,0.08376105148855584,9.75408028453593e-07,0.00030034768860787153,6.900858989451081,0.0001287248160224408,0.08965465073303523,0.0010491356952115893
0.009697564877569675,0.00030243512243032476,0.27943829346358195,8.407115375157446,1.0,0.0023437091149389744,0.9986810945974374,1.457899376847889e-10,0.0,0.0,fixed-e5m2,0.0,12,0.0,3000,detail,-0.10426312043097907,1.838643656140122e-06,6.337757804431021e-05,8.301153542706743,5.139537825016305e-05,-0.10288398290918246,0.0015930936206132174
-0.0021060456056147814,0.012106045605614782,2.34837005411433,9.789207624970004,1.0,0.002732126275077462,0.9987597467810126,4.852357804335579e-10,0.0,0.0,fixed-e5m2,0.0,12,0.0,3500,detail,0.6250605260811521,1.1546162446659333e-06,0.00012398650869727135,9.66649041743949,0.0001477376208640635,0.6201122766408972,0.0016117611667141318
0.012106013484299183,0.0021060134842991827,0.32309786059257734,11.146478374954313,1.0,0.0031125431414693594,0.9987954708870753,2.469478289370464e-10,0.0,0.0,fixed-e5m2,0.0,12,0.0,4000,detail,0.21404407269572162,2.3709783659819442e-07,0.00015537669241894037,11.007338632596657,5.673441046383232e-05,0.21574527049106784,0.00043844300671480596
0.008625342510640621,0.001374657489359379,0.39574499427169335,12.504688958171755,1.0,0.0034942510537803173,0.998856966778794,1.711378729785369e-10,0.0,0.0,fixed-e5m2,0.0,12,0.0,4500,detail,0.26684290838513247,2.298137333957138e-07,0.00012348125164862722,12.347206924110651,0.00010352511162636802,0.26912011448316214,0.00040051568066701293
0.016051270067691803,0.006051270067691803,0.9459457318965088,13.864255583146587,1.0,0.0038878340274095535,0.9987677507811024,3.8777674717916385e-10,0.0,0.0,fixed-e5m2,0.0,12,0.0,5000,detail,-0.5536460432029128,8.83076827784524e-07,0.00019974238239228725,13.688143629347906,9.257062629330903e-05,-0.5525971987369079,0.0007793749100528657
0.00835389830172062,0.001646101698279381,0.45403392839684226,15.215556333074346,1.0,0.004269250901415944,0.9988473660520185,6.372206734304131e-11,0.0,0.0,fixed-e5m2,0.0,12,0.0,5500,detail,0.18288907197408014,1.9019386277339962e-07,3.349684993736446e-05,15.021434884751216,2.788485107885208e-05,0.18101223693593277,0.0004853178688790649
0.010042625479400158,4.262547940015772e-05,0.7416863343192349,16.602396625094116,1.0,0.004703334998339415,0.9987263088070236,1.1256819364417612e-10,0.0,0.0,fixed-e5m2,0.0,12,0.0,6000,detail,0.0002955761407368234,4.444988657115459e-07,0.00011618814460234717,16.390354956965894,0.0001495077449362725,0.002799232324968567,0.0005598480347543955
0.008779178373515606,0.0012208216264843943,0.36047548954826,18.036268583033234,1.0,0.005104418145492673,0.9986145548657769,2.806851196646081e-11,0.0,0.0,fixed-e5m2,0.0,12,0.0,6500,detail,0.23849759371633156,8.577157386566545e-07,2.759208837233018e-05,17.80456548416987,4.053908196510747e-05,0.24425381149413716,0.0005352794541977346
0.009386141784489155,0.0006138582155108454,0.5407934362736277,19.451651165960357,1.0,0.005502710351720452,0.9986399661388118,3.20964158835067e-11,0.0,0.0,fixed-e5m2,0.0,12,0.0,7000,detail,0.19727720789114425,1.219343209459893e-06,3.372183346073143e-05,19.202286356594414,8.139911369653419e-05,0.20170212313393615,0.001054594642482698
0.013450557366013527,0.0034505573660135267,1.2189692306859181,20.97617212496698,1.0,0.005949627375230193,0.9986737277105308,4.707263664483645e-10,0.0,0.0,fixed-e5m2,0.0,12,0.0,7500,detail,0.7830538303564952,1.1725692749955434e-06,0.00020348586258478463,20.706888489890844,0.00010156027565244585,0.7832862466345234,0.0010523217497393489
0.012034030631184578,0.0020340306311845777,0.2946164748121099,22.453025750117376,1.0,0.006344710476696491,0.9989062410970438,1.0402957097031823e-10,0.0,0.0,fixed-e5m2,0.0,12,0.0,8000,detail,-0.4334520700348357,4.3590855395148416e-07,5.338884875527583e-05,22.165903537534177,5.9818648878717795e-05,-0.43348382862658397,0.0006141334306448698
0.009423470124602318,0.0005765298753976824,0.12697477434320278,23.89470462501049,1.0,0.0067367106676101685,0.9987951470508272,4.9049085220696954e-11,0.0,0.0,fixed-e5m2,0.0,12,0.0,8500,detail,-0.2530309937831498,1.204912666153962e-06,7.370573439402506e-05,23.588315828703344,3.1009902158984914e-05,-0.2533872346090737,0.0009766950970515609
0.008117481134831905,0.0018825188651680948,0.22986072541960786,25.34087233315222,1.0,0.0071384606417268515,0.9987255168902737,3.987252460324307e-11,0.0,0.0,fixed-e5m2,0.0,12,0.0,9000,detail,0.7692271701631155,2.0595497260681757e-06,2.164403849747032e-05,25.017327204812318,2.217101246060338e-05,0.7674981210013486,0.001353241503238678
0.010234585031867027,0.00023458503186702707,0.10583571425213152,26.716758333146572,1.0,0.007542085601016879,0.9985697437491199,2.5821331004522623e-11,0.0,0.0,fixed-e5m2,0.0,12,0.0,9500,detail,-0.3692780349032775,5.573649250930495e-07,2.9983491913299076e-05,26.376640188507736,1.5611585695296526e-05,-0.37788979080756785,0.0005671256221830845
0.010428892448544502,0.00042889244854450205,0.10431377255577952,28.07242391607724,1.0,0.008010210702195764,0.9985615774543749,9.33848740594498e-12,0.0,0.0,fixed-e5m2,0.0,12,0.0,10000,detail,-0.44306312043525686,7.156058739444539e-07,1.0122201274498366e-05,27.716361870523542,2.442570257699117e-05,-0.44281955422949304,0.0006235921755433083
0.013639678247272968,0.003639678247272968,0.33151560770063415,29.449247166048735,1.0,0.00839933566749096,0.9987161867352901,4.355015488313846e-11,0.0,0.0,fixed-e5m2,0.0,12,0.0,10500,detail,0.016326119702540512,2.695683638911518e-07,4.113567774766125e-05,29.076488626888022,5.546399552258663e-05,0.014547305242177528,0.0002742574433796108
0.010812669061124325,0.0008126690611243246,0.18868230478849882,30.793265666114166,1.0,0.008803668664768338,0.9984884865443309,7.995218884303753e-12,0.0,0.0,fixed-e5m2,0.0,12,0.0,11000,detail,-0.06203592269823901,1.2868050803716568e-06,1.086417705664644e-05,30.403983696131036,1.1983927834080532e-05,-0.070184786133594,0.001087801530957222
0.010444257408380508,0.0004442574083805082,0.12475236446285172,32.12846037512645,1.0,0.009185418719425797,0.9983635642283999,1.715046177802007e-11,0.0,0.0,fixed-e5m2,0.0,12,0.0,11500,detail,0.578042834643965,1.131664784836256e-06,9.732326361699961e-06,31.721536939730868,9.682462405180559e-06,0.5714232576861167,0.000775527092628181
0.011507390066981316,0.0015073900669813154,0.14338802296080896,33.480025165947154,1.0,0.009621001780033112,0.9985599464480456,4.924301261445981e-11,0.0,0.0,fixed-e5m2,0.0,12,0.0,12000,detail,0.6391209301500794,1.590669845336919e-06,2.012335608014837e-05,33.055041866144165,1.3993275388202164e-05,0.6347234544257275,0.000932524970266968
0.011221115477383137,0.0012211154773831365,0.19986358106026214,34.8373632079456,1.0,0.009989793878048658,0.9990743699957476,2.887420345777926e-11,0.0,0.0,fixed-e5m2,0.0,12,0.0,12500,detail,0.6668132166289231,1.8823033048300393e-07,4.46191115770489e-05,34.39365868130699,2.2338379494613037e-05,0.666303440463151,0.00028182961978018284
0.010654328390955925,0.0006543283909559248,0.15668629026157752,36.1854641251266,1.0,0.010364001849666238,0.9989512277711489,4.8705305107487826e-11,0.0,0.0,fixed-e5m2,0.0,12,0.0,13000,detail,0.4737302396755384,1.697006414743057e-07,3.7043573684059083e-05,35.724217800656334,4.144423292018473e-05,0.46928718437220085,0.0002129116328433156
0.010648162104189396,0.0006481621041893957,0.07029692348387173,37.53742512501776,1.0,0.010751042747870088,0.9988998289729983,1.4287581974282785e-11,0.0,0.0,fixed-e5m2,0.0,12,0.0,13500,detail,0.014571327779326753,1.8819704428303847e-07,2.817165295709856e-05,37.05870442953892,3.8231439248193055e-05,0.01296451906133755,0.00027333342586643994
0.010088187642395496,8.818764239549616e-05,0.25983929836473235,38.88165508303791,1.0,0.011128501733765006,0.9988760096342554,3.1376511809217124e-12,0.0,0.0,fixed-e5m2,0.0,12,0.0,14000,detail,0.6016860912827112,2.1392923101481162e-07,3.525384727254277e-06,38.38553512864746,1.4255737369239796e-05,0.6024661421965298,0.0002770093851722777
0.009237617254257202,0.0007623827457427981,0.21680905524211974,40.22916291607544,1.0,0.011503626592457294,0.998811833887374,2.6788975008637913e-11,0.0,0.0,fixed-e5m2,0.0,12,0.0,14500,detail,-0.46823612793201863,2.0222956048634834e-07,2.1285663024173118e-05,39.715636058477685,2.7032727302866988e-05,-0.4747434359920708,0.0003053316904697567
0.010116484947502613,0.00011648494750261286,0.12915705287136897,41.57637891615741,1.0,0.011939626419916749,0.9985966617507128,1.8391789551313926e-11,0.0,0.0,fixed-e5m2,0.0,12,0.0,15000,detail,0.7577202749211107,1.50663562663847e-07,9.056145245267544e-06,41.04497413430363,7.116788765415549e-06,0.7607856539327637,0.0002808693388942629
0.010069945827126503,6.994582712650278e-05,0.14932855971941242,42.932508083060384,1.0,0.012325126444920897,0.9986563061727055,1.2813935724976453e-11,0.0,0.0,fixed-e5m2,0.0,12,0.0,15500,detail,-0.3992499897680246,1.740516656361688e-07,1.9202710973331705e-05,42.38336185528897,2.838458021869883e-05,-0.3992121824536268,0.00027340473025105894
0.01123280543833971,0.00123280543833971,0.18550687478566635,44.32988908304833,1.0,0.012717501493170857,0.9986313127210307,2.098100132089986e-11,0.0,0.0,fixed-e5m2,0.0,12,0.0,16000,detail,0.29744071202685274,2.694578123552832e-07,2.7202448109164834e-05,43.763240257045254,1.6416748621850275e-05,0.304753138379923,0.0001911929139168933
0.009088928811252117,0.000911071188747883,0.08258674268529304,45.69450800004415,1.0,0.013128918362781405,0.9984602961833836,5.441034509019647e-11,0.0,0.0,fixed-e5m2,0.0,12,0.0,16500,detail,0.4851746037287237,9.654714987378566e-08,3.402862057555467e-05,45.110435261623934,1.393051388731692e-05,0.4810044955524998,0.0001852920831879601
0.010699130594730377,0.000699130594730377,0.05319830908233108,47.048658416140825,1.0,0.013512418372556567,0.9986003296718049,2.152750499414364e-11,0.0,0.0,fixed-e5m2,0.0,12,0.0,17000,detail,0.3979641469420434,9.923842955755798e-08,1.816641270124819e-05,46.44753164611757,1.3372804460232146e-05,0.39005947774953703,0.0001742033491609618
0.010136676952242851,0.00013667695224285105,0.07019908497852048,48.40460754116066,1.0,0.013900460442528129,0.9987647135435924,4.6726039057579396e-12,0.0,0.0,fixed-e5m2,0.0,12,0.0,17500,detail,0.019174968403945707,1.255982590657703e-07,5.974981831968762e-06,47.78533610957675,8.570171303290408e-06,0.02250014205323688,0.0002533877268433571
0.010109510272741318,0.00010951027274131754,0.059408251152107815,49.74514174996875,1.0,0.01428566942922771,0.998619863595325,2.2799567614482124e-11,0.0,0.0,fixed-e5m2,0.0,12,0.0,18000,detail,0.29974520695806,1.0709576237591413e-07,1.9205403077648953e-05,49.10847556521185,5.433358182926895e-06,0.29806494742515827,0.00026289111701771617
0.010145205073058605,0.00014520507305860499,0.07809999965655412,51.0994797910098,1.0,0.014665961498394608,0.9984780840148402,4.39761835717959e-11,0.0,0.0,fixed-e5m2,0.0,12,0.0,18500,detail,0.10638011095301186,1.4610442058179563e-07,4.910575080430135e-05,50.44474077830091,7.331000688282074e-06,0.10621724327907228,0.00022110712598077953
0.008434901013970375,0.0015650989860296251,0.08289378623925611,52.45521633303724,1.0,0.015047753462567925,0.998553460917647,3.997349143251201e-11,0.0,0.0,fixed-e5m2,0.0,12,0.0,19000,detail,-0.5526313650597877,2.5334506057794043e-07,1.7512156773591414e-05,51.78341843932867,1.9647626686492004e-05,-0.5545906532557235,0.0003143145877402276
0.00852749403566122,0.0014725059643387797,0.14274178124715017,53.80666037509218,1.0,0.015425670426338911,0.9983968377725944,1.2809799452640754e-11,0.0,0.0,fixed-e5m2,0.0,12,0.0,19500,detail,-0.6005258097462808,5.041588103710979e-07,1.0671283234842122e-05,53.11767706926912,1.0822993317560758e-05,-0.6030876224359281,0.00034997143666259944
0.010672352276742458,0.0006723522767424581,0.1823680394455883,55.166181875159964,1.0,0.01582062942907214,0.9985057710279014,1.0365781329997942e-11,0.0,0.0,fixed-e5m2,0.0,12,0.0,20000,detail,-0.027183228522694194,3.5965550930847303e-07,1.6523732483619824e-05,54.45906164776534,1.5975561836967245e-05,-0.027313014712354887,0.0003621287760324776
0.006969843525439501,0.0030301564745604994,48.50349534529708,0.004011332988739014,1.0,0.0,,,,0.0,fixed-hybrid,0.0,12,0.0,0,detail,,,,0.0,0.005198817700147629,,0.00033254633308388293
0.010380242019891739,0.0003802420198917387,1.8784176889386526,1.3150187500286847,1.0,0.0003767909947782755,0.9985825935106271,3.306275546180774e-10,0.0,0.0,fixed-hybrid,0.0,12,0.0,500,detail,0.6869063586278982,1.8741115042377145e-07,0.00015895694377832115,1.295492006232962,0.00014988670591264963,0.6893096488141437,0.0003575910232029855
0.006371265277266502,0.003628734722733498,1.0863730329271353,2.6513559168670326,1.0,0.0007777069695293903,0.9987227491888031,5.466767047799416e-10,0.0,0.0,fixed-hybrid,0.0,12,0.0,1000,detail,0.8258971011846525,4.427253603713191e-07,0.00012486224295571446,2.615549998357892,7.152672333177179e-05,0.8292045761209578,0.0005177195416763425
0.0076436433009803295,0.0023563566990196707,0.9044482725665994,3.98261975008063,1.0,0.0011654568370431662,0.9986583018079936,5.502508997742076e-10,0.0,0.0,fixed-hybrid,0.0,12,0.0,1500,detail,0.7551233471836755,1.066674449419572e-06,9.639545169193298e-05,3.9310865870211273,0.00012844942102674395,0.7536987956719569,0.0006714057526551187
0.01247135829180479,0.0024713582918047903,0.3503113130748983,5.3196338750422,1.0,0.0015897899866104126,0.9986866724370044,1.0455803675946132e-10,0.0,0.0,fixed-hybrid,0.0,12,0.0,2000,detail,0.6058615759354812,9.064507073470161e-07,4.231019920553081e-05,5.25220196461305,5.4431795433629304e-05,0.6081834059718165,0.0004425185907166451
0.01703782007098198,0.007037820070981979,1.2017744346933594,6.648922249907628,1.0,0.001956998137757182,0.9985878930034422,2.8748049679710593e-10,0.0,0.0,fixed-hybrid,0.0,12,0.0,2500,detail,-0.7051759197902344,1.6215405412448815e-06,7.740468572592363e-05,6.5656792090740055,8.555636304663494e-05,-0.7039606604288904,0.0006415167008526623
0.012501200661063194,0.002501200661063194,0.5235875295633029,8.034610041882843,1.0,0.002326581161469221,0.9984637237517743,2.6168438021513545e-10,0.0,0.0,fixed-hybrid,0.0,12,0.0,3000,detail,0.7722640931012835,3.807791514596538e-07,7.321192242670804e-05,7.934897371567786,0.00010468170512467623,0.7718870114949361,0.0002993890084326267
0.008503938093781471,0.001496061906218529,0.6431453648899004,9.41545854206197,1.0,0.0027516651898622513,0.9986698631486076,5.926925312272169e-11,0.0,0.0,fixed-hybrid,0.0,12,0.0,3500,detail,0.2636064787168537,7.562057647324735e-07,3.382278009667061e-05,9.298353456193581,6.105450302129611e-05,0.2716823042348248,0.0004366044595371932
0.006877505220472813,0.0031224947795271876,0.3370070010045173,10.839390707900748,1.0,0.0031688313465565443,0.998512633533884,1.9234104125515612e-10,0.0,0.0,fixed-hybrid,0.0,12,0.0,4000,detail,-0.32873045011283814,3.7593266041039177e-07,7.562593964394182e-05,10.70560078555718,8.494200301356614e-05,-0.3252430387675114,0.00029448323766700923
0.01030663587152958,0.00030663587152957895,0.7049025815576485,12.24131020787172,1.0,0.0035487483255565166,0.9984043524300003,6.665403573082247e-11,0.0,0.0,fixed-hybrid,0.0,12,0.0,4500,detail,0.36283652938429095,2.2713367315696236e-07,2.2270627596299164e-05,12.090646618278697,7.006376108620316e-05,0.3625105008919246,0.0003011552325915545
0.004657690413296223,0.0053423095867037775,1.0574482406858743,13.63081695791334,1.0,0.0039988732896745205,0.9988421731643381,5.296353765105316e-10,0.0,0.0,fixed-hybrid,0.0,12,0.0,5000,detail,0.7525117942281204,1.8430588496553718e-07,0.00023815911845304072,13.464224745286629,0.0001320659212069586,0.7530032150404514,0.0003192729491274804
0.011558289639651775,0.0015582896396517752,0.9670726481663686,14.983143999939784,1.0,0.004373832140117884,0.9987982740708113,5.8004690790657344e-11,0.0,0.0,fixed-hybrid,0.0,12,0.0,5500,detail,0.34178239720452247,1.1024334063729189e-07,4.29736464866437e-05,14.800728291738778,8.83420798345469e-05,0.33825091402566676,0.00021826518059242517
0.009158100932836533,0.0008418990671634676,0.2235065371175302,16.337893875082955,1.0,0.0047821663320064545,0.9988702114384207,3.459555993622991e-11,0.0,0.0,fixed-hybrid,0.0,12,0.0,6000,detail,0.3059933982777501,1.8986891357042316e-07,1.8304566765436903e-05,16.13976645981893,2.7435760785010643e-05,0.30750044629949475,0.00019818131113424897
0.012103699147701263,0.0021036991477012632,0.2021625380195753,17.71471962495707,1.0,0.005162750370800495,0.9986546888509658,1.3297799430232976e-11,0.0,0.0,fixed-hybrid,0.0,12,0.0,6500,detail,0.1790474943314719,9.168746635923025e-08,1.0998122888850048e-05,17.499520471785218,1.4825556718278676e-05,0.17758369070139396,0.00020089662575628608
0.010195891372859478,0.0001958913728594778,0.46884654923085217,19.191591375041753,1.0,0.005529917310923338,0.9985783952573283,2.0954944281093824e-10,0.0,0.0,fixed-hybrid,0.0,12,0.0,7000,detail,-0.1166182905687988,1.5773063418971748e-07,6.684300024062395e-05,18.95910718315281,5.0103313697036356e-05,-0.11849123274402736,0.00020743352069985121
0.009394257329404354,0.0006057426705956461,0.04343491064263179,20.577418207889423,1.0,0.005950834136456251,0.998774060607868,3.16752393135362e-11,0.0,0.0,fixed-hybrid,0.0,12,0.0,7500,detail,-0.6493813421946456,6.318480894299368e-07,1.7331016351818107e-05,20.327352723805234,1.6623736883047968e-05,-0.6509197515101107,0.00042588161886669695
0.011522158980369568,0.0015221589803695677,0.379926180600847,21.988962708041072,1.0,0.006338875275105238,0.9984964083427336,1.1983087831744764e-10,0.0,0.0,fixed-hybrid,0.0,12,0.0,8000,detail,0.8389531792977374,3.256865873309841e-07,4.431550041772425e-05,21.720814111176878,3.0662900826428086e-05,0.8410434167946044,0.00038235040847212076
0.011036272160708904,0.001036272160708904,0.37506879501879664,23.356820666929707,1.0,0.006729083368554711,0.9985159936327633,1.7077532287812778e-10,0.0,0.0,fixed-hybrid,0.0,12,0.0,8500,detail,-0.5705466800919945,3.230169453394269e-07,4.697798067354597e-05,23.07101140427403,4.190879189991392e-05,-0.5736896295495952,0.00035265518818050623
0.010288991965353489,0.0002889919653534887,0.029127068837801674,24.718927582958713,1.0,0.007101291324943304,0.9988967921565837,3.887716430062118e-11,0.0,0.0,fixed-hybrid,0.0,12,0.0,9000,detail,0.752387904572901,1.858292549922667e-07,1.338021411356749e-05,24.415492475032806,3.6769258713320596e-06,0.7553969756939234,0.0002660350000951439
0.010264169424772263,0.00026416942477226237,0.05237718530760817,26.121203624876216,1.0,0.007493625394999981,0.9986453495439698,6.17412389298973e-11,0.0,0.0,fixed-hybrid,0.0,12,0.0,9500,detail,-0.26829448214016216,2.4942894415349784e-07,3.693741018651053e-05,25.80052196327597,4.597895895130932e-06,-0.26885267886267905,0.0002529208722990006
0.011073647998273373,0.0010736479982733724,0.09354797011700543,27.513982000062242,1.0,0.007879625307396054,0.9989499877963555,9.764782823393597e-12,0.0,0.0,fixed-hybrid,0.0,12,0.0,10000,detail,0.5576145023745133,1.1297587303259879e-07,1.3814824342262e-05,27.175979261752218,1.095687457564054e-05,0.556530455953882,0.0002175070985686034
0.007405496202409267,0.0025945037975907328,0.08728092300589768,28.925796166993678,1.0,0.008250250248238444,0.9982252536437117,1.3281088322377764e-11,0.0,0.0,fixed-hybrid,0.0,12,0.0,10500,detail,-0.3559354480166476,1.0856135946937978e-07,9.574081559549086e-06,28.569826011778787,1.1277289559075143e-05,-0.3520459946570469,0.00017781333008315414
0.009084021672606468,0.000915978327393532,0.044588676255269695,30.30193620803766,1.0,0.008632167242467403,0.9988046970921072,1.9363857819336658e-11,0.0,0.0,fixed-hybrid,0.0,12,0.0,11000,detail,0.17772933511000436,1.3470784007362606e-07,2.7418267563916743e-05,29.928490669233724,5.3049943744554184e-06,0.17556313111406144,0.00022190828167367727
0.010255355387926102,0.0002553553879261015,0.06583023144294882,31.66320737497881,1.0,0.009007667191326618,0.9985654356421115,1.6585052620876592e-11,0.0,0.0,fixed-hybrid,0.0,12,0.0,11500,detail,0.3440841680746238,2.3651458478585455e-08,7.551507678726921e-06,31.273142569931224,2.9222434022813104e-05,0.34135305574846353,0.00010806108184624463
0.010256008245050907,0.0002560082450509069,0.009206239552371246,33.05113841686398,1.0,0.00939400028437376,0.9988423334918722,1.7690657491176655e-12,0.0,0.0,fixed-hybrid,0.0,12,0.0,12000,detail,0.8061472512661828,8.813830957394626e-08,1.1274364624114241e-06,32.64358445350081,1.6813132788229268e-06,0.8096275081806568,0.0001257815456483513
0.010595356114208698,0.0005953561142086981,0.06873433890498233,34.43523345794529,1.0,0.009785208152607083,0.9987233298793607,9.357267476352367e-12,0.0,0.0,fixed-hybrid,0.0,12,0.0,12500,detail,0.46925304679298213,6.992976750832507e-08,6.294333161349641e-06,34.01126666297205,5.101825991005171e-06,0.46558782644314184,0.00018652950529940426
0.008295956067740917,0.001704043932259083,0.12358808343420506,35.78875954193063,1.0,0.010176916141062975,0.9986654169068271,1.2880228475543028e-11,0.0,0.0,fixed-hybrid,0.0,12,0.0,13000,detail,0.11105709422521565,4.5234876368705694e-08,9.91282104223501e-06,35.34687748621218,9.971694453270175e-06,0.11295168212055923,0.00014164789172355086
0.01201766636222601,0.002017666362226009,0.11425129995444867,37.18432237487286,1.0,0.010561082046478987,0.9985032988435365,8.83397559579144e-12,0.0,0.0,fixed-hybrid,0.0,12,0.0,13500,detail,0.6230775294903785,7.561537454656184e-08,9.061905075213872e-06,36.72585497633554,1.091873309633229e-05,0.6290966741611416,0.00015837584214750677
0.009590220637619495,0.0004097793623805048,0.08752738405087158,38.56217879196629,1.0,0.010994039941579103,0.9988490377631822,1.08996770419673e-11,0.0,0.0,fixed-hybrid,0.0,12,0.0,14000,detail,-0.041670464542378154,1.1788741794432718e-07,1.2907548807561398e-05,38.087045268854126,1.3882387975172605e-05,-0.04118840446978951,0.00023401775979436934
0.009211183525621891,0.0007888164743781092,0.18626991086962966,39.9673835830763,1.0,0.01141262287274003,0.9986139923124738,1.2262088149605348e-11,0.0,0.0,fixed-hybrid,0.0,12,0.0,14500,detail,0.4165311618483001,1.197094760370627e-07,1.2100012099836022e-05,39.4758318210952,1.4151606592349708e-05,0.4223453677191555,0.0002092738141072914
0.010155738331377506,0.00015573833137750605,0.17941583746950607,41.34655858296901,1.0,0.011827080976217985,0.9989614373816319,1.337592881963145e-11,0.0,0.0,fixed-hybrid,0.0,12,0.0,15000,detail,0.07557025178423142,8.127663531476027e-08,1.4678798834211193e-05,40.838238273514435,2.8942742574145086e-05,0.07527006061668515,0.00021376062068156898
0.01075343694537878,0.0007534369453787802,0.03958639381012681,42.71457091695629,1.0,0.012216288829222322,0.9988261490580705,1.590107339765058e-11,0.0,0.0,fixed-hybrid,0.0,12,0.0,15500,detail,0.30171972209445624,2.1029304589034494e-07,1.5251718650688417e-05,42.19090064917691,3.1598406167177018e-06,0.302274751553301,0.00027749838773161173
0.01007047388702631,7.047388702630976e-05,0.07549999116261455,44.08832254190929,1.0,0.012641121866181493,0.9985513097809141,1.5132991933466692e-11,0.0,0.0,fixed-hybrid,0.0,12,0.0,16000,detail,-0.33747618071983754,1.5919259244403263e-07,5.912782398809213e-06,43.54956606659107,5.616942416963866e-06,-0.34385870228153054,0.00023536036314908415
0.010553068481385708,0.0005530684813857076,0.058564301993591555,45.4494913329836,1.0,0.01302753877826035,0.9986892192778147,5.677033126145874e-12,0.0,0.0,fixed-hybrid,0.0,12,0.0,16500,detail,0.7164551872106012,2.1882757845190964e-07,5.269343546387972e-06,44.89526316081174,8.567252734792419e-06,0.7157444536357573,0.0002016086073126644
0.00947021134197712,0.0005297886580228808,0.11335258609909958,46.79062904207967,1.0,0.01340116374194622,0.9985756954182002,5.498464269382197e-12,0.0,0.0,fixed-hybrid,0.0,12,0.0,17000,detail,0.6042765476571217,2.0403640994771646e-07,4.2254227992089e-06,46.220691540045664,7.2322454798268154e-06,0.6017809807984199,0.00020819305791519582
0.007465111091732979,0.0025348889082670214,0.1771155112782802,48.12766212504357,1.0,0.013828829629346728,0.9983520436039452,1.156418153371147e-11,0.0,0.0,fixed-hybrid,0.0,12,0.0,17500,detail,0.003364735757058717,1.4424903121043379e-07,1.1473204722278751e-05,47.542707291431725,1.0637030754878651e-05,0.011743460442771293,0.00023869711731094867
0.009581179358065128,0.0004188206419348719,0.041630059072069514,49.461576957954094,1.0,0.014213329646736383,0.998658505277814,4.077349205270623e-12,0.0,0.0,fixed-hybrid,0.0,12,0.0,18000,detail,-0.12320134378231656,1.8215082432475952e-07,6.122731065261178e-06,48.86132530332543,3.4418958421156276e-06,-0.1257863053835502,0.00022742389410268515
0.009274906478822231,0.0007250935211777689,0.11022018448949093,50.79308241698891,1.0,0.014591496670618653,0.9987253301423765,4.188876549489709e-12,0.0,0.0,fixed-hybrid,0.0,12,0.0,18500,detail,0.013769847381902157,1.7603322127185237e-07,4.3060717871412635e-06,50.17759592528455,8.71509200806031e-06,0.009966419251491648,0.0002457144146319479
0.009883656166493893,0.00011634383350610754,0.05170995299924499,52.18748495797627,1.0,0.014978121733292937,0.9984367123781076,9.895376276454581e-12,0.0,0.0,fixed-hybrid,0.0,12,0.0,19000,detail,-0.4353436566132913,2.8853281884588e-07,5.041701115260366e-06,51.556698967469856,3.5788543755188584e-06,-0.4339072215194113,0.0002442848344799131
0.00971244741231203,0.0002875525876879694,0.03351058046379191,53.55449112504721,1.0,0.015361746773123741,0.9986303571117883,2.6856345970572145e-12,0.0,0.0,fixed-hybrid,0.0,12,0.0,19500,detail,0.1334483297490007,4.117912996328919e-07,2.5017288862727582e-06,52.908566212048754,2.6009233806689736e-06,0.12761916902387072,0.0002437092480249703
0.009826230816543102,0.00017376918345689794,0.10660782355890543,54.91076387488283,1.0,0.01573674683459103,0.9985200646395113,8.84814294307139e-12,0.0,0.0,fixed-hybrid,0.0,12,0.0,20000,detail,-0.7581100633719579,2.529159979692602e-07,3.799019850703189e-06,54.2480575509835,9.73770693235565e-06,-0.7579402603804852,0.00021527243370655924
0.009652361273765564,0.00034763872623443624,37.17984379673251,0.004135207971557975,1.0,0.0,,,,0.013329875189810991,calibrated,0.0,12,0.013329875189810991,0,detail,,,,0.0,0.005255813244730234,,0.00010905089584412053
0.012176619842648506,0.002176619842648506,1.7862779338571348,1.3863085829652846,1.0,0.0003735420759767294,0.9999046359582536,2.985410962569283e-12,0.012280875507576509,0.013329875189810991,calibrated,0.0,12,0.013329875189810991,500,detail,0.011465229721754816,5.6216702208201033e-08,8.457573130726814e-05,1.3643416988197714,0.00010035484592663124,0.012696024762445402,4.246563548804261e-05
0.009412667714059353,0.0005873322859406473,0.7851719656154391,2.839746082900092,1.0,0.0007883331272751093,0.9999097593551343,1.566828267435746e-12,0.02000594235911657,0.013329875189810991,calibrated,0.0,12,0.013329875189810991,1000,detail,-0.3293524418557187,8.608191916807034e-08,3.831008871202357e-05,2.798935448518023,5.1800863730022684e-05,-0.3278476994192213,6.001617657602765e-05
0.008413544856011868,0.0015864551439881327,1.3571729872191305,4.292049292009324,1.0,0.0012160411570221186,0.9999015239966487,1.7006042780150122e-11,0.014360701198375755,0.013329875189810991,calibrated,0.0,12,0.013329875189810991,1500,detail,0.6928754523731846,1.2088972943792915e-07,9.411326027475297e-05,4.231609460432082,0.00013665499864146113,0.6923553051593362,0.00014051049947738647
0.013236377388238907,0.0032363773882389067,0.4297793850758719,5.891173125011846,1.0,0.0017254571430385113,0.9999036218360083,1.3366095365169191e-11,0.01366742596810934,0.013329875189810991,calibrated,0.0,12,0.013329875189810991,2000,detail,0.11266248964499664,1.4715813669270597e-07,6.602733628824353e-05,5.807652341201901,4.9090835091192275e-05,0.11283173847930214,0.0001218486504512839
0.0096905417740345,0.0003094582259655001,0.43984747583201866,7.548643792048097,1.0,0.0022336661349982023,0.9999016862782641,3.1098620117578693e-12,0.012974150737842924,0.013329875189810991,calibrated,0.0,12,0.013329875189810991,2500,detail,0.12641233042214783,5.4691334205688356e-08,2.8212059987708926e-05,7.442782308207825,4.9949903768720105e-05,0.12658669574138656,4.348392758402042e-05
0.007479196414351463,0.002520803585648537,0.88279231171493,9.136105583049357,1.0,0.002616624115034938,0.9999106059748787,3.889757738326512e-11,0.01713380211944142,0.013329875189810991,calibrated,0.0,12,0.013329875189810991,3000,detail,0.9406116573988381,2.699347107487079e-08,0.00010837828449439257,9.010206688428298,5.238632365944795e-05,0.9408055432665201,6.481917080236599e-05
0.010671617463231087,0.0006716174632310865,0.3378910671359601,10.732755874982104,1.0,0.003042499301955104,0.9999149031854931,9.150032921915317e-12,0.015747251658908588,0.013329875189810991,calibrated,0.0,12,0.013329875189810991,3500,detail,0.8221451925615854,3.696899830992816e-08,5.02171169500798e-05,10.586649355711415,3.175612073391676e-05,0.8224493324021939,5.2080777095397934e-05
0.009300576522946358,0.0006994234770536425,0.40682017756810634,12.232509166933596,1.0,0.0035378742031753063,0.9999250949129147,1.5525217796092737e-11,0.018124195305536297,0.013329875189810991,calibrated,0.0,12,0.013329875189810991,4000,detail,-0.1082724452868815,1.7119016290611306e-07,0.0001149174349848181,12.067070873687044,6.303552800090984e-05,-0.1084271473670082,0.00011104720761068165
0.010971496812999249,0.0009714968129992483,0.32937907675656636,13.728171291993931,1.0,0.003932082327082753,0.9999153560188832,9.241164488886654e-12,0.026443498068733286,0.013329875189810991,calibrated,0.0,12,0.013329875189810991,4500,detail,-0.5314277611531519,3.365856492335952e-07,4.416350930114277e-05,13.543026125058532,3.170462150592357e-05,-0.5323531411315833,0.00016368301294278353
0.010755633935332298,0.0007556339353322981,0.10160235336225927,15.207537000067532,1.0,0.004498123191297054,0.9999221736461624,2.4699490860159155e-12,0.016836684163612954,0.013329875189810991,calibrated,0.0,12,0.013329875189810991,5000,detail,0.5175100183585131,2.084448448406254e-07,2.0999386833864264e-05,15.003293138928711,1.5439718481502496e-05,0.5181279965998027,0.00010598651715554297
0.008647598326206207,0.001352401673793793,0.21869891682259646,16.606380166951567,1.0,0.00488424813374877,0.9998982467402945,4.038228364844738e-12,0.02485886897098148,0.013329875189810991,calibrated,0.0,12,0.013329875189810991,5500,detail,0.9044651036397017,1.132548863902033e-07,1.928516576299444e-05,16.385233435081318,1.5643370716134086e-05,0.904392337099133,8.697355951881036e-05
0.013116088695824146,0.003116088695824146,0.33365615936968224,18.139846541918814,1.0,0.005313540110364556,0.9999173544697096,1.4252139437464142e-11,0.027136773298999703,0.013329875189810991,calibrated,0.0,12,0.013329875189810991,6000,detail,0.7199757904391635,1.175679133670907e-07,5.883648918825202e-05,17.90113030723296,4.801179966307245e-05,0.7204555074701329,0.00010383292828919366
0.009666002355515957,0.00033399764448404333,0.630960163147245,19.61492049996741,1.0,0.005789040122181177,0.9999224209104828,8.037300081212044e-12,0.020303060314945033,0.013329875189810991,calibrated,0.0,12,0.013329875189810991,6500,detail,-0.3712878598942002,2.3823670456053128e-07,5.641329335048795e-05,19.35842117271386,6.201701035024598e-05,-0.3704634831902865,9.117996523855254e-05
0.011788561940193176,0.001788561940193176,0.6839253228423248,21.08580300002359,1.0,0.006175623275339603,0.9999293073602024,2.3816307515255485e-11,0.01653956620778449,0.013329875189810991,calibrated,0.0,12,0.013329875189810991,7000,detail,0.6163412173564997,1.0238960425188425e-07,0.00014481740072369576,20.811172001529485,0.0002477901289239526,0.6167439266469952,8.79605213413015e-05
0.00992660503834486,7.339496165514013e-05,0.16542218920471208,22.713805499952286,1.0,0.006574248196557164,0.9999265170262274,1.5116025687129911e-12,0.02783004852926612,0.013329875189810991,calibrated,0.0,12,0.013329875189810991,7500,detail,-0.23053899480328838,7.576157511434032e-08,1.6417159713455476e-05,22.416213288204744,2.9800015909131616e-05,-0.2285135617862798,6.149032560642809e-05
0.00880795530974865,0.0011920446902513506,0.23002552703749843,24.24638441693969,1.0,0.006984623149037361,0.9999209946241544,8.112144039956803e-12,0.046944637020897295,0.013329875189810991,calibrated,0.0,12,0.013329875189810991,8000,detail,0.8398512455222846,2.5169414250267076e-08,4.19709031120874e-05,23.929134833160788,4.496748078963719e-05,0.8405132858376899,7.009308319538832e-05
0.009581930935382843,0.0004180690646171572,0.15313101355261352,25.76116345799528,1.0,0.00737545732408762,0.9999198905759431,4.14043622105795e-12,0.030801228087550758,0.013329875189810991,calibrated,0.0,12,0.013329875189810991,8500,detail,0.5291967633058342,3.9945626566618566e-08,3.6287539842305705e-05,25.42539133410901,1.4426470443140715e-05,0.529038894222461,4.4836771849077195e-05
0.011193579062819481,0.0011935790628194807,0.12932666965291878,27.316307541914284,1.0,0.008070873329415917,0.9999238725136592,1.3722619605884433e-12,0.03169258195503615,0.013329875189810991,calibrated,0.0,12,0.013329875189810991,9000,detail,0.32572107589329624,1.3770184116874723e-07,1.6692161807441153e-05,26.95974237541668,1.1171696314704604e-05,0.325603474937534,0.00011211500532226637
0.011806788854300976,0.0018067888543009756,0.16746742537797565,28.831244417000562,1.0,0.008519248338416219,0.9999070757357533,1.7387340105479122e-12,0.038922452213528774,0.013329875189810991,calibrated,0.0,12,0.013329875189810991,9500,detail,0.5303846453097537,1.0230196877257759e-07,1.8419568732497282e-05,28.454844121122733,2.9571261620731093e-05,0.5302758940066058,0.00010398883750895038
0.010475737042725086,0.000475737042725086,0.15012760899793276,30.3615271251183,1.0,0.008964582346379757,0.9999240160973251,6.700213428464815e-12,0.0518966029513717,0.013329875189810991,calibrated,0.0,12,0.013329875189810991,10000,detail,0.20977789133642938,5.150064833095478e-08,3.994236612925306e-05,29.964555490761995,3.126749652437866e-05,0.2106910132418162,7.08496809238568e-05
0.010313190519809723,0.0003131905198097227,0.08784562942041436,31.96338541712612,1.0,0.00940545741468668,0.9999024936305243,6.42632742346363e-13,0.043478260869565216,0.013329875189810991,calibrated,0.0,12,0.013329875189810991,10500,detail,0.6594379563431624,5.992010272807061e-08,6.348792794597102e-06,31.546034620143473,6.793096872570459e-06,0.6596218818533395,6.564535578945652e-05
0.009752371348440647,0.0002476286515593531,0.03765155850150845,33.452411625068635,1.0,0.009843915468081832,0.9999061512283772,4.757209419640677e-13,0.029909874220065365,0.013329875189810991,calibrated,0.0,12,0.013329875189810991,11000,detail,0.14928058314771456,1.0105399940229e-07,6.478055183833931e-06,33.01480562845245,4.19247862737393e-06,0.1502898978255292,7.634603389305994e-05
0.01110502053052187,0.0011050205305218695,0.05478469936114155,34.950127582997084,1.0,0.010296790394932032,0.9999236067462486,5.227005185250103e-13,0.03466376151332079,0.013329875189810991,calibrated,0.0,12,0.013329875189810991,11500,detail,-0.3892231670774814,1.193158055175155e-07,4.447824267117539e-06,34.49261390743777,9.546549335937016e-06,-0.3888297418485548,9.920683078235015e-05
0.010040093213319778,4.0093213319778234e-05,0.09486336360367104,36.47541045793332,1.0,0.010715998476371169,0.9999119550889893,1.1015147008400404e-12,0.029513716945627416,0.013329875189810991,calibrated,0.0,12,0.013329875189810991,12000,detail,0.7553268322825888,7.692092026410663e-08,6.552930244652089e-06,35.99751684744842,5.600461463473039e-06,0.7567302830273671,8.100357081275433e-05
0.010488400235772133,0.0004884002357721327,0.02402011076032085,37.994751000078395,1.0,0.011109081329777837,0.9999086020642652,3.878737093418503e-13,0.02485886897098148,0.013329875189810991,calibrated,0.0,12,0.013329875189810991,12500,detail,-0.6063085612154145,1.3435435921224355e-07,2.860285349015612e-06,37.49726734217256,4.273164904589066e-06,-0.6065239516922606,8.593402890255675e-05
0.010340217500925064,0.0003402175009250639,0.1406400303203357,39.46066458290443,1.0,0.011519789230078459,0.9999194301085987,1.1013385304731138e-12,0.03357432900861642,0.013329875189810991,calibrated,0.0,12,0.013329875189810991,13000,detail,-0.3523571281594703,5.42378575041916e-08,7.238021225930424e-06,38.94450422702357,1.1742320566554554e-05,-0.35122745461193083,5.526361564989202e-05
0.010224340483546257,0.0002243404835462568,0.03674486200818581,41.1042965000961,1.0,0.011953039327636361,0.9999244271791617,3.378352429527203e-13,0.02099633554521145,0.013329875189810991,calibrated,0.0,12,0.013329875189810991,13500,detail,0.5219692300181461,4.9840097902305476e-08,4.225191332807299e-06,40.56705898698419,3.663358029371011e-06,0.5217929384684751,6.698683137074113e-05
0.01068385411053896,0.0006838541105389593,0.04665413512073479,42.75655841710977,1.0,0.01248816424049437,0.9999164794899774,2.88090227171545e-13,0.037733980390214916,0.013329875189810991,calibrated,0.0,12,0.013329875189810991,14000,detail,-0.2791304729448243,8.527503962769824e-08,4.712800546258222e-06,42.199502744711936,4.428098691278137e-06,-0.278521922179041,8.50451469887048e-05
0.009155136533081532,0.0008448634669184687,0.06686177587410633,44.4611761670094,1.0,0.01300412230193615,0.9999276638996675,6.722632486373971e-13,0.029018520352579975,0.013329875189810991,calibrated,0.0,12,0.013329875189810991,14500,detail,-0.4620635428339926,5.3896004889517674e-08,7.551740054623224e-06,43.88448796141893,9.5970708571258e-06,-0.46113036915212496,6.908714567543939e-05
0.009130345657467842,0.0008696543425321581,0.021800385248805634,46.043561707949266,1.0,0.013409205246716738,0.9999159063051598,1.1063735163888235e-13,0.03842725562048133,0.013329875189810991,calibrated,0.0,12,0.013329875189810991,15000,detail,0.17416270765317907,6.72553820716825e-08,1.7479183043178637e-06,45.445693178800866,2.6167249416175764e-06,0.17659291447274844,5.8842306316364557e-05
0.010577606968581676,0.0005776069685816763,0.011090547611582464,47.73335362505168,1.0,0.013977788388729095,0.9999301305456388,7.915586829660621e-14,0.05734376547489353,0.013329875189810991,calibrated,0.0,12,0.013329875189810991,15500,detail,-0.3949776112506552,3.985696308922553e-08,1.5187522421911126e-06,47.11571593256667,2.6432574031787226e-06,-0.396009461700165,6.126170774223283e-05
0.010261214338243008,0.00026121433824300745,0.01608594935118192,49.69612879212946,1.0,0.014424871420487761,0.9999154122054936,2.4364361117049848e-12,0.04892542339308706,0.013329875189810991,calibrated,0.0,12,0.013329875189810991,16000,detail,-0.010774331336107383,4.578874347530688e-08,1.159421844931785e-05,49.054434588877484,5.388080808188533e-06,-0.010751834704374326,4.457156319404021e-05
0.00891523901373148,0.0010847609862685206,0.04746310930300344,51.490870542125776,1.0,0.015162913361564279,0.9999045906609171,7.567925336431732e-14,0.03842725562048133,0.013329875189810991,calibrated,0.0,12,0.013329875189810991,16500,detail,0.29465174674593975,4.6491001443945684e-08,1.559036491016741e-06,50.82587266853079,1.2464718565752264e-05,0.2946873053336059,4.8010708269430324e-05
0.010020815767347813,2.0815767347812444e-05,0.011979673038278252,53.05743012507446,1.0,0.015718121314421296,0.9999310496131241,2.3114974629516713e-13,0.033376250371397444,0.013329875189810991,calibrated,0.0,12,0.013329875189810991,17000,detail,0.8134271211218537,3.9093521607354846e-08,1.8382228290647618e-06,52.3716585857328,1.413089080415375e-06,0.8138350666415765,4.011841519968584e-05
0.008833375759422779,0.0011666242405772211,0.021015120572156102,54.598955708090216,1.0,0.016158121172338724,0.9998999660656532,1.7454427161086677e-13,0.041200356541546995,0.013329875189810991,calibrated,0.0,12,0.013329875189810991,17500,detail,-0.02582855192654459,2.7392995117336626e-08,2.1477062546182424e-06,53.89197062049061,1.5602465737174498e-06,-0.026526140465938982,4.87487341160886e-05
0.010799756273627281,0.000799756273627281,0.022526484751463183,56.19702275004238,1.0,0.016543746227398515,0.9999225020768628,2.9081649301460434e-13,0.0419926710904229,0.013329875189810991,calibrated,0.0,12,0.013329875189810991,18000,detail,-0.5478459236154389,3.234706939264738e-08,2.7740145469579147e-06,55.47043762728572,2.375189524173038e-06,-0.547372078758869,4.35250076407101e-05
0.010657415725290775,0.0006574157252907751,0.02183407950986706,57.85200283303857,1.0,0.016972537152469158,0.9998873364327657,3.652699669651463e-13,0.04486481133009805,0.013329875189810991,calibrated,0.0,12,0.013329875189810991,18500,detail,0.3420716201271298,3.2199472275391654e-08,3.0416240406339057e-06,57.10193500993773,2.4185460461012553e-06,0.34244781090990256,4.481159339775331e-05
0.010375984013080597,0.0003759840130805967,0.01355031082556378,59.43635341711342,1.0,0.017431162297725677,0.9998941241965346,3.419168164785277e-13,0.038823412894919286,0.013329875189810991,calibrated,0.0,12,0.013329875189810991,19000,detail,0.24859869191912956,3.870853432169664e-08,3.964096322306432e-06,58.66337437834591,1.6327787761838408e-06,0.24771278785621248,4.546769196167588e-05
0.010348664596676826,0.00034866459667682627,0.007330595330994893,60.955772625049576,1.0,0.01787099614739418,0.9999017458699759,5.657738948517316e-14,0.038328216301871845,0.013329875189810991,calibrated,0.0,12,0.013329875189810991,19500,detail,-0.5423703452987769,4.41362418553312e-08,7.151410272854264e-07,60.16409205365926,8.359274943359196e-07,-0.5432859560793358,4.390488538774662e-05
0.009721326641738415,0.00027867335826158544,0.014350674370546485,62.51270370790735,1.0,0.01830437104217708,0.9999248128914784,6.468203093110607e-14,0.032782014459740515,0.013329875189810991,calibrated,0.0,12,0.013329875189810991,20000,detail,-0.14105972006266573,2.4385148783369283e-08,1.330386112385895e-06,61.68973905243911,1.5587629604851827e-06,-0.1404624972664753,4.4215463276486844e-05
0.009652361273765564,0.00034763872623443624,37.17984379673251,0.005669583100825548,1.0,0.0,,,,0.013329875189810991,adaptive,0.0,12,0.013329875189810991,0,detail,,,,0.0,0.005255813244730234,,0.00010905089584412053
0.012152507901191711,0.0021525079011917112,2.0386709134422003,1.5890833330340683,1.0,0.0006244999822229147,0.9999083134318889,1.2026573922966457e-11,0.012577993463404971,0.013329875189810991,adaptive,0.022039787843823433,12,0.035369663033634424,500,detail,0.5760191118257584,1.323129290995307e-07,0.00011219723091926426,1.5582406644243747,0.0001116924177040346,0.57660087528744,6.41039659967646e-05
0.008132822811603546,0.001867177188396454,0.813982960827512,3.0709509579464793,1.0,0.0010122908279299736,0.9999019812342227,6.99707914731439e-12,0.015351094384470635,0.013329875189810991,adaptive,0.04845937225036323,12,0.06178924744017422,1000,detail,-0.3325726608060422,1.3866398221569397e-07,5.213160329731181e-05,3.021980323595926,5.7416469644522294e-05,-0.3321603654040018,9.910335211316124e-05
0.009241828694939613,0.0007581713050603869,0.517383753333706,4.527579708024859,1.0,0.0013799159787595272,0.9999017914127523,9.796521152434394e-12,0.01218183618896702,0.013329875189810991,adaptive,0.07378278998658061,12,0.0871126651763916,1500,detail,0.6464437457081409,5.480235631103192e-07,4.356676072347909e-05,4.460742323892191,3.7922516639810055e-05,0.6472397690033178,0.00018631797865964472
0.008900105021893978,0.001099894978106022,0.34926590495701376,6.074452749919146,1.0,0.0017692081164568663,0.9999214157246109,4.1672649465816185e-12,0.021689610775477864,0.013329875189810991,adaptive,0.09888250916264951,12,0.1122123843524605,2000,detail,0.37690314386306994,1.766002538009864e-07,4.066564724780619e-05,5.99055195832625,6.755631329724565e-05,0.3769511716509676,0.00012809887994080782
0.007387081626802683,0.0026129183731973173,0.5893818963541716,7.583564250031486,1.0,0.0022603331599384546,0.9999084953750944,7.97395400881665e-12,0.017827077349707832,0.013329875189810991,adaptive,0.12557376292534173,12,0.13890363811515272,2500,detail,0.5148755784325144,1.5817577992719087e-07,5.6608936574775726e-05,7.482285789679736,4.462755532586016e-05,0.5144365876591054,0.00010325277253286913
0.012100961059331894,0.0021009610593318937,0.27431617804811304,9.023696165997535,1.0,0.0026585410814732313,0.9999299549186268,4.24714305629589e-12,0.013865504605328316,0.013329875189810991,adaptive,0.15417763288132846,12,0.16750750807113945,3000,detail,0.45091134288292795,5.939165061447713e-08,4.183954297332093e-05,8.904412949923426,2.2720665583619848e-05,0.45121268296767264,4.754801921080798e-05
0.008942964486777782,0.0010570355132222178,0.47400780985714647,10.434221500065178,1.0,0.0031028331723064184,0.9998997125076992,1.229181886412328e-11,0.015846290977518076,0.013329875189810991,adaptive,0.17944917175918818,12,0.19277904694899917,3500,detail,0.32976461133316576,7.975075532466669e-08,6.699869118165225e-05,10.296047186711803,5.681211405317299e-05,0.3287301934139033,0.00014889358135405928
0.00918864831328392,0.0008113516867160799,0.24730133224819026,11.831001082900912,1.0,0.0035571239423006773,0.9999035993890257,9.104795484138274e-12,0.014261661879766267,0.013329875189810991,adaptive,0.20433750073425472,12,0.2176673759240657,4000,detail,0.5036663645023723,1.794063515414045e-07,5.134081220603548e-05,11.674376820446923,4.838956374442205e-05,0.5038877616162243,0.00014145340537652373
0.008963746018707752,0.001036253981292248,0.237711523805973,13.33888570801355,1.0,0.0039407911244779825,0.9999198760502918,1.7513344036320876e-12,0.022680003961572746,0.013329875189810991,adaptive,0.23114557866938412,12,0.2444754538591951,4500,detail,0.47234629523862287,5.301525490995891e-08,1.890671774162911e-05,13.163836853578687,3.5571811167756096e-05,0.47296278971069905,9.3275353719946e-05
0.00906884204596281,0.0009311579540371897,0.09633987576434498,14.841329874936491,1.0,0.0044897079933434725,0.999934703425586,9.18747569573443e-13,0.02792908784787561,0.013329875189810991,adaptive,0.25748923933133483,12,0.2708191145211458,5000,detail,0.1507218461981265,1.6441042036988162e-07,1.2039465218549594e-05,14.648470267420635,1.1449592420831323e-05,0.1500754163032564,0.00013271320494823158
0.00955759733915329,0.0004424026608467104,0.20102005006391263,16.321568000130355,1.0,0.004899583058431745,0.999921744699021,1.875173104357402e-12,0.02683965534317124,0.013329875189810991,adaptive,0.28328515379689634,12,0.29661502898670733,5500,detail,0.33157214293571563,2.6712117175483044e-08,1.298296956520062e-05,16.10933492402546,2.5031436962308362e-05,0.33214435101725465,4.000221088062972e-05
0.009441456757485867,0.0005585432425141337,0.11366514578838866,17.75616483297199,1.0,0.005282750120386481,0.9999235247039784,1.2918901339568818e-11,0.027532930573437656,0.013329875189810991,adaptive,0.3086700262501836,12,0.3219999014399946,6000,detail,0.38081605221750975,7.84136849308776e-08,5.6002063502091914e-05,17.524977302644402,2.4192848286475055e-05,0.37999429488422615,3.910523446393199e-05
0.010810988023877144,0.0008109880238771437,0.10925846143965456,19.49945025006309,1.0,0.005694416118785739,0.9999235627593298,1.0414186628069305e-12,0.02475982965237199,0.013329875189810991,adaptive,0.3383967394474894,12,0.35172661463730037,6500,detail,0.19457977853742794,2.399394881318394e-08,9.815412340685725e-06,19.248885604320094,7.634561370650772e-06,0.1948127148394622,2.4604580175946467e-05
0.006100611761212349,0.0038993882387876513,0.365351003141082,22.031610208097845,1.0,0.006160458084195852,0.9999125043662161,9.059595512322277e-12,0.028820441715361,0.013329875189810991,adaptive,0.37180548976175487,12,0.38513536495156586,7000,detail,0.795540868692648,2.240671075727156e-08,4.449400876183063e-05,21.752903908491135,0.00012088337098248303,0.79616589077498,4.473745502764359e-05
0.010188181884586811,0.00018818188458681086,0.13064098681479172,23.882927416125312,1.0,0.006572542013600469,0.9999150592622459,5.3572065254242956e-12,0.028523323759532534,0.013329875189810991,adaptive,0.40407660929486156,12,0.41740648448467255,7500,detail,0.11677623358533284,3.747760533226481e-08,3.0124532713671215e-05,23.576773278648034,2.361188489885535e-05,0.11703263203483354,4.731791705125943e-05
0.01062366645783186,0.0006236664578318594,0.12888600568093458,25.432186250109226,1.0,0.00696195918135345,0.9999262248493833,5.717265968897853e-13,0.02931563830840844,0.013329875189810991,adaptive,0.43090331414714456,12,0.44423318933695555,8000,detail,-0.5212671675957031,3.2938763122216487e-08,8.185685146600008e-06,25.105373029131442,1.6731302821426652e-05,-0.5210469446815013,4.3210013245698065e-05
0.008462636731564999,0.0015373632684350016,0.09927565818121226,26.925874874927104,1.0,0.007360042305663228,0.9999074610189519,8.107612391474798e-13,0.024165593740715065,0.013329875189810991,adaptive,0.45741186174564064,12,0.4707417369354516,8500,detail,0.2999791790842746,1.622311479638129e-08,7.850110705476254e-06,26.5799501624424,8.59781175677199e-06,0.29974214552222794,2.759901326498948e-05
0.011091342195868492,0.001091342195868492,0.13607183159886535,28.401221750071272,1.0,0.007829333189874887,0.9999203315654606,2.4317230249416444e-12,0.04436961473705061,0.013329875189810991,adaptive,0.48359094629995525,12,0.49692082148976624,9000,detail,0.7095680104192258,2.6615600879769867e-08,2.2440319298766553e-05,28.03582366090268,1.3037708413321525e-05,0.7090662303217466,4.069080387125723e-05
0.010519695468246937,0.0005196954682469366,0.21263270467752124,29.886874583084136,1.0,0.008204833138734102,0.9999162573390427,3.849659673501168e-12,0.03317817173417847,0.013329875189810991,adaptive,0.5096784068737179,12,0.5230082820635289,9500,detail,0.1041504727629793,4.0019361442332e-08,3.6066019674763083e-05,29.504088113317266,2.0641249648178928e-05,0.10527308055921827,3.762962660402991e-05
0.009602746926248074,0.00039725307375192663,0.30404593233272065,31.363084540935233,1.0,0.008591167163103819,0.9999067351705704,1.2400991843861366e-11,0.05308507477468555,0.013329875189810991,adaptive,0.5356784886680543,12,0.5490083638578653,10000,detail,0.8850853745347842,3.6618140081086175e-08,5.9579200751613826e-05,30.962983397766948,7.625889702467248e-05,0.8849692404877143,4.523361349129118e-05
0.010484469123184681,0.00048446912318468073,0.07436918269279537,32.84856100007892,1.0,0.008965459186583757,0.9999241210025321,9.20911236845131e-13,0.03862533425770031,0.013329875189810991,adaptive,0.562223986024037,12,0.575553861213848,10500,detail,-0.29176312049100517,3.768577051234089e-08,1.2449898349586874e-05,32.43105102959089,8.49295702209929e-06,-0.2917957046683024,4.4840009650215507e-05
0.010933324694633484,0.0009333246946334837,0.26215020094090963,34.3158304579556,1.0,0.00937920925207436,0.9999186895452842,6.299501014450235e-12,0.036149351292463106,0.013329875189810991,adaptive,0.5882108602672815,12,0.6015407354570925,11000,detail,0.4981344746240392,4.218065264149471e-08,4.026813985547051e-05,33.87975631933659,2.0881567252217792e-05,0.4979666160796811,5.5655389587627724e-05
0.009115666151046753,0.0008843338489532473,0.10385068937941652,35.79382587503642,1.0,0.009764834307134151,0.9999124240328356,3.621880902537533e-13,0.047538872932554224,0.013329875189810991,adaptive,0.6140968294348568,12,0.6274267046246678,11500,detail,-0.02351077000922641,2.412747154875859e-08,4.69122278445866e-06,35.339709765510634,1.2466319276427384e-05,-0.022975426308540117,4.025908128824085e-05
0.009105931036174297,0.0008940689638257029,0.10956631865766209,37.24424033309333,1.0,0.01017925119958818,0.9999239760314176,7.931297125557472e-13,0.034366643557492325,0.013329875189810991,adaptive,0.6396784509997815,12,0.6530083261895925,12000,detail,0.2575050873353682,3.891646739296331e-08,9.267940185964108e-06,36.772540563717484,1.1040364370273892e-05,0.25640354502463003,5.326075552147813e-05
0.009993371553719044,6.6284462809564765e-06,0.17587175132294458,38.686603707959875,1.0,0.010565876262262464,0.9999126502964893,1.7807754090551354e-12,0.04258690700207982,0.013329875189810991,adaptive,0.6652863321360201,12,0.6786162073258311,12500,detail,0.730450094098033,6.574349388250888e-09,1.7725713405525312e-05,38.19633285258897,1.9273233192507178e-05,0.7303392756103732,2.6111969418707304e-05
0.009479203261435032,0.0005207967385649683,0.10297488480695399,40.09831012506038,1.0,0.010945501271635294,0.9999109610353034,1.3981629206299098e-12,0.04189363177181341,0.013329875189810991,adaptive,0.6905507929623127,12,0.7038806681521237,13000,detail,0.8735753657775662,3.7074031698076385e-08,7.583234491903568e-06,39.588963526068255,6.286434654612094e-06,0.8740156765999122,4.851511403103359e-05
0.008728984743356705,0.0012710152566432955,0.06800871025303849,41.49813862494193,1.0,0.01134266727603972,0.999929342324152,2.5409946468685017e-12,0.04258690700207982,0.013329875189810991,adaptive,0.7153569606598467,12,0.7286868358496577,13500,detail,0.6624116323907011,7.440821995824986e-08,1.9825363779091276e-05,40.972513277083635,8.561409231333528e-06,0.6610090435790846,8.437039650743827e-05
0.007891247980296612,0.0021087520197033884,0.07599658369398109,42.94367079110816,1.0,0.0117278341203928,0.9998957990795203,5.397482899812791e-13,0.03288105377835,0.013329875189810991,adaptive,0.7434250011574477,12,0.7567548763472587,14000,detail,-0.3262692549211501,1.1513145688502783e-07,7.0228388722171076e-06,42.40053044259548,6.182518973218976e-06,-0.325860066307453,5.5993532441789284e-05
0.010074772872030735,7.477287203073481e-05,0.07725712678408034,44.38827879098244,1.0,0.012123043183237314,0.9998868052339409,7.847816097313692e-13,0.03298009309695949,0.013329875189810991,adaptive,0.768811872927472,12,0.782141748117283,14500,detail,-0.3366897863291963,7.638635711857987e-08,3.6318238016974647e-06,43.82699606497772,4.885111138719367e-06,-0.3375952797822097,5.1404578698566183e-05
0.010406886227428913,0.0004068862274289129,0.02580877661137967,45.860833750106394,1.0,0.012511876178905368,0.9999160659138382,3.397106867733413e-13,0.03426760423888284,0.013329875189810991,adaptive,0.7953837453387678,12,0.8087136205285788,15000,detail,-0.8069175464334102,4.707950813810012e-08,2.5448171072639525e-06,45.28117302758619,2.2085710043029394e-06,-0.807324993879533,4.597496081260033e-05
0.010089094750583172,8.909475058317164e-05,0.04879911296558009,47.267357083037496,1.0,0.01290454319678247,0.9999132692465447,2.6238862974036663e-13,0.03694166584133901,0.013329875189810991,adaptive,0.8203257422428578,12,0.8336556174326688,15500,detail,-0.45944807439271484,9.219235695591062e-08,3.2499965527676977e-06,46.6691279921215,3.6431988519325387e-06,-0.46164284879727313,5.170190706849098e-05
0.009813222102820873,0.00018677789717912695,0.027641158212704405,48.74812175007537,1.0,0.013288334244862199,0.9999056830896569,2.6369239857610166e-13,0.04833118748143013,0.013329875189810991,adaptive,0.8460184503346682,12,0.8593483255244792,16000,detail,-0.29257467809740106,4.9316994279613036e-08,3.855660452245502e-06,48.1316879238002,3.067495754294214e-06,-0.2925866446667111,4.4322114263195544e-05
0.0103682866320014,0.0003682866320013998,0.0337253457649361,50.18485508300364,1.0,0.013677584240213037,0.999906591751182,1.8589098363994208e-13,0.03763494107160543,0.013329875189810991,adaptive,0.8712769667617977,12,0.8846068419516087,16500,detail,-0.17426390477173737,8.233453169195287e-08,3.053614364034729e-06,49.55167521443218,2.4214289169322e-06,-0.17489804916557752,6.181915523484349e-05
0.010138366371393204,0.00013836637139320353,0.04820007810507141,51.6172337080352,1.0,0.014059125212952495,0.9999174866503375,2.2670591591780633e-13,0.036743587204120035,0.013329875189810991,adaptive,0.896973253460601,12,0.910303128650412,17000,detail,0.09090620638348323,9.767258221052381e-08,3.0719861570105422e-06,50.96661977772601,3.869711235893192e-06,0.0918031950097178,6.287666474236175e-05
0.010068566538393497,6.856653839349726e-05,0.026174477574731157,53.043415958061814,1.0,0.014466042397543788,0.9998865023212794,6.713552644669359e-13,0.0345647221947113,0.013329875189810991,adaptive,0.9218445846345276,12,0.9351744598243386,17500,detail,-0.48431909260352063,9.502875367931423e-08,5.47656463822932e-06,52.37421748507768,3.0314101877593203e-06,-0.48310519199779595,6.338286038953811e-05
0.009496917948126793,0.0005030820518732073,0.02328220298808057,54.50946483295411,1.0,0.014897708548232913,0.9999133540894103,2.5845178941909885e-13,0.04318114291373675,0.013329875189810991,adaptive,0.9483797941356897,12,0.9617096693255007,18000,detail,0.01671807678112194,8.755500677734657e-08,3.738019586307928e-06,53.82149527641013,1.2535058431240031e-06,0.016638215214923757,6.201639916980639e-05
0.009447246789932251,0.0005527532100677492,0.025882916757013225,55.96602241601795,1.0,0.015294125536456704,0.9998643143715715,1.444771566633073e-13,0.036743587204120035,0.013329875189810991,adaptive,0.9740060488693416,12,0.9873359240591526,18500,detail,0.09258494678394735,9.294823957496194e-08,1.287600071009365e-06,55.2601408418268,1.7276254311582306e-06,0.0964625942856196,6.537342414958403e-05
0.010078171268105507,7.817126810550669e-05,0.01966369188079889,57.37873129104264,1.0,0.01568383350968361,0.9999002570087129,5.485527836180579e-13,0.0551649004654848,0.013329875189810991,adaptive,0.9989033301826566,12,1.0122332053724676,19000,detail,0.7094640017055193,8.551024590517524e-08,3.4026329558400903e-06,56.65394451539032,2.133032921847189e-06,0.7101907007487444,4.243768853484653e-05
0.010274814441800117,0.0002748144418001173,0.040575594356978155,58.86549008311704,1.0,0.016116708517074585,0.9999126587210897,2.1693715614763926e-13,0.044567693374269586,0.013329875189810991,adaptive,1.0239388251211494,12,1.0372687003109604,19500,detail,-0.4892593147917976,1.0070458952909567e-07,2.9340458240767475e-06,58.12213342869654,2.1831176582054468e-06,-0.4900226346227945,4.2261955968569964e-05
0.009440083056688309,0.0005599169433116915,0.05777048926360432,60.33193049998954,1.0,0.01651233364827931,0.9999138587116435,1.1120793957270226e-13,0.060116866395959194,0.013329875189810991,adaptive,1.0495796625036746,12,1.0629095376934856,20000,detail,-0.30123036586572993,4.5598403616921176e-08,1.3299088550411398e-06,59.569605058059096,2.9226839615148492e-06,-0.30365169680106224,4.335414632805623e-05
0.0028070362750440836,0.007192963724955917,52.66083585792421,0.0033165831118822098,1.0,0.0,,,,0.0,fp32,0.0,13,0.0,0,detail,,,,0.0,0.00812617503106594,,0.0
0.008824430406093597,0.0011755695939064028,1.5066980420731413,0.3227933750022203,1.0,0.00039433385245501995,0.9999999999999944,0.0,0.0,0.0,fp32,0.0,13,0.0,500,detail,0.9999999999999944,0.0,0.00010218112583970651,0.31140003516338766,9.771603072294965e-05,0.9999999999999944,0.0
0.009731956757605076,0.00026804324239492437,0.6355787812686253,0.6391846248880029,1.0,0.0007769588846713305,0.9999999999999958,0.0,0.0,0.0,fp32,0.0,13,0.0,1000,detail,0.9999999999999958,0.0,2.9324088245630264e-05,0.6197347033303231,4.166519647696987e-05,0.9999999999999958,0.0
0.009482786990702152,0.000517213009297848,0.3221562676068568,0.9488187080714852,1.0,0.0011652088724076748,0.9999999999999952,0.0,0.0,0.0,fp32,0.0,13,0.0,1500,detail,0.9999999999999952,0.0,2.6783654902828857e-05,0.9213385102339089,2.161514203180559e-05,0.9999999999999952,0.0
0.010346840135753155,0.00034684013575315455,0.2562402580541614,1.3177114170975983,1.0,0.001537917647510767,0.999999999999998,0.0,0.0,0.0,fp32,0.0,13,0.0,2000,detail,0.999999999999998,0.0,1.4500484212476294e-05,1.2823826752137393,1.4836622540315147e-05,0.999999999999998,0.0
0.009803111664950848,0.00019688833504915258,0.16504915588375985,1.6664452080149204,1.0,0.0019209177698940039,0.9999999999999977,0.0,0.0,0.0,fp32,0.0,13,0.0,2500,detail,0.9999999999999977,0.0,1.053601681633154e-05,1.6221609364729375,1.3962549019197468e-05,0.9999999999999977,0.0
0.010214072652161121,0.00021407265216112116,0.11385053005433689,2.0381029578857124,1.0,0.002318834885954857,0.999999999999999,0.0,0.0,0.0,fp32,0.0,13,0.0,3000,detail,0.999999999999999,0.0,1.8744944100035354e-05,1.9855988614726812,8.74080797075294e-06,0.999999999999999,0.0
0.011278301477432251,0.0012783014774322508,0.14715925132108054,2.4109252500347793,1.0,0.0027665849775075912,0.9999999999999948,0.0,0.0,0.0,fp32,0.0,13,0.0,3500,detail,0.9999999999999948,0.0,7.552075658168178e-06,2.349367614137009,9.177288120554294e-06,0.9999999999999948,0.0
0.010985909961163998,0.0009859099611639974,0.22533201616905824,2.7586954170838,1.0,0.0031462099868804216,0.9999999999999966,0.0,0.0,0.0,fp32,0.0,13,0.0,4000,detail,0.9999999999999966,0.0,1.2939650332555175e-05,2.688999575795606,1.724045432638377e-05,0.9999999999999966,0.0
0.010512658394873142,0.000512658394873142,0.09941339960979909,3.082422750070691,1.0,0.0035446269903331995,0.9999999999999977,0.0,0.0,0.0,fp32,0.0,13,0.0,4500,detail,0.9999999999999977,0.0,6.845078132755589e-06,3.004140962380916,1.3364038750296459e-05,0.9999999999999977,0.0
0.010535795241594315,0.0005357952415943144,0.10134962641942373,3.4341719578951597,1.0,0.003942543873563409,0.9999999999999964,0.0,0.0,0.0,fp32,0.0,13,0.0,5000,detail,0.9999999999999964,0.0,8.923609129851684e-06,3.347696050070226,1.591814543644432e-05,0.9999999999999964,0.0
0.010534536093473434,0.0005345360934734342,0.0478478579958204,3.763790207915008,1.0,0.004318210994824767,0.9999999999999989,0.0,0.0,0.0,fp32,0.0,13,0.0,5500,detail,0.9999999999999989,0.0,5.153206075192429e-06,3.6694241324439645,4.088681635039393e-06,0.9999999999999989,0.0
0.00981619767844677,0.0001838023215532305,0.03865366884297829,4.1125539999920875,1.0,0.004708085907623172,0.9999999999999968,0.0,0.0,0.0,fp32,0.0,13,0.0,6000,detail,0.9999999999999968,0.0,3.043581727979472e-06,4.009982931427658,3.7729339510406135e-06,0.9999999999999968,0.0
0.010451490990817547,0.00045149099081754664,0.10732097523649713,4.458387332968414,1.0,0.005100711015984416,0.9999999999999979,0.0,0.0,0.0,fp32,0.0,13,0.0,6500,detail,0.9999999999999979,0.0,2.1941417799098417e-05,4.347306721843779,1.744276232784614e-05,0.9999999999999979,0.0
0.009473709389567375,0.000526290610432625,0.03901770899383932,4.777696500066668,1.0,0.0054830031003803015,0.9999999999999979,0.0,0.0,0.0,fp32,0.0,13,0.0,7000,detail,0.9999999999999979,0.0,3.907396603608504e-06,4.658601302886382,8.422427526966203e-06,0.9999999999999979,0.0
0.009787438437342644,0.00021256156265735647,0.07738314847324575,5.093211666913703,1.0,0.005892628105357289,0.9999999999999973,0.0,0.0,0.0,fp32,0.0,13,0.0,7500,detail,0.9999999999999973,0.0,1.4071831174078397e-05,4.9658129727467895,9.343031706521288e-06,0.9999999999999973,0.0
0.009828680194914341,0.00017131980508565924,0.04782120238055917,5.416392416926101,1.0,0.00627921218983829,0.9999999999999966,0.0,0.0,0.0,fp32,0.0,13,0.0,8000,detail,0.9999999999999966,0.0,7.905247912276536e-06,5.280073100235313,4.936754521622788e-06,0.9999999999999966,0.0
0.010839318856596947,0.0008393188565969465,0.04756856098244909,5.726783749880269,1.0,0.006646587047725916,0.9999999999999989,0.0,0.0,0.0,fp32,0.0,13,0.0,8500,detail,0.9999999999999989,0.0,4.930545856041135e-06,5.582519858377054,7.155582807172323e-06,0.9999999999999989,0.0
0.009986549615859985,1.3450384140014857e-05,0.030360163800688376,6.037310417043045,1.0,0.007019795011729002,0.9999999999999977,0.0,0.0,0.0,fp32,0.0,13,0.0,9000,detail,0.9999999999999977,0.0,2.7260266506345943e-06,5.885307444026694,4.027888280688785e-06,0.9999999999999977,0.0
0.009864049963653088,0.0001359500363469126,0.038148333802197475,6.348474541911855,1.0,0.007391335908323526,0.9999999999999994,0.0,0.0,0.0,fp32,0.0,13,0.0,9500,detail,0.9999999999999994,0.0,1.8097958900398226e-06,6.188438762445003,3.250728696002625e-06,0.9999999999999994,0.0
0.010093742050230503,9.374205023050287e-05,0.010729606685423384,6.66983045800589,1.0,0.007849794812500477,0.9999999999999969,0.0,0.0,0.0,fp32,0.0,13,0.0,10000,detail,0.9999999999999969,0.0,2.350888053115341e-06,6.5017271831166,1.017336444419925e-06,0.9999999999999969,0.0
0.009678208269178867,0.00032179173082113287,0.0413301501868728,6.998261749977246,1.0,0.008235919754952192,0.9999999999999982,0.0,0.0,0.0,fp32,0.0,13,0.0,10500,detail,0.9999999999999982,0.0,1.3910483176005073e-05,6.821788091445342,5.846043222845765e-06,0.9999999999999982,0.0
0.009734407998621464,0.00026559200137853643,0.015782230460080208,7.310767832910642,1.0,0.008665836649015546,0.9999999999999987,0.0,0.0,0.0,fp32,0.0,13,0.0,11000,detail,0.9999999999999987,0.0,3.1306960863730637e-06,7.1261786739341915,1.6104391988847055e-06,0.9999999999999987,0.0
0.009416202083230019,0.0005837979167699816,0.04080408241947522,7.619691167026758,1.0,0.009037086740136147,0.9999999999999939,0.0,0.0,0.0,fp32,0.0,13,0.0,11500,detail,0.9999999999999939,0.0,3.902342996298103e-06,7.427466134773567,2.9398138394753914e-06,0.9999999999999939,0.0
0.010185583494603634,0.00018558349460363367,0.015547037991385411,7.929195124888793,1.0,0.009412669809535146,0.9999999999999977,0.0,0.0,0.0,fp32,0.0,13,0.0,12000,detail,0.9999999999999977,0.0,1.932670329551911e-06,7.72931493842043,2.0975721781724133e-06,0.9999999999999977,0.0
0.010045661590993404,4.566159099340418e-05,0.01245295673909578,8.239047042094171,1.0,0.009780419757589698,0.9999999999999973,0.0,0.0,0.0,fp32,0.0,13,0.0,12500,detail,0.9999999999999973,0.0,6.600257052014058e-07,8.03144697798416,1.1946825679842732e-06,0.9999999999999973,0.0
0.010197625495493412,0.0001976254954934118,0.010926059795093392,8.548983375076205,1.0,0.010159711819142103,0.9999999999999979,0.0,0.0,0.0,fp32,0.0,13,0.0,13000,detail,0.9999999999999979,0.0,1.9653566596389282e-06,8.333618679549545,8.450310247098969e-07,0.9999999999999979,0.0
0.01017090119421482,0.00017090119421482065,0.012225032027150667,8.859537791926414,1.0,0.010531461797654629,0.9999999999999977,0.0,0.0,0.0,fp32,0.0,13,0.0,13500,detail,0.9999999999999977,0.0,1.4776364878343884e-06,8.636199514614418,8.941524356487207e-07,0.9999999999999977,0.0
0.010073211044073105,7.321104407310465e-05,0.006377288066453607,9.168733708094805,1.0,0.01096008694730699,0.999999999999999,0.0,0.0,0.0,fp32,0.0,13,0.0,14000,detail,0.999999999999999,0.0,3.309405371965113e-07,8.937444022623822,5.165105108062562e-07,0.999999999999999,0.0
0.009965593926608562,3.440607339143774e-05,0.005897413701959566,9.478549417108297,1.0,0.011346837040036917,0.9999999999999976,0.0,0.0,0.0,fp32,0.0,13,0.0,14500,detail,0.9999999999999976,0.0,6.732733481840114e-07,9.23905007680878,5.610626772067917e-07,0.9999999999999976,0.0
0.009898897260427475,0.00010110273957252523,0.006765297997961402,9.78815241693519,1.0,0.011724921176210046,0.9999999999999991,0.0,0.0,0.0,fp32,0.0,13,0.0,15000,detail,0.9999999999999991,0.0,4.428347892826423e-07,9.54065778455697,3.977520179887506e-07,0.9999999999999991,0.0
0.009762358851730824,0.0002376411482691767,0.008386150367018088,10.11790420790203,1.0,0.01209496334195137,0.9999999999999984,0.0,0.0,0.0,fp32,0.0,13,0.0,15500,detail,0.9999999999999984,0.0,1.126701818066067e-06,9.862202710472047,1.6232532971116598e-06,0.9999999999999984,0.0
0.009956073947250843,4.392605274915716e-05,0.0048501545352339515,10.439646749990061,1.0,0.012493046466261148,0.9999999999999976,0.0,0.0,0.0,fp32,0.0,13,0.0,16000,detail,0.9999999999999976,0.0,2.517875259400171e-07,10.176007053581998,2.979271016556595e-07,0.9999999999999976,0.0
0.009966093115508556,3.390688449144384e-05,0.00498399047351228,10.76941725006327,1.0,0.012879963498562574,0.9999999999999969,0.0,0.0,0.0,fp32,0.0,13,0.0,16500,detail,0.9999999999999969,0.0,3.7528178609136376e-07,10.497922411886975,3.6163135064271046e-07,0.9999999999999969,0.0
0.010127624496817589,0.0001276244968175886,0.004187186276398841,11.088227625004947,1.0,0.01327088032849133,0.9999999999999981,0.0,0.0,0.0,fp32,0.0,13,0.0,17000,detail,0.9999999999999981,0.0,2.560340703894326e-07,10.808584162499756,3.004927577876515e-07,0.9999999999999981,0.0
0.01000157743692398,1.5774369239805047e-06,0.0037569605778553007,11.410439250059426,1.0,0.013655838323757052,0.9999999999999973,0.0,0.0,0.0,fp32,0.0,13,0.0,17500,detail,0.9999999999999973,0.0,1.9934427086809592e-07,11.122646323870867,2.3122662184960063e-07,0.9999999999999973,0.0
0.00990517158061266,9.482841938734075e-05,0.003692657743770716,11.719867458101362,1.0,0.01405692147091031,0.999999999999998,0.0,0.0,0.0,fp32,0.0,13,0.0,18000,detail,0.999999999999998,0.0,1.8572141868844483e-07,11.424067496089265,2.1130769312094344e-07,0.999999999999998,0.0
0.009997030720114708,2.9692798852922614e-06,0.0035501447645756076,12.033217957941815,1.0,0.01444329647347331,0.9999999999999979,0.0,0.0,0.0,fp32,0.0,13,0.0,18500,detail,0.9999999999999979,0.0,2.216422672063345e-07,11.729613557690755,1.9646364535219618e-07,0.9999999999999979,0.0
0.009988652542233467,1.1347457766533106e-05,0.0034292094175224553,12.343618582934141,1.0,0.014811755623668432,0.9999999999999931,0.0,0.0,0.0,fp32,0.0,13,0.0,19000,detail,0.9999999999999931,0.0,1.958657662726182e-07,12.032083760946989,1.9759256986162654e-07,0.9999999999999931,0.0
0.010011415928602219,1.141592860221842e-05,0.0033440080483962097,12.655882291961461,1.0,0.01519342279061675,0.999999999999998,0.0,0.0,0.0,fp32,0.0,13,0.0,19500,detail,0.999999999999998,0.0,1.9808275908417272e-07,12.336457641096786,1.9732372891212435e-07,0.999999999999998,0.0
0.009975417517125607,2.458248287439367e-05,0.0032109952824943637,12.96509616705589,1.0,0.015569672686979175,0.9999999999999972,0.0,0.0,0.0,fp32,0.0,13,0.0,20000,detail,0.9999999999999972,0.0,1.307585364429542e-07,12.637811294523999,1.7560472542754724e-07,0.9999999999999972,0.0
0.0012429836206138134,0.008757016379386187,52.06135598822662,0.004329167073592544,1.0,0.0,,,,0.0,fixed-e3m4,0.0,13,0.0,0,detail,,,,0.0,0.007739604450762272,,8.12759535619989e-05
0.008601018227636814,0.001398981772363186,1.5868581751329796,1.4591886249836534,1.0,0.00038262479938566685,0.9999164858835647,6.512650901493675e-12,0.009309695949291869,0.0,fixed-e3m4,0.0,13,0.0,500,detail,0.3495869298516037,1.497385732285372e-07,0.00011180392175447196,1.435738458763808,0.00010399434540886432,0.34956897412530646,9.205239621223882e-05
0.008942651562392712,0.0010573484376072886,0.7994730178486934,2.9060183339752257,1.0,0.00082949991337955,0.9998961575965636,1.4661465203766977e-11,0.009111617312072893,0.0,fixed-e3m4,0.0,13,0.0,1000,detail,0.004139264395047769,1.4413925983992155e-07,6.921932799741626e-05,2.863449802622199,7.034432928776368e-05,0.004796582888012387,6.513670086860657e-05
0.010997508652508259,0.0009975086525082586,0.6053833058638417,4.33588487515226,1.0,0.0012422078289091587,0.99991232061271,4.035806797130723e-12,0.01653956620778449,0.0,fixed-e3m4,0.0,13,0.0,1500,detail,0.5273600600717401,5.56208791801948e-08,4.211176201351918e-05,4.275736010633409,0.00012706936104223132,0.5280290092187071,5.6600092648295686e-05
0.010529889725148678,0.0005298897251486776,0.298976853207021,5.779862958937883,1.0,0.0016478737816214561,0.9999092916993718,7.426879604048234e-12,0.016440526889175,0.0,fixed-e3m4,0.0,13,0.0,2000,detail,0.730491762766673,1.846122303169682e-08,3.577390452846885e-05,5.702292380854487,3.654673491837457e-05,0.7309697072940637,3.190281495335512e-05
0.008508827537298203,0.0014911724627017977,0.3046060374009337,7.20604041707702,1.0,0.00204904074780643,0.9999225263704749,3.266959646121097e-11,0.01218183618896702,0.0,fixed-e3m4,0.0,13,0.0,2500,detail,0.48173825395882586,1.6714393002951885e-07,7.2538445238024e-05,7.109923805342987,3.7784357118653134e-05,0.4809437000000048,8.836872439133003e-05
0.010404029861092567,0.00040402986109256724,1.6047247935303193,8.642667124979198,1.0,0.002508790697902441,0.9999050137747072,3.620367028024105e-12,0.02248192532435377,0.0,fixed-e3m4,0.0,13,0.0,3000,detail,0.39777752897957436,4.81671119230069e-08,2.0873647372354753e-05,8.527718679746613,0.0001394645223626867,0.3980245360828505,6.398458208423108e-05
0.010035209357738495,3.5209357738494665e-05,0.24371140184353196,10.222233542008325,1.0,0.002893915632739663,0.9999145006079478,5.567194829782427e-12,0.019510745766069128,0.0,fixed-e3m4,0.0,13,0.0,3500,detail,0.9107210772225286,4.068298854567631e-08,1.9885304936906323e-05,10.087187984026968,2.6381925636087544e-05,0.9111405489507318,6.168620166135952e-05
0.011496683582663536,0.0014966835826635359,0.32002768291035294,11.661284334026277,1.0,0.003359956666827202,0.9999191951564433,5.757499977827386e-12,0.012577993463404971,0.0,fixed-e3m4,0.0,13,0.0,4000,detail,0.7806581553550126,1.1277563888764578e-07,3.833244409179315e-05,11.506849656812847,2.7683827283908613e-05,0.7806020019606628,7.676041423110291e-05
0.00810675323009491,0.0018932467699050905,0.23309031022193785,13.189697792055085,1.0,0.0037549566477537155,0.9999217268099758,3.4758030309342696e-12,0.018916509854412202,0.0,fixed-e3m4,0.0,13,0.0,4500,detail,0.8191674430091302,6.572042060773397e-08,3.418800770305097e-05,13.014527620980516,2.0803096049348824e-05,0.8203821097557886,6.128331006038934e-05
0.01126361545175314,0.0012636154517531393,0.1477380747142087,14.73006816697307,1.0,0.00422708154655993,0.9998907864726291,1.4727734825341865e-11,0.01911458849163118,0.0,fixed-e3m4,0.0,13,0.0,5000,detail,0.7263681073529292,4.918221718174968e-08,3.730451862793416e-05,14.535349466605112,3.7157878978177905e-05,0.725948340369988,6.613086588913575e-05
0.00648618396371603,0.00351381603628397,0.44332646867484987,16.185941209085286,1.0,0.004624456632882357,0.9999193894883082,4.72154091354553e-11,0.015351094384470635,0.0,fixed-e3m4,0.0,13,0.0,5500,detail,0.857208496138593,7.835576511227182e-08,0.0001617541565792635,15.973090294282883,6.493335968116298e-05,0.8583917673874193,5.643683107336983e-05
0.00958155281841755,0.0004184471815824511,0.7210643902539914,17.636282375082374,1.0,0.00504424748942256,0.9999136540536657,7.171769554489203e-12,0.027631969892047144,0.0,fixed-e3m4,0.0,13,0.0,6000,detail,0.5282390367645275,3.8049184475673055e-08,4.8522138968110085e-05,17.40523981489241,5.2512688853312284e-05,0.5265741091771352,3.908797953044996e-05
0.01133769378066063,0.001337693780660629,0.11662911074973197,19.104924499988556,1.0,0.0054753723088651896,0.9999204119465124,1.3682823520327663e-12,0.02396751510349609,0.0,fixed-e3m4,0.0,13,0.0,6500,detail,-0.4921314114637545,1.110727883130212e-07,1.052479274221696e-05,18.855891396990046,1.4747531167813577e-05,-0.49195673351934127,6.838606350356713e-05
0.010861110873520374,0.0008611108735203741,0.22368187692171537,20.53307054215111,1.0,0.005853830138221383,0.9999134445450447,3.8346432111459305e-12,0.031098346043379223,0.0,fixed-e3m4,0.0,13,0.0,7000,detail,0.4791235650308442,2.252530173636201e-08,2.9376846214290708e-05,20.26671950891614,1.670448727963958e-05,0.47814685675855917,5.24690913152881e-05
0.010747282765805721,0.0007472827658057211,0.16196204695550198,22.029802500037476,1.0,0.006291289115324616,0.9999111032827337,2.983769448924635e-12,0.02674061602456175,0.0,fixed-e3m4,0.0,13,0.0,7500,detail,0.5583776647153491,5.708142015475514e-08,3.610454223235138e-05,21.743859564187005,1.4969071344239637e-05,0.560230709465657,5.251508264336735e-05
0.009130440652370453,0.0008695593476295473,0.13393761454857678,23.551300666993484,1.0,0.0066976642701774836,0.9999151370250633,8.334272311700275e-13,0.024264633059324553,0.0,fixed-e3m4,0.0,13,0.0,8000,detail,-0.15133727230089034,3.4975438647156744e-08,1.1013276889570989e-05,23.247452564071864,1.0268957339576446e-05,-0.15225243347337908,5.153053643880412e-05
0.009593677707016468,0.00040632229298353216,0.08600885744204959,25.00879408395849,1.0,0.007087539182975888,0.9999193734157521,1.083239912645316e-12,0.02733485193621868,0.0,fixed-e3m4,0.0,13,0.0,8500,detail,-0.1251263968117895,4.485262955664414e-08,1.014757617667783e-05,24.687061094213277,1.6139785657287575e-05,-0.12418556769895137,5.3700190619565547e-05
0.011506337672472,0.001506337672472,0.29062677224246375,26.429203334031627,1.0,0.007517914287745953,0.9999206305073514,1.4730682785371967e-12,0.026938694661780727,0.0,fixed-e3m4,0.0,13,0.0,9000,detail,0.6706814391957393,7.13298638678126e-08,1.720333420962561e-05,26.089079921133816,3.2677504350431263e-05,0.6713798603745896,3.726921204361133e-05
0.010977573692798615,0.0009775736927986143,0.30885711912815805,27.850061459001154,1.0,0.008004414150491357,0.9999051702202955,9.115663634151613e-12,0.03525799742497772,0.0,fixed-e3m4,0.0,13,0.0,9500,detail,0.5587769266314412,3.669057943123552e-08,4.03895101044327e-05,27.49136085086502,2.2964724848861806e-05,0.5597938353555728,4.458019247977063e-05
0.010519676841795444,0.0005196768417954443,0.09214703026267734,29.34254233399406,1.0,0.00838803919032216,0.9999080376411191,7.836761972658297e-13,0.03347528969000693,0.0,fixed-e3m4,0.0,13,0.0,10000,detail,0.5984946815106725,2.8920843930282642e-08,8.722276106709614e-06,28.963430430274457,2.164858415198978e-05,0.5994537848098039,3.077815199503675e-05
0.01010733563452959,0.0001073356345295904,0.045513485298758836,30.767861375119537,1.0,0.008805206045508385,0.9999043834729049,2.1629618247312598e-12,0.030999306724769735,0.0,fixed-e3m4,0.0,13,0.0,10500,detail,0.6391675083150299,9.991220417579425e-09,1.0666766684153117e-05,30.369257346494123,6.721449153701542e-06,0.640979996001371,1.8746046407613903e-05
0.011002848856151104,0.0010028488561511038,0.18453608247750458,32.19790166709572,1.0,0.009252581046894193,0.9999153408506762,1.0629591240057093e-11,0.037337823115776964,0.0,fixed-e3m4,0.0,13,0.0,11000,detail,0.7048478476912716,3.555422396643758e-08,4.166517828707583e-05,31.780057682888582,1.3583256077254191e-05,0.705191633055401,2.868577212211676e-05
0.010927642695605755,0.0009276426956057546,0.06404974382250943,33.619401125004515,1.0,0.009653580840677023,0.9999187006424475,7.519838331439024e-13,0.046944637020897295,0.0,fixed-e3m4,0.0,13,0.0,11500,detail,0.22454894625864416,2.5851082956536904e-08,9.399596820003353e-06,33.181834038347006,7.249606369441608e-06,0.22494719629702367,4.8415386117994785e-05
0.010214658454060555,0.0002146584540605543,0.06680814964501781,35.10319979209453,1.0,0.010060372995212674,0.9999280967942367,3.396855651370043e-13,0.03416856492027335,0.0,fixed-e3m4,0.0,13,0.0,12000,detail,-0.1866346638916232,1.504968058417195e-08,7.531273695349228e-06,34.64766200282611,6.2299059209181e-06,-0.1863093525823767,4.139082375331782e-05
0.00950540229678154,0.0004945977032184603,0.016373273520628687,36.5170598749537,1.0,0.01045945705845952,0.9999295046255927,5.359721127380932e-13,0.03416856492027335,0.0,fixed-e3m4,0.0,13,0.0,12500,detail,-0.4673699982973296,3.1302215113086195e-08,3.7873069231864065e-06,36.04445432405919,2.518795326977852e-06,-0.4668776047917634,4.757883652928285e-05
0.009464342147111893,0.0005356578528881075,0.05359109561453118,38.00246195914224,1.0,0.010891624027863145,0.999903539653012,3.978412844083352e-12,0.04734079429533525,0.0,fixed-e3m4,0.0,13,0.0,13000,detail,0.8299461489336813,1.0245656984508341e-08,2.0189410861348733e-05,37.511118887458,4.036675818497315e-06,0.8290878004960904,3.814098454313353e-05
0.00843468401581049,0.0015653159841895106,0.04025915310666543,39.46349700004794,1.0,0.011355248978361487,0.9999204114492071,1.9302471457702127e-13,0.030999306724769735,0.0,fixed-e3m4,0.0,13,0.0,13500,detail,0.17106002031566878,3.377005960084086e-08,2.944134621429839e-06,38.95272808498703,2.709914497245336e-06,0.17181220396639646,4.7724075557198375e-05
0.01009360235184431,9.360235184431055e-05,0.039784663723302756,40.92608162504621,1.0,0.011749166063964367,0.9999084055135491,4.330814556878057e-13,0.034366643557492325,0.0,fixed-e3m4,0.0,13,0.0,14000,detail,0.15427071235144402,2.039041778776145e-08,5.93479308008682e-06,40.39603188424371,4.580000677378848e-06,0.15229696043606236,3.247776112402789e-05
0.009573245421051979,0.00042675457894802114,0.029022729268727624,42.39729941706173,1.0,0.012144832871854305,0.9999101414325051,4.141266989475755e-13,0.036743587204120035,0.0,fixed-e3m4,0.0,13,0.0,14500,detail,0.7409540351755386,4.380361829676273e-08,4.337499831308378e-06,41.8471762672998,2.3024651909508975e-06,0.7407484870141832,4.2450315959285945e-05
0.009415565989911556,0.000584434010088444,0.035467731315290026,43.85153358406387,1.0,0.012611540732905269,0.9999344674251303,2.0487811393527044e-12,0.04328018223234624,0.0,fixed-e3m4,0.0,13,0.0,15000,detail,-0.44670688211891646,5.7483855239098135e-08,1.2543092452688143e-05,43.28215629910119,1.992169563891366e-05,-0.4456358883181483,6.651413423242047e-05
0.009980850853025913,1.914914697408697e-05,0.02760117380091074,45.3519709170796,1.0,0.013017749646678567,0.9999278613313736,4.2707697810099e-13,0.03238585718530256,0.0,fixed-e3m4,0.0,13,0.0,15500,detail,-0.17775660712826585,4.3106146414537517e-08,5.307038463797653e-06,44.76262919628061,3.4573629363876535e-06,-0.17681811508655929,4.790760431205854e-05
0.009332872927188873,0.0006671270728111269,0.049280644418390286,46.80576599994674,1.0,0.013416874688118696,0.9999300597538219,2.4927985718797914e-13,0.028919481033970486,0.0,fixed-e3m4,0.0,13,0.0,16000,detail,-0.6570543739779295,1.0323986345281878e-07,2.7813400720333448e-06,46.197532520862296,3.9557107811560854e-06,-0.6571350376868237,6.987190863583237e-05
0.010565288364887238,0.0005652883648872373,0.03245177350178261,48.272280500037596,1.0,0.013804791495203972,0.9999352214725826,5.081569328660835e-13,0.04050708131128058,0.0,fixed-e3m4,0.0,13,0.0,16500,detail,0.6020410811323335,1.0752017084954179e-07,4.417970558279194e-06,47.646434645866975,3.610361545725027e-06,0.6020390651080958,7.519184873672202e-05
0.009985809214413166,1.4190785586834162e-05,0.052949229923038216,49.71796745900065,1.0,0.01427587540820241,0.9999399629243394,9.631926463833244e-13,0.04129939586015648,0.0,fixed-e3m4,0.0,13,0.0,17000,detail,0.46739449935549765,4.5278980648186985e-08,6.174711415951606e-06,49.07416493096389,5.399660494731506e-06,0.4680513310554982,6.380843842634931e-05
0.01012288685888052,0.00012288685888051966,0.036178064347495514,51.17380408407189,1.0,0.014689667383208871,0.9998943371353899,6.727275025753662e-13,0.030999306724769735,0.0,fixed-e3m4,0.0,13,0.0,17500,detail,-0.6357712315642783,1.1225888030036968e-07,7.138196906453231e-06,50.5112684648484,4.220809387334157e-06,-0.6367801013084895,8.085591980488971e-05
0.009899171069264412,0.00010082893073558828,0.042393009120261504,52.628184041939676,1.0,0.015082833589985967,0.999922227951277,1.6047769667347804e-13,0.03971476676240467,0.0,fixed-e3m4,0.0,13,0.0,18000,detail,0.35295196685614094,7.639093650698606e-08,3.162642769893864e-06,51.9457727978006,4.537513632385526e-06,0.35372340190381957,7.609971362398937e-05
0.009919675998389721,8.032400161027929e-05,0.019253938064616772,54.179414875106886,1.0,0.01546258362941444,0.999904745779071,6.072636067780873e-13,0.046350401109240366,0.0,fixed-e3m4,0.0,13,0.0,18500,detail,0.7512733392444211,6.272127004026646e-08,4.109113433514722e-06,53.47763058566488,3.2449870559503324e-06,0.7495015062732132,5.013671761844307e-05
0.009863696061074734,0.00013630393892526647,0.03474526286775124,55.65180270909332,1.0,0.015837291488423944,0.999906913640792,4.1287398649610123e-13,0.038823412894919286,0.0,fixed-e3m4,0.0,13,0.0,19000,detail,0.7128143777960252,5.4579769663300105e-08,3.3558596896909876e-06,54.93186696595512,6.7061105255561415e-06,0.7122169870333737,4.158340016147122e-05
0.010007667355239391,7.667355239391119e-06,0.02839204569798649,57.199259125161916,1.0,0.016321958508342505,0.9999169197550128,2.0509624187563542e-13,0.032782014459740515,0.0,fixed-e3m4,0.0,13,0.0,19500,detail,-0.2268996173983171,4.131888528786305e-08,3.069299509661505e-06,56.46007880428806,3.0307930956041673e-06,-0.22806813533268974,5.788962880615145e-05
0.010453127324581146,0.00045312732458114603,0.013440242236412242,58.719399749999866,1.0,0.016702750697731972,0.9999143767393147,1.71178946436756e-13,0.04219074972764188,0.0,fixed-e3m4,0.0,13,0.0,20000,detail,-0.712808060593735,7.29083733332377e-08,2.283431513205869e-06,57.96053628693335,1.738679770824092e-06,-0.7114197297021475,5.586719998973422e-05
0.0038037109188735485,0.006196289081126452,53.18563743311692,0.004339125007390976,1.0,0.0,,,,0.0,fixed-e4m3,0.0,13,0.0,0,detail,,,,0.0,0.007855608128011227,,0.0002445159771014005
0.009239908307790756,0.000760091692209244,1.9243650696939687,1.409106541890651,1.0,0.0004265420138835907,0.9996161912148788,5.7331433145422815e-11,0.0,0.0,fixed-e4m3,0.0,13,0.0,500,detail,0.17162060458347309,3.755131893725971e-07,0.00016588903963565826,1.3847999167628586,0.00013795295672025532,0.169423533610129,0.0002987406332977116
0.0090707466006279,0.000929253399372101,0.8736486153450927,2.902318541891873,1.0,0.0010201670229434967,0.9996584427207379,4.97189242923484e-11,0.0,0.0,fixed-e4m3,0.0,13,0.0,1000,detail,0.14250212579252455,4.941337509542166e-07,6.36132899671793e-05,2.8557154058944434,6.943623156985268e-05,0.14176498886704045,0.0003350999904796481
0.011331317946314812,0.0013313179463148115,0.5051354308398017,4.482984208036214,1.0,0.0014615419786423445,0.999683702614422,1.516466578694541e-11,0.0,0.0,fixed-e4m3,0.0,13,0.0,1500,detail,0.12661404668529502,1.1581957029774376e-07,4.5899825636297464e-05,4.414980063214898,5.6457025493728e-05,0.12745077800539337,0.0002694678260013461
0.01068166270852089,0.0006816627085208891,0.8189405136343298,5.975804958026856,1.0,0.0018570839893072844,0.999610302192702,3.165587208169696e-11,0.0,0.0,fixed-e4m3,0.0,13,0.0,2000,detail,0.2995375811351253,1.067180184054314e-07,5.879193849978037e-05,5.887440106132999,7.470499986084178e-05,0.3014000816760299,0.00013849424431100488
0.01049597654491663,0.0004959765449166296,1.527158501117324,7.411835249979049,1.0,0.002259959001094103,0.9996067814566022,4.820826119160389e-10,9.903931860948797e-05,0.0,fixed-e4m3,0.0,13,0.0,2500,detail,0.8803753792726284,1.5874023087936122e-07,0.0003174115845467895,7.30391051270999,0.0001617076195543632,0.880035556291504,0.0001726500049699098
0.01022656075656414,0.0002265607565641401,0.6042803599608322,8.864597874926403,1.0,0.0026489589363336563,0.999674547437378,5.61808643390668e-11,9.903931860948797e-05,0.0,fixed-e4m3,0.0,13,0.0,3000,detail,0.763036203929364,2.283437247956276e-07,8.90284645720385e-05,8.736622320488095,8.564710878999904e-05,0.760991325114762,0.00022661054390482605
0.010461225174367428,0.0004612251743674276,0.4715793490306334,10.307544041890651,1.0,0.003090458922088146,0.9995718742204158,2.882512259775497e-10,0.0,0.0,fixed-e4m3,0.0,13,0.0,3500,detail,0.8831811268262432,7.547950675904005e-08,0.00019403653277549893,10.159808570286259,8.727936074137688e-05,0.8827867847823969,0.0001648372272029519
0.010437051765620708,0.00043705176562070826,0.3613331492585962,11.790142291923985,1.0,0.003491875948384404,0.9996993705951815,1.0658689432056693e-11,0.0,0.0,fixed-e4m3,0.0,13,0.0,4000,detail,-0.3301609809697396,9.969186842567204e-08,2.980476892844308e-05,11.62412208179012,4.140889723203145e-05,-0.3294542864089533,0.00013000861508771777
0.011571603827178478,0.001571603827178478,0.3657666882796613,13.24879724998027,1.0,0.003931126091629267,0.9995880476209815,7.177671894949595e-11,0.0,0.0,fixed-e4m3,0.0,13,0.0,4500,detail,-0.15630840918713096,2.540313968224275e-07,6.019058128003962e-05,13.064964450197294,4.390217145555653e-05,-0.15323355022155472,0.00017024281260091811
0.010303539223968983,0.0003035392239689825,0.20163204480885769,14.7591675829608,1.0,0.00432816706597805,0.9997104311319351,3.006097220502279e-11,9.903931860948797e-05,0.0,fixed-e4m3,0.0,13,0.0,5000,detail,0.6609767185347392,7.722559151454023e-08,5.768095070379786e-05,14.556910629849881,3.4027176297968253e-05,0.6627268747761109,0.00016761150618549436
0.009584827348589897,0.00041517265141010305,0.3020469181638626,16.33644604193978,1.0,0.004765749908983707,0.9996910633974986,1.1966619936250136e-11,0.00039615727443795186,0.0,fixed-e4m3,0.0,13,0.0,5500,detail,-0.5532194135641685,1.5961644521854609e-07,3.3252705179620534e-05,16.114080718019977,5.8895220718113706e-05,-0.5540749678996412,0.00013549886352848262
0.013365624472498894,0.0033656244724988935,1.0892544713078844,17.882233541924506,1.0,0.0054185830522328615,0.9996566145082563,1.3907593263469612e-11,0.0,0.0,fixed-e4m3,0.0,13,0.0,6000,detail,0.31188967380952987,2.3405786116919985e-07,3.678958455566317e-05,17.63945175660774,9.098050941247493e-05,0.3098771059833906,0.00024212388962041587
0.010730448178946972,0.0007304481789469717,0.19264976702301262,19.348012041999027,1.0,0.005814000265672803,0.9997662340648926,7.330705094743841e-12,0.00039615727443795186,0.0,fixed-e4m3,0.0,13,0.0,6500,detail,0.8482089672747584,2.832923260723106e-07,1.3470579688146245e-05,19.084677712526172,2.0367941033327952e-05,0.8467682219502687,0.00018845376325771213
0.013984068296849728,0.003984068296849727,0.702693723342442,20.788544917013496,1.0,0.0062230422627180815,0.9996753250457562,1.007547198931639e-10,0.0002971179558284639,0.0,fixed-e4m3,0.0,13,0.0,7000,detail,0.6200645606767635,1.4096836495335667e-07,0.00012066238559782505,20.507597842253745,6.0450718592619523e-05,0.6196366932698699,0.00013998299255035818
0.009617951698601246,0.00038204830139875433,0.1309091419580149,22.221715291962028,1.0,0.006625334266573191,0.9996538352381552,1.6167747925590525e-11,9.903931860948797e-05,0.0,fixed-e4m3,0.0,13,0.0,7500,detail,-0.03475914098189546,1.3301992764311213e-07,3.3780670491978526e-05,21.92270284704864,1.1394150533305947e-05,-0.03316247886024682,0.00015595616423524916
0.010162308812141418,0.00016230881214141825,0.09794660041103526,23.69077966688201,1.0,0.00707075116224587,0.9995884026981846,9.033041816920473e-11,0.0,0.0,fixed-e4m3,0.0,13,0.0,8000,detail,0.7922407475517091,4.1365315793848964e-08,8.39186686789617e-05,23.372673477977514,1.867942228273023e-05,0.793770640490628,8.869777957443148e-05
0.010852161794900894,0.000852161794900894,0.05951920397267563,25.144376332871616,1.0,0.00748229306191206,0.9996890028471913,4.802950007234051e-13,0.00019807863721897593,0.0,fixed-e4m3,0.0,13,0.0,8500,detail,-0.28754646748466506,2.156968421890707e-07,3.1942292935127625e-06,24.808511203387752,7.871152774896473e-06,-0.28763896276622847,0.0002277960884384811
0.011108189821243286,0.001108189821243286,0.04247785403197527,26.623125792015344,1.0,0.00825071008875966,0.9996501740526154,6.131193612197031e-12,9.903931860948797e-05,0.0,fixed-e4m3,0.0,13,0.0,9000,detail,-0.04060376832321814,1.7902574565969534e-07,2.394882176304236e-05,26.26817557052709,8.584158422308974e-06,-0.040106518422995056,0.0001792357215890661
0.010281793773174286,0.0002817937731742857,0.08721945581150628,28.199759499868378,1.0,0.008637751219794154,0.9996305192263806,1.5773484479251175e-12,0.0002971179558284639,0.0,fixed-e4m3,0.0,13,0.0,9500,detail,-0.46723693237890296,1.3153622303946079e-07,6.203144948813133e-06,27.824087235843763,1.036651519825682e-05,-0.4688676209790589,0.00018518167780712247
0.009104142896831036,0.0008958571031689646,0.3046472633311357,29.672427666839212,1.0,0.009036292089149356,0.9995874642113973,7.746985652102302e-11,0.0019807863721897595,0.0,fixed-e4m3,0.0,13,0.0,10000,detail,0.6568805852618606,7.457572568440917e-08,7.226756861200556e-05,29.278825357556343,7.486714457627386e-05,0.6581833006623002,0.0001371500111417845
0.009448221884667873,0.0005517781153321268,0.20977103942140193,31.1511604168918,1.0,0.009424292016774416,0.9996733831864721,5.322020140801938e-12,9.903931860948797e-05,0.0,fixed-e4m3,0.0,13,0.0,10500,detail,0.4191800980628901,3.4441644559418977e-08,1.929931022459641e-05,30.74036753270775,1.6926102034631185e-05,0.41680186991135154,9.846582543104887e-05
0.008639364503324032,0.0013606354966759684,0.1586390044212486,32.94091487489641,1.0,0.009935207897797227,0.9995258712948939,2.078059581211267e-11,9.903931860948797e-05,0.0,fixed-e4m3,0.0,13,0.0,11000,detail,0.5543444413558036,2.6747794500155604e-08,2.7806641810457222e-05,32.50880162091926,2.2722633730154485e-05,0.5573359355432077,0.00010190014290856197
0.009024783037602901,0.0009752169623970987,0.10775098656281566,34.484598707873374,1.0,0.010403665946796536,0.9997127435671336,1.4790287966479168e-11,0.0,0.0,fixed-e4m3,0.0,13,0.0,11500,detail,-0.6563344723499688,4.3447864650291196e-07,1.7852629753178917e-05,34.0330258582253,1.551210880279541e-05,-0.660873983600293,0.00022574148897547275
0.008109096437692642,0.001890903562307358,0.20753167681687076,35.97300612484105,1.0,0.010794498957693577,0.999676393357335,2.5714595002318808e-11,0.00019807863721897593,0.0,fixed-e4m3,0.0,13,0.0,12000,detail,0.4525066528574053,3.62117085418891e-07,3.81945792469196e-05,35.50090064597316,1.3283347470860463e-05,0.4535274058282213,0.00026742523186840117
0.009845401160418987,0.00015459883958101293,0.14773940632345675,37.41684354189783,1.0,0.011173581937327981,0.9996889869109407,3.1921420376173483e-12,0.0,0.0,fixed-e4m3,0.0,13,0.0,12500,detail,0.2753795196933227,1.8951148978341358e-07,1.228188648383366e-05,36.92785140033811,1.1794468264270108e-05,0.27693815084118073,0.00017432965978514403
0.008680344559252262,0.001319655440747738,0.10959166936168044,38.823789458023384,1.0,0.011608998756855726,0.999579056338635,2.683775196376648e-11,0.00039615727443795186,0.0,fixed-e4m3,0.0,13,0.0,13000,detail,-0.41589995221512444,1.1075568317164022e-07,3.382354771019891e-05,38.31646516663022,3.537544762366451e-05,-0.41781378176631484,0.00013551785377785563
0.00880651269108057,0.00119348730891943,0.10494852381091176,40.27650491707027,1.0,0.01201441464945674,0.9997234680305331,1.0796878624736381e-11,0.00019807863721897593,0.0,fixed-e4m3,0.0,13,0.0,13500,detail,0.6661418578542043,7.09750591251449e-08,2.6129268007935025e-05,39.75072575104423,1.2709317161352374e-05,0.6634511237901999,0.00014250756066758186
0.009769733995199203,0.00023026600480079672,0.02922780546806836,41.728749457979575,1.0,0.01240466465242207,0.9995289290223828,4.419694871532526e-12,0.003367336832722591,0.0,fixed-e4m3,0.0,13,0.0,14000,detail,-0.5541272685890524,6.695780747398902e-08,8.611671546532307e-06,41.18535799277015,4.630399871530244e-06,-0.5589549841209946,0.0001285941107198596
0.010270987637341022,0.0002709876373410223,0.07865854452822826,43.15716299996711,1.0,0.012900664703920484,0.9996406464881977,1.6294765527789063e-12,0.0002971179558284639,0.0,fixed-e4m3,0.0,13,0.0,14500,detail,-0.4348979887520818,4.014111643878873e-08,4.067177542310674e-06,42.59526887303218,6.614717676711734e-06,-0.43186816847351395,9.090782987186685e-05
0.009858420118689537,0.00014157988131046316,0.052263739465475245,44.651526832953095,1.0,0.013279539765790105,0.999667818432635,1.314322553055988e-12,0.00019807863721897593,0.0,fixed-e4m3,0.0,13,0.0,15000,detail,-0.488243112835968,5.275925008467058e-08,4.07808693125844e-06,44.06992111960426,1.3825210771756247e-05,-0.4889608392650176,0.00011680683383019641
0.010659856721758842,0.0006598567217588423,0.06665218800773544,46.085104417055845,1.0,0.013711330713704228,0.9996011882192053,9.945082670639803e-13,9.903931860948797e-05,0.0,fixed-e4m3,0.0,13,0.0,15500,detail,-0.16257642776415696,3.8255398640348685e-08,6.338303137454204e-06,45.485589417628944,5.487477665155893e-06,-0.16163597890692494,9.805239096749574e-05
0.007259438280016184,0.0027405617199838164,0.1562324514024668,47.44926262483932,1.0,0.014101414708420634,0.9996359883980996,2.6907540037355084e-12,9.903931860948797e-05,0.0,fixed-e4m3,0.0,13,0.0,16000,detail,0.459223573442448,4.529249068740532e-08,1.383525705023203e-05,46.8322587152943,1.2030238394800108e-05,0.4624144623825569,0.00010555404878687114
0.01136068720370531,0.0013606872037053106,0.1570630553734095,48.79755079187453,1.0,0.014481580583378673,0.9996447666180371,4.724849045188508e-12,0.00039615727443795186,0.0,fixed-e4m3,0.0,13,0.0,16500,detail,-0.2698821681298151,5.446254035042071e-08,9.001256330520846e-06,48.16366114234552,1.1779189662775025e-05,-0.26809644151134343,0.00010099879000335932
0.010771137662231922,0.0007711376622319219,0.14830791198555685,50.22206437494606,1.0,0.014929246623069048,0.9996625531058683,2.3077670605748497e-12,0.00019807863721897593,0.0,fixed-e4m3,0.0,13,0.0,17000,detail,0.07831934075506441,3.880245536021842e-08,1.4118226317805238e-05,49.56880071852356,8.820599759928882e-06,0.07717671533823084,0.00011344430822646245
0.011785470880568027,0.0017854708805680273,0.0511659372676467,51.65510224993341,1.0,0.015328413574025035,0.9996306585763226,2.9636386491695907e-12,0.00039615727443795186,0.0,fixed-e4m3,0.0,13,0.0,17500,detail,-0.08854846441340061,3.3270273621765326e-08,1.0584823940007482e-05,50.982084177201614,7.649381586816162e-06,-0.08802320346644817,8.517628157278523e-05
0.012250707484781742,0.002250707484781742,0.14515106485221585,53.01691637490876,1.0,0.01570732961408794,0.9996707532968736,2.5673732073979048e-12,9.903931860948797e-05,0.0,fixed-e4m3,0.0,13,0.0,18000,detail,-0.09860563454278004,2.1716278677574546e-08,7.505659596063197e-06,52.327373252948746,1.0979650141962338e-05,-0.10029753442929516,9.889427747111768e-05
0.009024175815284252,0.000975824184715748,0.07773511882986782,54.3933704579249,1.0,0.01612462173216045,0.9996325111413437,3.18899174429656e-11,0.0007923145488759037,0.0,fixed-e4m3,0.0,13,0.0,18500,detail,0.6590544738693697,2.387642572998131e-08,3.646659752121195e-05,53.68810717575252,5.577889623964438e-06,0.6580859127787093,7.517945778090507e-05
0.009677269496023655,0.00032273050397634527,0.025172314696399658,55.80908470787108,1.0,0.016524330712854862,0.9996879769960243,8.79149117579965e-13,0.0,0.0,fixed-e4m3,0.0,13,0.0,19000,detail,-0.19936270683235485,3.51263920522643e-08,3.6868009374302346e-06,55.087743147742,3.024095803993987e-06,-0.2010047718911162,7.276776159415022e-05
0.009703387506306171,0.0002966124936938288,0.02583371429904549,57.16069258283824,1.0,0.01691295555792749,0.9996336186459754,5.361181381580648e-13,0.00019807863721897593,0.0,fixed-e4m3,0.0,13,0.0,19500,detail,-0.15755164780679065,2.4462988040298782e-08,2.6469997465028428e-06,56.422889050561935,2.355385504415608e-06,-0.15789352210452667,6.260624650167301e-05
0.009223490953445435,0.0007765090465545656,0.04440436089580628,58.532862207852304,1.0,0.017435580492019653,0.999606638827845,1.762993400601728e-12,0.00019807863721897593,0.0,fixed-e4m3,0.0,13,0.0,20000,detail,-0.26699154107879036,2.1949510506686616e-08,5.790599971078336e-06,57.77638833853416,5.0044031922880094e-06,-0.26678061768893163,6.73234389978461e-05
-0.01098612416535616,0.02098612416535616,65.00800037925536,0.005006000166758895,1.0,0.0,,,,0.0,fixed-e5m2,0.0,13,0.0,0,detail,,,,0.0,0.011213892139494419,,0.0019650980830192566
0.007573164068162441,0.002426835931837559,1.8073846509098643,1.4972335000056773,1.0,0.0006308341398835182,0.9986696354695577,2.9989723857105777e-10,0.0,0.0,fixed-e5m2,0.0,13,0.0,500,detail,-0.1870120879611298,2.3248589713527044e-06,0.00018568577070254833,1.4738584181759506,0.0003527763474266976,-0.1872098546495528,0.0020284855272620916
0.0018498145509511232,0.008150185449048877,3.5171913388702016,3.0295174999628216,1.0,0.0010618341621011496,0.9983978616440401,3.4357769156998303e-10,0.0,0.0,fixed-e5m2,0.0,13,0.0,1000,detail,0.19340557349113646,1.7312550352663087e-06,0.00020493761985562742,2.987315063131973,0.0002264188224216923,0.19390379912394304,0.0012143293861299753
0.007470325101166964,0.0025296748988330366,1.6068338903500876,4.807028749957681,1.0,0.0015370419714599848,0.9984540828143952,1.9920132313342838e-10,0.0,0.0,fixed-e5m2,0.0,13,0.0,1500,detail,0.092298597433576,2.043492640871588e-06,0.00010921538341790438,4.743224268080667,0.00011324221850372851,0.09787571330705575,0.00167385907843709
0.009370844811201096,0.0006291551887989046,1.6212298496039896,6.578078875085339,1.0,0.0019482090137898922,0.9987803292824823,3.4391502047446706e-10,0.0,0.0,fixed-e5m2,0.0,13,0.0,2000,detail,-0.8056610287409027,3.8823085115850585e-06,9.828787733567879e-05,6.492372802924365,0.00012559868628159165,-0.8067920235271289,0.001576369977556169
0.015441029332578182,0.005441029332578182,1.2407781855203144,8.04527624999173,1.0,0.0023562090937048197,0.9987758353033916,1.9327143870448174e-09,0.0,0.0,fixed-e5m2,0.0,13,0.0,2500,detail,-0.9415620375175614,5.008417802653974e-06,0.00029558315873146057,7.937855475815013,0.00020555291848722845,-0.9425475270368852,0.001038290443830192
0.011209261603653431,0.0012092616036534307,0.5445904917751759,9.570146332960576,1.0,0.0027790842577815056,0.99879869688404,2.0852823942821282e-10,0.0,0.0,fixed-e5m2,0.0,13,0.0,3000,detail,-0.44411562789410514,1.4344222680355532e-06,0.00014499586541205645,9.44294912670739,4.766157144331373e-05,-0.44525729416469667,0.001129685202613473
0.00747067341580987,0.0025293265841901304,2.7475798769918782,11.211433208081871,1.0,0.003167584305629134,0.9986918628917288,1.8416190102050947e-09,0.0,0.0,fixed-e5m2,0.0,13,0.0,3500,detail,0.5118906770669709,2.8821815134956878e-06,0.0004497170739341527,11.065942160086706,0.0004878322943113744,0.4996837257693474,0.002203442621976137
0.01046773511916399,0.0004677351191639898,1.457026296239299,12.726516416994855,1.0,0.003720375243574381,0.9985301890383279,3.467069195040796e-10,0.0,0.0,fixed-e5m2,0.0,13,0.0,4000,detail,0.350534854190426,1.0020543476798994e-06,0.00012175799929536879,12.560813227668405,7.832125265849754e-05,0.35960489313164795,0.001322837546467781
0.008324346505105495,0.0016756534948945048,0.789884410574579,14.422525542089716,1.0,0.004141959128901362,0.9984208206095496,9.655480457341282e-11,0.0,0.0,fixed-e5m2,0.0,13,0.0,4500,detail,-0.3891832713551489,4.813528835336768e-07,6.886628398206085e-05,14.226320552406833,0.00011262131010880694,-0.3914944812541313,0.001102590817026794
0.00981092732399702,0.0001890726760029795,0.7469471611245405,15.970818125177175,1.0,0.004539751214906573,0.9988790226593726,8.131762709390864e-11,0.0,0.0,fixed-e5m2,0.0,13,0.0,5000,detail,0.6349068627644299,7.551860633695619e-07,7.114025356713682e-05,15.754452466033399,6.947880319785327e-05,0.6320330547651395,0.0009922240860760212
0.006288593634963036,0.0037114063650369646,0.5697339427725853,17.59607525006868,1.0,0.004995335126295686,0.9988346523517511,4.8863409187264084e-11,0.0,0.0,fixed-e5m2,0.0,13,0.0,5500,detail,0.07854877252642987,8.434435164567588e-07,5.7616325648268685e-05,17.36023516021669,0.00012555728608276695,0.0721366168476555,0.0007887777755968273
0.006323944311589003,0.0036760556884109976,0.32103353532231615,19.225521833170205,1.0,0.0057869600132107735,0.9987552828582694,3.078518695526533e-11,0.0,0.0,fixed-e5m2,0.0,13,0.0,6000,detail,-0.0904970252770601,2.5001741869946156e-07,4.3559375626500696e-05,18.96875019487925,3.1318835681304336e-05,-0.09497939337457346,0.0005169421783648431
0.009788808412849903,0.0002111915871500971,0.41898668253113197,20.911390708060935,1.0,0.006221502088010311,0.9983048249227598,7.147639362978709e-11,0.0,0.0,fixed-e5m2,0.0,13,0.0,6500,detail,-0.24020778765628292,1.595595728429704e-07,5.1845756388502195e-05,20.633767534513026,4.416654337546788e-05,-0.23232570842310762,0.0003600911295507103
0.00737460982054472,0.0026253901794552805,0.23891988599599986,22.707917124964297,1.0,0.006920210085809231,0.9988343008628955,3.412847210558348e-10,0.0,0.0,fixed-e5m2,0.0,13,0.0,7000,detail,0.7306792938515145,8.563031277588264e-08,0.00011122261639684439,22.405373545596376,6.81865494698286e-05,0.7374794336006718,0.00022917766182217747
0.00976024940609932,0.00023975059390068075,0.15097780511243605,24.522691166959703,1.0,0.0073135849088430405,0.9986318017375067,5.930770297467275e-11,0.0,0.0,fixed-e5m2,0.0,13,0.0,7500,detail,-0.8101330979579532,4.038501039313512e-07,2.4389220925513655e-05,24.196317676687613,1.8489399735699408e-05,-0.8096855535658918,0.0003585618978831917
0.0062321326695382595,0.0037678673304617407,0.3344698157929373,26.08762575010769,1.0,0.007741875946521759,0.9982956393163191,1.5163745952400146e-10,0.0,0.0,fixed-e5m2,0.0,13,0.0,8000,detail,-0.28181641245321676,1.0821828233424917e-06,7.771168748149648e-05,25.74032167601399,5.554399831453338e-05,-0.2841937469602656,0.0006471654050983489
0.009872161783277988,0.00012783821672201177,0.3056811353212807,27.52577479206957,1.0,0.008163917111232877,0.9987362155761352,2.4025146827341638e-11,0.0,0.0,fixed-e5m2,0.0,13,0.0,8500,detail,-0.14844683754443336,2.941540263567373e-07,4.615701618604362e-05,27.15858942619525,4.468379120226018e-05,-0.15587804581296202,0.0004081025253981352
0.01216212473809719,0.0021621247380971906,0.31415470944334506,28.975369499996305,1.0,0.008601709268987179,0.99879663043983,5.037687767670679e-11,0.0,0.0,fixed-e5m2,0.0,13,0.0,9000,detail,-0.03898238980913572,8.097711255498996e-07,3.0109815270407125e-05,28.58926162775606,6.536857108585536e-05,-0.04335305843891997,0.000571213779039681
0.010883718729019165,0.0008837187290191648,0.0814995593724589,30.51017858297564,1.0,0.009264834225177765,0.9987780852881235,1.9077325617902425e-11,0.0,0.0,fixed-e5m2,0.0,13,0.0,9500,detail,-0.5751994007202631,6.223421412008963e-07,1.6084490198409185e-05,30.10396952764131,1.3120336006977595e-05,-0.5700726256599473,0.0004783455515280366
0.013203240931034088,0.003203240931034088,0.2881136242448599,32.08712304197252,1.0,0.009664334123954177,0.9985634393167291,8.308688815445122e-11,0.0,0.0,fixed-e5m2,0.0,13,0.0,10000,detail,0.4281052887628786,3.642426804562071e-07,8.105712913675234e-05,31.66158952144906,4.1349634557263926e-05,0.43267166178491123,0.00044922338565811515
0.013731327839195728,0.003731327839195728,0.24297582136922216,33.60036225011572,1.0,0.010081876069307327,0.9992041478382746,3.8006176030767115e-11,0.0,0.0,fixed-e5m2,0.0,13,0.0,10500,detail,-0.6925775397121985,1.2184123140984109e-06,3.439423016970977e-05,33.15635561826639,2.2190353774931282e-05,-0.6941184136221956,0.0006169251864776015
0.009236425161361694,0.0007635748386383059,0.0973046979753199,35.12912354199216,1.0,0.010504543082788587,0.9981608011795318,3.3567336584947436e-10,0.0,0.0,fixed-e5m2,0.0,13,0.0,11000,detail,0.9306646574692131,1.71224515094761e-07,0.00010154720803257078,34.66494303569198,0.00011319006443955004,0.9297939156687836,0.00037695287028327584
0.008238180540502071,0.0017618194594979288,0.15105015269386157,36.71730012516491,1.0,0.010943001136183739,0.997674581323342,4.091059087094627e-11,0.0,0.0,fixed-e5m2,0.0,13,0.0,11500,detail,0.12037419962275961,5.438933725307484e-07,1.743890970828943e-05,36.232425692956895,2.2771277144784108e-05,0.1308593707764369,0.0004994418122805655
0.009843823499977589,0.00015617650002241155,0.08035940595726716,38.253577958093956,1.0,0.011374376015737653,0.998891854961163,1.024929702758009e-11,0.0,0.0,fixed-e5m2,0.0,13,0.0,12000,detail,-0.5284107260406687,3.9857287770893705e-07,1.0617406587698497e-05,37.74882998224348,1.5692605302319862e-05,-0.5261154674690741,0.0003996208542957902
0.010388100519776344,0.0003881005197763441,0.2987628446954952,39.75788779207505,1.0,0.011819001054391265,0.9987564107537834,3.873453133408967e-11,0.0,0.0,fixed-e5m2,0.0,13,0.0,12500,detail,0.6325035095989415,4.638510632337956e-07,2.7696944016497582e-05,39.23440008913167,2.0484405467868783e-05,0.6297218591200046,0.0004223150899633765
0.010554143227636814,0.0005541432276368139,0.026485042123377968,41.22739045810886,1.0,0.012229418149217963,0.9991839018058353,1.5740389174903057e-12,0.0,0.0,fixed-e5m2,0.0,13,0.0,13000,detail,-0.5311466217605524,4.201850494625511e-07,2.576825409050798e-06,40.68514383584261,3.6286098747950746e-06,-0.5330509962333153,0.00040676631033420563
0.010082685388624668,8.268538862466791e-05,0.383770399331504,42.68292387505062,1.0,0.01262241811491549,0.9986884721424462,1.043503274838055e-11,0.0,0.0,fixed-e5m2,0.0,13,0.0,13500,detail,0.541683142353696,3.813015092437298e-07,1.5793269994901493e-05,42.12293588020839,2.500083610357251e-05,0.5373381174106606,0.00039473178912885487
0.009997799061238766,2.2009387612344916e-06,0.18878520332391976,44.165522958151996,1.0,0.013038668315857649,0.9989984424116456,5.886192586197891e-12,0.0,0.0,fixed-e5m2,0.0,13,0.0,14000,detail,-0.14652201376413393,8.564129843435726e-07,1.3298586054588668e-05,43.58739245869219,1.3544825378630776e-05,-0.1364321855770651,0.0004770250234287232
0.00978869292885065,0.00021130707114934942,0.30577410590021775,45.680388833163306,1.0,0.013444459298625588,0.9984087362707316,3.396581736463957e-11,0.0,0.0,fixed-e5m2,0.0,13,0.0,14500,detail,0.397032859351232,2.8748643477405754e-07,2.9268110665725544e-05,45.08397662919015,2.0942918126820587e-05,0.3984297204360886,0.00029644157621078193
0.009654483757913113,0.00034551624208688757,0.049216970550664645,47.16773370816372,1.0,0.013896126300096512,0.9986038471004621,1.3050846908463472e-11,0.0,0.0,fixed-e5m2,0.0,13,0.0,15000,detail,0.6777093976249868,1.56527449004589e-07,1.4953887330193538e-05,46.55424007587135,4.37013750342885e-06,0.6806949144062827,0.00027207491802982986
0.007265245541930199,0.0027347544580698015,0.3308375219488513,48.66137516708113,1.0,0.014368210220709443,0.9984293908018019,1.0202114731910215e-11,0.0,0.0,fixed-e5m2,0.0,13,0.0,15500,detail,-0.012008308709594292,4.229054148286206e-07,1.6360359950340353e-05,48.02977645373903,2.0116958694416098e-05,-0.0031057818814413628,0.0003214481985196471
0.009887199848890305,0.00011280015110969564,0.22445192651934798,50.18253375007771,1.0,0.014765710104256868,0.9984477513894694,5.099053839187186e-12,0.0,0.0,fixed-e5m2,0.0,13,0.0,16000,detail,-0.42885557047495815,6.46142869121134e-07,9.441596375836525e-06,49.53208053554408,2.3578926629852504e-05,-0.439297827422517,0.00042990793008357286
0.009840430691838264,0.00015956930816173574,0.1048044716009988,51.62613995815627,1.0,0.015153377316892147,0.9986412164152659,1.527036701934237e-11,0.0,0.0,fixed-e5m2,0.0,13,0.0,16500,detail,-0.269729161642843,4.618175274031823e-07,2.0294486603233963e-05,50.95760836871341,1.0836581168405246e-05,-0.25387630193131405,0.0003583292418625206
0.010735596530139446,0.000735596530139446,0.24563031693118773,53.017168667167425,1.0,0.015558252343907952,0.9991163562617232,1.795041917916454e-11,0.0,0.0,fixed-e5m2,0.0,13,0.0,17000,detail,0.0012124447672026968,2.87188605702644e-07,2.6370387786300853e-05,52.329358065035194,2.1330075469450094e-05,0.0047475825667611556,0.0002788820129353553
0.010714540258049965,0.0007145402580499647,0.12043426734345422,54.54638604214415,1.0,0.01608971133828163,0.997925994746993,3.7620717770583476e-11,0.0,0.0,fixed-e5m2,0.0,13,0.0,17500,detail,0.5967714688433545,1.8535745164828562e-07,1.4766084859729744e-05,53.8382812733762,1.5456651453860104e-05,0.6028318887393662,0.0002397496864432469
0.009317487478256226,0.0006825125217437746,0.21593442332098076,56.6059925830923,1.0,0.016753628384321928,0.998510017529862,5.274174205647048e-12,0.0,0.0,fixed-e5m2,0.0,13,0.0,18000,detail,-0.18115735792187423,1.9610846312824247e-07,7.141710739233531e-06,55.87144019501284,1.6431806216132827e-05,-0.18698546469341737,0.0002475063956808299
0.009237060323357582,0.0007629396766424181,0.1425257394489097,58.05218720808625,1.0,0.017147545237094164,0.9987030870537408,4.1917692611759056e-12,0.0,0.0,fixed-e5m2,0.0,13,0.0,18500,detail,-0.2657519099512701,1.3488536346682543e-07,7.068209924909752e-06,57.29747256427072,1.2750916539516766e-05,-0.26128082667442154,0.00019734374654944986
0.010421577841043472,0.0004215778410434721,0.07982908259039712,59.56608962500468,1.0,0.017593837343156338,0.998912832234536,1.9177119042435748e-11,0.0,0.0,fixed-e5m2,0.0,13,0.0,19000,detail,0.862810000619661,1.1349711558609336e-07,1.2284730473766103e-05,58.79291152697988,5.980480636935681e-06,0.860547807848715,0.0001823861093726009
0.008609591983258724,0.001390408016741276,0.1707156739304907,61.04846241697669,1.0,0.01800087932497263,0.9983899147715202,1.3111954765248989e-11,0.0,0.0,fixed-e5m2,0.0,13,0.0,19500,detail,0.18825526570799686,1.2762620453300624e-07,1.836661613197066e-05,60.25686264410615,1.3929337001172826e-05,0.1897013534289352,0.00018883078882936388
0.009578118100762367,0.00042188189923763296,0.10855936821350581,62.551773875020444,1.0,0.018432004377245903,0.9986728595772474,2.696456067366903e-11,0.0,0.0,fixed-e5m2,0.0,13,0.0,20000,detail,-0.702906530951412,1.402267533401182e-07,2.373758252360858e-05,61.73902369174175,1.3303459127200767e-05,-0.7005915337358234,0.00014316130545921624
0.0038037109188735485,0.006196289081126452,53.18563743311692,0.004130125045776367,1.0,0.0,,,,0.0,fixed-hybrid,0.0,13,0.0,0,detail,,,,0.0,0.007855608128011227,,0.0002445159771014005
0.008491233922541142,0.0015087660774588587,1.7624867523956487,1.4680920829996467,1.0,0.00037866714410483837,0.998591486758945,4.385574945696988e-10,0.0,0.0,fixed-hybrid,0.0,13,0.0,500,detail,-0.16544902331486402,4.932604103160986e-07,0.00014552152424585074,1.4460769752040505,0.00013072545698378235,-0.1657332175968566,0.0002732861030381173
0.007283145561814308,0.002716854438185692,1.2466512580842815,3.091179500101134,1.0,0.001120125176385045,0.9985803544316102,1.4576117702503258e-10,0.0,0.0,fixed-hybrid,0.0,13,0.0,1000,detail,-0.11867292180802738,3.7584194468745577e-07,7.906198152340949e-05,3.0479816410224885,0.00011572470248211175,-0.1218022297255295,0.00030219185282476246
0.010418749414384365,0.0004187494143843649,0.6755234792941157,4.789764458080754,1.0,0.0015911252703517675,0.998632114744562,3.610330706443828e-11,0.0,0.0,fixed-hybrid,0.0,13,0.0,1500,detail,0.36699547809431615,2.6917471190171153e-07,3.7205514672677964e-05,4.7267255573533475,5.518317630048841e-05,0.36728141624902805,0.00025860697496682405
0.009829040616750717,0.00017095938324928305,0.3325112760748647,6.200583792058751,1.0,0.0020613751839846373,0.9987369793226601,1.612008268912342e-10,0.0,0.0,fixed-hybrid,0.0,13,0.0,2000,detail,0.8460026651504811,7.581065056564237e-08,3.577036113711074e-05,6.1201535682193935,2.0739746105391532e-05,0.8474321956893552,0.00017324979125987738
0.0103056151419878,0.0003056151419878004,0.8216382993047637,7.691828042035922,1.0,0.0025026253424584866,0.9985196509652476,8.531611095318774e-11,0.0,0.0,fixed-hybrid,0.0,13,0.0,2500,detail,-0.20712387909536234,3.8686918160421615e-07,7.521554653067142e-05,7.584930483717471,9.9452881840989e-05,-0.20524413160119237,0.00029408824048005044
0.014301296323537827,0.004301296323537826,0.838498263348641,9.094872667221352,1.0,0.0029715413693338633,0.9985312310881459,1.2765970202356645e-10,0.0,0.0,fixed-hybrid,0.0,13,0.0,3000,detail,-0.16069328179638967,1.8965018009236608e-07,7.050868589431047e-05,8.969146312214434,0.00016377198335248977,-0.16652513470211827,0.00017323726206086576
0.012592493556439877,0.0025924935564398763,0.37863333071069866,10.553796542109922,1.0,0.0033521244768053293,0.998766305440819,2.074639486656724e-10,0.0,0.0,fixed-hybrid,0.0,13,0.0,3500,detail,0.5088014562751794,6.006056645277424e-07,6.098506855778396e-05,10.408903192961589,5.709489414584823e-05,0.51050579565733,0.0002941346319857985
0.011170890182256699,0.0011708901822566984,0.6016606758772666,11.917529667029157,1.0,0.0037279995158314705,0.9981448885987059,2.2295705200404357e-10,0.0,0.0,fixed-hybrid,0.0,13,0.0,4000,detail,-0.323819132793832,1.8443786172100924e-07,6.154616130515933e-05,11.756344603840262,9.108798258239403e-05,-0.3241175481734004,0.00016562725068069994
0.010995457880198956,0.0009954578801989553,0.2249883378328786,13.284265583148226,1.0,0.004108208464458585,0.998765874680317,1.9570007962396284e-11,0.0,0.0,fixed-hybrid,0.0,13,0.0,4500,detail,0.3698017262571491,6.707686464374972e-08,1.4749958609172609e-05,13.106841603061184,2.3213051463244483e-05,0.3717740204930249,0.0001201852792291902
0.008244391530752182,0.0017556084692478182,0.5843082652235099,14.662138083018363,1.0,0.004472833359614015,0.9987408654452535,4.228200643832429e-10,0.0,0.0,fixed-hybrid,0.0,13,0.0,5000,detail,0.6612348240381541,1.4642273260464403e-07,0.0001603909768164158,14.467642096802592,7.257873949129134e-05,0.6619779458634864,0.0001906863326439634
0.009306921623647213,0.0006930783763527872,0.10048161814192384,16.040837167063728,1.0,0.004984292201697826,0.998787615187755,1.632229439911341e-11,0.0,0.0,fixed-hybrid,0.0,13,0.0,5500,detail,-0.29476923440673375,5.971111629843652e-07,1.906582292576786e-05,15.827967777382582,1.586449252499733e-05,-0.2972786082076577,0.0004371787654235959
0.008899567648768425,0.0011004323512315752,0.15902103991325994,17.565435583004728,1.0,0.005376917310059071,0.9989488191750681,1.5381400820430676e-11,0.0,0.0,fixed-hybrid,0.0,13,0.0,6000,detail,0.679939781615166,4.8695830594965346e-08,9.588808097760193e-06,17.332565122283995,1.55833058670396e-05,0.6795821146814982,0.0001274820533581078
0.01058931089937687,0.000589310899376869,0.07593377285191731,19.048661917215213,1.0,0.00575729226693511,0.9990308324619436,5.601366699213916e-11,0.0,0.0,fixed-hybrid,0.0,13,0.0,6500,detail,-0.16505969440483448,2.438488664039578e-07,3.4595057513797656e-05,18.79677347955294,3.428134732530452e-05,-0.1604528883622675,0.000146223945193924
0.007280907593667507,0.002719092406332493,0.7885296971619464,20.497344833100215,1.0,0.0062805842608213425,0.9988567449063087,1.7493671150346295e-10,0.0,0.0,fixed-hybrid,0.0,13,0.0,7000,detail,0.0831869797574554,2.7221042340143276e-07,8.520350093021989e-05,20.226358155254275,8.53331366670318e-05,0.08045055669098751,0.00023206431069411337
0.010511504486203194,0.0005115044862031935,0.12509237879807247,21.94307729206048,1.0,0.006684501189738512,0.9988170583802451,4.2379730583429646e-11,0.0,0.0,fixed-hybrid,0.0,13,0.0,7500,detail,-0.07048410404273595,1.0466361627873166e-07,2.6959172828355804e-05,21.65212603705004,3.149418262182735e-05,-0.07632764065308449,0.00012053433601977304
0.010124923661351204,0.0001249236613512037,0.0851712513026219,23.40440854220651,1.0,0.007070418214425445,0.9987902993285231,8.217808612719439e-11,0.0,0.0,fixed-hybrid,0.0,13,0.0,8000,detail,0.3237408218169765,1.0688892270475421e-07,2.3082917323336005e-05,23.09470116207376,1.598296148586087e-05,0.31995581280967506,0.00012831026106141508
0.008547205477952957,0.001452794522047043,0.3342909658771691,24.90069808322005,1.0,0.00745954317972064,0.9985631651392424,7.976292585236376e-11,0.0,0.0,fixed-hybrid,0.0,13,0.0,8500,detail,-0.17290378422222066,2.045029266377394e-07,6.807530735386536e-05,24.57201147568412,4.0462597098667175e-05,-0.16267547703729682,0.00021460982679855078
0.00924138817936182,0.00075861182063818,0.4299802047835615,26.52860362501815,1.0,0.007911751978099346,0.998641853843007,9.429357574299116e-11,0.0,0.0,fixed-hybrid,0.0,13,0.0,9000,detail,0.3387944740874806,4.5299738628051046e-07,3.9119368011597544e-05,26.1793492725119,0.0001058658745023422,0.34159502186730034,0.0003351617488078773
0.008932278491556644,0.0010677215084433558,0.3632569501718122,28.006009333068505,1.0,0.008344209985807538,0.9990021663969971,6.18784981170922e-11,0.0,0.0,fixed-hybrid,0.0,13,0.0,9500,detail,0.8384851744775109,6.453461830549754e-08,3.339285103720613e-05,27.63874443178065,3.968008968513459e-05,0.8367439248959546,0.0001233117945957929
0.010524624027311802,0.0005246240273118017,0.04590470236007798,29.407837375067174,1.0,0.008771835127845407,0.9984674443374753,2.274318791663327e-11,0.0,0.0,fixed-hybrid,0.0,13,0.0,10000,detail,-0.016010564269246588,4.116486947217949e-08,1.0584103620203678e-05,29.023603054927662,4.31732996730716e-06,-0.016910245232074943,0.00012457702541723847
0.010515403933823109,0.0005154039338231085,0.124519860395699,30.79681754205376,1.0,0.00924891815520823,0.9987175993160241,1.1591428978083976e-11,0.0,0.0,fixed-hybrid,0.0,13,0.0,10500,detail,0.4156613607713733,6.450797643765855e-08,1.5157384041231126e-05,30.395972458878532,1.731217525957618e-05,0.4187182391442161,0.0001235500822076574
0.010179289616644382,0.00017928961664438227,0.060139235889170944,32.19979099999182,1.0,0.00965170911513269,0.9988182593812291,8.612112047949223e-11,0.0,0.0,fixed-hybrid,0.0,13,0.0,11000,detail,0.8183511574696629,4.090283034991504e-08,2.6049943699035794e-05,31.77381146652624,1.2475778021325823e-05,0.8226667717720717,0.00011655962589429691
0.009158236905932426,0.0008417630940675738,0.026311670001261177,33.55076508317143,1.0,0.010045459028333426,0.9982861178220488,2.0428664591352633e-11,0.0,0.0,fixed-hybrid,0.0,13,0.0,11500,detail,0.005240418971849607,2.173012610479914e-08,1.2345254617684986e-05,33.108406704617664,1.1843891115859151e-05,0.00415616874796424,9.602832869859412e-05
0.009247117675840855,0.0007528823241591456,0.06482563883830506,34.905153167201206,1.0,0.010459959041327238,0.9981219408454396,7.434050170023161e-12,0.0,0.0,fixed-hybrid,0.0,13,0.0,12000,detail,0.20622844989000327,1.9941328721806556e-08,3.6300020838098135e-06,34.44621463306248,6.657342510152375e-06,0.20653301516581646,7.705867756158113e-05
0.010355912148952484,0.0003559121489524839,0.2822176203854093,36.30721695814282,1.0,0.010835709050297737,0.9988732914506562,5.1708146348571904e-11,0.0,0.0,fixed-hybrid,0.0,13,0.0,12500,detail,0.8449590887689116,1.1298014158829217e-07,1.6325959222740494e-05,35.83137852419168,1.8578570234240033e-05,0.8445552857376898,0.00014409507275559008
0.012534447945654392,0.002534447945654392,0.09722522626283683,37.703131292015314,1.0,0.011228792136535048,0.9981410039814634,5.055488894283955e-11,0.0,0.0,fixed-hybrid,0.0,13,0.0,13000,detail,0.6774402820827458,1.1798489796992315e-07,2.0415987819433212e-05,37.208431887906045,1.8127051589544863e-05,0.6816336070134265,0.0001699068961897865
0.010030630975961685,3.063097596168497e-05,0.026619728604394297,39.08705037506297,1.0,0.011612750124186277,0.9987679861408062,3.117230191857734e-11,0.0,0.0,fixed-hybrid,0.0,13,0.0,13500,detail,-0.5009003457648777,2.341970409743371e-07,1.1368010746082291e-05,38.57518971315585,6.9012216954433825e-06,-0.5098927774756686,0.00018753779295366257
0.009889096021652222,0.00011090397834777853,0.0927333286162581,40.473079917021096,1.0,0.012049834243953228,0.998625183589934,5.641890495538084e-12,0.0,0.0,fixed-hybrid,0.0,13,0.0,14000,detail,-0.6210958903934374,1.7759903474436053e-07,4.540685040410608e-06,39.94448071462102,4.842436737817479e-06,-0.6231117252370464,0.0001495520700700581
0.009536035358905792,0.00046396464109420797,0.033309957801834086,41.845504583092406,1.0,0.01245012623257935,0.9982928105577388,1.0944466697630471e-10,0.0,0.0,fixed-hybrid,0.0,13,0.0,14500,detail,0.7897518716566425,2.551831893127234e-07,3.309037128929049e-05,41.29871466150507,3.0114263154246146e-06,0.7970907111146671,0.00021486768673639745
0.010220499709248543,0.00022049970924854258,0.06448994098187155,43.1919699171558,1.0,0.012830709107220173,0.9985436226453271,9.228918796780976e-12,0.0,0.0,fixed-hybrid,0.0,13,0.0,15000,detail,-0.5209616330121568,6.766132319524587e-08,7.215120604087133e-06,42.628191583324224,9.089162631426007e-06,-0.5260986770134615,0.0001137985018431209
0.010065456852316856,6.545685231685618e-05,0.030601087068984584,44.56911912513897,1.0,0.013208667049184442,0.9990023834363585,1.3155381730536797e-11,0.0,0.0,fixed-hybrid,0.0,13,0.0,15500,detail,0.4836064655659778,4.389939034567968e-08,1.1031195754185319e-05,43.989729713182896,8.696175427758135e-06,0.48781280800258897,9.051620145328343e-05
0.010364743880927563,0.0003647438809275625,0.06417609718388859,46.026566583197564,1.0,0.013669042149558663,0.9987520529923206,7.562393489891985e-12,0.0,0.0,fixed-hybrid,0.0,13,0.0,16000,detail,0.3188872278576992,8.643689406962982e-08,5.533220246434212e-06,45.43052713456564,4.583809641189873e-06,0.3173000082039905,9.462914749747142e-05
0.00982165802270174,0.00017834197729825994,0.031681407884626936,47.40365433320403,1.0,0.014058167114853859,0.9980673747579394,4.969805367370246e-12,0.0,0.0,fixed-hybrid,0.0,13,0.0,16500,detail,-0.2976821962305717,5.927534514686607e-08,3.020142685272731e-06,46.79131418210454,1.928986648636055e-06,-0.29815979594158293,0.0001004854857455939
0.010200814343988895,0.0002008143439888952,0.15007454477656354,48.793856042204425,1.0,0.014427625108510256,0.9984645829356575,9.85236977771582e-12,0.0,0.0,fixed-hybrid,0.0,13,0.0,17000,detail,0.20268633631921235,5.8662595734771635e-08,1.1227361937926617e-05,48.16571000753902,9.073325600184035e-06,0.19824053692071383,0.00010413986456114799
0.009556098841130733,0.0004439011588692667,0.07695829634131164,50.15807433309965,1.0,0.01481191604398191,0.9989884867018168,6.308849616518134e-12,0.0,0.0,fixed-hybrid,0.0,13,0.0,17500,detail,0.5946040860722965,1.104171975733806e-07,5.8753594203153625e-06,49.514075403800234,1.2792487723345403e-05,0.5926784353837753,0.00010271724750055
0.010013739578425884,1.3739578425884039e-05,0.05173431016319597,51.565786875085905,1.0,0.01522920816205442,0.9984682698184743,8.987641583855688e-13,0.0,0.0,fixed-hybrid,0.0,13,0.0,18000,detail,0.006640771333773381,1.0181890890407784e-07,1.3825982705384376e-06,50.90511242672801,4.176804395683575e-06,0.0036280774632814986,0.00012735377822536975
0.010562283918261528,0.0005622839182615278,0.017938601820195268,52.9776783331763,1.0,0.015829416224732995,0.9986334053165767,5.969694240886245e-12,0.0,0.0,fixed-hybrid,0.0,13,0.0,18500,detail,-0.023415161282349942,7.106287137191584e-08,8.204950063372962e-06,52.298688628710806,7.2444013312633615e-06,-0.025669787431498902,0.00013057832256890833
0.010610445402562618,0.000610445402562618,0.016541952664710556,54.35398954199627,1.0,0.016219250159338117,0.9985084157663701,1.873267722216513e-12,0.0,0.0,fixed-hybrid,0.0,13,0.0,19000,detail,0.6144653191407824,5.8246103259804216e-08,1.7254144495382207e-06,53.658031932776794,2.235590500276885e-06,0.6120993218681539,9.920627780957147e-05
0.0088186115026474,0.0011813884973526003,0.027629050273458265,55.717366125201806,1.0,0.016600875183939934,0.9986453362216522,3.4068200445098163e-12,0.0,0.0,fixed-hybrid,0.0,13,0.0,19500,detail,-0.33105516434416793,7.209778604614545e-08,3.8065988974267384e-06,55.00468185986392,1.9010868754776311e-06,-0.3282549527421485,0.00010542319068918005
0.008711421862244606,0.0012885781377553942,0.052256577749804585,57.05416141706519,1.0,0.016970875207334757,0.9988762263159924,5.102421002185375e-12,0.0,0.0,fixed-hybrid,0.0,13,0.0,20000,detail,0.16917744052025718,9.400726058359168e-08,4.925911980535602e-06,56.324245371855795,6.9623947638319805e-06,0.16870038571214047,0.00010691324132494628
0.0012429836206138134,0.008757016379386187,52.06135598822662,0.004344958113506436,1.0,0.0,,,,0.006393082905560732,calibrated,0.0,13,0.006393082905560732,0,detail,,,,0.0,0.007739604450762272,,8.12759535619989e-05
0.008601018227636814,0.001398981772363186,1.5868581751329796,1.4011012080591172,1.0,0.00040791695937514305,0.9999164858835647,6.512650901493675e-12,0.009309695949291869,0.006393082905560732,calibrated,0.0,13,0.006393082905560732,500,detail,0.3495869298516037,1.497385732285372e-07,0.00011180392175447196,1.3777442567516118,0.00010399434540886432,0.34956897412530646,9.205239621223882e-05
0.008942651562392712,0.0010573484376072886,0.7994730178486934,2.803957625059411,1.0,0.0007829999085515738,0.9998961575965636,1.4661465203766977e-11,0.009111617312072893,0.006393082905560732,calibrated,0.0,13,0.006393082905560732,1000,detail,0.004139264395047769,1.4413925983992155e-07,6.921932799741626e-05,2.764327210839838,7.034432928776368e-05,0.004796582888012387,6.513670086860657e-05
0.010997508652508259,0.0009975086525082586,0.6053833058638417,4.39502566610463,1.0,0.0011983329895883799,0.99991232061271,4.035806797130723e-12,0.01653956620778449,0.006393082905560732,calibrated,0.0,13,0.006393082905560732,1500,detail,0.5273600600717401,5.56208791801948e-08,4.211176201351918e-05,4.337386382743716,0.00012706936104223132,0.5280290092187071,5.6600092648295686e-05
0.010529889725148678,0.0005298897251486776,0.298976853207021,5.996345208026469,1.0,0.001597750000655651,0.9999092916993718,7.426879604048234e-12,0.016440526889175,0.006393082905560732,calibrated,0.0,13,0.006393082905560732,2000,detail,0.730491762766673,1.846122303169682e-08,3.577390452846885e-05,5.9203885910101235,3.654673491837457e-05,0.7309697072940637,3.190281495335512e-05
0.008508827537298203,0.0014911724627017977,0.3046060374009337,7.569271416170523,1.0,0.0019929169211536646,0.9999225263704749,3.266959646121097e-11,0.01218183618896702,0.006393082905560732,calibrated,0.0,13,0.006393082905560732,2500,detail,0.48173825395882586,1.6714393002951885e-07,7.2538445238024e-05,7.475848014932126,3.7784357118653134e-05,0.4809437000000048,8.836872439133003e-05
0.010404029861092567,0.00040402986109256724,1.6047247935303193,9.061925041023642,1.0,0.0024081668816506863,0.9999050137747072,3.620367028024105e-12,0.02248192532435377,0.006393082905560732,calibrated,0.0,13,0.006393082905560732,3000,detail,0.39777752897957436,4.81671119230069e-08,2.0873647372354753e-05,8.949918694328517,0.0001394645223626867,0.3980245360828505,6.398458208423108e-05
0.010035209357738495,3.5209357738494665e-05,0.24371140184353196,10.477550875162706,1.0,0.0027986669447273016,0.9999145006079478,5.567194829782427e-12,0.019510745766069128,0.006393082905560732,calibrated,0.0,13,0.006393082905560732,3500,detail,0.9107210772225286,4.068298854567631e-08,1.9885304936906323e-05,10.34846351412125,2.6381925636087544e-05,0.9111405489507318,6.168620166135952e-05
0.011496683582663536,0.0014966835826635359,0.32002768291035294,11.94801166607067,1.0,0.003181791864335537,0.9999191951564433,5.757499977827386e-12,0.012577993463404971,0.006393082905560732,calibrated,0.0,13,0.006393082905560732,4000,detail,0.7806581553550126,1.1277563888764578e-07,3.833244409179315e-05,11.802427422255278,2.7683827283908613e-05,0.7806020019606628,7.676041423110291e-05
0.00810675323009491,0.0018932467699050905,0.23309031022193785,13.332926208153367,1.0,0.003571499837562442,0.9999217268099758,3.4758030309342696e-12,0.018916509854412202,0.006393082905560732,calibrated,0.0,13,0.006393082905560732,4500,detail,0.8191674430091302,6.572042060773397e-08,3.418800770305097e-05,13.171288345940411,2.0803096049348824e-05,0.8203821097557886,6.128331006038934e-05
0.01126361545175314,0.0012636154517531393,0.1477380747142087,14.85921625001356,1.0,0.003985915798693895,0.9998907864726291,1.4727734825341865e-11,0.01911458849163118,0.006393082905560732,calibrated,0.0,13,0.006393082905560732,5000,detail,0.7263681073529292,4.918221718174968e-08,3.730451862793416e-05,14.679729779716581,3.7157878978177905e-05,0.725948340369988,6.613086588913575e-05
0.00648618396371603,0.00351381603628397,0.44332646867484987,16.435932125197724,1.0,0.004382290644571185,0.9999193894883082,4.72154091354553e-11,0.015351094384470635,0.006393082905560732,calibrated,0.0,13,0.006393082905560732,5500,detail,0.857208496138593,7.835576511227182e-08,0.0001617541565792635,16.23773499345407,6.493335968116298e-05,0.8583917673874193,5.643683107336983e-05
0.00958155281841755,0.0004184471815824511,0.7210643902539914,17.926194708095863,1.0,0.004831790691241622,0.9999136540536657,7.171769554489203e-12,0.027631969892047144,0.006393082905560732,calibrated,0.0,13,0.006393082905560732,6000,detail,0.5282390367645275,3.8049184475673055e-08,4.8522138968110085e-05,17.70892449049279,5.2512688853312284e-05,0.5265741091771352,3.908797953044996e-05
0.01133769378066063,0.001337693780660629,0.11662911074973197,19.440188333159313,1.0,0.005211081821471453,0.9999204119465124,1.3682823520327663e-12,0.02396751510349609,0.006393082905560732,calibrated,0.0,13,0.006393082905560732,6500,detail,-0.4921314114637545,1.110727883130212e-07,1.052479274221696e-05,19.204410021658987,1.4747531167813577e-05,-0.49195673351934127,6.838606350356713e-05
0.010861110873520374,0.0008611108735203741,0.22368187692171537,20.89398754108697,1.0,0.005598331801593304,0.9999134445450447,3.8346432111459305e-12,0.031098346043379223,0.006393082905560732,calibrated,0.0,13,0.006393082905560732,7000,detail,0.4791235650308442,2.252530173636201e-08,2.9376846214290708e-05,20.640634642913938,1.670448727963958e-05,0.47814685675855917,5.24690913152881e-05
0.010747282765805721,0.0007472827658057211,0.16196204695550198,22.361048750113696,1.0,0.005986622767522931,0.9999111032827337,2.983769448924635e-12,0.02674061602456175,0.006393082905560732,calibrated,0.0,13,0.006393082905560732,7500,detail,0.5583776647153491,5.708142015475514e-08,3.610454223235138e-05,22.087855131132528,1.4969071344239637e-05,0.560230709465657,5.251508264336735e-05
0.009130440652370453,0.0008695593476295473,0.13393761454857678,23.797282207990065,1.0,0.006379414815455675,0.9999151370250633,8.334272311700275e-13,0.024264633059324553,0.006393082905560732,calibrated,0.0,13,0.006393082905560732,8000,detail,-0.15133727230089034,3.4975438647156744e-08,1.1013276889570989e-05,23.504693374503404,1.0268957339576446e-05,-0.15225243347337908,5.153053643880412e-05
0.009593677707016468,0.00040632229298353216,0.08600885744204959,25.221428291173652,1.0,0.006790123647078872,0.9999193734157521,1.083239912645316e-12,0.02733485193621868,0.006393082905560732,calibrated,0.0,13,0.006393082905560732,8500,detail,-0.1251263968117895,4.485262955664414e-08,1.014757617667783e-05,24.909657827578485,1.6139785657287575e-05,-0.12418556769895137,5.3700190619565547e-05
0.011506337672472,0.001506337672472,0.29062677224246375,26.688016125001013,1.0,0.007196373771876097,0.9999206305073514,1.4730682785371967e-12,0.026938694661780727,0.006393082905560732,calibrated,0.0,13,0.006393082905560732,9000,detail,0.6706814391957393,7.13298638678126e-08,1.720333420962561e-05,26.3566198667977,3.2677504350431263e-05,0.6713798603745896,3.726921204361133e-05
0.010977573692798615,0.0009775736927986143,0.30885711912815805,28.151589333079755,1.0,0.00758520676754415,0.9999051702202955,9.115663634151613e-12,0.03525799742497772,0.006393082905560732,calibrated,0.0,13,0.006393082905560732,9500,detail,0.5587769266314412,3.669057943123552e-08,4.03895101044327e-05,27.800798875279725,2.2964724848861806e-05,0.5597938353555728,4.458019247977063e-05
0.010519676841795444,0.0005196768417954443,0.09214703026267734,29.594621166121215,1.0,0.007980873575434089,0.9999080376411191,7.836761972658297e-13,0.03347528969000693,0.006393082905560732,calibrated,0.0,13,0.006393082905560732,10000,detail,0.5984946815106725,2.8920843930282642e-08,8.722276106709614e-06,29.224113532574847,2.164858415198978e-05,0.5994537848098039,3.077815199503675e-05
0.01010733563452959,0.0001073356345295904,0.045513485298758836,31.01995045808144,1.0,0.008450581459328532,0.9999043834729049,2.1629618247312598e-12,0.030999306724769735,0.006393082905560732,calibrated,0.0,13,0.006393082905560732,10500,detail,0.6391675083150299,9.991220417579425e-09,1.0666766684153117e-05,30.63078138208948,6.721449153701542e-06,0.640979996001371,1.8746046407613903e-05
0.011002848856151104,0.0010028488561511038,0.18453608247750458,32.42952016601339,1.0,0.008849456440657377,0.9999153408506762,1.0629591240057093e-11,0.037337823115776964,0.006393082905560732,calibrated,0.0,13,0.006393082905560732,11000,detail,0.7048478476912716,3.555422396643758e-08,4.166517828707583e-05,32.02337036561221,1.3583256077254191e-05,0.705191633055401,2.868577212211676e-05
0.010927642695605755,0.0009276426956057546,0.06404974382250943,33.88732537510805,1.0,0.009242331376299262,0.9999187006424475,7.519838331439024e-13,0.046944637020897295,0.006393082905560732,calibrated,0.0,13,0.006393082905560732,11500,detail,0.22454894625864416,2.5851082956536904e-08,9.399596820003353e-06,33.463589186780155,7.249606369441608e-06,0.22494719629702367,4.8415386117994785e-05
0.010214658454060555,0.0002146584540605543,0.06680814964501781,35.41930991620757,1.0,0.009656831389293075,0.9999280967942367,3.396855651370043e-13,0.03416856492027335,0.006393082905560732,calibrated,0.0,13,0.006393082905560732,12000,detail,-0.1866346638916232,1.504968058417195e-08,7.531273695349228e-06,34.97819089144468,6.2299059209181e-06,-0.1863093525823767,4.139082375331782e-05
0.00950540229678154,0.0004945977032184603,0.016373273520628687,36.91212887503207,1.0,0.010057706385850906,0.9999295046255927,5.359721127380932e-13,0.03416856492027335,0.006393082905560732,calibrated,0.0,13,0.006393082905560732,12500,detail,-0.4673699982973296,3.1302215113086195e-08,3.7873069231864065e-06,36.45342799206264,2.518795326977852e-06,-0.4668776047917634,4.757883652928285e-05
0.009464342147111893,0.0005356578528881075,0.05359109561453118,38.390099707990885,1.0,0.010453790426254272,0.999903539653012,3.978412844083352e-12,0.04734079429533525,0.006393082905560732,calibrated,0.0,13,0.006393082905560732,13000,detail,0.8299461489336813,1.0245656984508341e-08,2.0189410861348733e-05,37.9140922925435,4.036675818497315e-06,0.8290878004960904,3.814098454313353e-05
0.00843468401581049,0.0015653159841895106,0.04025915310666543,39.80436100019142,1.0,0.010932956356555223,0.9999204114492071,1.9302471457702127e-13,0.030999306724769735,0.006393082905560732,calibrated,0.0,13,0.006393082905560732,13500,detail,0.17106002031566878,3.377005960084086e-08,2.944134621429839e-06,39.30975754931569,2.709914497245336e-06,0.17181220396639646,4.7724075557198375e-05
0.01009360235184431,9.360235184431055e-05,0.039784663723302756,41.25827670819126,1.0,0.011332123540341854,0.9999084055135491,4.330814556878057e-13,0.034366643557492325,0.006393082905560732,calibrated,0.0,13,0.006393082905560732,14000,detail,0.15427071235144402,2.039041778776145e-08,5.93479308008682e-06,40.7450829106383,4.580000677378848e-06,0.15229696043606236,3.247776112402789e-05
0.009573245421051979,0.00042675457894802114,0.029022729268727624,42.69774637511,1.0,0.011725123506039381,0.9999101414325051,4.141266989475755e-13,0.036743587204120035,0.006393082905560732,calibrated,0.0,13,0.006393082905560732,14500,detail,0.7409540351755386,4.380361829676273e-08,4.337499831308378e-06,42.166126906871796,2.3024651909508975e-06,0.7407484870141832,4.2450315959285945e-05
0.009415565989911556,0.000584434010088444,0.035467731315290026,44.119278458179906,1.0,0.01213903957977891,0.9999344674251303,2.0487811393527044e-12,0.04328018223234624,0.006393082905560732,calibrated,0.0,13,0.006393082905560732,15000,detail,-0.44670688211891646,5.7483855239098135e-08,1.2543092452688143e-05,43.56995610962622,1.992169563891366e-05,-0.4456358883181483,6.651413423242047e-05
0.009980850853025913,1.914914697408697e-05,0.02760117380091074,45.538530375109985,1.0,0.012536706635728478,0.9999278613313736,4.2707697810099e-13,0.03238585718530256,0.006393082905560732,calibrated,0.0,13,0.006393082905560732,15500,detail,-0.17775660712826585,4.3106146414537517e-08,5.307038463797653e-06,44.97053581662476,3.4573629363876535e-06,-0.17681811508655929,4.790760431205854e-05
0.009332872927188873,0.0006671270728111269,0.049280644418390286,46.95528683299199,1.0,0.012948081595823169,0.9999300597538219,2.4927985718797914e-13,0.028919481033970486,0.006393082905560732,calibrated,0.0,13,0.006393082905560732,16000,detail,-0.6570543739779295,1.0323986345281878e-07,2.7813400720333448e-06,46.370825917692855,3.9557107811560854e-06,-0.6571350376868237,6.987190863583237e-05
0.010565288364887238,0.0005652883648872373,0.03245177350178261,48.36067437520251,1.0,0.013340206583961844,0.9999352214725826,5.081569328660835e-13,0.04050708131128058,0.006393082905560732,calibrated,0.0,13,0.006393082905560732,16500,detail,0.6020410811323335,1.0752017084954179e-07,4.417970558279194e-06,47.759512591408566,3.610361545725027e-06,0.6020390651080958,7.519184873672202e-05
0.009985809214413166,1.4190785586834162e-05,0.052949229923038216,49.806630166014656,1.0,0.013734456384554505,0.9999399629243394,9.631926463833244e-13,0.04129939586015648,0.006393082905560732,calibrated,0.0,13,0.006393082905560732,17000,detail,0.46739449935549765,4.5278980648186985e-08,6.174711415951606e-06,49.18785547814332,5.399660494731506e-06,0.4680513310554982,6.380843842634931e-05
0.01012288685888052,0.00012288685888051966,0.036178064347495514,51.228149958187714,1.0,0.014107539551332593,0.9998943371353899,6.727275025753662e-13,0.030999306724769735,0.006393082905560732,calibrated,0.0,13,0.006393082905560732,17500,detail,-0.6357712315642783,1.1225888030036968e-07,7.138196906453231e-06,50.590204522246495,4.220809387334157e-06,-0.6367801013084895,8.085591980488971e-05
0.009899171069264412,0.00010082893073558828,0.042393009120261504,52.65074587520212,1.0,0.014482456492260098,0.999922227951277,1.6047769667347804e-13,0.03971476676240467,0.006393082905560732,calibrated,0.0,13,0.006393082905560732,18000,detail,0.35295196685614094,7.639093650698606e-08,3.162642769893864e-06,51.9947536487598,4.537513632385526e-06,0.35372340190381957,7.609971362398937e-05
0.009919675998389721,8.032400161027929e-05,0.019253938064616772,54.0965163751971,1.0,0.014929248485714197,0.999904745779071,6.072636067780873e-13,0.046350401109240366,0.006393082905560732,calibrated,0.0,13,0.006393082905560732,18500,detail,0.7512733392444211,6.272127004026646e-08,4.109113433514722e-06,53.42317767441273,3.2449870559503324e-06,0.7495015062732132,5.013671761844307e-05
0.009863696061074734,0.00013630393892526647,0.03474526286775124,55.50445120804943,1.0,0.015360081568360329,0.999906913640792,4.1287398649610123e-13,0.038823412894919286,0.006393082905560732,calibrated,0.0,13,0.006393082905560732,19000,detail,0.7128143777960252,5.4579769663300105e-08,3.3558596896909876e-06,54.81479964638129,6.7061105255561415e-06,0.7122169870333737,4.158340016147122e-05
0.010007667355239391,7.667355239391119e-06,0.02839204569798649,56.938896832987666,1.0,0.01575420657172799,0.9999169197550128,2.0509624187563542e-13,0.032782014459740515,0.006393082905560732,calibrated,0.0,13,0.006393082905560732,19500,detail,-0.2268996173983171,4.131888528786305e-08,3.069299509661505e-06,56.23130297381431,3.0307930956041673e-06,-0.22806813533268974,5.788962880615145e-05
0.010453127324581146,0.00045312732458114603,0.013440242236412242,58.3915626660455,1.0,0.016136748483404517,0.9999143767393147,1.71178946436756e-13,0.04219074972764188,0.006393082905560732,calibrated,0.0,13,0.006393082905560732,20000,detail,-0.712808060593735,7.29083733332377e-08,2.283431513205869e-06,57.66319482936524,1.738679770824092e-06,-0.7114197297021475,5.586719998973422e-05
0.0012429836206138134,0.008757016379386187,52.06135598822662,0.0041367909871041775,1.0,0.0,,,,0.006393082905560732,adaptive,0.0,13,0.006393082905560732,0,detail,,,,0.0,0.007739604450762272,,8.12759535619989e-05
0.008601018227636814,0.001398981772363186,1.5868581751329796,1.4259154580067843,1.0,0.000430332962423563,0.9999141293367505,6.6896863151023104e-12,0.009309695949291869,0.006393082905560732,adaptive,0.02069278759881854,13,0.027085870504379272,500,detail,0.3503867651288493,1.492894269537143e-07,0.00011180392175447196,1.4051374993287027,0.00010399434540886432,0.34960126802063257,9.196813334710896e-05
0.008942651562392712,0.0010573484376072886,0.7994730178486934,2.8340974159073085,1.0,0.0008096250239759684,0.9998961575965636,1.4661465203766977e-11,0.009111617312072893,0.006393082905560732,adaptive,0.04599165334366262,13,0.05238473624922335,1000,detail,0.004815888146214403,1.4387236756046237e-07,6.921932799741626e-05,2.7958045278210193,7.034432928776368e-05,0.005473516177375399,6.508243677671999e-05
0.010997508652508259,0.0009975086525082586,0.6053833058638417,4.320405666017905,1.0,0.0011987080797553062,0.9998979975899402,4.6706605812344766e-12,0.01653956620778449,0.006393082905560732,adaptive,0.0723326897714287,13,0.07872577267698944,1500,detail,0.5211681076353707,5.3211332842109686e-08,4.211176201351918e-05,4.263838119106367,0.00012706936104223132,0.52343501936987,5.6532408052589744e-05
0.010529889725148678,0.0005298897251486776,0.298976853207021,5.759146915981546,1.0,0.0016440411563962698,0.9999092916993718,7.426879604048234e-12,0.016440526889175,0.006393082905560732,adaptive,0.09740968933328986,13,0.1038027722388506,2000,detail,0.7298930571785613,1.8507798936668443e-08,3.577390452846885e-05,5.684950212715194,3.654673491837457e-05,0.7303765432366707,3.192398071405478e-05
0.008508827537298203,0.0014911724627017977,0.3046060374009337,7.18871199991554,1.0,0.002023541135713458,0.9999225263704749,3.266959646121097e-11,0.01218183618896702,0.006393082905560732,adaptive,0.12280385219492018,13,0.12919693510048091,2500,detail,0.5181163237198243,1.5788829741033895e-07,7.2538445238024e-05,7.096385329263285,3.7784357118653134e-05,0.5173603674732963,8.67006165208295e-05
0.010404029861092567,0.00040402986109256724,1.6047247935303193,8.629159499891102,1.0,0.0024011239875108004,0.9999050137747072,3.620367028024105e-12,0.02248192532435377,0.006393082905560732,adaptive,0.1480696073267609,13,0.15446269023232162,3000,detail,0.3956453669368931,5.216609751334846e-08,2.0873647372354753e-05,8.519664279185236,0.0001394645223626867,0.39586655624283085,6.539010792039335e-05
0.010035209357738495,3.5209357738494665e-05,0.24371140184353196,10.075614958070219,1.0,0.0027942080050706863,0.9999145006079478,5.567194829782427e-12,0.019510745766069128,0.006393082905560732,adaptive,0.17341885715723038,13,0.1798119400627911,3500,detail,0.9111542785636945,4.140270683564621e-08,1.9885304936906323e-05,9.947451914427802,2.6381925636087544e-05,0.9115725899674582,6.20266146142967e-05
0.011496683582663536,0.0014966835826635359,0.32002768291035294,11.519035750068724,1.0,0.003183665918186307,0.9999191951564433,5.757499977827386e-12,0.012577993463404971,0.006393082905560732,adaptive,0.19913639617152512,13,0.20552947907708585,4000,detail,0.7787841849766131,1.374052535673935e-07,3.833244409179315e-05,11.372322335839272,2.7683827283908613e-05,0.7787244883205886,8.563357550883666e-05
0.00810675323009491,0.0018932467699050905,0.23309031022193785,12.957467749947682,1.0,0.0035620001144707203,0.9999217268099758,3.4758030309342696e-12,0.018916509854412202,0.006393082905560732,adaptive,0.22440332104451954,13,0.23079640395008028,4500,detail,0.817960667927982,7.813337984136217e-08,3.418800770305097e-05,12.793613967020065,2.0803096049348824e-05,0.8192129696556868,6.579078763024881e-05
0.01126361545175314,0.0012636154517531393,0.1477380747142087,14.498649124987423,1.0,0.003979291068390012,0.9998907864726291,1.4727734825341865e-11,0.01911458849163118,0.006393082905560732,adaptive,0.2526569846086204,13,0.25905006751418114,5000,detail,0.737105744707355,4.95263614146574e-08,3.730451862793416e-05,14.316429576603696,3.7157878978177905e-05,0.7366748120677545,6.696964555885643e-05
0.00648618396371603,0.00351381603628397,0.44332646867484987,15.948194416007027,1.0,0.004353166092187166,0.9998193256256396,1.1207137993784578e-10,0.015351094384470635,0.006393082905560732,adaptive,0.2784161465242505,13,0.28480922942981124,5500,detail,0.8370495664421923,8.771181089504906e-08,0.0001617541565792635,15.748091565212235,6.493335968116298e-05,0.8379062691855236,5.8107129007112235e-05
0.00958155281841755,0.0004184471815824511,0.7210643902539914,17.368933666031808,1.0,0.004744374193251133,0.9999136540536657,7.171769554489203e-12,0.027631969892047144,0.006393082905560732,adaptive,0.30344672640785575,13,0.3098398093134165,6000,detail,0.5304048736656257,4.446275842211836e-08,4.8522138968110085e-05,17.15120524703525,5.2512688853312284e-05,0.528739345930817,3.718574225786142e-05
0.01133769378066063,0.001337693780660629,0.11662911074973197,18.76984674995765,1.0,0.005136624211445451,0.9999204119465124,1.3682823520327663e-12,0.02396751510349609,0.006393082905560732,adaptive,0.32790430868044496,13,0.3342973915860057,6500,detail,-0.49954646497823874,9.993888498449927e-08,1.052479274221696e-05,18.534434801666066,1.4747531167813577e-05,-0.4993416754391723,6.62578095216304e-05
0.010861110873520374,0.0008611108735203741,0.22368187692171537,20.170826457906514,1.0,0.005530124064534903,0.999902750387306,4.2478881668811736e-12,0.031098346043379223,0.006393082905560732,adaptive,0.35224048560485244,13,0.35863356851041317,7000,detail,0.2672214146914928,3.573642358346213e-08,2.9376846214290708e-05,19.917920174542814,1.670448727963958e-05,0.26791060075365236,5.799790596938692e-05
0.010747282765805721,0.0007472827658057211,0.16196204695550198,21.582296582870185,1.0,0.005927040008828044,0.9999111032827337,2.983769448924635e-12,0.02674061602456175,0.006393082905560732,adaptive,0.37696677376516163,13,0.38335985667072237,7500,detail,0.5942447555786676,5.0111329194695863e-08,3.610454223235138e-05,21.313575379317626,1.4969071344239637e-05,0.5962275059455607,5.53537902305834e-05
0.009130440652370453,0.0008695593476295473,0.13393761454857678,22.983322707936168,1.0,0.006313539808616042,0.9999151370250633,8.334272311700275e-13,0.024264633059324553,0.006393082905560732,adaptive,0.40168023318983614,13,0.4080733160953969,8000,detail,-0.013602436840222967,2.6156136474442675e-08,1.1013276889570989e-05,22.69709316571243,1.0268957339576446e-05,-0.014058469648435132,4.849413380725309e-05
0.009593677707016468,0.00040632229298353216,0.08600885744204959,24.3779718328733,1.0,0.006681081838905811,0.9999193734157521,1.083239912645316e-12,0.02733485193621868,0.006393082905560732,adaptive,0.42642269912175834,13,0.4328157820273191,8500,detail,0.011683124649704002,6.629387011599419e-08,1.014757617667783e-05,24.073145425878465,1.6139785657287575e-05,0.01249138558971703,5.803474414278753e-05
0.011506337672472,0.001506337672472,0.29062677224246375,25.781135000055656,1.0,0.007067206781357527,0.9999204466937798,1.4761979265420793e-12,0.026938694661780727,0.006393082905560732,adaptive,0.45138623868115246,13,0.4577793215867132,9000,detail,0.7109202695847744,5.9153635559773735e-08,1.720333420962561e-05,25.459560244344175,3.2677504350431263e-05,0.7113795151776416,3.4619377402123064e-05
0.010977573692798615,0.0009775736927986143,0.30885711912815805,27.201180290896446,1.0,0.007464498747140169,0.9999051702202955,9.115663634151613e-12,0.03525799742497772,0.006393082905560732,adaptive,0.4761894035618752,13,0.48258248646743596,9500,detail,0.4783602880175512,5.810943056396764e-08,4.03895101044327e-05,26.8639658652246,2.2964724848861806e-05,0.4793815468533619,5.709207835025154e-05
0.010519676841795444,0.0005196768417954443,0.09214703026267734,28.59928070800379,1.0,0.00784191582351923,0.9999080376411191,7.836761972658297e-13,0.03347528969000693,0.006393082905560732,adaptive,0.5009493173565716,13,0.5073424002621323,10000,detail,0.6699193332724742,4.55181023587079e-08,8.722276106709614e-06,28.2461506689433,2.164858415198978e-05,0.6711687554407813,4.352826363174245e-05
0.01010733563452959,0.0001073356345295904,0.045513485298758836,30.026155832922086,1.0,0.008380957879126072,0.9999043834729049,2.1629618247312598e-12,0.030999306724769735,0.006393082905560732,adaptive,0.5259702876210213,13,0.532363370526582,10500,detail,0.7556412071160302,1.40105590921027e-08,1.0666766684153117e-05,29.656358457636088,6.721449153701542e-06,0.7565440985385495,2.4072638552752323e-05
0.011002848856151104,0.0010028488561511038,0.18453608247750458,31.48981791594997,1.0,0.008756290888413787,0.9999153408506762,1.0629591240057093e-11,0.037337823115776964,0.006393082905560732,adaptive,0.552155032986775,13,0.5585481158923358,11000,detail,0.32641486039137235,5.406878506167199e-08,4.166517828707583e-05,31.103236200287938,1.3583256077254191e-05,0.32785289570957465,2.9815400921506807e-05
0.010927642695605755,0.0009276426956057546,0.06404974382250943,32.886730457888916,1.0,0.009137415792793036,0.9999187006424475,7.519838331439024e-13,0.046944637020897295,0.006393082905560732,adaptive,0.5768779888749123,13,0.583271071780473,11500,detail,0.05769291137297133,4.2331654736782563e-08,9.399596820003353e-06,32.48412172915414,7.249606369441608e-06,0.058547128788593986,5.565819446928799e-05
0.010214658454060555,0.0002146584540605543,0.06680814964501781,34.284477582899854,1.0,0.009522915817797184,0.9999279973109776,3.406197270437697e-13,0.03416856492027335,0.006393082905560732,adaptive,0.6022381165530533,13,0.608631199458614,12000,detail,-0.19425361953442039,1.677712505095188e-08,7.531273695349228e-06,33.86613319790922,6.2299059209181e-06,-0.19388819603336657,4.7618719690945e-05
0.00950540229678154,0.0004945977032184603,0.016373273520628687,35.67910616588779,1.0,0.009903373895213008,0.9999295046255927,5.359721127380932e-13,0.03416856492027335,0.006393082905560732,adaptive,0.6267224031034857,13,0.6331154860090464,12500,detail,-0.4442035804584543,4.364762740256023e-08,3.7873069231864065e-06,35.244066135492176,2.518795326977852e-06,-0.4442582076900457,5.2283357945270836e-05
0.009464342147111893,0.0005356578528881075,0.05359109561453118,37.13783341599628,1.0,0.010302748996764421,0.9998847508526907,5.049413339684037e-12,0.04734079429533525,0.006393082905560732,adaptive,0.6519345701672137,13,0.6583276530727744,13000,detail,0.8154920071726159,2.1023533040395614e-08,2.0189410861348733e-05,36.685057065915316,4.036675818497315e-06,0.8172261169415902,4.565911149256863e-05
0.00843468401581049,0.0015653159841895106,0.04025915310666543,38.58686970802955,1.0,0.010689623886719346,0.9999204114492071,1.9302471457702127e-13,0.030999306724769735,0.006393082905560732,adaptive,0.6770837751682848,13,0.6834768580738455,13500,detail,0.2217094998007013,5.403166868118768e-08,2.944134621429839e-06,38.1165966456756,2.709914497245336e-06,0.2221803385868522,5.77922874072101e-05
0.01009360235184431,9.360235184431055e-05,0.039784663723302756,40.0796196248848,1.0,0.011086790822446346,0.9999084055135491,4.330814556878057e-13,0.034366643557492325,0.006393082905560732,adaptive,0.70360182155855,13,0.7099949044641107,14000,detail,0.2029143583418686,3.7875355369053497e-08,5.93479308008682e-06,39.59158571832813,4.580000677378848e-06,0.20079393533950615,4.097113196621649e-05
0.009573245421051979,0.00042675457894802114,0.029022729268727624,41.49244812503457,1.0,0.011488999705761671,0.9999101414325051,4.141266989475755e-13,0.036743587204120035,0.006393082905560732,adaptive,0.7284203208982944,13,0.7348134038038552,14500,detail,0.7596158088734156,7.505679018182076e-08,4.337499831308378e-06,40.9871495955158,2.3024651909508975e-06,0.7597566864984142,5.524978769244626e-05
0.009415565989911556,0.000584434010088444,0.035467731315290026,42.93984891590662,1.0,0.01188133261166513,0.9999344674251303,2.0487811393527044e-12,0.04328018223234624,0.006393082905560732,adaptive,0.7539025316946208,13,0.7602956146001816,15000,detail,-0.5019998322610473,9.299638789277502e-08,1.2543092452688143e-05,42.41600098297931,1.992169563891366e-05,-0.5006970384884262,8.614337275503203e-05
0.009980850853025913,1.914914697408697e-05,0.02760117380091074,44.37273299996741,1.0,0.01226241560652852,0.9999278613313736,4.2707697810099e-13,0.03238585718530256,0.006393082905560732,adaptive,0.7789961083326489,13,0.7853891912382096,15500,detail,-0.36201634740844857,6.917263521942408e-08,5.307038463797653e-06,43.8305997364223,3.4573629363876535e-06,-0.36107061798728074,6.255791231524199e-05
0.009332872927188873,0.0006671270728111269,0.049280644418390286,45.82433629105799,1.0,0.012634790502488613,0.9999300597538219,2.4927985718797914e-13,0.028919481033970486,0.006393082905560732,adaptive,0.8046364863403141,13,0.8110295692458749,16000,detail,-0.7185634487432115,1.432038686830229e-07,2.7813400720333448e-06,45.265113084809855,3.9557107811560854e-06,-0.7187489388982138,8.783631346886978e-05
0.010565288364887238,0.0005652883648872373,0.03245177350178261,47.40021524997428,1.0,0.013019123580306768,0.9999352214725826,5.081569328660835e-13,0.04050708131128058,0.006393082905560732,adaptive,0.8321597762405872,13,0.838552859146148,16500,detail,0.682350463600483,1.404128783431689e-07,4.417970558279194e-06,46.822586118709296,3.610361545725027e-06,0.682359730323795,8.837495261104777e-05
0.009985809214413166,1.4190785586834162e-05,0.052949229923038216,49.00139808305539,1.0,0.013566498644649982,0.9998799906731498,2.123114782164901e-12,0.04129939586015648,0.006393082905560732,adaptive,0.8580961984116584,13,0.8644892813172191,17000,detail,0.6131154473884226,6.165955179918229e-08,6.174711415951606e-06,48.40140289650299,5.399660494731506e-06,0.6116564977025977,7.716364052612334e-05
0.01012288685888052,0.00012288685888051966,0.036178064347495514,50.61574483290315,1.0,0.014014914631843567,0.999883572025249,7.762878572152868e-13,0.030999306724769735,0.006393082905560732,adaptive,0.8870722353458405,13,0.8934653182514012,17500,detail,-0.6431340402392856,1.5522835949631935e-07,7.138196906453231e-06,49.99598722090013,4.220809387334157e-06,-0.6415836909887079,0.00010296711843693629
0.009899171069264412,0.00010082893073558828,0.042393009120261504,52.13427433301695,1.0,0.014474247582256794,0.999922227951277,1.6047769667347804e-13,0.03971476676240467,0.006393082905560732,adaptive,0.9124319844413549,13,0.9188250673469156,18000,detail,0.40411190683841763,1.1055937225853872e-07,3.162642769893864e-06,51.494797135703266,4.537513632385526e-06,0.40499368594917073,9.894124377751723e-05
0.009919675998389721,8.032400161027929e-05,0.019253938064616772,53.63957183295861,1.0,0.014887122670188546,0.999904745779071,6.072636067780873e-13,0.046350401109240366,0.006393082905560732,adaptive,0.9381789821200073,13,0.944572065025568,18500,detail,0.7783001931540667,9.769035455285725e-08,4.109113433514722e-06,52.98109913105145,3.2449870559503324e-06,0.7765332372282104,6.742960977135226e-05
0.009863696061074734,0.00013630393892526647,0.03474526286775124,55.11105054104701,1.0,0.01534795667976141,0.999885252929732,5.381257042013575e-13,0.038823412894919286,0.006393082905560732,adaptive,0.9638347409199923,13,0.9702278238255531,19000,detail,0.7504251571826324,8.715561355837477e-08,3.3558596896909876e-06,54.43459107913077,6.7061105255561415e-06,0.7516739147348999,5.760608473792672e-05
0.010007667355239391,7.667355239391119e-06,0.02839204569798649,56.602426749886945,1.0,0.015831497497856617,0.9999169197550128,2.0509624187563542e-13,0.032782014459740515,0.006393082905560732,adaptive,0.9888198229018599,13,0.9952129058074206,19500,detail,-0.31222545531982027,7.175450599356015e-08,3.069299509661505e-06,55.90663079870865,3.0307930956041673e-06,-0.3134670872040021,7.823154010111466e-05
0.010453127324581146,0.00045312732458114603,0.013440242236412242,58.10226424993016,1.0,0.01625270559452474,0.9999143767393147,1.71178946436756e-13,0.04219074972764188,0.006393082905560732,adaptive,1.0141230237204581,13,1.0205161066260189,20000,detail,-0.7221475900799319,1.1254615379044999e-07,2.283431513205869e-06,57.3851027644705,1.738679770824092e-06,-0.7208601001944045,7.549842848675326e-05
0.02614814229309559,0.016148142293095587,44.21644055040753,0.0033943329472094774,1.0,0.0,,,,0.0,fp32,0.0,14,0.0,0,detail,,,,0.0,0.0052243429236114025,,0.0
0.012663634493947029,0.002663634493947029,1.6072908682780647,0.3104000829625875,1.0,0.000377916032448411,0.999999999999999,0.0,0.0,0.0,fp32,0.0,14,0.0,500,detail,0.999999999999999,0.0,8.128492481773719e-05,0.2993063279427588,9.492861136095598e-05,0.999999999999999,0.0
0.010304144583642483,0.00030414458364248255,0.7015650345091489,0.6300284578464925,1.0,0.0007791239768266678,0.9999999999999991,0.0,0.0,0.0,fp32,0.0,14,0.0,1000,detail,0.9999999999999991,0.0,3.624788951128721e-05,0.6110289471689612,4.100460864719935e-05,0.9999999999999991,0.0
0.011204486712813377,0.0012044867128133772,0.4310834560742896,0.9493872909806669,1.0,0.0011597899720072746,0.9999999999999969,0.0,0.0,0.0,fp32,0.0,14,0.0,1500,detail,0.9999999999999969,0.0,1.819819226511754e-05,0.9217081903479993,2.654075979080517e-05,0.9999999999999969,0.0
0.009822510182857513,0.00017748981714248678,0.2618065643504401,1.2920397908892483,1.0,0.0015561238396912813,0.9999999999999964,0.0,0.0,0.0,fp32,0.0,14,0.0,2000,detail,0.9999999999999964,0.0,1.3334854884305969e-05,1.2559485230594873,1.611000334378332e-05,0.9999999999999964,0.0
0.009829515591263771,0.00017048440873622915,0.18866610783421028,1.6075999999884516,1.0,0.001930164871737361,0.9999999999999936,0.0,0.0,0.0,fp32,0.0,14,0.0,2500,detail,0.9999999999999936,0.0,1.1345651728333905e-05,1.5635201134718955,1.6734293240006082e-05,0.9999999999999936,0.0
0.009960138238966465,3.986176103353521e-05,0.12676897331775866,1.9169361658859998,1.0,0.002306331880390644,0.9999999999999962,0.0,0.0,0.0,fp32,0.0,14,0.0,3000,detail,0.9999999999999962,0.0,9.970728569896892e-06,1.8650396189186722,9.466340998187661e-06,0.9999999999999962,0.0
0.011879310011863708,0.0018793100118637083,0.17950033032124957,2.232477291021496,1.0,0.002692872891202569,0.999999999999998,0.0,0.0,0.0,fp32,0.0,14,0.0,3500,detail,0.999999999999998,0.0,1.6877300367923453e-05,2.172744152136147,1.8089234799845144e-05,0.999999999999998,0.0
0.01064002513885498,0.0006400251388549803,0.1984891840814236,2.541294249938801,1.0,0.003059997921809554,0.9999999999999978,0.0,0.0,0.0,fp32,0.0,14,0.0,4000,detail,0.9999999999999978,0.0,1.4481592188531067e-05,2.4737263915594667,1.4049851415620651e-05,0.9999999999999978,0.0
0.011109626851975918,0.0011096268519759176,0.1470261425047327,2.849040416069329,1.0,0.0034632477909326553,0.9999999999999933,0.0,0.0,0.0,fp32,0.0,14,0.0,4500,detail,0.9999999999999933,0.0,1.3530551768781152e-05,2.773508469341323,1.1825569345091935e-05,0.9999999999999933,0.0
0.009543996304273605,0.00045600369572639486,0.10765428050657191,3.1673036660067737,1.0,0.0038368727546185255,0.9999999999999976,0.0,0.0,0.0,fp32,0.0,14,0.0,5000,detail,0.9999999999999976,0.0,9.893834430840798e-06,3.0838681613095105,1.2447104381863028e-05,0.9999999999999976,0.0
0.010433821938931942,0.0004338219389319418,0.060452737251234144,3.478522083023563,1.0,0.0042225809302181005,0.9999999999999996,0.0,0.0,0.0,fp32,0.0,14,0.0,5500,detail,0.9999999999999996,0.0,5.97918733546976e-06,3.387288370868191,6.351898719003657e-06,0.9999999999999996,0.0
0.010153369978070259,0.00015336997807025889,0.14580501622210912,3.7871948750689626,1.0,0.0045982059091329575,0.9999999999999952,0.0,0.0,0.0,fp32,0.0,14,0.0,6000,detail,0.9999999999999952,0.0,8.429722583969124e-06,3.6878759406972677,1.0721397302404512e-05,0.9999999999999952,0.0
0.009895757772028446,0.00010424222797155401,0.1328647392967548,4.097639915999025,1.0,0.0049752467311918736,0.9999999999999982,0.0,0.0,0.0,fp32,0.0,14,0.0,6500,detail,0.9999999999999982,0.0,1.7454403860028833e-05,3.990383809665218,1.115818213293096e-05,0.9999999999999982,0.0
0.009637968614697456,0.00036203138530254385,0.028831953297540232,4.404829666018486,1.0,0.005349996732547879,0.9999999999999978,0.0,0.0,0.0,fp32,0.0,14,0.0,7000,detail,0.9999999999999978,0.0,5.112179678690154e-06,4.289705605944619,2.4315618247783277e-06,0.9999999999999978,0.0
0.010204403661191463,0.00020440366119146326,0.04265383399408828,4.712139250012115,1.0,0.005716580664739013,0.9999999999999959,0.0,0.0,0.0,fp32,0.0,14,0.0,7500,detail,0.9999999999999959,0.0,7.553997420473024e-06,4.5890837432816625,3.2513989935978316e-06,0.9999999999999959,0.0
0.009904024191200733,9.597580879926702e-05,0.026570689307666817,5.018937999848276,1.0,0.006091955583542585,0.9999999999999979,0.0,0.0,0.0,fp32,0.0,14,0.0,8000,detail,0.9999999999999979,0.0,6.257882432691986e-06,4.88806591136381,4.081307906744769e-06,0.9999999999999979,0.0
0.010460799559950829,0.00046079955995082834,0.04315100753277594,5.337223165901378,1.0,0.006474080728366971,0.9999999999999958,0.0,0.0,0.0,fp32,0.0,14,0.0,8500,detail,0.9999999999999958,0.0,4.458466719370335e-06,5.198647761717439,7.456076218659291e-06,0.9999999999999958,0.0
0.00982397235929966,0.00017602764070034048,0.07326602660050587,5.654320207890123,1.0,0.00687258061952889,0.9999999999999949,0.0,0.0,0.0,fp32,0.0,14,0.0,9000,detail,0.9999999999999949,0.0,5.315377620718209e-06,5.507559011224657,1.3976229638501536e-05,0.9999999999999949,0.0
0.010109474882483482,0.00010947488248348215,0.04321451119242056,5.965659250039607,1.0,0.007243455620482564,0.9999999999999999,0.0,0.0,0.0,fp32,0.0,14,0.0,9500,detail,0.9999999999999999,0.0,2.053954631264787e-06,5.810619626194239,5.986467385810101e-06,0.9999999999999999,0.0
0.010310343466699123,0.0003103434666991232,0.020439280103339882,6.273505332879722,1.0,0.007681330665946007,0.999999999999998,0.0,0.0,0.0,fp32,0.0,14,0.0,10000,detail,0.999999999999998,0.0,2.1339139948395314e-06,6.110554250422865,4.305211859900737e-06,0.999999999999998,0.0
0.010237505659461021,0.00023750565946102122,0.01868392372836583,6.589689207961783,1.0,0.008051413809880614,0.9999999999999968,0.0,0.0,0.0,fp32,0.0,14,0.0,10500,detail,0.9999999999999968,0.0,4.122946847928688e-06,6.4191090001259,2.1025330170232337e-06,0.9999999999999968,0.0
0.00971580483019352,0.0002841951698064806,0.016018199585515574,6.896730500040576,1.0,0.008423413848504424,0.9999999999999979,0.0,0.0,0.0,fp32,0.0,14,0.0,11000,detail,0.9999999999999979,0.0,1.9728731786017306e-06,6.718340280698612,1.4682121900477796e-06,0.9999999999999979,0.0
0.009824986569583416,0.00017501343041658422,0.01705748290348686,7.208260457962751,1.0,0.008816579822450876,0.9999999999999979,0.0,0.0,0.0,fp32,0.0,14,0.0,11500,detail,0.9999999999999979,0.0,1.3610460882773623e-06,7.021927654743195,1.7107646499425755e-06,0.9999999999999979,0.0
0.00907650776207447,0.0009234922379255297,0.03122119281852407,7.53429212491028,1.0,0.009199246764183044,0.9999999999999991,0.0,0.0,0.0,fp32,0.0,14,0.0,12000,detail,0.9999999999999991,0.0,6.579918590432499e-06,7.33997614774853,5.694798801414436e-06,0.9999999999999991,0.0
0.00950622372329235,0.0004937762767076494,0.013246665540199808,7.851111624855548,1.0,0.009571288712322712,0.9999999999999972,0.0,0.0,0.0,fp32,0.0,14,0.0,12500,detail,0.9999999999999972,0.0,1.4870762470309273e-06,7.648997905198485,1.0396854577265913e-06,0.9999999999999972,0.0
0.010269518941640854,0.0002695189416408537,0.010489306662654782,8.161838124971837,1.0,0.009973329724743962,0.9999999999999974,0.0,0.0,0.0,fp32,0.0,14,0.0,13000,detail,0.9999999999999974,0.0,7.227887408589595e-07,7.9520188621245325,1.026765175993205e-06,0.9999999999999974,0.0
0.010060259141027927,6.025914102792719e-05,0.014674983159698913,8.472201999975368,1.0,0.01036582957021892,0.9999999999999988,0.0,0.0,0.0,fp32,0.0,14,0.0,13500,detail,0.9999999999999988,0.0,1.3910062079958152e-06,8.254402056569234,1.106477952816931e-06,0.9999999999999988,0.0
0.009941699914634228,5.8300085365772455e-05,0.007222671310729242,8.787563124904409,1.0,0.010752454632893205,0.9999999999999977,0.0,0.0,0.0,fp32,0.0,14,0.0,14000,detail,0.9999999999999977,0.0,8.135526741170906e-07,8.561906901421025,5.399524525273591e-07,0.9999999999999977,0.0
0.01013806089758873,0.00013806089758872965,0.005897322643504772,9.096753957914189,1.0,0.011136287823319435,0.9999999999999972,0.0,0.0,0.0,fp32,0.0,14,0.0,14500,detail,0.9999999999999972,0.0,9.560375247019692e-07,8.863247855799273,7.753926070108719e-07,0.9999999999999972,0.0
0.00979231484234333,0.00020768515765666982,0.005787278393269993,9.402954207966104,1.0,0.011498705018311739,0.9999999999999967,0.0,0.0,0.0,fp32,0.0,14,0.0,15000,detail,0.9999999999999967,0.0,3.348122277202492e-07,9.161792653612792,4.921438403471257e-07,0.9999999999999967,0.0
0.01007557287812233,7.55728781223295e-05,0.0055110234904628165,9.711633957922459,1.0,0.01187232998199761,0.9999999999999991,0.0,0.0,0.0,fp32,0.0,14,0.0,15500,detail,0.9999999999999991,0.0,4.621536504600954e-07,9.462658811360598,3.838978841486096e-07,0.9999999999999991,0.0
0.00999077782034874,9.222179651260584e-06,0.006790688695889021,10.027288040844724,1.0,0.012269746046513319,0.9999999999999984,0.0,0.0,0.0,fp32,0.0,14,0.0,16000,detail,0.9999999999999984,0.0,3.115595745839528e-07,9.770421060267836,4.856096325056569e-07,0.9999999999999984,0.0
0.010038592852652073,3.85928526520727e-05,0.0058053254500722495,10.344421999994665,1.0,0.012664205161854625,0.9999999999999977,0.0,0.0,0.0,fp32,0.0,14,0.0,16500,detail,0.9999999999999977,0.0,4.045309083267057e-07,10.079788687173277,3.5594064229371725e-07,0.9999999999999977,0.0
0.010004643350839615,4.64335083961466e-06,0.004741657391157797,10.66171024995856,1.0,0.013062372338026762,0.9999999999999952,0.0,0.0,0.0,fp32,0.0,14,0.0,17000,detail,0.9999999999999952,0.0,3.250218583161768e-07,10.387257012538612,4.5957759198245185e-07,0.9999999999999952,0.0
0.010018418543040752,1.8418543040752203e-05,0.004519625821852954,10.997829915955663,1.0,0.013433914165943861,0.999999999999994,0.0,0.0,0.0,fp32,0.0,14,0.0,17500,detail,0.999999999999994,0.0,2.0426091396075208e-07,10.715156697435305,2.597903687728831e-07,0.999999999999994,0.0
0.01006197091192007,6.197091192007044e-05,0.004226869378844683,11.33050466584973,1.0,0.01380966417491436,0.9999999999999963,0.0,0.0,0.0,fp32,0.0,14,0.0,18000,detail,0.9999999999999963,0.0,2.3225808831739414e-07,11.039647455560043,2.513680783522432e-07,0.9999999999999963,0.0
0.009979121387004852,2.0878612995147913e-05,0.0038481615927706044,11.684242540970445,1.0,0.014197039185091853,0.9999999999999979,0.0,0.0,0.0,fp32,0.0,14,0.0,18500,detail,0.9999999999999979,0.0,2.2735872562407167e-07,11.384683418087661,2.1000629146783467e-07,0.9999999999999979,0.0
0.010134788230061531,0.00013478823006153086,0.004254013811694946,12.021480957977474,1.0,0.0145762893371284,0.999999999999997,0.0,0.0,0.0,fp32,0.0,14,0.0,19000,detail,0.999999999999997,0.0,1.8168270798923913e-07,11.713628048310056,2.843058268808818e-07,0.999999999999997,0.0
0.009947250597178936,5.2749402821064204e-05,0.0038556351820009335,12.332517832983285,1.0,0.014984039356932044,0.999999999999996,0.0,0.0,0.0,fp32,0.0,14,0.0,19500,detail,0.999999999999996,0.0,1.8264198331507941e-07,12.016547248931602,2.188117633750153e-07,0.999999999999996,0.0
0.009965728037059307,3.427196294069311e-05,0.003777975802267352,12.64267325005494,1.0,0.01535424729809165,0.9999999999999976,0.0,0.0,0.0,fp32,0.0,14,0.0,20000,detail,0.9999999999999976,0.0,1.92275564359079e-07,12.318675865419209,2.005627663947962e-07,0.9999999999999976,0.0
0.025565892457962036,0.015565892457962036,44.746045486660634,0.004833833081647754,1.0,0.0,,,,0.0,fixed-e3m4,0.0,14,0.0,0,detail,,,,0.0,0.005192066542804241,,3.224632382625714e-05
0.011869434267282486,0.0018694342672824858,1.6364232439806494,1.6795759999658912,1.0,0.0011211249511688948,0.9999177738008992,7.389690244315323e-12,0.01366742596810934,0.0,fixed-e3m4,0.0,14,0.0,500,detail,0.697207930007408,7.003717796539388e-08,0.00010068590199807659,1.652732357615605,0.00010438929166411981,0.6975015346521947,5.042491466156207e-05
0.011125008575618267,0.0011250085756182669,0.7345324635642273,3.603325332980603,1.0,0.001578749855980277,0.9999239536373514,1.6747475553109e-11,0.012776072100623948,0.0,fixed-e3m4,0.0,14,0.0,1000,detail,0.9424390918680824,1.7590605734805785e-08,7.042956713121384e-05,3.552998489467427,6.48386194370687e-05,0.9424356576312127,2.0463836335693486e-05
0.01028691977262497,0.0002869197726249693,0.5899329678030896,5.101657333085313,1.0,0.0020166668109595776,0.9999039395353866,4.810808690201159e-13,0.013172229375061899,0.0,fixed-e3m4,0.0,14,0.0,1500,detail,-0.07532162819757654,5.1105279162294087e-08,2.0371908249217086e-05,5.03366150171496,4.024004010716453e-05,-0.07617862954682846,6.259424844756722e-05
0.011685955338180065,0.001685955338180065,0.6031906586672205,6.644447082886472,1.0,0.002457374706864357,0.9999173756260893,2.012421093600572e-12,0.023076161236010695,0.0,fixed-e3m4,0.0,14,0.0,2000,detail,0.15385510821206672,3.322418384883596e-08,2.635071905388031e-05,6.558749688556418,4.049818744533695e-05,0.15363449187170727,5.4203053878154606e-05
0.01088660303503275,0.000886603035032749,0.2677882615287358,8.282872416079044,1.0,0.0028959165792912245,0.9999101082971336,6.292596913199228e-12,0.013172229375061899,0.0,fixed-e3m4,0.0,14,0.0,2500,detail,0.8080653185999968,1.7599693436958764e-08,3.678846042021178e-05,8.177575227804482,2.4962811949080788e-05,0.8076022417902068,4.086974877282046e-05
0.011508283205330372,0.0015082832053303716,0.5167128347377101,9.825110415928066,1.0,0.003288750536739826,0.9999352220439089,9.960054632270272e-12,0.015450133703080123,0.0,fixed-e3m4,0.0,14,0.0,3000,detail,0.7896137232454004,1.3332422963833376e-07,6.954447599127889e-05,9.700854936614633,0.00018174911383539438,0.7905832824840804,8.986102329799905e-05
0.008434022776782513,0.0015659772232174875,0.9898679165373737,11.538288374897093,1.0,0.0036870415788143873,0.9999328643202441,1.4471377421977408e-11,0.018718431217193226,0.0,fixed-e3m4,0.0,14,0.0,3500,detail,0.7250958341375381,5.735705257087169e-08,9.773718193173409e-05,11.394611415686086,7.55205110181123e-05,0.7246380933685131,4.31421103712637e-05
0.01015455462038517,0.00015455462038516977,0.1598741076105488,13.130078499903902,1.0,0.004139249678701162,0.9999081675076967,2.2391355714779558e-12,0.02327423987322967,0.0,fixed-e3m4,0.0,14,0.0,4000,detail,0.38017999739799474,5.272977545247285e-08,1.4550481864716858e-05,12.965677454136312,1.5613026334904134e-05,0.38037540255810715,3.703599941218272e-05
0.015324452891945839,0.005324452891945839,0.618630407850876,14.750570290954784,1.0,0.004597082734107971,0.999910305647959,7.692011161467882e-12,0.016044369614737052,0.0,fixed-e3m4,0.0,14,0.0,4500,detail,0.8573184131844855,1.2828457691142531e-08,5.878967931494117e-05,14.563140374142677,4.7108056605793536e-05,0.857201742823969,5.0253085646545514e-05
0.00961760338395834,0.0003823966160416605,0.19002958286258786,16.409266083035618,1.0,0.0053526656702160835,0.9999263690815073,9.02440306965081e-12,0.01911458849163118,0.0,fixed-e3m4,0.0,14,0.0,5000,detail,-0.10407551046597752,1.1195670181507933e-07,5.514795338967815e-05,16.192473541479558,3.0850100301904604e-05,-0.10381247160425568,3.1517804018221796e-05
0.009714202955365181,0.00028579704463481924,0.2280092316375228,18.108371832873672,1.0,0.005838123615831137,0.9999266286038574,8.248601689540955e-13,0.016836684163612954,0.0,fixed-e3m4,0.0,14,0.0,5500,detail,0.06033128732888158,1.3001106399319056e-08,1.4825160178588703e-05,17.868639361811802,2.641502214828506e-05,0.060228622658927596,2.3607453840668313e-05
0.008422528393566608,0.0015774716064333918,0.3822834177811107,19.819805999984965,1.0,0.006486123660579324,0.9999226243324031,3.3036388315633595e-12,0.02485886897098148,0.0,fixed-e3m4,0.0,14,0.0,6000,detail,0.052476413680916136,3.421034745687326e-08,2.6218678613076918e-05,19.557468189159408,3.700078377733007e-05,0.05225295497854516,5.40584405825939e-05
0.006041240878403187,0.003958759121596813,0.33065187842045307,21.710740665905178,1.0,0.006939498707652092,0.9999183463638841,3.0852090161293516e-12,0.026542537387342774,0.0,fixed-e3m4,0.0,14,0.0,6500,detail,0.17898134274700941,3.011325033000337e-08,2.5694220312288962e-05,21.425363641232252,3.721795292221941e-05,0.17971326501045423,6.193855369929224e-05
0.007958349771797657,0.002041650228202343,0.25029567517286627,23.3122642908711,1.0,0.007500331848859787,0.999894465147404,4.841964565076773e-12,0.028325245122313557,0.0,fixed-e3m4,0.0,14,0.0,7000,detail,-0.2739159552034801,8.70412770678873e-08,3.4499738831073046e-05,23.006529263220727,2.735650741669815e-05,-0.2723927991325606,5.794071694253944e-05
0.009587002918124199,0.0004129970818758013,0.043621800262971654,24.769940790953115,1.0,0.007904331898316741,0.9999315522766543,2.6963313082015423e-13,0.027037733980390215,0.0,fixed-e3m4,0.0,14,0.0,7500,detail,0.4643591938058849,4.370467936585113e-08,4.1315397538710386e-06,24.444636217085645,3.713576234076754e-06,0.4628201293921954,4.953127063345164e-05
0.00928189605474472,0.0007181039452552797,0.14846937401847696,26.238358499947935,1.0,0.008309998782351613,0.9999257538322938,9.666379683788169e-13,0.026047340794295337,0.0,fixed-e3m4,0.0,14,0.0,8000,detail,0.46637026598503706,6.408782121945369e-08,1.3906525055062957e-05,25.891998385079205,1.5883410014794208e-05,0.4673157985487581,5.3677238611271605e-05
0.008757812902331352,0.001242187097668648,0.19907458490737795,27.78421258297749,1.0,0.008805706864222884,0.9998793577285807,5.035208766257728e-12,0.02683965534317124,0.0,fixed-e3m4,0.0,14,0.0,8500,detail,0.7556919633107629,3.080337499492529e-08,2.5814511900534853e-05,27.416789734503254,1.7568838302395307e-05,0.7536860379937,3.1902269256534055e-05
0.012525193393230438,0.002525193393230438,0.3267127416212344,29.383372833020985,1.0,0.009176956722512841,0.9999272624165375,1.552160811649619e-12,0.03070218876894127,0.0,fixed-e3m4,0.0,14,0.0,9000,detail,0.2727403779247454,2.5010207112759415e-08,1.6543959645787254e-05,28.996139688882977,3.307648512418382e-05,0.27317865062231517,5.469796815305017e-05
0.012531747110188007,0.002531747110188007,0.13021200494743698,30.91635312489234,1.0,0.009582789614796638,0.9999149251013538,9.585265141395182e-12,0.025651183519857384,0.0,fixed-e3m4,0.0,14,0.0,9500,detail,0.6655640279153402,6.068049708966891e-08,4.268471820978448e-05,30.509504434885457,1.3035047231824137e-05,0.6650440717154779,5.403618706623092e-05
0.011276112869381905,0.0012761128693819044,0.25018937626070303,32.458284833002836,1.0,0.010018789675086737,0.9998812729715458,9.091776183988462e-12,0.030306031494503317,0.0,fixed-e3m4,0.0,14,0.0,10000,detail,0.2515192111845143,5.3410890166311576e-08,2.9073809855617583e-05,32.0332402640488,1.4835384718026035e-05,0.2502557295560075,5.563238664763048e-05
0.0110999820753932,0.0010999820753931997,0.21498212517917087,34.06342870788649,1.0,0.010405622655525804,0.9999293308888412,2.103847809666513e-12,0.023769436466277112,0.0,fixed-e3m4,0.0,14,0.0,10500,detail,0.5843831517623473,3.833583209375214e-08,2.0634406610042788e-05,33.61914579872973,1.4583609299734235e-05,0.5855333493085368,3.900452429661527e-05
0.009127580560743809,0.0008724194392561915,0.06569034704946171,35.61102012498304,1.0,0.010854789754375815,0.9999260078685888,4.911259143615776e-12,0.032782014459740515,0.0,fixed-e3m4,0.0,14,0.0,11000,detail,0.599228653024884,2.028974772017505e-08,2.697556556086056e-05,35.14751639170572,9.490725460636895e-06,0.6001204271125943,4.2684772779466584e-05
0.010970791801810265,0.0009707918018102644,0.07148850644041484,37.126817290904,1.0,0.011277581565082073,0.9999174678056807,3.0530730231618655e-12,0.026443498068733286,0.0,fixed-e3m4,0.0,14,0.0,11500,detail,-0.3935347710124856,5.916889893981445e-08,2.7502495868247934e-05,36.64577401522547,2.0429943106137216e-05,-0.39312367668189674,4.045700188726187e-05
0.008614901453256607,0.0013850985467433932,0.05622284278510856,38.61022512498312,1.0,0.011726248543709517,0.9999104463620911,3.6743025718941795e-13,0.029414677627017927,0.0,fixed-e3m4,0.0,14,0.0,12000,detail,0.2701942883950226,2.8954026753287524e-08,5.6588710322103e-06,38.111859241267666,5.807507477584295e-06,0.270894970600222,4.5240587496664375e-05
0.010891388170421124,0.0008913881704211233,0.11022516064602816,40.08568987506442,1.0,0.012157915625721216,0.9999233416602378,4.1074570956489307e-13,0.04100227790432802,0.0,fixed-e3m4,0.0,14,0.0,12500,detail,0.40450495015959526,5.0290589381263984e-08,7.079244824126363e-06,39.56992833176628,1.0461330020916648e-05,0.4034627599205642,6.856624531792477e-05
0.010484587401151657,0.0004845874011516569,0.05978118805881752,41.574751582928,1.0,0.012544873636215925,0.9999109278188016,1.1354872262937689e-12,0.028028127166485093,0.0,fixed-e3m4,0.0,14,0.0,13000,detail,0.734595930890219,5.2623282689481045e-08,6.8581684899982065e-06,41.04163097171113,5.331830379873281e-06,0.7348745705105134,6.484289770014584e-05
0.009833259508013725,0.00016674049198627493,0.09665130818731091,43.11122016608715,1.0,0.01304920669645071,0.9999080950093655,2.874751311797734e-13,0.03654550856690106,0.0,fixed-e3m4,0.0,14,0.0,13500,detail,0.17226428880107117,3.440521987345029e-08,6.077104444557335e-06,42.559729350497946,6.83812277202378e-06,0.17226388772250528,5.492353011504747e-05
0.010341324843466282,0.0003413248434662817,0.16461000816844065,44.609388458076864,1.0,0.013549206778407097,0.9999174001424502,2.302820543729308e-13,0.031098346043379223,0.0,fixed-e3m4,0.0,14,0.0,14000,detail,0.2709936619007778,1.9949501816620633e-08,4.487390015128767e-06,44.03846692643128,1.1299207471893169e-05,0.271086886941407,5.724353468394838e-05
0.010654878802597523,0.0006548788025975225,0.045914023153220664,46.12162866606377,1.0,0.013945623766630888,0.9999162632201172,5.728372136691786e-14,0.02792908784787561,0.0,fixed-e3m4,0.0,14,0.0,14500,detail,0.027249323899078054,3.010417951453565e-08,1.4703665556226042e-06,45.53196103521623,4.284187980374554e-06,0.027317423138053774,4.955467375111766e-05
0.010529883205890656,0.0005298832058906553,0.029178250070647158,47.665118125034496,1.0,0.014375290833413601,0.9999210300804966,2.497444800199416e-13,0.03595127265524413,0.0,fixed-e3m4,0.0,14,0.0,15000,detail,0.33524104392420173,6.103038266518312e-08,4.557049578579608e-06,47.05569805158302,2.015149902945268e-06,0.3356383011029249,5.42308043804951e-05
0.009905300103127956,9.469989687204382e-05,0.02220280967941455,49.11192133300938,1.0,0.014757957775145769,0.9999054135465633,4.077553241742493e-13,0.026047340794295337,0.0,fixed-e3m4,0.0,14,0.0,15500,detail,-0.4719620998882549,3.636696827587395e-08,4.0446889215672854e-06,48.48445031722076,4.0057170735963155e-06,-0.47182710503340997,5.1774655730696395e-05
0.00959720741957426,0.0004027925804257395,0.0273895618892192,50.51755108288489,1.0,0.015133790671825409,0.9999202235720094,6.672621942750953e-13,0.03654550856690106,0.0,fixed-e3m4,0.0,14,0.0,16000,detail,-0.05021844406837536,2.333801648846364e-08,6.541240509250201e-06,49.871315034804866,8.080428415269125e-06,-0.05180804574458965,4.1930627048714086e-05
0.010032910853624344,3.2910853624343664e-05,0.015334572141442435,52.13668462494388,1.0,0.015649207634851336,0.9999301452807906,2.8900553259958757e-13,0.028325245122313557,0.0,fixed-e3m4,0.0,14,0.0,16500,detail,-0.8379574538505014,7.608773994714223e-08,2.999947810167214e-06,51.46888624387793,2.474304210409173e-06,-0.8382908650808958,4.7733068640809506e-05
0.010246997699141502,0.00024699769914150217,0.03603341652386574,54.153407166013494,1.0,0.016105707501992583,0.9999091633575404,7.902360933505523e-13,0.03605031197385362,0.0,fixed-e3m4,0.0,14,0.0,17000,detail,0.39352737528831044,2.6526659492056742e-08,5.768142727902159e-06,53.46090920548886,5.744744157709647e-06,0.39456467387549604,4.020148116978817e-05
0.009869455359876156,0.00013054464012384435,0.012597644599360816,55.5926030408591,1.0,0.016520332312211394,0.9999116157160525,9.683392474971323e-13,0.0387243735763098,0.0,fixed-e3m4,0.0,14,0.0,17500,detail,-0.3417193746021297,1.891682778450611e-08,4.64535150968004e-06,54.87991591100581,5.225177574175177e-06,-0.3424979636091751,3.758815728360787e-05
0.00979223009198904,0.00020776990801095983,0.009513540446958593,57.11872374988161,1.0,0.01695474935695529,0.9998972524810993,5.056381226193725e-13,0.043478260869565216,0.0,fixed-e3m4,0.0,14,0.0,18000,detail,-0.21602462604485007,2.437334534349085e-08,3.9090164136723615e-06,56.387445169035345,1.6178954638235155e-06,-0.2158135977326965,4.814076601178385e-05
0.010067441500723362,6.744150072336176e-05,0.015069787701222422,58.62357454095036,1.0,0.017365207197144628,0.9999194023206132,2.1136459158679837e-13,0.028325245122313557,0.0,fixed-e3m4,0.0,14,0.0,18500,detail,-0.11526992499724284,2.486584082659447e-08,4.093545157957124e-06,57.87321766442619,3.7241343306959607e-06,-0.114313756288218,4.037831968162209e-05
0.01113160327076912,0.001131603270769119,0.03811277029449256,60.12769270804711,1.0,0.017802082002162933,0.9999270860100635,1.6868786554065561e-13,0.03426760423888284,0.0,fixed-e3m4,0.0,14,0.0,19000,detail,-0.22560966892860182,3.34003687503269e-08,1.9884907942469e-06,59.357434125151485,2.932337793026818e-06,-0.226087516142629,4.5368240535026416e-05
0.010218114592134953,0.00021811459213495234,0.022595506477551434,61.609199041035026,1.0,0.018191956914961338,0.99990529634153,1.610340486798838e-13,0.01752995939387937,0.0,fixed-e3m4,0.0,14,0.0,19500,detail,0.2366809046302626,3.481483685154672e-08,2.7959472390648443e-06,60.820376803865656,1.7952028201762005e-06,0.236392168383905,4.350467861513607e-05
0.010188991203904152,0.0001889912039041517,0.018872514496767957,63.40366641595028,1.0,0.018701707012951374,0.9999122491925633,2.7298916075142647e-13,0.034861840150539766,0.0,fixed-e3m4,0.0,14,0.0,20000,detail,-0.0014053632499404416,1.6921170190669645e-08,2.0126933577557793e-06,62.59345754957758,1.5738251022412442e-06,-0.0018680413007497816,4.48380560555961e-05
0.026026539504528046,0.016026539504528044,42.0582098838986,0.0041128338780254126,1.0,0.0,,,,0.0,fixed-e4m3,0.0,14,0.0,0,detail,,,,0.0,0.0056772478856146336,,0.00022204768902156502
0.012426093220710754,0.002426093220710754,2.462414065784144,1.3716927499044687,1.0,0.00043870811350643635,0.9997154455996743,3.8893991865302166e-11,0.0,0.0,fixed-e4m3,0.0,14,0.0,500,detail,-0.2209650695286012,3.2020804302321805e-07,0.00014030341117177159,1.3506314610131085,0.00015738590445835143,-0.2212418153971877,0.00019622794934548438
0.015756871551275253,0.005756871551275253,1.5702371448060877,2.7293559168465436,1.0,0.0008066250011324883,0.9996447603699842,5.3019249825330546e-11,9.903931860948797e-05,0.0,fixed-e4m3,0.0,14,0.0,1000,detail,0.13151648241159697,1.9761798286627566e-07,0.00013759048306383193,2.6912737218663096,0.00011047490988858044,0.13018754992464437,0.0002556276158429682
0.012270674109458923,0.002270674109458923,0.6539400384841345,4.057819542009383,1.0,0.0011769169941544533,0.9997067729982365,2.867994995873655e-11,0.0002971179558284639,0.0,fixed-e4m3,0.0,14,0.0,1500,detail,0.3383708512103915,1.6041919622604421e-07,6.673323514405638e-05,4.004160059383139,8.436936332145706e-05,0.3379914884255947,0.0002941888233181089
0.008152163587510586,0.0018478364124894144,0.6754953593323585,5.407041583908722,1.0,0.0015712508466094732,0.9995843949093494,5.900355112848981e-11,0.0,0.0,fixed-e4m3,0.0,14,0.0,2000,detail,-0.04554965985039927,1.6580664095401126e-07,6.158438918646425e-05,5.336215974064544,8.441258978564292e-05,-0.044454520899516695,0.00020553427748382092
0.007647729013115168,0.0023522709868848326,0.7751826298983656,6.756530291866511,1.0,0.0019375837873667479,0.9996428026050334,2.31470783932272e-11,0.0,0.0,fixed-e4m3,0.0,14,0.0,2500,detail,0.06114958476733361,1.780588019983152e-07,6.42775121377781e-05,6.667509729508311,0.0001662100839894265,0.06091462339938789,0.00018902268493548036
0.010311465710401535,0.0003114657104015348,0.3409928287994596,8.094450041884556,1.0,0.002348917769268155,0.999609686707218,1.6951015041191583e-11,0.00019807863721897593,0.0,fixed-e4m3,0.0,14,0.0,3000,detail,0.21713737766101776,1.5934985111440765e-07,3.0295039323391393e-05,7.985703276237473,3.78035256289877e-05,0.21333226250371753,0.0001320619194302708
0.009233478456735611,0.0007665215432643892,1.1222251254251028,9.435320375021547,1.0,0.002711501671001315,0.9996222887843513,3.5255219707247995e-11,0.0002971179558284639,0.0,fixed-e4m3,0.0,14,0.0,3500,detail,0.5265631721214157,7.329969968859138e-08,0.00010831710824277252,9.308621565345675,0.00010840473987627774,0.5265905828709618,0.00013248415780253708
0.009049308486282825,0.0009506915137171747,0.24558801573975594,10.781717458972707,1.0,0.0030849596951156855,0.9997349686308047,1.3906988175535613e-11,9.903931860948797e-05,0.0,fixed-e4m3,0.0,14,0.0,4000,detail,0.8130047628971608,3.005024665230372e-08,4.760195588460192e-05,10.639009522739798,2.246608528366778e-05,0.8118946566695645,9.004354797070846e-05
0.009649550542235374,0.00035044945776462576,0.20939724973167778,12.138187958858907,1.0,0.0034631688613444567,0.9997281721847604,1.569252718171468e-10,0.00019807863721897593,0.0,fixed-e4m3,0.0,14,0.0,4500,detail,0.03659258441854296,4.858707340398964e-07,0.00016756559489294887,11.976744618965313,7.639730756636709e-05,0.03514456611940684,0.00030215922743082047
0.011087330058217049,0.0010873300582170484,0.22968764208126294,13.478813541820273,1.0,0.0038580859545618296,0.9996691466801101,3.2199389020799633e-12,0.00019807863721897593,0.0,fixed-e4m3,0.0,14,0.0,5000,detail,0.43831379844720253,2.570669354370708e-07,1.4339493645820767e-05,13.299557605525479,7.211953197838739e-05,0.4403263660317206,0.0002542055444791913
0.011311305686831474,0.001311305686831474,0.43412621987727884,14.866456291871145,1.0,0.0042426688596606255,0.9996532380860629,3.299167473556057e-11,0.0,0.0,fixed-e4m3,0.0,14,0.0,5500,detail,0.7070906543458152,4.008617015251844e-08,6.074426346458495e-05,14.669257295550779,3.719760206877254e-05,0.7086627342393255,0.00014266627840697765
0.010495249181985855,0.0004952491819858549,0.1911708120566189,16.246183999814093,1.0,0.0046193357557058334,0.9996651790485712,2.086264259021088e-11,9.903931860948797e-05,0.0,fixed-e4m3,0.0,14,0.0,6000,detail,0.5564683200642321,7.253828504588597e-08,2.5535297027090564e-05,16.031561091076583,5.4888096201466396e-05,0.5582400188868873,0.00010234752699034289
0.008575808256864548,0.0014241917431354525,0.3878347173302044,17.589849874842912,1.0,0.00498666986823082,0.9996965363907787,6.175570399810349e-12,0.0,0.0,fixed-e4m3,0.0,14,0.0,6500,detail,0.04757858072706147,7.039110055062686e-08,1.8599561371956952e-05,17.359777121571824,3.0623446946265176e-05,0.048756196615119984,9.475334809394553e-05
0.010456707328557968,0.00045670732855796793,0.6922947240668974,18.92349308403209,1.0,0.005354460794478655,0.9997174472403094,1.6184201561501418e-10,9.903931860948797e-05,0.0,fixed-e4m3,0.0,14,0.0,7000,detail,0.8208242911592888,9.574045517656312e-08,0.0001837445015553385,18.67786140879616,0.0001375025458401069,0.8196237376938584,9.897794370772317e-05
0.010950841940939426,0.0009508419409394262,0.14988203534504949,20.256017291918397,1.0,0.005721335764974356,0.9995885362890651,2.113260183534346e-11,0.0004951965930474399,0.0,fixed-e4m3,0.0,14,0.0,7500,detail,-0.7707674164372366,6.12284276340772e-07,2.5722070859046653e-05,19.99308854341507,2.2006783183314838e-05,-0.7728367449729908,0.00040132779395207763
0.008364804089069366,0.0016351959109306338,0.09818807013022211,21.63552787504159,1.0,0.0061967517249286175,0.9996706971491853,4.463320081827412e-12,9.903931860948797e-05,0.0,fixed-e4m3,0.0,14,0.0,8000,detail,0.6809402335474636,1.1070158311479581e-06,1.4880430171615444e-05,21.35432311776094,8.436591087956913e-06,0.6808953055537449,0.0006561980117112398
0.008932240307331085,0.001067759692668915,0.1673143514710136,23.028114874847233,1.0,0.0066165016032755375,0.9996862130402225,1.370771895102947e-11,0.0002971179558284639,0.0,fixed-e4m3,0.0,14,0.0,8500,detail,0.8000711453106463,4.502660619048498e-07,2.0625309844035655e-05,22.729769709520042,1.1771688150474802e-05,0.8017006720621237,0.0003800646518357098
0.010153193026781082,0.00015319302678108195,0.06550213685079766,24.42186904186383,1.0,0.006985001731663942,0.9996514933634829,2.0394729490037774e-12,0.00019807863721897593,0.0,fixed-e4m3,0.0,14,0.0,9000,detail,0.5091148130421653,2.718147636347515e-07,7.901280696387403e-06,24.105723621556535,1.6717729522497393e-05,0.5076080867580871,0.00020383603987284005
0.010255439206957817,0.00025543920695781687,0.12776697528792785,25.812798833940178,1.0,0.007354584755375981,0.9997293422012391,5.0436184405940034e-12,0.00019807863721897593,0.0,fixed-e4m3,0.0,14,0.0,9500,detail,0.14638487583228046,1.415567042067396e-07,1.2666326256294269e-05,25.480458832345903,2.905567453126423e-05,0.1498338278802917,0.00011224445188418031
0.011056226678192616,0.0010562266781926153,0.2101910451693429,27.193031791830435,1.0,0.007786542875692248,0.9997258069270055,1.4221482013567858e-12,0.00019807863721897593,0.0,fixed-e4m3,0.0,14,0.0,10000,detail,-0.6068154246544459,2.594096529162023e-07,6.348132046696264e-06,26.84226428810507,1.3253044926386792e-05,-0.609511423527179,0.00020108143507968634
0.009685383178293705,0.0003146168217062952,0.14568991710232154,28.56653262488544,1.0,0.008161292877048254,0.9996534059351883,1.1444477101727636e-12,9.903931860948797e-05,0.0,fixed-e4m3,0.0,14,0.0,10500,detail,0.14750467940720388,4.156266759751008e-08,7.922035365481861e-06,28.198376381304115,1.0591273166937754e-05,0.14916140501769332,0.0001119788212236017
0.008387030102312565,0.0016129698976874354,0.06542276958775932,29.937510416842997,1.0,0.008542459923774004,0.9996114307292365,1.2110729009260836e-11,0.0,0.0,fixed-e4m3,0.0,14,0.0,11000,detail,-0.47313327816143325,1.1579704393047636e-07,2.2746204194845632e-05,29.553190961945802,1.0522237062104978e-05,-0.474318544439701,0.0001386036310577765
0.010080859996378422,8.085999637842158e-05,0.08188854985793291,31.376354958862066,1.0,0.008985459804534912,0.9996272743671266,1.0723524253177258e-12,0.0002971179558284639,0.0,fixed-e4m3,0.0,14,0.0,11500,detail,0.5028059211764307,1.1547701397453564e-07,3.936748271371471e-06,30.97322633722797,2.2230424292501993e-05,0.5034895874079225,0.00020664256589952856
0.010110746137797832,0.00011074613779783228,0.03370184965245372,32.866155583877116,1.0,0.009402750758454204,0.9996663004008929,1.4345885839130654e-12,0.0002971179558284639,0.0,fixed-e4m3,0.0,14,0.0,12000,detail,0.3109023469539563,1.9557751097976873e-07,6.625983587582596e-06,32.43637820938602,4.942653959005838e-06,0.3107341966779657,0.0001478558115195483
0.00918128713965416,0.0008187128603458407,0.1593105242241848,34.5395514999982,1.0,0.009781917789950967,0.9996860527690258,1.585800097055198e-12,0.00019807863721897593,0.0,fixed-e4m3,0.0,14,0.0,12500,detail,0.44969330136302554,8.883444374956377e-08,9.880620382318739e-06,34.09077186090872,1.1270568393229041e-05,0.44823422859183965,0.00014283116615843028
0.008179939351975918,0.0018200606480240824,0.06369514991344535,35.97951216693036,1.0,0.010210333857685328,0.9996976438785805,1.1862592832459313e-11,9.903931860948797e-05,0.0,fixed-e4m3,0.0,14,0.0,13000,detail,0.790298126637001,2.2177078528788347e-07,1.899609742395114e-05,35.51219094265252,2.0031477106385864e-05,0.7899444607287743,0.00017724309873301536
0.009632485918700695,0.00036751408129930517,0.1469967235150248,37.43975866702385,1.0,0.010662166867405176,0.999718789252968,2.4552422460043546e-11,0.00019807863721897593,0.0,fixed-e4m3,0.0,14,0.0,13500,detail,0.7845634076090038,1.1310684780619566e-07,4.2720497731352225e-05,36.954451251076534,2.2510701455757953e-05,0.7850168907310824,0.00014351912250276655
0.007583830039948225,0.002416169960051775,0.20387310681319382,38.871842209016904,1.0,0.011078624986112118,0.9995909123342354,1.3286294072766548e-12,0.0002971179558284639,0.0,fixed-e4m3,0.0,14,0.0,14000,detail,0.23785869277848695,4.24430810942132e-08,5.848793989571277e-06,38.36680254410021,1.4294645552581642e-05,0.24008202833442585,8.292411803267896e-05
0.010086569003760815,8.656900376081446e-05,0.11857780011540031,40.282085083890706,1.0,0.011475707869976759,0.999689518624483,1.2371580516004647e-12,0.00039615727443795186,0.0,fixed-e4m3,0.0,14,0.0,14500,detail,-0.16053590363300277,1.877160508427526e-08,5.4361080401577055e-06,39.75793054862879,8.636325219413266e-06,-0.15706634039760814,7.930636638775468e-05
0.010052785277366638,5.2785277366637975e-05,0.03473210114584619,41.73991287499666,1.0,0.011879999889060855,0.9997224014831283,2.9776325717960552e-12,0.00019807863721897593,0.0,fixed-e4m3,0.0,14,0.0,15000,detail,0.5806020289702948,2.1889941888461385e-08,8.355389581993222e-06,41.19715222273953,8.551954124413896e-06,0.5827273845332291,5.367994890548289e-05
0.009907558560371399,9.244143962860128e-05,0.03886143888825295,43.16349466703832,1.0,0.012258207891136408,0.9997414936910886,2.556109834956668e-12,0.00039615727443795186,0.0,fixed-e4m3,0.0,14,0.0,15500,detail,0.3034471723131748,4.774756921886356e-08,8.252786756202113e-06,42.60301746218465,9.122367373493034e-06,0.30042750406316715,5.786081965197809e-05
0.014373908750712872,0.004373908750712871,0.3290390298016033,44.56923395884223,1.0,0.012690040981397033,0.9995685187326492,2.1308081982940277e-12,9.903931860948797e-05,0.0,fixed-e4m3,0.0,14,0.0,16000,detail,-0.5272590674170684,4.1134673839640516e-08,8.632752724224702e-06,43.990810013143346,2.2619009541813284e-05,-0.5315036333826314,9.894550748867914e-05
0.008010446093976498,0.0019895539060235026,0.07085708075554417,46.15618829196319,1.0,0.013233874924480915,0.9996777372193577,1.7224784343418832e-12,9.903931860948797e-05,0.0,fixed-e4m3,0.0,14,0.0,16500,detail,-0.3327037850448714,2.4587268468230423e-08,1.3077362382318825e-05,45.55799544043839,5.211971711105434e-06,-0.3302339968283758,5.798857455374673e-05
0.010771564207971096,0.0007715642079710958,0.0906333920594006,47.6444819169119,1.0,0.013971583917737007,0.9996195892074045,6.447709718467831e-12,0.00019807863721897593,0.0,fixed-e4m3,0.0,14,0.0,17000,detail,0.878440490290056,3.907567773666745e-08,9.851260983850807e-06,47.024973338702694,1.1806874681496993e-05,0.8770957622933732,5.8843157603405416e-05
0.011229808442294598,0.0012298084422945974,0.08685347931731978,49.09833383397199,1.0,0.014361667912453413,0.999674539863623,1.0887652230801231e-11,9.903931860948797e-05,0.0,fixed-e4m3,0.0,14,0.0,17500,detail,0.7352297998395286,5.371666151185867e-08,1.0254085282213055e-05,48.460167018696666,1.5919902580208145e-05,0.7350228358969813,0.00014690234092995524
0.010809623636305332,0.000809623636305332,0.18556980794162822,50.524142249953,1.0,0.014756375923752785,0.9996324423866212,1.4289951051674143e-12,0.00019807863721897593,0.0,fixed-e4m3,0.0,14,0.0,18000,detail,0.6727804226940326,4.7349711126676134e-08,4.280124812794384e-06,49.868247024016455,2.1205005396041088e-05,0.6753064349234472,0.0001509952562628314
0.009906171821057796,9.382817894220373e-05,0.14120412779028435,51.96379204187542,1.0,0.015153583837673068,0.9996986788480637,1.0341714609249149e-12,0.0,0.0,fixed-e4m3,0.0,14,0.0,18500,detail,-0.8432420021428095,8.995969949773013e-08,2.422991428829846e-06,51.290170185500756,1.3639353710459545e-05,-0.8437963190330064,6.059423685655929e-05
0.009708949364721775,0.00029105063527822515,0.06741258258852453,53.399727291893214,1.0,0.01558245881460607,0.9996352910118012,1.3388993953307483e-12,0.00019807863721897593,0.0,fixed-e4m3,0.0,14,0.0,19000,detail,-0.1518240605697556,9.144986265227767e-08,6.638375452894252e-06,52.708487721392885,9.076351489056833e-06,-0.15091880665577043,7.612935587530956e-05
0.010589545592665672,0.0005895455926656721,0.05135036765497888,54.87858758401126,1.0,0.01597754191607237,0.9996470637893093,5.917857822971565e-12,0.00019807863721897593,0.0,fixed-e4m3,0.0,14,0.0,19500,detail,0.8097269084304195,2.5370047345700536e-08,7.270054084074218e-06,54.16784178791568,4.734500180347823e-06,0.8111063108705374,0.00010437489981995896
0.0100511210039258,5.1121003925800115e-05,0.03114200305971423,56.33167054201476,1.0,0.01636554184369743,0.9996469838909383,1.100008674155329e-12,9.903931860948797e-05,0.0,fixed-e4m3,0.0,14,0.0,20000,detail,-0.2865298116225088,1.2354243217667695e-07,3.604281118896324e-06,55.599886065814644,2.6832838102563983e-06,-0.28684314018981055,0.00010617115185596049
0.013031095266342163,0.003031095266342163,44.31217600222792,0.004178499802947044,1.0,0.0,,,,0.0,fixed-e5m2,0.0,14,0.0,0,detail,,,,0.0,0.0060446304269135,,0.0013949930435046554
0.011757273226976395,0.0017572732269763944,3.884936589882556,1.4148728328291327,1.0,0.0003822499420493841,0.9987668482162051,4.066262728157153e-10,0.0,0.0,fixed-e5m2,0.0,14,0.0,500,detail,0.3276224980729789,2.016983532366207e-06,0.00024158968881238252,1.3917987092863768,0.0002763964293990284,0.3273250090853377,0.0011128688929602504
0.008724421262741089,0.0012755787372589113,0.9427112601476869,2.8393445420078933,1.0,0.0008639998268336058,0.9987667448649556,8.859437783743759e-11,0.0,0.0,fixed-e5m2,0.0,14,0.0,1000,detail,0.4976019019307405,1.6213807138584836e-06,7.44623685022816e-05,2.795942361233756,0.00010452537389937788,0.5013670561937168,0.0011867716675624251
0.011777128092944622,0.0017771280929446218,1.433867735263337,4.264445374952629,1.0,0.0012399167753756046,0.9985254442261423,1.8819933279542231e-10,0.0,0.0,fixed-e5m2,0.0,14,0.0,1500,detail,0.17076005653928603,1.3220472707694453e-06,9.269226575270295e-05,4.202019983902574,0.00012248908751644194,0.17235880898585182,0.0011421104427427053
0.009286212734878063,0.000713787265121937,0.6552156851227084,5.657575124874711,1.0,0.0016949588898569345,0.9986111782926733,1.5821186600941008e-10,0.0,0.0,fixed-e5m2,0.0,14,0.0,2000,detail,-0.19517860133637668,1.528276290637674e-06,8.92368916538544e-05,5.577190120937303,0.00010956684127449989,-0.1879203336500138,0.0011551313800737262
0.010686314664781094,0.0006863146647810934,0.8514149350478877,7.118910707999021,1.0,0.0021790429018437862,0.9986106649650034,1.5220144082301215e-10,0.0,0.0,fixed-e5m2,0.0,14,0.0,2500,detail,0.4758040764276254,1.481638768889744e-06,7.727295451331884e-05,7.0203255717642605,4.666382301365957e-05,0.4765212301993099,0.001089046592824161
0.008516342379152775,0.0014836576208472254,0.2663020349372894,8.6163635419216,1.0,0.0025887100491672754,0.9982938434046416,1.603065635427051e-10,0.0,0.0,fixed-e5m2,0.0,14,0.0,3000,detail,0.5848259748526723,3.0567325620155315e-07,8.009753946680576e-05,8.49844414414838,4.2178544390480965e-05,0.5805275294608097,0.00045884583960287273
0.010750776156783104,0.0007507761567831037,0.30883899093805184,10.042139666853473,1.0,0.003015917958691716,0.9989018460958037,1.1558865526957823e-10,0.0,0.0,fixed-e5m2,0.0,14,0.0,3500,detail,0.5137569068701603,9.331416412168081e-07,5.001876343158074e-05,9.90698083746247,5.857928408659063e-05,0.5175753887247898,0.0009382923017255962
0.007387755438685417,0.002612244561314583,0.9122010632305271,11.430442957906052,1.0,0.0033848758321255445,0.9985181881558272,1.4841870111446268e-10,0.0,0.0,fixed-e5m2,0.0,14,0.0,4000,detail,-0.5757345704170669,1.4025710967716253e-06,6.714164192089811e-05,11.276739089982584,0.00010181149264099076,-0.5789817178736706,0.0010719497222453356
0.01072597410529852,0.0007259741052985189,1.5342942197136307,12.812310457928106,1.0,0.0038073337636888027,0.9985561214529641,1.2200228568672753e-10,0.0,0.0,fixed-e5m2,0.0,14,0.0,4500,detail,0.5432542033888041,1.215599180239037e-06,7.557921344414353e-05,12.639459613710642,0.00015870676725171506,0.5400606888416979,0.0016281662974506617
0.006188468541949987,0.003811531458050013,0.5744407548191578,14.27689233282581,1.0,0.004202708601951599,0.9987244712268445,3.6746789892757614e-11,0.0,0.0,fixed-e5m2,0.0,14,0.0,5000,detail,-0.5133135259412808,8.627939543767187e-07,3.3872474887175485e-05,14.084286449011415,5.0744052714435384e-05,-0.5120712418296008,0.0005749936099164188
0.01662086695432663,0.006620866954326629,0.8813473771851565,15.663266124902293,1.0,0.0045797505881637335,0.9984343690493904,1.3958524498971046e-10,0.0,0.0,fixed-e5m2,0.0,14,0.0,5500,detail,0.7300363124808336,1.1436069368817364e-06,6.61306839901954e-05,15.45145969814621,0.00012126586807426065,0.7326586935479903,0.0007168840966187418
0.011331354267895222,0.0013313542678952215,0.440284682189911,17.05917049990967,1.0,0.005038959672674537,0.9988588962273924,7.134991884167473e-11,0.0,0.0,fixed-e5m2,0.0,14,0.0,6000,detail,0.6761565870739649,3.605878513918229e-07,5.156681436346844e-05,16.82961569284089,7.666758756386116e-05,0.6801695308533002,0.0004207335296086967
0.011296719312667847,0.0012967193126678465,0.1748571565206301,18.441645707935095,1.0,0.005456001730635762,0.9986209378441,8.193522985687254e-11,0.0,0.0,fixed-e5m2,0.0,14,0.0,6500,detail,0.7059219132142627,4.544794662106116e-07,4.841619738726877e-05,18.19492897996679,3.80240599042736e-05,0.7128561232842161,0.0005779649945907295
0.008340142667293549,0.0016598573327064516,1.497236370473335,19.896786500001326,1.0,0.005839210702106357,0.998695034343057,8.222989948805238e-10,0.0,0.0,fixed-e5m2,0.0,14,0.0,7000,detail,0.6213154861594115,6.830698349290139e-07,0.00025096823810599744,19.631889986805618,0.00015031269867904484,0.6281766445755645,0.0008910808828659356
0.00989792961627245,0.00010207038372755071,0.07201840595183638,21.27468404197134,1.0,0.006290418561547995,0.9987836719697589,1.4217182742681899e-11,0.0,0.0,fixed-e5m2,0.0,14,0.0,7500,detail,0.43406300219007654,9.509842445725175e-07,1.0211262633674778e-05,20.990784949157387,1.1985815035586711e-05,0.43655291463423873,0.0009818659164011478
0.010037141852080822,3.714185208082178e-05,0.27563471157630237,22.714562499895692,1.0,0.006675835698843002,0.9982307811296942,5.6042653995625935e-11,0.0,0.0,fixed-e5m2,0.0,14,0.0,8000,detail,0.6767295628425958,2.1786910332425745e-07,4.105103653273545e-05,22.41216650023125,6.646703695878386e-05,0.6682577070986481,0.0003180941566824913
0.009586811065673828,0.0004131889343261721,0.22546715946405155,24.14474599994719,1.0,0.007077002665027976,0.998706550308618,1.3045005271150465e-10,0.0,0.0,fixed-e5m2,0.0,14,0.0,8500,detail,0.02256103342255917,3.024377951290362e-07,4.469658597372472e-05,23.82419663667679,3.0788956792093813e-05,0.027612702191775373,0.00028948785620741546
0.008485461585223675,0.0015145384147763254,0.3367980950968887,25.56893395795487,1.0,0.007473044563084841,0.9985838534544004,5.1662167330711445e-11,0.0,0.0,fixed-e5m2,0.0,14,0.0,9000,detail,0.6035778003805591,2.970902885834203e-07,4.282915688236244e-05,25.23077996610664,3.804038351518102e-05,0.5975803554640459,0.00031005259370431304
0.010931266471743584,0.0009312664717435835,0.06970846585365237,27.007365041878074,1.0,0.007880586665123701,0.9983909864017253,3.654242758045537e-11,0.0,0.0,fixed-e5m2,0.0,14,0.0,9500,detail,-0.2594718686433234,2.612755899263045e-07,2.6281009922968224e-05,26.651585328858346,1.9610813978943042e-05,-0.2561435641359097,0.0003477690916042775
0.010020634159445763,2.0634159445762426e-05,0.2035683843356162,28.41475124983117,1.0,0.008297002641484141,0.9987937792901648,9.73144215168352e-12,0.0,0.0,fixed-e5m2,0.0,14,0.0,10000,detail,-0.12049730494997246,3.1931571059004403e-07,1.5133975466596894e-05,28.041201369836926,1.857245479186531e-05,-0.11839316098965623,0.00035607232712209225
0.011155366897583008,0.0011553668975830076,0.07949105184598287,29.888075291877612,1.0,0.008707377593964338,0.9986560747581258,1.5615303625135027e-11,0.0,0.0,fixed-e5m2,0.0,14,0.0,10500,detail,0.18542130792711423,2.1664365661746075e-07,1.610247818462085e-05,29.49630371714011,1.2701245395874139e-05,0.18885339726739298,0.0005237379227764904
0.011764178052544594,0.0017641780525445936,0.4611236249863963,31.308524542022496,1.0,0.009126877645030618,0.9985423347509662,2.0871501353331134e-11,0.0,0.0,fixed-e5m2,0.0,14,0.0,11000,detail,0.0805178958613628,1.2039885673664743e-07,2.5897779778460972e-05,30.899686151416972,2.421922908979468e-05,0.08330862996308094,0.00030811241595074534
0.011638052761554718,0.0016380527615547178,0.44629079356987567,32.76537512498908,1.0,0.00951579469256103,0.9989563025891497,1.626864787892503e-10,0.0,0.0,fixed-e5m2,0.0,14,0.0,11500,detail,0.5993533563364238,8.323191413916978e-08,8.412155148107558e-05,32.33729727845639,8.532691572327167e-05,0.6003278096315017,0.00025358996936120093
0.01053168997168541,0.0005316899716854093,0.25792149400149694,34.16816250002012,1.0,0.009906919673085213,0.9984004983162696,6.311837531147754e-11,0.0,0.0,fixed-e5m2,0.0,14,0.0,12000,detail,-0.23552093574942087,4.3947531791619363e-07,3.126637966488488e-05,33.72075910191052,3.069433296332136e-05,-0.21996168615672934,0.00036620887112803757
0.006327440030872822,0.0036725599691271784,0.4679296870364155,35.58995849988423,1.0,0.010284544667229056,0.9985750351689239,4.11177479855668e-11,0.0,0.0,fixed-e5m2,0.0,14,0.0,12500,detail,0.38203708170007483,2.0421648550424382e-07,4.289636854082346e-05,35.123881155392155,2.793092244246509e-05,0.38832126550305435,0.0002644702617544681
0.010382208041846752,0.00038220804184675196,0.06135152669840967,37.02476012497209,1.0,0.010685544461011887,0.9986330644215932,3.949982200949457e-12,0.0,0.0,fixed-e5m2,0.0,14,0.0,13000,detail,-0.0445469725806392,9.746370407188386e-07,5.792591764475219e-06,36.538934733951464,5.602094915957423e-06,-0.03933627506371769,0.0006391626666299999
0.010090933181345463,9.093318134546259e-05,0.16506839485405442,38.554250332992524,1.0,0.011141210561618209,0.9989700111794004,3.6396690800652104e-11,0.0,0.0,fixed-e5m2,0.0,14,0.0,13500,detail,-0.9359141098452708,6.264298922754945e-07,1.84333766810596e-05,38.04880654695444,1.346724275208544e-05,-0.9368539478935461,0.0005211876123212278
0.010678127408027649,0.0006781274080276487,0.23472263846905522,39.94374683289789,1.0,0.01153521053493023,0.9984684480670674,5.986556853019448e-12,0.0,0.0,fixed-e5m2,0.0,14,0.0,14000,detail,0.017355043246745607,6.126452530121816e-07,8.597932719567325e-06,39.418830850860104,1.818383316276595e-05,0.024557681065044197,0.0005408050492405891
0.012266645208001137,0.0022666452080011366,0.12840278126845406,41.499804582912475,1.0,0.012014043517410755,0.9987172817448848,3.686850215334637e-12,0.0,0.0,fixed-e5m2,0.0,14,0.0,14500,detail,-0.1405007678450274,1.1034130942661045e-06,8.150030225806404e-06,40.954545344691724,8.231081665144302e-06,-0.13874589973088755,0.0006466126069426537
0.010219876654446125,0.00021987665444612482,0.0454657583533016,43.01554370787926,1.0,0.01242329366505146,0.9983433888853896,3.355283378995281e-11,0.0,0.0,fixed-e5m2,0.0,14,0.0,15000,detail,-0.9552819787190153,1.5877677134378277e-06,8.596728548582178e-06,42.45021855831146,9.657765076553915e-06,-0.9529265172036363,0.0007037664763629436
0.008505435660481453,0.0014945643395185473,0.06714616391618106,44.43531550001353,1.0,0.012805085629224777,0.9988692559203368,1.2427601961733138e-11,0.0,0.0,fixed-e5m2,0.0,14,0.0,15500,detail,-0.48667684998606386,8.83646942158177e-07,1.692576552159153e-05,43.85195576120168,4.541297130344901e-06,-0.4864669760537422,0.0006516908761113882
0.00807927642017603,0.001920723579823971,0.0679929977953743,45.96325087500736,1.0,0.013282210798934102,0.9984819781618848,7.384558001982223e-12,0.0,0.0,fixed-e5m2,0.0,14,0.0,16000,detail,-0.5548154200521944,9.152905396279377e-07,8.164956852851901e-06,45.36126234987751,5.426205007097451e-06,-0.5558127294304408,0.0007897994364611804
0.007899560034275055,0.0021004399657249453,0.15509541508106453,47.478520083008334,1.0,0.013696960639208555,0.9983295057372736,1.5965619250796045e-11,0.0,0.0,fixed-e5m2,0.0,14,0.0,16500,detail,-0.5413192699762966,2.099620116628395e-06,8.70107214723248e-06,46.857987036928535,1.0737020602391567e-05,-0.5413463008704487,0.0008992789662443101
0.009306803345680237,0.0006931966543197634,0.09716612935627197,48.93256441690028,1.0,0.01416850253008306,0.9983619876558458,3.329126928309179e-11,0.0,0.0,fixed-e5m2,0.0,14,0.0,17000,detail,-0.9467647537892503,1.2980128211657139e-06,1.0222842320217751e-05,48.29413063661195,1.4304523574537598e-05,-0.9461287888747363,0.0008126153261400759
0.010167070664465427,0.0001670706644654272,0.04359569663437233,50.299985375022516,1.0,0.01457166951149702,0.9990281836393877,2.0564530617030316e-12,0.0,0.0,fixed-e5m2,0.0,14,0.0,17500,detail,-0.036171204741269364,1.821982664452838e-06,2.588414872661815e-06,49.64388248114847,3.624515329647693e-06,-0.02842417054661794,0.0008604956674389541
0.009590290486812592,0.00040970951318740866,0.030485432732658448,51.68430662481114,1.0,0.014962378656491637,0.9985203177631876,2.2739744378159955e-12,0.0,0.0,fixed-e5m2,0.0,14,0.0,18000,detail,0.4374056643254831,1.1271409775638983e-06,2.626374680403387e-06,51.01098781544715,3.3495955449325265e-06,0.42911778388347294,0.0007302493904717267
0.009516040794551373,0.0004839592054486277,0.022261582630599144,53.0253307078965,1.0,0.015343795763328671,0.9987651139742907,4.811836532355212e-12,0.0,0.0,fixed-e5m2,0.0,14,0.0,18500,detail,-0.4081448951147767,1.076820195489461e-06,5.3980656957719475e-06,52.3345991987735,5.84013605475775e-06,-0.4151875839516998,0.0007991328020580113
0.014506114646792412,0.004506114646792412,0.2302302738236165,54.41265462501906,1.0,0.01574137876741588,0.9977972809278409,1.703815592096037e-11,0.0,0.0,fixed-e5m2,0.0,14,0.0,19000,detail,0.8435212574346387,1.6679154502342943e-06,7.5941416071145795e-06,53.70356482639909,1.4287887097452767e-05,0.8454562212449165,0.00087533745681867
0.009767768904566765,0.00023223109543323538,0.02878028738279898,55.796258749905974,1.0,0.016188628738746047,0.9982873120390288,6.642939941686607e-12,0.0,0.0,fixed-e5m2,0.0,14,0.0,19500,detail,-0.36957821523250173,1.7533929527566815e-06,6.545180440298282e-06,55.06892907759175,5.2833011068287306e-06,-0.3661044512979917,0.0008573316736146808
0.009897829964756966,0.00010217003524303457,0.10001032226654752,57.15678216703236,1.0,0.01659062854014337,0.9984440912934508,1.0514106305461051e-11,0.0,0.0,fixed-e5m2,0.0,14,0.0,20000,detail,-0.032385766174172465,1.337032654784841e-06,1.3563549146056175e-05,56.410867707571015,1.3706714526051655e-05,-0.041570515626873535,0.0008990892674773932
0.026026539504528046,0.016026539504528044,42.0582098838986,0.005243625026196241,1.0,0.0,,,,0.0,fixed-hybrid,0.0,14,0.0,0,detail,,,,0.0,0.0056772478856146336,,0.00022204768902156502
0.011674845591187477,0.001674845591187477,2.4646854802544493,1.5496491249650717,1.0,0.00040041608735919,0.9986187284590795,3.6191003205982575e-10,0.0,0.0,fixed-hybrid,0.0,14,0.0,500,detail,0.31767366054217633,2.3786250190986303e-07,0.0002217461878899485,1.5248640023637563,0.00018637975153978914,0.314062381400824,0.0002631847164593637
0.012608426623046398,0.002608426623046398,1.0398240474289921,2.9517291670199484,1.0,0.0007869990076869726,0.9988047546089511,1.2036869326256727e-10,0.0,0.0,fixed-hybrid,0.0,14,0.0,1000,detail,0.03777960159323174,1.0110021418759185e-07,6.683542596874759e-05,2.9094295115210116,9.288588626077399e-05,0.037729884844929555,0.00016401155153289437
0.014040233567357063,0.004040233567357063,0.9892660561805658,4.4210431249812245,1.0,0.0013634988572448492,0.9986646864582118,2.192303874985395e-10,0.0,0.0,fixed-hybrid,0.0,14,0.0,1500,detail,0.6933336997947906,1.1826719758888127e-07,9.52076370595023e-05,4.361182014923543,8.062371489359066e-05,0.693410811031052,0.00032845165696926415
0.01045218762010336,0.000452187620103359,0.30587731954586445,5.812917832983658,1.0,0.0017678739968687296,0.9986404189493058,7.1366950318408e-11,0.0,0.0,fixed-hybrid,0.0,14,0.0,2000,detail,-0.6083134175083429,4.917689857091405e-07,3.662522794911638e-05,5.735508014447987,2.739584306254983e-05,-0.6070792030058367,0.00033073846134357154
0.011780999600887299,0.0017809996008872984,2.499446524554847,7.241997292032465,1.0,0.002186373807489872,0.9987442368739994,2.1743430388373296e-10,0.0,0.0,fixed-hybrid,0.0,14,0.0,2500,detail,0.8245952130830082,3.317562374461255e-07,7.096010085660964e-05,7.145165900932625,0.00015341342077590525,0.8271924598268232,0.00022741568682249635
0.010181707330048084,0.00018170733004808405,0.2313129240969786,8.594028874998912,1.0,0.0025836657732725143,0.9985435236145005,7.98958929627606e-11,0.0,0.0,fixed-hybrid,0.0,14,0.0,3000,detail,0.7217289247367535,3.413915249884593e-07,3.549042594386265e-05,8.47969253663905,3.239335273974575e-05,0.723418834477924,0.0003212092851754278
0.00760742137208581,0.0023925786279141905,0.2339157606861418,9.956085124984384,1.0,0.0029625408351421356,0.998443311995739,1.5801735494239477e-10,0.0,0.0,fixed-hybrid,0.0,14,0.0,3500,detail,0.866325116292192,2.215632458058729e-07,5.436285209725611e-05,9.824749405030161,3.86879728466738e-05,0.86968133152082,0.00012041052104905248
0.013958703726530075,0.003958703726530075,0.5052741401912351,11.324475333094597,1.0,0.0033274157904088497,0.9987352257710678,6.634615695047259e-11,0.0,0.0,fixed-hybrid,0.0,14,0.0,4000,detail,-0.1441704913520411,2.1183589767713663e-07,4.213272768538445e-05,11.17609617416747,5.3859708714298904e-05,-0.1411300535932047,0.00020179434795863926
0.008588253520429134,0.0014117464795708658,0.1600320199570073,12.705244499957189,1.0,0.003710290649905801,0.9986211437259677,2.831561781093457e-11,0.0,0.0,fixed-hybrid,0.0,14,0.0,4500,detail,-0.4529767335166505,1.2105244621581645e-07,1.7651440430199727e-05,12.539782034233212,2.4913064407883212e-05,-0.4521366354910125,0.00010229781037196517
0.011675378307700157,0.001675378307700157,0.6483756168224949,14.212124374927953,1.0,0.0041123738046735525,0.9984814163879456,8.502234778227142e-11,0.0,0.0,fixed-hybrid,0.0,14,0.0,5000,detail,-0.2806020335818574,4.1008641679843047e-07,6.485718040494248e-05,14.028068112907931,9.691873856354505e-05,-0.2810887960135463,0.0003135526494588703
0.012643793597817421,0.0026437935978174208,0.19854625453072322,15.699434916954488,1.0,0.004505664808675647,0.9986749977146039,2.2782367590318498e-11,0.0,0.0,fixed-hybrid,0.0,14,0.0,5500,detail,0.22884384416848186,1.830404908158094e-07,2.2830068701296113e-05,15.496691572247073,2.0452534954529256e-05,0.2288721873861416,0.00021594866120722145
0.008642077445983887,0.0013579225540161135,0.3087309681969087,17.134836541954428,1.0,0.004901872714981437,0.9986302410975255,1.6263991245991666e-11,0.0,0.0,fixed-hybrid,0.0,14,0.0,6000,detail,-0.1724911587892197,8.846800575721004e-08,1.7598656995687634e-05,16.91341620008461,2.4470924472552724e-05,-0.1758311626023075,0.0001722767046885565
0.01013609766960144,0.00013609766960144022,0.13022792127563382,18.574312207987532,1.0,0.005311788525432348,0.9985229152116859,5.857308901461647e-11,0.0,0.0,fixed-hybrid,0.0,14,0.0,6500,detail,0.759818943857764,6.267192873978882e-08,1.6184814739972353e-05,18.333659674972296,1.2227476872794796e-05,0.7610167590504302,0.0001448291150154546
0.010174449533224106,0.00017444953322410563,0.0752985034921336,20.023529957979918,1.0,0.005710038589313626,0.9984862437060843,5.334212425291918e-12,0.0,0.0,fixed-hybrid,0.0,14,0.0,7000,detail,0.49238090426895226,1.0660648530960212e-07,5.184826022741618e-06,19.764358594547957,8.39166750665754e-06,0.48678343870267965,0.00016564351972192526
0.010334884747862816,0.00033488474786281565,0.13506372389945695,21.5107222921215,1.0,0.006116205593571067,0.9984451162046019,5.484449500204695e-11,0.0,0.0,fixed-hybrid,0.0,14,0.0,7500,detail,0.6100725152034446,9.265510312218059e-08,3.625640238169581e-05,21.233111506095156,5.2549337851814926e-05,0.6078979123739069,0.00018312069005332887
0.014457568526268005,0.004457568526268005,0.5886225121300351,23.148180375108495,1.0,0.00648466357961297,0.9987927279994812,4.9531656283655666e-11,0.0,0.0,fixed-hybrid,0.0,14,0.0,8000,detail,-0.02660669896264518,3.42314212795927e-07,4.08406849601306e-05,22.851287179859355,9.902999590849504e-05,-0.023968106906141304,0.00014442525571212173
0.010455306619405746,0.00045530661940574625,0.048641860548364994,24.609236791962758,1.0,0.006920247571542859,0.9987249528238399,9.949269165911126e-12,0.0,0.0,fixed-hybrid,0.0,14,0.0,8500,detail,0.3140782739779895,2.184709294152849e-08,1.233264720212901e-05,24.29309758520685,5.018336651119171e-06,0.31005130983749796,8.914309728424996e-05
0.00894706416875124,0.0010529358312487604,0.10980811826453733,25.99721883307211,1.0,0.007296122610569,0.9988503142788758,1.8554285600196558e-11,0.0,0.0,fixed-hybrid,0.0,14,0.0,9000,detail,-0.05729379069024748,1.364542405849977e-07,1.0956886399071664e-05,25.6626902599819,9.991568731493317e-06,-0.05884333363238633,0.00017675739945843816
0.01062331534922123,0.0006233153492212293,0.3464563123344917,27.38527504191734,1.0,0.007677997462451458,0.9987202603389161,4.931336944325606e-11,0.0,0.0,fixed-hybrid,0.0,14,0.0,9500,detail,0.8095666457106231,8.5830122102055e-08,2.631236748129595e-05,27.03255433938466,3.320587347843684e-05,0.8130325597475654,0.0001235233503393829
0.008398295380175114,0.0016017046198248865,0.14881631475922172,28.763521708082408,1.0,0.008049372350797057,0.9987645192526746,7.240640717723746e-11,0.0,0.0,fixed-hybrid,0.0,14,0.0,10000,detail,-0.650704053132962,6.928958812147463e-08,1.9079372577834874e-05,28.39404778718017,1.3509750715456903e-05,-0.6487033960177861,7.674787048017606e-05
0.009624467231333256,0.00037553276866674444,0.2542196719859113,30.108597917016596,1.0,0.008479913230985403,0.9986374915136632,1.219221237829601e-11,0.0,0.0,fixed-hybrid,0.0,14,0.0,10500,detail,0.5327175990303874,3.281021359815344e-08,1.2888669516541995e-05,29.722251829924062,1.4896689208399039e-05,0.5333692169720501,7.636429654667154e-05
0.008808977901935577,0.0011910220980644228,0.1201460917802663,31.45392154203728,1.0,0.008868247270584106,0.9981891700634404,2.1924303579391532e-10,0.0,0.0,fixed-hybrid,0.0,14,0.0,11000,detail,-0.1525283951445005,9.512861304240773e-08,4.798814916284755e-05,31.05149592156522,5.1890303438995034e-05,-0.1517080090028109,8.394235919695348e-05
0.011989767663180828,0.001989767663180828,0.12829497859899605,32.84540779190138,1.0,0.009239247301593423,0.9988750131453317,1.7664840386519085e-11,0.0,0.0,fixed-hybrid,0.0,14,0.0,11500,detail,0.8276127039940623,7.786288226255165e-08,9.25236236071214e-06,32.42642090609297,1.0777205716294702e-05,0.8285132935817018,9.136100561590865e-05
0.009892523288726807,0.00010747671127319357,0.08535058228970156,34.22834050003439,1.0,0.009685831377282739,0.9985098945978174,2.0003124037113774e-11,0.0,0.0,fixed-hybrid,0.0,14,0.0,12000,detail,0.25472133074747044,1.4863135976812135e-07,1.8330756574869156e-05,33.79353003879078,2.4276392650790513e-05,0.25677006632792354,0.0001351974788121879
0.010003453120589256,3.4531205892560785e-06,0.1434372323725924,35.59967666701414,1.0,0.010056456550955772,0.9987969557758071,5.291395188765731e-12,0.0,0.0,fixed-hybrid,0.0,14,0.0,12500,detail,0.19727896841816353,7.353568645312572e-08,1.0169010238314513e-05,35.149161245208234,1.321714444202371e-05,0.19995105645184064,0.00011255024583078921
0.009645390324294567,0.0003546096757054331,0.16536098097425544,36.97124216705561,1.0,0.010485081700608134,0.9986346190168135,1.882552016887833e-11,0.0,0.0,fixed-hybrid,0.0,14,0.0,13000,detail,0.19205425357989284,1.1222834281307522e-07,1.8662249203771353e-05,36.505147761898115,1.756805977493059e-05,0.1928627574106189,0.0001949024008354172
0.00828109122812748,0.0017189087718725207,0.10381639252157814,38.334044500021264,1.0,0.010964165674522519,0.9984540497386158,1.5900414657237032e-11,0.0,0.0,fixed-hybrid,0.0,14,0.0,13500,detail,-0.28493203775539816,1.5482446481649738e-07,1.428300492989365e-05,37.851445307256654,1.0311832738807425e-05,-0.2850033093552967,0.00013524696987587959
0.01053011417388916,0.00053011417388916,0.09981571453063562,39.666533916955814,1.0,0.011337749660015106,0.9987671747066605,1.1389339605389636e-11,0.0,0.0,fixed-hybrid,0.0,14,0.0,14000,detail,-0.36220095854883316,6.673934535992146e-08,7.364136763499118e-06,39.167668567737564,1.175203487946419e-05,-0.3667615107850911,8.669852832099423e-05
0.01140488963574171,0.0014048896357417105,0.11336976975773264,41.03532295790501,1.0,0.011792082572355866,0.9985459714122664,3.8916132707037666e-12,0.0,0.0,fixed-hybrid,0.0,14,0.0,14500,detail,0.29153818961519296,5.65167726242298e-08,5.051761036156677e-06,40.51569115486927,8.28291285870364e-06,0.2914188362962915,6.512378604384139e-05
0.011177455075085163,0.001177455075085163,0.06749737207053552,42.48502945806831,1.0,0.012183207552880049,0.9988389491513866,7.63158696404223e-12,0.0,0.0,fixed-hybrid,0.0,14,0.0,15000,detail,-0.1734547639466925,8.746102474895933e-08,6.289018529059831e-06,41.945192503742874,4.234722382534528e-06,-0.17318270156684615,0.00010080116044264287
0.012513686902821064,0.002513686902821064,0.10042650175456146,43.856976124923676,1.0,0.012576499488204718,0.9984970724548647,3.0810876257083123e-11,0.0,0.0,fixed-hybrid,0.0,14,0.0,15500,detail,-0.5776359628118165,1.511892947136486e-07,1.5965844795573503e-05,43.29842579015531,7.247907888086047e-06,-0.5847102194370112,9.572433918947354e-05
0.01253088004887104,0.00253088004887104,0.1037278097870254,45.23919387510978,1.0,0.012954999459907413,0.9985904059779651,2.932894865728062e-12,0.0,0.0,fixed-hybrid,0.0,14,0.0,16000,detail,-0.12569582274143107,1.0529246296027857e-07,4.422162874107016e-06,44.66277727903798,1.5010329661890864e-05,-0.1296216200009819,9.913582471199334e-05
0.011669531464576721,0.001669531464576721,0.09129423263240279,46.59685608302243,1.0,0.013327415566891432,0.9979150342665448,6.988830819560895e-11,0.0,0.0,fixed-hybrid,0.0,14,0.0,16500,detail,0.7550090120000307,6.126753801006474e-08,1.3703986951441038e-05,46.00218218984082,1.6114019672386348e-05,0.7554666607626717,5.7757351896725595e-05
0.00986169558018446,0.00013830441981554052,0.030802451572198398,47.995106250047684,1.0,0.013736832654103637,0.998352508658814,2.4757555885458228e-11,0.0,0.0,fixed-hybrid,0.0,14,0.0,17000,detail,-0.9281544558328778,1.864861351367279e-07,6.081863375584362e-06,47.38281056541018,1.091829199140193e-05,-0.9301303986947711,0.00011424935655668378
0.009852348826825619,0.00014765117317438146,0.02958523766870426,49.39128195797093,1.0,0.01412120764143765,0.9984625300945302,4.410731599672583e-11,0.0,0.0,fixed-hybrid,0.0,14,0.0,17500,detail,-0.8708360560989431,1.1376640093775026e-07,8.511034138791729e-06,48.76017334451899,9.843176485446747e-06,-0.8697026844475934,0.00010666807793313637
0.011339450255036354,0.0013394502550363539,0.17564211744133548,50.775842332979664,1.0,0.014490707544609904,0.9987112572851248,6.945279251209815e-12,0.0,0.0,fixed-hybrid,0.0,14,0.0,18000,detail,-0.6502409048604114,1.4066400577610592e-07,7.006759460637113e-06,50.12644680473022,3.173495133523829e-05,-0.6540394778104974,6.437683623516932e-05
0.01007560919970274,7.560919970273951e-05,0.025191100334218678,52.141415166901425,1.0,0.014856332680210471,0.9985544607096204,7.83656086703076e-11,0.0,0.0,fixed-hybrid,0.0,14,0.0,18500,detail,0.90487913043276,3.718362289107053e-08,2.2020005417289212e-05,51.474443226121366,4.351011739345267e-06,0.9065916415063258,0.00012020465510431677
0.010147497057914734,0.00014749705791473368,0.024713195526713555,53.47768854210153,1.0,0.015266790753230453,0.9988598862831309,1.6020845312835173e-12,0.0,0.0,fixed-hybrid,0.0,14,0.0,19000,detail,-0.47690476625179984,1.0091156204222892e-07,2.2794340566179017e-06,52.79329631035216,2.361195583944209e-06,-0.4743268369514284,0.00010641047992976382
0.010082299821078777,8.22998210787771e-05,0.015405676211495712,54.834411416901276,1.0,0.01566512370482087,0.9987243634293247,2.989971892985906e-12,0.0,0.0,fixed-hybrid,0.0,14,0.0,19500,detail,-0.29791453140429414,8.74179076173043e-08,5.415750820247922e-06,54.13187573221512,1.5129540997804725e-06,-0.2914122906901343,0.0001129336014855653
0.011135523207485676,0.0011355232074856756,0.049162069614470345,56.19158170791343,1.0,0.01603566575795412,0.998350763665017,4.949725401799402e-12,0.0,0.0,fixed-hybrid,0.0,14,0.0,20000,detail,-0.3800593797105549,1.6375816954307513e-07,4.487445949052926e-06,55.46960222395137,8.310164048452862e-06,-0.38744307646819504,0.0001082126545952633
0.025565892457962036,0.015565892457962036,44.746045486660634,0.004265832947567105,1.0,0.0,,,,0.005896375048905611,calibrated,0.0,14,0.005896375048905611,0,detail,,,,0.0,0.005192066542804241,,3.224632382625714e-05
0.011869434267282486,0.0018694342672824858,1.6364232439806494,1.5458918330259621,1.0,0.0006108339875936508,0.9998812618126547,1.1047800978300791e-11,0.01366742596810934,0.005896375048905611,calibrated,0.0,14,0.005896375048905611,500,detail,0.6984515091172394,6.998739583792751e-08,0.00010068590199807659,1.521483824821189,0.00010438929166411981,0.6979974076608724,5.04714080307167e-05
0.008777244947850704,0.001222755052149296,0.7894268543572508,3.1224319159518927,1.0,0.0010017501190304756,0.9999018620646195,7.385629768849002e-12,0.01218183618896702,0.005896375048905611,calibrated,0.0,14,0.005896375048905611,1000,detail,-0.537012812494927,8.142532202201134e-08,5.626892743748613e-05,3.0783346507232636,5.20622925250791e-05,-0.5376083996298617,7.219157851068303e-05
0.008356023579835892,0.0016439764201641085,0.5349899280185156,4.685048375045881,1.0,0.001412500161677599,0.9999149225834986,7.819612901842456e-12,0.01267703278201446,0.005896375048905611,calibrated,0.0,14,0.005896375048905611,1500,detail,0.534571246484336,1.7333578548797991e-07,4.086497938260436e-05,4.6236412522848696,4.945351611240767e-05,0.5354551835937308,0.0001139637315645814
0.008934888057410717,0.0010651119425892832,0.4619976733616776,6.163718207972124,1.0,0.0017960830591619015,0.9999184710316431,6.297368574815651e-12,0.016242448251956025,0.005896375048905611,calibrated,0.0,14,0.005896375048905611,2000,detail,0.8221377922618577,2.4182533839781464e-08,2.7911206416320056e-05,6.085400417912751,3.0433782740146853e-05,0.8213984357307169,3.909498991561122e-05
0.011349284090101719,0.0013492840901017187,0.3922483042964926,7.6211853749118745,1.0,0.0022511249408125877,0.9999022822153119,1.9441244655952765e-12,0.016836684163612954,0.005896375048905611,calibrated,0.0,14,0.005896375048905611,2500,detail,0.35447895620641884,2.933117283910755e-08,2.361534279771149e-05,7.525343713117763,8.359202183783054e-05,0.3536767085868987,2.597246566438116e-05
0.006948001217097044,0.0030519987829029562,0.4437909956394248,9.082659540930763,1.0,0.002633332973346114,0.999904616049402,2.1538649638013728e-11,0.02129345350103991,0.005896375048905611,calibrated,0.0,14,0.005896375048905611,3000,detail,-0.007655128298330478,2.6316727231522506e-07,9.170376870315522e-05,8.967730996664613,0.00019152482855133712,-0.009144370339371405,6.802863936172798e-05
0.010699572041630745,0.0006995720416307447,0.3901306408898015,10.581221458036453,1.0,0.003081749891862273,0.9999223762261578,5.518307977353997e-12,0.01762899871248886,0.005896375048905611,calibrated,0.0,14,0.005896375048905611,3500,detail,0.794532776953199,3.043181663585015e-08,3.7333906220737845e-05,10.446345698321238,2.3060249077389017e-05,0.7952551607516049,4.6168479457264766e-05
0.010837030597031116,0.0008370305970311163,0.4626329495823765,12.04793179105036,1.0,0.00346979103051126,0.9999079991163261,3.2057595535909405e-12,0.02050113895216401,0.005896375048905611,calibrated,0.0,14,0.005896375048905611,4000,detail,0.719185516777768,6.464147738453258e-08,2.498322464816738e-05,11.894115081988275,8.831139712128788e-05,0.7194193154906156,6.366116576828063e-05
0.009813623502850533,0.00018637649714946768,0.26118932900684444,13.64677970786579,1.0,0.004306791117414832,0.999910312054108,8.992991376470886e-13,0.022283846687134793,0.005896375048905611,calibrated,0.0,14,0.005896375048905611,4500,detail,-0.4200853625703312,9.082040686771873e-08,1.216965483763488e-05,13.472475885879248,2.3439897631760687e-05,-0.41889301133405205,6.69645014568232e-05
0.008985068649053574,0.0010149313509464266,0.08368147007197535,15.21151675004512,1.0,0.004705250263214111,0.9999089972308524,6.981155655170103e-13,0.01653956620778449,0.005896375048905611,calibrated,0.0,14,0.005896375048905611,5000,detail,0.8368775458257545,2.989823516366882e-08,6.813580512243789e-06,15.018177425954491,2.798913192236796e-05,0.8370714100456044,4.400540274218656e-05
0.009606062434613705,0.0003939375653862955,0.4881093509544457,16.676346415886655,1.0,0.005194583209231496,0.9999173348978959,1.519318677008136e-11,0.020303060314945033,0.005896375048905611,calibrated,0.0,14,0.005896375048905611,5500,detail,0.8203125885744599,2.834346451179353e-08,7.125386036932468e-05,16.464852466247976,4.29456376878079e-05,0.8203901156468785,4.3619795178528875e-05
0.008701951242983341,0.001298048757016659,0.12110383174982824,18.192809332860634,1.0,0.006389833055436611,0.9999351396280934,5.052371210878152e-13,0.019312667128850155,0.005896375048905611,calibrated,0.0,14,0.005896375048905611,6000,detail,0.045351144271907326,2.399439746568409e-08,1.0471752830198966e-05,17.957583506125957,1.3273088370624464e-05,0.04555329724846945,3.012499109900091e-05
0.011457500979304314,0.0014575009793043135,0.14112925976666338,20.00448254100047,1.0,0.007077832939103246,0.9999248866202655,1.007123684590198e-12,0.015450133703080123,0.005896375048905611,calibrated,0.0,14,0.005896375048905611,6500,detail,0.08408449503676002,6.177320778050177e-08,1.4347312571771909e-05,19.748133410699666,2.1280910004861653e-05,0.08398049306853334,4.499888382270001e-05
0.010107973590493202,0.000107973590493202,0.17158289770409943,21.53618787485175,1.0,0.007489166921004653,0.9999317612726443,1.3253750740999925e-12,0.026245419431514313,0.005896375048905611,calibrated,0.0,14,0.005896375048905611,7000,detail,-0.4357529242548341,2.9300650340830285e-08,1.4977294995333068e-05,21.26092265942134,1.3972939996165223e-05,-0.4354242728669955,4.208003156236373e-05
0.009748741053044796,0.0002512589469552042,0.3430395184204921,23.037570832995698,1.0,0.007914624875411391,0.9998915001712151,2.232199652103154e-12,0.024660790333762502,0.005896375048905611,calibrated,0.0,14,0.005896375048905611,7500,detail,0.32141282150574824,1.9604310136047734e-07,3.293626650702208e-05,22.742904072161764,6.899532309034839e-05,0.320411623773989,0.00011880022793775424
0.009904757142066956,9.524285793304464e-05,0.06362109568028983,24.455262957839295,1.0,0.008290832862257957,0.9998471318394487,2.441571279451932e-12,0.027136773298999703,0.005896375048905611,calibrated,0.0,14,0.005896375048905611,8000,detail,0.8585060693093265,6.455074766588483e-08,7.893258953117765e-06,24.143215373856947,1.224369498231681e-05,0.855828076541871,5.241672624833882e-05
0.009876186959445477,0.00012381304055452368,0.1277611956641422,25.915559290908277,1.0,0.008685166016221046,0.999921759141772,5.727535801210232e-12,0.04110131722293751,0.005896375048905611,calibrated,0.0,14,0.005896375048905611,8500,detail,0.778438972959148,4.1212146391144706e-08,3.5704593756236136e-05,25.586854301625863,1.997841718548443e-05,0.7799673907466007,5.325075107975863e-05
0.009506870992481709,0.0004931290075182917,0.041029968832844974,27.390529708005488,1.0,0.009111374150961637,0.9998867106502562,7.679208337238401e-13,0.02188768941269684,0.005896375048905611,calibrated,0.0,14,0.005896375048905611,9000,detail,0.5704314938819623,6.543563049620413e-09,7.215678579086671e-06,27.044172100024298,3.5721193398785545e-06,0.5685980381462218,8.925701877160463e-06
0.010070567950606346,7.056795060634592e-05,0.058831980537783386,28.849444957915694,1.0,0.009580666199326515,0.9998259004406427,9.89767558003123e-12,0.02594830147568585,0.005896375048905611,calibrated,0.0,14,0.005896375048905611,9500,detail,-0.550575256327895,8.449280409641353e-08,2.6865516701946035e-05,28.484628149773926,1.475192948419135e-05,-0.552164227004375,3.3885971788549796e-05
0.011705043725669384,0.0017050437256693838,0.16050097702304564,30.312926582992077,1.0,0.01002483326010406,0.9999109793057984,3.3583227358525917e-13,0.02674061602456175,0.005896375048905611,calibrated,0.0,14,0.005896375048905611,10000,detail,0.04883591974518776,3.90986454992152e-08,7.778898179822136e-06,29.929593365406618,2.7342137400410138e-05,0.0499603519981127,3.378179098945111e-05
0.008169506676495075,0.001830493323504925,0.09233901007166263,31.820297749945894,1.0,0.010458792094141245,0.9999104278582908,3.668857539619625e-13,0.011884718233138556,0.005896375048905611,calibrated,0.0,14,0.005896375048905611,10500,detail,0.327112659021676,1.7643253639812722e-08,4.628674560080981e-06,31.418109707767144,2.365139516768977e-05,0.3298385595782092,3.060342351091094e-05
0.009874768555164337,0.00012523144483566305,0.08296701883947286,33.23418179084547,1.0,0.010828626109287143,0.9999414962631006,7.011217338262271e-13,0.03169258195503615,0.005896375048905611,calibrated,0.0,14,0.005896375048905611,11000,detail,0.8189187229951542,1.332401495369878e-08,9.302246326114982e-06,32.8160440409556,9.378319191455375e-06,0.8193859919444733,2.12595932680415e-05
0.010404454544186592,0.0004044545441865919,0.044848099335650655,34.60473724990152,1.0,0.01121350098401308,0.9999130735011706,3.3472102602479893e-13,0.031989699910864616,0.005896375048905611,calibrated,0.0,14,0.005896375048905611,11500,detail,0.6408704031330592,1.5247914699204718e-08,4.604922196449479e-06,34.17140491423197,2.9335321869439213e-06,0.6396907916698295,2.0715118807856925e-05
0.00993991456925869,6.008543074131033e-05,0.029999244013701583,35.97771908296272,1.0,0.011594126001000404,0.9999198562187457,1.8284385548186035e-12,0.028424284440923046,0.005896375048905611,calibrated,0.0,14,0.005896375048905611,12000,detail,0.43127783083728,1.1092410410833703e-08,1.3588476576842368e-05,35.528043125523254,4.964111212757416e-06,0.4317374695875694,2.053929893008899e-05
0.011458893306553364,0.0014588933065533636,0.05097458632611834,37.43219504086301,1.0,0.011970334919169545,0.9999081507924776,1.2775716829728806e-12,0.019609785084678616,0.005896375048905611,calibrated,0.0,14,0.005896375048905611,12500,detail,0.49806631758712955,1.4512991269270053e-08,1.2490878361859359e-05,36.96416062023491,5.731706096412381e-06,0.49773794619069234,2.90542739094235e-05
0.010233617387712002,0.0002336173877120016,0.06313655912981685,38.887206124840304,1.0,0.012371835066005588,0.9998996773055354,5.381112417830045e-13,0.02822620580370407,0.005896375048905611,calibrated,0.0,14,0.005896375048905611,13000,detail,0.32040138467319573,7.737627335686668e-09,7.019871645752573e-06,38.40023399563506,8.057234481384512e-06,0.3208221669831378,1.9171115127392113e-05
0.010654237121343613,0.0006542371213436125,0.04021963798360926,40.25887875002809,1.0,0.012788168154656887,0.9999231538676786,2.365579887222328e-13,0.028622363078142022,0.005896375048905611,calibrated,0.0,14,0.005896375048905611,13500,detail,0.17738544441474377,2.128103865297402e-08,3.4606393910507904e-06,39.75472557800822,3.3162712043122156e-06,0.18045905990232874,2.624449916766025e-05
0.009854125790297985,0.00014587420970201513,0.03742863376712735,41.70868083299138,1.0,0.013172877253964543,0.9999189221107209,9.478189936458616e-13,0.029513716945627416,0.005896375048905611,calibrated,0.0,14,0.005896375048905611,14000,detail,-0.08307809727793672,3.226482543266616e-08,7.166888281062711e-06,41.184767274186015,3.684553121274803e-06,-0.08494090300083071,2.625755951157771e-05
0.010415494441986084,0.0004154944419860838,0.035045270583307135,43.08785070804879,1.0,0.013576919212937355,0.9999362948223927,5.023572952120237e-14,0.034465682876101814,0.005896375048905611,calibrated,0.0,14,0.005896375048905611,14500,detail,0.2837280432625391,1.2486432573786283e-08,1.4576817193301395e-06,42.54635206889361,3.0646424420410767e-06,0.28362936360846686,2.822975511662662e-05
0.010370076633989811,0.00037007663398981074,0.027973587133239476,44.47677470790222,1.0,0.013950169086456299,0.9999114275995048,7.38159963920148e-13,0.03535703674358721,0.005896375048905611,calibrated,0.0,14,0.005896375048905611,15000,detail,0.5388552955503834,1.9084547676902806e-08,5.068372502137208e-06,43.92011569440365,2.2990368506725645e-06,0.5403068323461699,2.958527511509601e-05
0.009347024373710155,0.0006529756262898447,0.04354887497112242,45.865057040937245,1.0,0.014322126982733607,0.9999200313459276,2.2540681221324843e-13,0.023571357829058136,0.005896375048905611,calibrated,0.0,14,0.005896375048905611,15500,detail,0.48154839794196325,1.3091792149215311e-08,3.2016382647270802e-06,45.29308536276221,2.6511090709391283e-06,0.47997345311000356,3.8588921597693115e-05
0.010520614683628082,0.0005206146836280821,0.018652080229888554,47.254207874881104,1.0,0.014786835992708802,0.9999265842528591,8.587471058940902e-13,0.030900267406160246,0.005896375048905611,calibrated,0.0,14,0.005896375048905611,16000,detail,0.3908080763054483,2.2238365994431243e-08,4.700848876382224e-06,46.66664448170923,3.1092370136320824e-06,0.38920522187213064,3.8435475289588794e-05
0.01000621635466814,6.216354668140203e-06,0.0169395917176795,48.77913683303632,1.0,0.015187419019639492,0.9998862339091628,9.7639786803369e-14,0.031593542636426664,0.005896375048905611,calibrated,0.0,14,0.005896375048905611,16500,detail,0.24114748006021197,7.110449345301421e-09,1.2467908163671382e-06,48.17362734605558,1.7260625782000716e-06,0.24221121386395977,3.08747730741743e-05
0.010292509570717812,0.0002925095707178114,0.017064460040707267,50.345899750012904,1.0,0.015710126841440797,0.9998878601579961,1.0848859063018584e-13,0.03713974447855799,0.005896375048905611,calibrated,0.0,14,0.005896375048905611,17000,detail,-0.06349847235552433,2.389029110794717e-08,2.0655356820498127e-06,49.718667768640444,3.1267161375581054e-06,-0.06199300413575993,3.0646315281046554e-05
0.010301503352820873,0.00030150335282087305,0.017437931330995984,51.91483095800504,1.0,0.01617279276251793,0.9998813623454464,5.5724635077390126e-14,0.028028127166485093,0.005896375048905611,calibrated,0.0,14,0.005896375048905611,17500,detail,-0.44083943531626074,1.7251345299640854e-08,6.891284556331811e-07,51.26945192506537,2.181600393669214e-06,-0.44045735453041984,2.8000717065879144e-05
0.01012482587248087,0.00012482587248086909,0.014603476882188236,53.429569541011006,1.0,0.01658725063316524,0.9998829725941327,1.0120918149878532e-13,0.026443498068733286,0.005896375048905611,calibrated,0.0,14,0.005896375048905611,18000,detail,0.48872417040244764,1.0236918385473666e-08,1.6418650830019033e-06,52.76218349975534,1.6141038940986618e-06,0.4888140828555654,2.985323044413235e-05
0.010417124256491661,0.00041712425649166086,0.02154188326734727,54.91060591605492,1.0,0.01697695883922279,0.9999140028030032,1.3639042800200657e-13,0.026344458750123798,0.005896375048905611,calibrated,0.0,14,0.005896375048905611,18500,detail,0.47183970408119197,6.686142142936201e-09,1.5438007494594785e-06,54.224896910833195,1.683404548202816e-06,0.47226053648246735,2.5919745894498192e-05
0.0101615684106946,0.00016156841069459894,0.012240364472357783,56.35868716589175,1.0,0.017360916826874018,0.9999225596851287,1.146211365959683e-13,0.02792908784787561,0.005896375048905611,calibrated,0.0,14,0.005896375048905611,19000,detail,0.5248733396924947,1.3365234134405874e-08,1.765459387570445e-06,55.65404489892535,7.966505677359237e-07,0.5265192640960774,2.6707250071922317e-05
0.009991338476538658,8.661523461342066e-06,0.01113403022041389,57.743071750039235,1.0,0.01777524990029633,0.9998352756912715,2.1926601451655703e-13,0.023769436466277112,0.005896375048905611,calibrated,0.0,14,0.005896375048905611,19500,detail,0.5811697231364465,6.261562099679991e-09,1.97210329133668e-06,57.02179589658044,1.023429945234966e-06,0.5796763830896403,2.7375823265174404e-05
0.010139739140868187,0.00013973914086818674,0.010292728822876405,59.17596337501891,1.0,0.018226332729682326,0.9999004105896808,1.1888360890672672e-13,0.03595127265524413,0.005896375048905611,calibrated,0.0,14,0.005896375048905611,20000,detail,-0.2745172505351003,1.469493723019218e-08,8.524213512828283e-07,58.43535139388405,1.0372754104537307e-06,-0.27436926391813804,3.103682320215739e-05
0.025565892457962036,0.015565892457962036,44.746045486660634,0.004567208932712674,1.0,0.0,,,,0.005896375048905611,adaptive,0.0,14,0.005896375048905611,0,detail,,,,0.0,0.005192066542804241,,3.224632382625714e-05
0.011869434267282486,0.0018694342672824858,1.6364232439806494,1.6172630419023335,1.0,0.00043491716496646404,0.9998812618126547,1.1047800978300791e-11,0.01366742596810934,0.005896375048905611,adaptive,0.021053127944469452,14,0.026949502993375063,500,detail,0.6981868072893455,6.992031643829746e-08,0.00010068590199807659,1.5907424117904156,0.00010438929166411981,0.6977333590507532,5.0445123633835465e-05
0.010446526110172272,0.0004465261101722715,0.936570140633125,3.1696086248848587,1.0,0.0008672501426190138,0.9999048579888151,9.541539262580414e-12,0.012082796870357532,0.005896375048905611,adaptive,0.04805199662223458,14,0.053948371671140194,1000,detail,-0.3273571800595211,9.918845884817976e-08,6.1297498177737e-05,3.122475460637361,6.557622691616416e-05,-0.32498255938447307,7.387153164017946e-05
0.010029741562902927,2.974156290292719e-05,0.4885606930835295,4.678723708959296,1.0,0.0013365410268306732,0.9999132999199509,3.118484057000874e-12,0.01505397642864217,0.005896375048905611,adaptive,0.0744205063674599,14,0.0803168814163655,1500,detail,0.4356731092024117,9.161694847168465e-08,3.497972647892311e-05,4.614198408555239,3.42467101290822e-05,0.436574006428336,8.66813788888976e-05
0.010730944573879242,0.0007309445738792417,0.3572849106379678,6.161285541951656,1.0,0.0017299579922109842,0.9999133800564787,5.885541823856176e-12,0.013568386649499851,0.005896375048905611,adaptive,0.10015050554648042,14,0.10604688059538603,2000,detail,0.7467094126189273,3.2477539524485345e-08,3.0408191378228366e-05,6.079141113208607,2.4488095732522197e-05,0.7462502995140041,5.496367521118373e-05
0.008969437330961227,0.0010305626690387728,0.350712778803109,7.662105499999598,1.0,0.0022067909594625235,0.9998990496082952,2.0731147393361937e-12,0.011983757551748044,0.005896375048905611,adaptive,0.12573929619975388,14,0.1316356712486595,2500,detail,0.7107042833120054,3.577626014488237e-08,2.6134668587474152e-05,7.5626207834575325,2.0676208805525675e-05,0.712696846178956,4.311362135922536e-05
0.011452238075435162,0.0014522380754351614,0.3808218888296743,9.129548625089228,1.0,0.0026176238898187876,0.9999090093041422,1.4107091685595938e-12,0.012776072100623948,0.005896375048905611,adaptive,0.15144346025772393,14,0.15733983530662954,3000,detail,-0.0022066798778972393,7.074910753010363e-08,1.7667654901742935e-05,9.011404294520617,2.7201680495636538e-05,-0.0017321433713313622,9.201749344356358e-05
0.011124728247523308,0.0011247282475233076,0.35082833204663105,10.56809408403933,1.0,0.003400207031518221,0.9999030016734751,4.783939959775107e-12,0.0213924928196494,0.005896375048905611,adaptive,0.176707505248487,14,0.1826038802973926,3500,detail,0.69980904370463,7.655492192798254e-08,4.079564678249881e-05,10.429911721032113,4.432487185113132e-05,0.7007128177246098,4.923459346173331e-05
0.01089169830083847,0.0008916983008384703,0.13953718670357343,12.045966959092766,1.0,0.003844290040433407,0.9999047497281982,1.0497877019238368e-11,0.025056947608200455,0.005896375048905611,adaptive,0.20287126139737666,14,0.20876763644628227,4000,detail,0.7652386164799045,2.200142932775608e-08,4.890420314040966e-05,11.887522440869361,3.0553546821465716e-05,0.7661788402670492,2.8895503419335e-05
0.009049183689057827,0.0009508163109421732,0.164229057012431,13.528770458884537,1.0,0.004257332067936659,0.9999201842816197,1.3828277652234229e-12,0.019807863721897592,0.005896375048905611,adaptive,0.22801522724330425,14,0.23391160229220986,4500,detail,0.2587599205719874,4.215839351295436e-08,2.0051586034242064e-05,13.352228360949084,1.613570020708721e-05,0.25927197733422946,4.754277324536815e-05
0.010874408297240734,0.0008744082972407339,0.25896393872520934,14.989801625022665,1.0,0.004662207094952464,0.9999036854361212,3.169857021730053e-12,0.02129345350103991,0.005896375048905611,adaptive,0.2530388629529625,14,0.25893523800186813,5000,detail,-0.22846610189914324,4.942170552776744e-08,2.4527491405024193e-05,14.794019277207553,2.1114825358381495e-05,-0.23004207937941915,2.7920692446059547e-05
0.011001416482031345,0.0010014164820313452,0.0819953318879536,16.44318470894359,1.0,0.005052831955254078,0.9999052557240645,5.145250445050204e-13,0.02129345350103991,0.005896375048905611,adaptive,0.27857152302749455,14,0.28446789807640016,5500,detail,0.6884902812063564,4.0152547844777206e-08,6.229053724382538e-06,16.22782343439758,7.863639439165127e-06,0.6879696717353482,4.67601275886409e-05
0.009689283557236195,0.0003107164427638056,0.1486866490993406,17.880605624988675,1.0,0.005467414855957031,0.9999274840166323,1.114486715941989e-12,0.02327423987322967,0.005896375048905611,adaptive,0.3032920644618571,14,0.3091884395107627,6000,detail,0.5030993390870685,2.0045674410049902e-08,1.0023782124335412e-05,17.64590510376729,1.2018450433970429e-05,0.5034974481974347,3.966754229622893e-05
0.01101562101393938,0.0010156210139393804,0.16870749560966639,19.35997416707687,1.0,0.005885664839297533,0.9998955266245724,8.326539384811845e-12,0.01901554917302169,0.005896375048905611,adaptive,0.32947881566360593,14,0.33537519071251154,6500,detail,0.7657813607259735,2.0274518691470777e-08,3.8089849113021046e-05,19.10560959018767,1.8183758584200405e-05,0.7678573073393573,4.442713543539867e-05
0.010627483949065208,0.0006274839490652082,0.16900284207496746,20.892035708995536,1.0,0.006432247813791037,0.9998994699210668,5.166505368385722e-12,0.017728038031098348,0.005896375048905611,adaptive,0.35607989481650293,14,0.36197626986540854,7000,detail,-0.8552509582579655,1.6846420911917384e-07,2.0249237422831357e-05,20.618935629725456,3.07716618408449e-05,-0.8564876218131411,0.00013015454169362783
0.0064703491516411304,0.0035296508483588698,0.8824766117609522,22.41833595908247,1.0,0.00685437279753387,0.9998784675128329,2.2354817004849115e-11,0.027433891254828167,0.005896375048905611,adaptive,0.38156532566063106,14,0.38746170070953667,7500,detail,0.4762401093238206,1.1298609466120616e-07,7.994934276212007e-05,22.12708959588781,0.00010217414819635451,0.475583437517943,8.884374983608723e-05
0.01154183130711317,0.0015418313071131704,0.1580784073585194,23.93860970903188,1.0,0.007306164829060435,0.9999099628944462,1.1771965491789397e-12,0.02594830147568585,0.005896375048905611,adaptive,0.4073095328640193,14,0.4132059079129249,8000,detail,-0.5972120322777174,6.531436609692997e-08,1.327903737546876e-05,23.629512754734606,1.6431147741968744e-05,-0.5973867357796413,3.17575795634184e-05
0.010875611566007137,0.0008756115660071371,0.08248369939607626,25.367250374983996,1.0,0.007726289797574282,0.9999206966526635,1.4645213471041048e-12,0.02783004852926612,0.005896375048905611,adaptive,0.43188236420974135,14,0.43777873925864697,8500,detail,0.8828486850288473,1.0861194222152246e-07,1.2252843589521945e-05,25.040883926674724,2.0221816157572903e-05,0.882459660760595,9.110512473853305e-05
0.009870111010968685,0.00012988898903131506,0.09203410801340212,26.836123833898455,1.0,0.008240206865593791,0.9999213370727713,4.2653237795185496e-13,0.030603149450331782,0.005896375048905611,adaptive,0.4570127818733454,14,0.462909156922251,9000,detail,0.3084016697481597,1.1478170293783126e-08,9.080059498955961e-06,26.49175506364554,1.1535356861713808e-05,0.30829134771170547,1.6161167877726257e-05
0.009220520965754986,0.0007794790342450144,0.17537797487290227,28.298192749964073,1.0,0.008665456669405103,0.9999025281185192,2.030533290428021e-12,0.03654550856690106,0.005896375048905611,adaptive,0.482273401459679,14,0.4881697765085846,9500,detail,0.4665743889583122,1.4403515317007722e-08,1.4273056876845658e-05,27.934969349764287,2.1593552446574904e-05,0.4678354400456429,2.8662618205999024e-05
0.009286873042583466,0.0007131269574165346,0.4236764448763188,29.746524167014286,1.0,0.009052623761817813,0.9999299566066367,1.0570244933971267e-11,0.027532930573437656,0.005896375048905611,adaptive,0.5074328565970063,14,0.5133292316459119,10000,detail,0.9345955615582751,1.2759299818925226e-08,6.605611997656524e-05,29.365908049745485,3.19156315526925e-05,0.9346419911446231,2.8316831958363764e-05
0.00935056246817112,0.0006494375318288805,0.20734963029005696,31.181270791916177,1.0,0.009460207773372531,0.999938437889364,3.927806866868194e-12,0.03010795285728434,0.005896375048905611,adaptive,0.532582099083811,14,0.5384784741327167,10500,detail,-0.7904374855268356,1.3120113527960602e-07,2.6903340767603368e-05,30.782643867423758,3.199946149834432e-05,-0.7904192774445001,9.506139031145722e-05
0.009801726788282394,0.0001982732117176058,0.10135654492791245,32.62116879201494,1.0,0.009911749744787812,0.9999205533125087,6.067175847841024e-13,0.03010795285728434,0.005896375048905611,adaptive,0.5575938986148685,14,0.5634902736637741,11000,detail,0.7635563745053717,8.32357619306346e-08,5.921800038777292e-06,32.20355732087046,6.96592906024307e-06,0.7624719740637331,6.600252527277917e-05
0.010129720903933048,0.00012972090393304804,0.023575333341421513,34.04744462505914,1.0,0.010289790807291865,0.9999181622295715,9.406614519266218e-13,0.01852035257997425,0.005896375048905611,adaptive,0.58294109813869,14,0.5888374731875956,11500,detail,0.5875615874611706,4.280848310558408e-08,1.532941314508207e-05,33.610953397117555,3.619121343945153e-06,0.5878293479707389,5.796849654871039e-05
0.009858759120106697,0.00014124087989330313,0.07189219100321238,35.49908074992709,1.0,0.010683456668630242,0.9999029591543487,7.492508001679855e-13,0.02931563830840844,0.005896375048905611,adaptive,0.608713178196922,14,0.6146095532458276,12000,detail,0.23797704909909867,8.512048986219033e-09,8.813625754555687e-06,35.04304592916742,7.319204087252729e-06,0.23867363139104486,1.8789060050039552e-05
0.00992030929774046,7.969070225954077e-05,0.04788692016898625,36.954576916992664,1.0,0.011053623631596565,0.9999097432153915,5.957849678078082e-13,0.0403090026740616,0.005896375048905611,adaptive,0.6339933893177658,14,0.6398897643666714,12500,detail,-0.4696810161020194,5.529435699292184e-08,7.317844847420929e-06,36.47966477624141,8.299502042063978e-06,-0.4697655275633721,4.613426426658407e-05
0.010254914872348309,0.00025491487234830836,0.02312265008914899,38.3988788749557,1.0,0.011447248747572303,0.9999085107314063,9.128969009500763e-14,0.024660790333762502,0.005896375048905611,adaptive,0.6590891778469086,14,0.6649855528958142,13000,detail,0.1150637294412971,6.32139507252479e-08,1.9409578726481413e-06,37.90613532997668,5.502372914634179e-06,0.11559827674535633,8.539533155271783e-05
0.009379895403981209,0.0006201045960187914,0.02724232019179425,39.86767750000581,1.0,0.011855123797431588,0.999899993745625,5.772867508614477e-13,0.03367336832722591,0.005896375048905611,adaptive,0.684999474324286,14,0.6908958493731916,13500,detail,-0.19406482812766798,4.499105816801263e-08,8.07003743830137e-06,39.35597307723947,2.4877244868548587e-06,-0.1926277536977555,5.8751567848958075e-05
0.009680092334747314,0.00031990766525268576,0.030174300872126823,41.31085254205391,1.0,0.01224641571752727,0.9999009802037471,3.6020796058674086e-13,0.025155986926809943,0.005896375048905611,adaptive,0.7096515123266727,14,0.7155478873755783,14000,detail,-0.22591835808553226,4.7788062738065174e-08,3.207977215424762e-06,40.78020160389133,3.137131216135458e-06,-0.2266736779190545,6.190740532474592e-05
0.011423728428781033,0.0014237284287810324,0.09626296021526995,42.76774737494998,1.0,0.012637373758479953,0.9999247841981478,3.0486957514138477e-12,0.020104981677726057,0.005896375048905611,adaptive,0.734785303240642,14,0.7406816782895476,14500,detail,-0.10274286604906094,9.35085144380689e-08,1.7512189515400678e-05,42.21943198167719,1.9327799236634746e-05,-0.10245135704574926,8.028416050365195e-05
0.009738017804920673,0.00026198219507932684,0.07079225926013065,44.24500275007449,1.0,0.013010039692744613,0.9999035920854562,9.209229585925318e-13,0.03476280083193028,0.005896375048905611,adaptive,0.7602025533560663,14,0.766098928404972,15000,detail,-0.7351320222942818,1.0278169410839747e-07,6.691933776892256e-06,43.67948798160069,6.715944437019061e-06,-0.7350296173636827,6.870357174193487e-05
0.009886130690574646,0.00011386930942535421,0.11664427420684344,45.718529083998874,1.0,0.013400539755821228,0.999888635102459,2.9285497945743934e-13,0.03298009309695949,0.005896375048905611,adaptive,0.7857548827305436,14,0.7916512577794492,15500,detail,0.40859099977864494,4.1849269714927084e-08,2.771375420707045e-06,45.135556077584624,6.330268206511391e-06,0.4099627985643741,5.1321629143785685e-05
0.009847547858953476,0.00015245214104652426,0.055767980297440095,47.18213983392343,1.0,0.013804289745166898,0.9998999963587489,4.359234211067657e-13,0.04545904724175498,0.005896375048905611,adaptive,0.811279928078875,14,0.8171763031277806,16000,detail,-0.24031528316298717,2.22667854910343e-08,3.815489890257595e-06,46.58088386943564,4.201032879791455e-06,-0.2424348610667281,4.985784107702784e-05
0.009709315374493599,0.00029068462550640127,0.018512515382534536,48.62790858396329,1.0,0.014232497895136476,0.9998871755568107,2.325409041405005e-13,0.034366643557492325,0.005896375048905611,adaptive,0.8358819228596985,14,0.8417782979086041,16500,detail,-0.5897835108509215,3.692900307225696e-08,1.3563599168264773e-06,48.00862249126658,1.0091592912431224e-06,-0.5912318056013438,3.861827644868754e-05
0.009903475642204285,9.652435779571554e-05,0.06119665009040341,50.088191041955724,1.0,0.014648997690528631,0.9998868147320229,2.2134857759548972e-13,0.03020699217589383,0.005896375048905611,adaptive,0.861820503603667,14,0.8677168786525726,17000,detail,0.27635315439506286,2.6888985671910896e-08,2.8115648547100136e-06,49.449927288340405,4.037121470901184e-06,0.2803834819187723,3.665741314762272e-05
0.010143808089196682,0.00014380808919668177,0.016684731907394428,51.53082829201594,1.0,0.015035538701340556,0.9998975620537692,1.5251855702804222e-13,0.04110131722293751,0.005896375048905611,adaptive,0.8867991294246167,14,0.8926955044735223,17500,detail,0.8231889749216327,3.079315456591516e-08,9.322343430540059e-07,50.87358363135718,1.2509520956882625e-06,0.8240005341977926,4.037920371047221e-05
0.010072554461658001,7.255446165800074e-05,0.015810378053404857,53.08116645901464,1.0,0.01567095471546054,0.9998740564984575,1.0323442954983864e-13,0.025651183519857384,0.005896375048905611,adaptive,0.9114989233203232,14,0.9173952983692288,18000,detail,0.5940469144740181,2.435536404737416e-08,1.1633110261755064e-06,52.40081566851586,9.547380841468112e-07,0.594686395491962,3.291607208666392e-05
0.010187705978751183,0.00018770597875118235,0.029507204243433588,54.57190874987282,1.0,0.01605637068860233,0.999921978981469,8.176638870385916e-14,0.025155986926809943,0.005896375048905611,adaptive,0.9403648721054196,14,0.9462612471543252,18500,detail,-0.6012217020070582,2.692980993471497e-08,1.4410741187020903e-06,53.86587400152348,1.6959617141765193e-06,-0.6017321685699507,2.7453712391434237e-05
0.010185993276536465,0.00018599327653646448,0.02539751317500973,56.023115624906495,1.0,0.01644928753376007,0.9999180733974306,7.497027400720635e-14,0.02188768941269684,0.005896375048905611,adaptive,0.965325208613649,14,0.9712215836625546,19000,detail,0.03758919468988165,1.73564738559566e-08,1.1340684977767523e-06,55.29910617438145,1.4354401400851202e-06,0.037329112904710506,2.7147210857947357e-05
0.009964752942323685,3.5247057676315516e-05,0.027349595433682095,57.560538792051375,1.0,0.01687882957048714,0.9999244397662828,6.188716062488975e-14,0.03288105377835,0.005896375048905611,adaptive,0.9914099189918488,14,0.9973062940407544,19500,detail,-0.03762007462366978,4.4428904339386636e-08,1.6598230558884097e-06,56.816511479439214,1.5961385315677035e-06,-0.03787644794445304,3.11950316245202e-05
0.00993662141263485,6.337858736515066e-05,0.01714045869215197,59.115327291889116,1.0,0.017254288541153073,0.9999090371216283,7.23376232965123e-14,0.042388828364860846,0.005896375048905611,adaptive,1.0174172967672348,14,1.0233136718161404,20000,detail,-0.3049381226584976,2.0770395126655427e-08,1.134352487497381e-06,58.34536359878257,1.1147653822263237e-06,-0.3047784009789375,2.588175266282633e-05
0.01337119098752737,0.0033711909875273702,100.65275752919098,0.0034415419213473797,4.0,0.0,,,,0.0,fp32,0.0,10,0.0,0,detail,,,,0.0,0.007900141179561615,,0.0
0.007310929708182812,0.0026890702918171885,4.983506527637057,0.32682170905172825,4.0,0.00039425003342330456,0.9999999999999998,0.0,0.0,0.0,fp32,0.0,10,0.0,500,detail,0.9999999999999998,0.0,0.00030358595540747046,0.31505988352000713,0.00035033232416026294,0.9999999999999998,0.0
0.009107413701713085,0.000892586298286915,1.9259690045034048,0.712234916863963,4.0,0.0013731671497225761,0.9999999999999981,0.0,0.0,0.0,fp32,0.0,10,0.0,1000,detail,0.9999999999999981,0.0,7.980701047927141e-05,0.6912800441496074,0.00013089114509057254,0.9999999999999981,0.0
0.010458624921739101,0.0004586249217391012,1.0692129490202034,1.0862567499279976,4.0,0.0017604173626750708,0.999999999999999,0.0,0.0,0.0,fp32,0.0,10,0.0,1500,detail,0.999999999999999,0.0,6.324786954792216e-05,1.0561775071546435,9.530185343464836e-05,0.999999999999999,0.0
0.00961474422365427,0.00038525577634573004,0.695406643307419,1.4224544169846922,4.0,0.002154625253751874,0.9999999999999989,0.0,0.0,0.0,fp32,0.0,10,0.0,2000,detail,0.9999999999999989,0.0,5.0202550482936203e-05,1.3838419625535607,4.888178955297917e-05,0.9999999999999989,0.0
0.010261612944304943,0.0002616129443049429,0.5414606470067076,1.7524033749941736,4.0,0.0025357501581311226,0.9999999999999989,0.0,0.0,0.0,fp32,0.0,10,0.0,2500,detail,0.9999999999999989,0.0,7.579426892334595e-05,1.705028013093397,9.87260791589506e-05,0.9999999999999989,0.0
0.010495759546756744,0.0004957595467567442,0.36926264069982323,2.1189940420445055,4.0,0.002938333200290799,0.9999999999999966,0.0,0.0,0.0,fp32,0.0,10,0.0,3000,detail,0.9999999999999966,0.0,2.125858372892253e-05,2.063080083578825,4.611934127751738e-05,0.9999999999999966,0.0
0.012244177982211113,0.0022441779822111128,0.45600900224433766,2.476628958946094,4.0,0.0033414161298424006,0.9999999999999979,0.0,0.0,0.0,fp32,0.0,10,0.0,3500,detail,0.9999999999999979,0.0,4.224515214446001e-05,2.412027658196166,2.6430376237840392e-05,0.9999999999999979,0.0
0.009718806482851505,0.00028119351714849493,0.22541322283501364,2.817660209024325,4.0,0.003744875080883503,0.9999999999999967,0.0,0.0,0.0,fp32,0.0,10,0.0,4000,detail,0.9999999999999967,0.0,1.6489528206875548e-05,2.744539077859372,1.592724038346205e-05,0.9999999999999967,0.0
0.00945668388158083,0.0005433161184191706,0.20701915273785781,3.1881462919991463,4.0,0.0041420001070946455,0.9999999999999979,0.0,0.0,0.0,fp32,0.0,10,0.0,4500,detail,0.9999999999999979,0.0,1.4125974303169642e-05,3.1056699042674154,1.8450611605658196e-05,0.9999999999999979,0.0
0.009315159171819687,0.0006848408281803133,0.5322972558758515,3.5367292088922113,4.0,0.004520999966189265,0.9999999999999994,0.0,0.0,0.0,fp32,0.0,10,0.0,5000,detail,0.9999999999999994,0.0,8.932119089877233e-05,3.4446714513469487,6.579358159797266e-05,0.9999999999999994,0.0
0.009887903928756714,0.00011209607124328634,0.17875917851526643,3.8846098340582103,4.0,0.004900374915450811,0.9999999999999988,0.0,0.0,0.0,fp32,0.0,10,0.0,5500,detail,0.9999999999999988,0.0,2.0688992663053796e-05,3.7841805855277926,1.5027475456008688e-05,0.9999999999999988,0.0
0.010042824782431126,4.282478243112543e-05,0.1112056221627727,4.213596374960616,4.0,0.005644208984449506,0.9999999999999968,0.0,0.0,0.0,fp32,0.0,10,0.0,6000,detail,0.9999999999999968,0.0,1.123705897043692e-05,4.104396514128894,2.3523745767306536e-05,0.9999999999999968,0.0
0.011176485568284988,0.0011764855682849882,0.11464990707155616,4.597431499976665,4.0,0.006189126055687666,0.9999999999999969,0.0,0.0,0.0,fp32,0.0,10,0.0,6500,detail,0.9999999999999969,0.0,1.200055248773424e-05,4.479398428462446,1.908274134621024e-05,0.9999999999999969,0.0
0.011078103445470333,0.0010781034454703329,0.18119205561972054,4.923124291934073,4.0,0.006578793050721288,0.9999999999999979,0.0,0.0,0.0,fp32,0.0,10,0.0,7000,detail,0.9999999999999979,0.0,2.268761454615742e-05,4.796487163752317,2.1929254216956906e-05,0.9999999999999979,0.0
0.010231388732790947,0.00023138873279094675,0.06769304480526916,5.240683292038739,4.0,0.006977709010243416,0.9999999999999998,0.0,0.0,0.0,fp32,0.0,10,0.0,7500,detail,0.9999999999999998,0.0,6.489542101917323e-06,5.105800039833412,4.747436832985841e-06,0.9999999999999998,0.0
0.010287387296557426,0.00028738729655742624,0.10253590861468947,5.561818792019039,4.0,0.007365334080532193,0.9999999999999993,0.0,0.0,0.0,fp32,0.0,10,0.0,8000,detail,0.9999999999999993,0.0,1.226659969688626e-05,5.417564653791487,1.2020137546642218e-05,0.9999999999999993,0.0
0.009716583415865898,0.0002834165841341021,0.17557586955452836,5.878595291869715,4.0,0.007823334075510502,0.9999999999999978,0.0,0.0,0.0,fp32,0.0,10,0.0,8500,detail,0.9999999999999978,0.0,3.410136923776008e-05,5.725813620956615,2.633465192047879e-05,0.9999999999999978,0.0
0.00977642834186554,0.00022357165813446066,0.07020978306323133,6.235900416970253,4.0,0.008207959122955799,0.9999999999999979,0.0,0.0,0.0,fp32,0.0,10,0.0,9000,detail,0.9999999999999979,0.0,1.0368062248744536e-05,6.073999416548759,1.044988130161073e-05,0.9999999999999979,0.0
0.01057904027402401,0.0005790402740240095,0.057016790049218016,6.558821958955377,4.0,0.008602084126323462,0.9999999999999992,0.0,0.0,0.0,fp32,0.0,10,0.0,9500,detail,0.9999999999999992,0.0,6.609737283724826e-06,6.388815448153764,6.090373517508851e-06,0.9999999999999992,0.0
0.009570416063070297,0.00042958393692970297,0.07185367428398698,6.8686875000130385,4.0,0.00899375113658607,0.9999999999999984,0.0,0.0,0.0,fp32,0.0,10,0.0,10000,detail,0.9999999999999984,0.0,7.889153494033962e-06,6.690073731355369,7.737566193100065e-06,0.9999999999999984,0.0
0.00997572299093008,2.4277009069919794e-05,0.06481999375600203,7.1973015000112355,4.0,0.009379584109410644,0.9999999999999996,0.0,0.0,0.0,fp32,0.0,10,0.0,10500,detail,0.9999999999999996,0.0,7.915386049717199e-06,7.010493851266801,1.0575636224530172e-05,0.9999999999999996,0.0
0.010103818960487843,0.00010381896048784235,0.027599259244557348,7.50104270898737,4.0,0.009748626267537475,0.9999999999999996,0.0,0.0,0.0,fp32,0.0,10,0.0,11000,detail,0.9999999999999996,0.0,3.059702521568397e-06,7.306245610816404,2.033799091805122e-06,0.9999999999999996,0.0
0.009808679111301899,0.00019132088869810125,0.031181665984603722,7.810677875066176,4.0,0.01013133442029357,0.9999999999999997,0.0,0.0,0.0,fp32,0.0,10,0.0,11500,detail,0.9999999999999997,0.0,2.2235997221287107e-06,7.607453273609281,2.1184059733059257e-06,0.9999999999999997,0.0
0.009683345444500446,0.0003166545554995539,0.027783256192039998,8.15000604186207,4.0,0.01050862530246377,0.999999999999999,0.0,0.0,0.0,fp32,0.0,10,0.0,12000,detail,0.999999999999999,0.0,2.266344836243661e-06,7.938780557597056,2.794176680254168e-06,0.999999999999999,0.0
0.009767497889697552,0.00023250211030244848,0.019808120643891338,8.484351959079504,4.0,0.010890708304941654,0.9999999999999991,0.0,0.0,0.0,fp32,0.0,10,0.0,12500,detail,0.9999999999999991,0.0,7.819995516911149e-06,8.26398297981359,7.2813263614079915e-06,0.9999999999999991,0.0
0.009809235110878944,0.0001907648891210558,0.0165824814804105,8.797175500076264,4.0,0.011290875263512135,0.9999999999999981,0.0,0.0,0.0,fp32,0.0,10,0.0,13000,detail,0.9999999999999981,0.0,9.490706815995509e-07,8.568873404758051,1.5211575146167888e-06,0.9999999999999981,0.0
0.009174373000860214,0.000825626999139786,0.023196234874025373,9.113326374907047,4.0,0.0116912922821939,0.9999999999999983,0.0,0.0,0.0,fp32,0.0,10,0.0,13500,detail,0.9999999999999983,0.0,2.0394111288624117e-06,8.877215227810666,2.8294696221564664e-06,0.9999999999999983,0.0
0.010050070472061634,5.0070472061633856e-05,0.014903520028504395,9.418537416961044,4.0,0.012061708373948932,0.9999999999999983,0.0,0.0,0.0,fp32,0.0,10,0.0,14000,detail,0.9999999999999983,0.0,1.7303764252574183e-06,9.174201101064682,1.2789309948857408e-06,0.9999999999999983,0.0
0.010332955047488213,0.0003329550474882124,0.016364004736250895,9.728201542049646,4.0,0.012432499323040247,0.999999999999999,0.0,0.0,0.0,fp32,0.0,10,0.0,14500,detail,0.999999999999999,0.0,1.0018973171099788e-06,9.476054723374546,1.030716703098733e-06,0.999999999999999,0.0
0.01009226031601429,9.226031601428965e-05,0.0107382773239242,10.037587166996673,4.0,0.012841041199862957,0.9999999999999989,0.0,0.0,0.0,fp32,0.0,10,0.0,15000,detail,0.9999999999999989,0.0,1.563665023240901e-06,9.77763361739926,1.4664527725471999e-06,0.9999999999999989,0.0
0.009900834411382675,9.916558861732504e-05,0.011850781477544944,10.341826791875064,4.0,0.013211249141022563,0.9999999999999977,0.0,0.0,0.0,fp32,0.0,10,0.0,15500,detail,0.9999999999999977,0.0,1.6356175365217496e-06,10.074200227390975,8.464365350846492e-07,0.9999999999999977,0.0
0.010058466345071793,5.8466345071792394e-05,0.011901856030574039,10.64485629205592,4.0,0.013577290112152696,1.0,0.0,0.0,0.0,fp32,0.0,10,0.0,16000,detail,1.0,0.0,1.1443846688052872e-06,10.369486466050148,9.029254783854412e-07,1.0,0.0
0.010021287016570568,2.1287016570567877e-05,0.0119811424988196,10.957272792002186,4.0,0.013957040151581168,0.9999999999999984,0.0,0.0,0.0,fp32,0.0,10,0.0,16500,detail,0.9999999999999984,0.0,5.522583137462789e-07,10.674176713218912,1.09050165519875e-06,0.9999999999999984,0.0
0.009928703308105469,7.129669189453146e-05,0.009563757678831698,11.319819249911234,4.0,0.01442804024554789,0.999999999999999,0.0,0.0,0.0,fp32,0.0,10,0.0,17000,detail,0.999999999999999,0.0,6.050639740351471e-07,11.028274085372686,6.771567200303252e-07,0.999999999999999,0.0
0.010046005249023438,4.600524902343729e-05,0.00799545433243461,11.667180499993265,4.0,0.014826957136392593,0.9999999999999986,0.0,0.0,0.0,fp32,0.0,10,0.0,17500,detail,0.9999999999999986,0.0,5.260134798845684e-07,11.367118331370875,5.673968530572893e-07,0.9999999999999986,0.0
0.010028105229139328,2.8105229139327795e-05,0.008279052575928396,12.00591875007376,4.0,0.015236997976899147,0.9999999999999992,0.0,0.0,0.0,fp32,0.0,10,0.0,18000,detail,0.9999999999999992,0.0,4.149563892497099e-07,11.697335290024057,4.917200158160995e-07,0.9999999999999992,0.0
0.00992426648736,7.57335126399996e-05,0.007623470339839636,12.339567333925515,4.0,0.01560520613566041,0.999999999999997,0.0,0.0,0.0,fp32,0.0,10,0.0,18500,detail,0.999999999999997,0.0,4.0582651195109065e-07,12.021961309248582,4.453204383025877e-07,0.999999999999997,0.0
0.009956208989024162,4.3791010975837916e-05,0.0072762837906139724,12.70640862500295,4.0,0.016093623358756304,0.9999999999999966,0.0,0.0,0.0,fp32,0.0,10,0.0,19000,detail,0.9999999999999966,0.0,3.4104402857337845e-07,12.376913482323289,4.0928685507424234e-07,0.9999999999999966,0.0
0.010062814690172672,6.281469017267206e-05,0.007137764898537423,13.073573749978095,4.0,0.016473540337756276,0.9999999999999979,0.0,0.0,0.0,fp32,0.0,10,0.0,19500,detail,0.9999999999999979,0.0,3.301687740986381e-07,12.7342244470492,3.896728344443545e-07,0.9999999999999979,0.0
0.009985823184251785,1.417681574821493e-05,0.007044744373973625,13.40026079188101,4.0,0.01689562341198325,0.9999999999999978,0.0,0.0,0.0,fp32,0.0,10,0.0,20000,detail,0.9999999999999978,0.0,2.601533708457282e-07,13.05251535656862,3.8892989095984376e-07,0.9999999999999978,0.0
0.013088914565742016,0.0030889145657420156,102.59256507164821,0.004160666838288307,4.0,0.0,,,,0.0,fixed-e3m4,0.0,10,0.0,0,detail,,,,0.0,0.00859464704990387,,0.00017525437579024583
0.009719369933009148,0.00028063006699085256,4.999092923294308,1.4486214588396251,4.0,0.00041975011117756367,0.9999095173422752,7.916782561687118e-12,0.013370308012280875,0.0,fixed-e3m4,0.0,10,0.0,500,detail,0.1813823094462717,5.772016645677401e-07,0.0002859222877305001,1.424971089931205,0.00032777461456134915,0.18032327001658197,0.00012537298607639968
0.009081641212105751,0.0009183587878942492,2.413479139242038,2.887684374814853,4.0,0.0008023330010473728,0.999898742666215,2.6032356050690112e-11,0.018322273942755273,0.0,fixed-e3m4,0.0,10,0.0,1000,detail,0.6124592526443784,8.422221244704952e-08,0.00017317093443125486,2.8439470157027245,0.00024789758026599884,0.6122301305862057,8.530008926754817e-05
0.010666326619684696,0.000666326619684696,1.5323958031119784,4.349045208888128,4.0,0.0012081670574843884,0.9998899132381772,2.4372280607792203e-11,0.013073190056452412,0.0,fixed-e3m4,0.0,10,0.0,1500,detail,-0.04147620472647985,1.5251257745509082e-06,9.977286390494555e-05,4.285846767947078,0.00019610511662904173,-0.04183791315107174,0.00010163327533518896
0.008238693699240685,0.0017613063007593157,0.851127422900809,5.763354458846152,4.0,0.0015865419991314411,0.9999063742688271,3.9397726412458723e-11,0.028424284440923046,0.0,fixed-e3m4,0.0,10,0.0,2000,detail,-0.4833546747697811,5.584067464372669e-07,0.00010473367001395673,5.681418760214001,9.147944365395233e-05,-0.4843560954493695,0.00013802842295262963
0.008541746996343136,0.0014582530036568644,0.6308580805720505,7.2434173338115215,4.0,0.002051166957244277,0.9999087956826551,3.339351831270944e-11,0.031989699910864616,0.0,fixed-e3m4,0.0,10,0.0,2500,detail,-0.4070850966591648,5.009942751619575e-07,5.1622857426991686e-05,7.142443760065362,0.00010085617395816371,-0.4080879343329081,0.00011829428694909438
0.011450813151896,0.0014508131518959997,0.9146915387406106,8.767001208849251,4.0,0.0024490831419825554,0.999906325844855,6.895600151547746e-11,0.017430920075269883,0.0,fixed-e3m4,0.0,10,0.0,3000,detail,0.9031647819055636,8.670426721778761e-08,0.00011477470980025828,8.646101924823597,9.902987949317321e-05,0.9036146082382708,5.083810174255632e-05
0.008680704981088638,0.001319295018911362,0.42306552001419206,10.218222916824743,4.0,0.0028375829569995403,0.9999129685265782,2.881118162061618e-11,0.016935723482222442,0.0,fixed-e3m4,0.0,10,0.0,3500,detail,0.2635600104233466,1.77964457129564e-07,6.913208198966458e-05,10.077724367147312,5.012733890907839e-05,0.262779896659373,5.907431841478683e-05
0.00834882352501154,0.0016511764749884607,0.4359797487994188,11.631167833926156,4.0,0.0032545828726142645,0.9999076672912528,1.8113298440237378e-10,0.02594830147568585,0.0,fixed-e3m4,0.0,10,0.0,4000,detail,0.9438071846420054,1.9698862404631674e-07,0.00019817195425275713,11.47287552896887,7.00052987667732e-05,0.9438978774772468,3.937836299883202e-05
0.009253224357962608,0.0007467756420373919,0.2591482039725172,13.03453449998051,4.0,0.003651499981060624,0.9999174575547052,1.4848346777615176e-11,0.022779043280182234,0.0,fixed-e3m4,0.0,10,0.0,4500,detail,0.8534258534713332,3.581170395063449e-08,5.37546984560322e-05,12.858766519464552,4.856983287027106e-05,0.853609473044625,4.0391758375335485e-05
0.012516613118350506,0.0025166131183505056,0.3266065387879775,14.516356542007998,4.0,0.004050999879837036,0.9999072526000967,1.142195661509529e-12,0.016836684163612954,0.0,fixed-e3m4,0.0,10,0.0,5000,detail,0.48860358605819293,4.4471601691574547e-08,1.8663107766769826e-05,14.322652931092307,4.8906626034295186e-05,0.4902274950007404,4.195953442831524e-05
0.010132993571460247,0.00013299357146024683,0.2365422998979436,15.926540416898206,4.0,0.004431041888892651,0.9999263299517321,1.7392555145773662e-12,0.021194414182430423,0.0,fixed-e3m4,0.0,10,0.0,5500,detail,-0.11865820290260534,2.6213402111122835e-07,2.8419144655345008e-05,15.71458631940186,2.94048004434444e-05,-0.11841952894718377,6.084690539864823e-05
0.009586773812770844,0.0004132261872291567,0.21546345840998254,17.35089004202746,4.0,0.004884624853730202,0.9999156403750332,1.7049289398096824e-11,0.026245419431514313,0.0,fixed-e3m4,0.0,10,0.0,6000,detail,0.8670316781241946,5.041392949690275e-08,5.3200645197648555e-05,17.119899441022426,4.0956616430776194e-05,0.8681533057062513,4.538165376288816e-05
0.008691772818565369,0.0013082271814346316,0.4666825687370186,18.762211083900183,4.0,0.005265999818220735,0.9999230948290007,1.569406888510357e-11,0.04189363177181341,0.0,fixed-e3m4,0.0,10,0.0,6500,detail,0.013802384529975354,2.0554297509314733e-07,5.4940173868089914e-05,18.511991216335446,3.145617665722966e-05,0.011979121799543935,8.217971480917186e-05
0.013131597079336643,0.003131597079336643,0.8260922820373529,20.239303292008117,4.0,0.005644624819979072,0.9999214593092056,7.848214321332695e-12,0.030999306724769735,0.0,fixed-e3m4,0.0,10,0.0,7000,detail,0.505496750190155,1.5934011193975222e-07,5.372296436689794e-05,19.970948974834755,7.2822644142434e-05,0.5057473121717929,0.0001352121907984838
0.008739765733480453,0.0012602342665195467,0.20771377213769676,21.642112334026024,4.0,0.0060404588002711535,0.9999027404536929,6.04912025669723e-12,0.02525502624541943,0.0,fixed-e3m4,0.0,10,0.0,7500,detail,0.6084934839174108,4.9345660095428063e-08,4.24421377829276e-05,21.355156490579247,3.876996197504923e-05,0.6080572321499191,5.5751406762283295e-05
0.01135921012610197,0.0013592101261019705,0.13913706241840965,23.116509083891287,4.0,0.006440708646550775,0.999932045485604,3.233206674230253e-13,0.02535406556402892,0.0,fixed-e3m4,0.0,10,0.0,8000,detail,-0.40241125859812704,2.8175905071083147e-08,8.840153896017e-06,22.809464293532073,1.011068161460571e-05,-0.40343390130667534,2.1358278900152072e-05
0.01133969146758318,0.0013396914675831793,0.16120209109361655,24.56884254189208,4.0,0.006911958567798138,0.9999029482485665,4.141232302489432e-11,0.046350401109240366,0.0,fixed-e3m4,0.0,10,0.0,8500,detail,0.9475757095326863,3.4132432787623164e-08,6.983015191508457e-05,24.24195416737348,3.2670708606019616e-05,0.9473515557481996,3.0212560886866413e-05
0.011426501907408237,0.0014265019074082372,0.2728016608354622,26.013997667003423,4.0,0.00731412461027503,0.9999007254806341,6.299728141427725e-13,0.03189066059225513,0.0,fixed-e3m4,0.0,10,0.0,9000,detail,0.5091076720489284,2.962930629065046e-08,7.877714779169764e-06,25.668143798597157,1.8847444152925164e-05,0.5080248670787216,3.197078331140801e-05
0.01144923735409975,0.0014492373540997503,0.11450261786306423,27.476781375007704,4.0,0.007749291602522135,0.9999099431312276,5.568517791784061e-13,0.03238585718530256,0.0,fixed-e3m4,0.0,10,0.0,9500,detail,0.5770948212725588,4.361735613635838e-09,1.1293122952338308e-05,27.110971125308424,1.0661275155143812e-05,0.5778111083051873,2.80333206319483e-05
0.010429673828184605,0.00042967382818460444,0.12153314269673338,28.921425458975136,4.0,0.008136374643072486,0.9999199698118398,8.567959079402462e-12,0.051500445676933744,0.0,fixed-e3m4,0.0,10,0.0,10000,detail,0.7440591497898756,2.3291821249336933e-08,2.258335916849319e-05,28.538481533527374,1.1481391993584111e-05,0.7431741359089497,1.5805822840775363e-05
0.010773081332445145,0.0007730813324451444,0.10357281526275594,30.406941666966304,4.0,0.008546915603801608,0.9999353557703129,1.9012422717285558e-11,0.04337922155095573,0.0,fixed-e3m4,0.0,10,0.0,10500,detail,0.93162691190629,1.7675380081982843e-08,5.6113003665814176e-05,30.006137734046206,3.5117645893478766e-05,0.9319007809647875,3.1277468224288896e-05
0.00913198757916689,0.000868012420833111,0.26236650130030004,31.84559120889753,4.0,0.008984248386695981,0.9999150591389598,1.09133065988783e-11,0.038328216301871845,0.0,fixed-e3m4,0.0,10,0.0,11000,detail,-0.3350628606791333,2.943342925004183e-07,5.806685294373892e-05,31.42675282433629,3.7493769923457876e-05,-0.33513565026638065,8.245483331847936e-05
0.009615156799554825,0.0003848432004451754,0.05971224762254701,33.32139549986459,4.0,0.009392706444486976,0.9998988488320775,1.7512011297011301e-13,0.055362979102703776,0.0,fixed-e3m4,0.0,10,0.0,11500,detail,0.49720522827314767,7.867440039129299e-08,4.403547336551128e-06,32.884003286249936,5.0418047976563685e-06,0.49926540714867157,3.6947163607692346e-05
0.010665612295269966,0.0006656122952699659,0.05336127254857195,34.75212445901707,4.0,0.009804289555177093,0.9998944408183883,4.928972012994065e-12,0.04436961473705061,0.0,fixed-e3m4,0.0,10,0.0,12000,detail,0.9614114271608676,4.177988992865359e-08,1.9380637240828946e-05,34.29750404274091,2.9547969461418688e-05,0.9619634221575272,3.983741771662608e-05
0.01099486369639635,0.0009948636963963507,0.11182649305011519,36.19897170900367,4.0,0.01018828945234418,0.9999085370164409,3.682738414736245e-12,0.06328612459146281,0.0,fixed-e3m4,0.0,10,0.0,12500,detail,0.7702119761361079,3.7018979766180806e-08,1.627414530958049e-05,35.72696177964099,1.852808054536581e-05,0.7691796013694737,5.489253453561105e-05
0.009641267359256744,0.0003587326407432558,0.05747526945293392,37.643070791848004,4.0,0.010621789377182722,0.9999129119629582,2.1547836250424296e-13,0.04506288996731703,0.0,fixed-e3m4,0.0,10,0.0,13000,detail,0.3751048949841224,1.2665181913815655e-07,4.8791725930641405e-06,37.153739320114255,6.509177637781249e-06,0.3730905995407508,6.973713607294485e-05
0.011051365174353123,0.0010513651743531225,0.1320217151178983,39.2041281668935,4.0,0.011017539538443089,0.9998986509481833,6.913552675952325e-12,0.04288402495790829,0.0,fixed-e3m4,0.0,10,0.0,13500,detail,0.9049769299438079,6.694283365507564e-08,2.474694156262558e-05,38.69673506869003,1.4034371815796476e-05,0.9040329907550372,7.25306526874192e-05
0.010693561285734177,0.0006935612857341764,0.055846617111836916,40.65827866690233,4.0,0.01146470638923347,0.9999245280626571,2.385825760361711e-13,0.043478260869565216,0.0,fixed-e3m4,0.0,10,0.0,14000,detail,-0.04882973235459303,6.355017618396867e-08,7.0697697083232924e-06,40.13263149210252,7.294118859135779e-06,-0.0489906163899874,3.8847669202368706e-05
0.010144480504095554,0.00014448050409555414,0.05920731406997168,42.15833391691558,4.0,0.011872956529259682,0.999930468392958,1.2425926951530425e-12,0.056155293651579674,0.0,fixed-e3m4,0.0,10,0.0,14500,detail,-0.9477834772835311,1.3046991186027035e-07,7.878454198362306e-06,41.6148031456396,9.827052963373717e-06,-0.9476576732347417,5.969988342258148e-05
0.009374279528856277,0.0006257204711437227,0.05318150356247679,43.70572629198432,4.0,0.01223953953012824,0.9999242458789641,1.9781180251129221e-13,0.024066554422105577,0.0,fixed-e3m4,0.0,10,0.0,15000,detail,0.5835988284663861,8.378204215741912e-08,4.9854816097649746e-06,43.14369851280935,5.942376901657553e-06,0.5838306264402519,3.1970317650120705e-05
0.010280944406986237,0.00028094440698623636,0.053898999714584346,45.11734899994917,4.0,0.012650539632886648,0.9999179534933791,1.0608907771706934e-12,0.04506288996731703,0.0,fixed-e3m4,0.0,10,0.0,15500,detail,-0.0747716851182788,7.638139594512523e-08,4.7494404498138465e-06,44.53711563302204,6.072881205909653e-06,-0.0771567624723082,3.1799445423530415e-05
0.009378585033118725,0.0006214149668812754,0.06030568778208898,46.738297666888684,4.0,0.013041122583672404,0.9998830229495227,1.0023690620377635e-12,0.035456076062196695,0.0,fixed-e3m4,0.0,10,0.0,16000,detail,-0.3355048076216089,5.831841645891563e-08,7.606335202581249e-06,46.138941244687885,6.812158972024918e-06,-0.33472064803616214,3.6275341699365526e-05
0.010153090581297874,0.00015309058129787424,0.022679594376918463,48.238484791945666,4.0,0.013436622684821486,0.9999358464394846,1.2801882937778047e-12,0.04417153609983163,0.0,fixed-e3m4,0.0,10,0.0,16500,detail,-0.029009262541163518,5.221582546624322e-08,5.689002136932686e-06,47.620890581281856,5.547750788537087e-06,-0.030229615280581292,3.633732922025956e-05
0.009808549657464027,0.0001914503425359728,0.03745959793853304,49.675389791838825,4.0,0.013820747612044215,0.999903823401084,4.148057251897395e-14,0.023076161236010695,0.0,fixed-e3m4,0.0,10,0.0,17000,detail,0.2545482034734481,3.993515696470164e-08,2.161839347536443e-06,49.04023328656331,3.6731610180140706e-06,0.2546421084105219,3.379390182089992e-05
0.010518827475607395,0.000518827475607395,0.04425873697746958,51.08077145903371,4.0,0.014211705652996898,0.9999018814889133,2.346275256290825e-13,0.03981380608101416,0.0,fixed-e3m4,0.0,10,0.0,17500,detail,-0.400510523780835,4.908242037043139e-08,3.2380366974393837e-06,50.429974916158244,4.624709163181251e-06,-0.3990402271308721,3.495508281048387e-05
0.009897426702082157,0.00010257329791784307,0.033155771938652275,52.44841212499887,4.0,0.014594705542549491,0.9999204123354749,3.9437881868638184e-12,0.05813608002376944,0.0,fixed-e3m4,0.0,10,0.0,18000,detail,-0.8135134479021293,6.850962685244807e-08,1.2223619705764577e-05,51.78210292640142,7.110015758371446e-06,-0.8136960812682045,1.4490079593088012e-05
0.00957474485039711,0.0004252551496028902,0.036183256248108725,53.80892729200423,4.0,0.014975205529481173,0.9999186812406083,6.608719110028915e-13,0.05258987818163811,0.0,fixed-e3m4,0.0,10,0.0,18500,detail,0.06220373273350534,3.004697402784869e-08,2.947526354546426e-06,53.126930956495926,3.5112916521029547e-06,0.06122670760586019,2.7922487788600847e-05
0.009847552515566349,0.00015244748443365118,0.01723186880785984,55.24239245895296,4.0,0.015373372472822666,0.9999124006944897,9.203838214006661e-14,0.03654550856690106,0.0,fixed-e3m4,0.0,10,0.0,19000,detail,-0.7157770800279348,4.710741709847805e-08,1.8816085685102735e-06,54.54280469450168,1.8002872366196243e-06,-0.7158916273013096,2.5389079382875934e-05
0.010129222646355629,0.00012922264635562876,0.016895023626333147,56.62363566691056,4.0,0.015751247527077794,0.9999207735661373,1.4251753710871457e-13,0.03813013766465287,0.0,fixed-e3m4,0.0,10,0.0,19500,detail,0.3876643577079174,3.118805627893406e-08,2.681993009900907e-06,55.90667991316877,1.6309353441101848e-06,0.3899875432895618,2.6701163733378053e-05
0.009921707212924957,7.829278707504293e-05,0.020410186978138553,58.02683029184118,4.0,0.01616741460748017,0.9999287710584946,9.325524846060718e-14,0.045657125878973956,0.0,fixed-e3m4,0.0,10,0.0,20000,detail,-0.4764089707668252,3.6470730651400374e-08,2.2708686628902797e-06,57.2921341212932,2.385171683272347e-06,-0.4748923242655577,2.6189985874225385e-05
0.013798077590763569,0.0037980775907635687,98.53988374886443,0.004244750132784247,4.0,0.0,,,,0.0,fixed-e4m3,0.0,10,0.0,0,detail,,,,0.0,0.009065392427146435,,0.0006561739719472826
0.010870125144720078,0.0008701251447200773,6.227458258856133,1.4907540411222726,4.0,0.0004444580990821123,0.9996813385908498,1.5180588318732022e-09,0.0002971179558284639,0.0,fixed-e4m3,0.0,10,0.0,500,detail,0.21015155006701122,2.292866204560161e-06,0.0006678089266642928,1.4678097527939826,0.00044045448885299265,0.20934857185032615,0.0002639373706188053
0.010177846997976303,0.0001778469979763029,2.2791140813347113,2.9418939580209553,4.0,0.000836499035358429,0.9996934047282804,3.694651731171425e-10,0.00019807863721897593,0.0,fixed-e4m3,0.0,10,0.0,1000,detail,0.8322505193755629,2.6831257684149615e-06,0.00018054788233712316,2.901444555958733,0.0002640939492266625,0.8325224294920279,0.0006390711641870439
0.010409674607217312,0.00040967460721731165,1.7341753735539258,4.3626974581275135,4.0,0.0012274570763111115,0.9996334343999065,8.755126075388267e-11,0.0,0.0,fixed-e4m3,0.0,10,0.0,1500,detail,0.6633097526524956,8.478389919544097e-07,0.0001338866277365014,4.305403932696208,0.00019720548880286515,0.6639393564993628,0.00030581463943235576
0.014078800566494465,0.004078800566494465,1.6509170996187919,5.8028424580115825,4.0,0.00169599917717278,0.9995061355990674,1.7465544705096333e-10,0.0,0.0,fixed-e4m3,0.0,10,0.0,2000,detail,-0.4289423339654205,2.177954187381739e-06,9.345779108116403e-05,5.727861203253269,0.00017412642773706466,-0.4268183440269472,0.0006072860560379922
0.009557030163705349,0.00044296983629465124,1.5415973377047765,7.242725874995813,4.0,0.002108541317284107,0.9997308155384688,1.0331329962282837e-09,0.0005942359116569278,0.0,fixed-e4m3,0.0,10,0.0,2500,detail,-0.6671445789497389,3.785523016955967e-06,0.00038710239459760487,7.150247837882489,0.00027239302289672196,-0.6672859060037216,0.0005940874107182026
0.008794687688350677,0.0012053123116493227,0.7454637227036129,8.72510058293119,4.0,0.0025392083916813135,0.999616923389784,3.7789564772857896e-10,0.00019807863721897593,0.0,fixed-e4m3,0.0,10,0.0,3000,detail,0.8498306668373761,1.6140369220386056e-07,0.00014134620141703635,8.613968974212185,5.654915003105998e-05,0.8498269679249265,0.00015490131045226008
0.009874621406197548,0.0001253785938024523,0.8571153310240247,10.178302166052163,4.0,0.0029840003699064255,0.9996458413778514,6.193522854881362e-11,0.0,0.0,fixed-e4m3,0.0,10,0.0,3500,detail,0.27575091960917425,3.02196551390872e-07,0.00010350330558139831,10.049705886514857,0.00011385946709197015,0.27247094510490183,9.001996659208089e-05
0.00710487412288785,0.0028951258771121504,1.0068604358338946,11.694938416127115,4.0,0.003465167246758938,0.9997073169627457,2.68106548561885e-10,0.0002971179558284639,0.0,fixed-e4m3,0.0,10,0.0,4000,detail,0.9456431905597327,1.39220843929114e-07,0.00015020118735264987,11.548300702823326,0.00013950254651717842,0.9464293787529836,0.0002272566343890503
0.009762158617377281,0.00023784138262271902,0.3792509947387639,13.247443166095763,4.0,0.0038584591820836067,0.9997108846647045,8.316998816652998e-11,0.0,0.0,fixed-e4m3,0.0,10,0.0,4500,detail,-0.18069342595427448,2.8157123216006765e-07,6.134106661193073e-05,13.081974535947666,2.7395928555051796e-05,-0.18186627574498643,0.00013521256914827973
0.007308099884539843,0.0026919001154601576,0.5255916044838821,14.774238832993433,4.0,0.00425704219378531,0.9996306949944834,6.491858296036804e-11,0.0008913538674853917,0.0,fixed-e4m3,0.0,10,0.0,5000,detail,0.6108468151577395,1.53947619616288e-07,4.81620263599325e-05,14.590306150261313,5.0671587814576924e-05,0.6109054296187889,0.00014514823851641268
0.012064367532730103,0.0020643675327301023,0.4541233099067428,16.228137250058353,4.0,0.004679000237956643,0.999680595392905,3.755547921724749e-11,0.0010894325047043677,0.0,fixed-e4m3,0.0,10,0.0,5500,detail,0.5865301549675663,6.420621142997373e-08,5.25858486071229e-05,16.025399180827662,4.996317875338718e-05,0.5866879567305311,9.049559594132006e-05
0.010861996561288834,0.0008619965612888334,0.36665555373390096,17.660207791021094,4.0,0.005151417106389999,0.9997379016813353,2.8039101447460934e-11,0.00039615727443795186,0.0,fixed-e4m3,0.0,10,0.0,6000,detail,-0.844000093504989,5.896063559328776e-07,4.398122837301344e-05,17.437849967740476,6.528176163556054e-05,-0.8445892246878549,0.00018996525614056736
0.009623792953789234,0.00037620704621076605,0.6510192953647318,19.091114750131965,4.0,0.005589375970885158,0.9997457934246394,1.3502313959943786e-10,0.00019807863721897593,0.0,fixed-e4m3,0.0,10,0.0,6500,detail,0.28402944339996716,8.004619437774927e-07,0.00013606161519419402,18.848471796605736,5.641388997901231e-05,0.27936101760038706,0.0001912798616103828
0.008826056495308876,0.0011739435046911242,0.18367898949052983,20.55392724997364,4.0,0.006046542897820473,0.999616351487326,1.45570264914026e-11,0.00019807863721897593,0.0,fixed-e4m3,0.0,10,0.0,7000,detail,0.7313680036250402,9.842808491295996e-09,3.11670737573877e-05,20.29214680241421,3.085549906245433e-05,0.7305448858925682,7.167115109041333e-05
0.01170391496270895,0.0017039149627089498,0.22357679676056125,21.999729875009507,4.0,0.006508834892883897,0.9996537486884808,1.8194187612249838e-11,0.0004951965930474399,0.0,fixed-e4m3,0.0,10,0.0,7500,detail,0.3794147992358335,1.1993976668281367e-07,3.6497352994047105e-05,21.71829100116156,7.892013672972098e-05,0.38046472612743204,0.00012713909382000566
0.01216695737093687,0.0021669573709368704,0.20898099984861554,23.53349958313629,4.0,0.0070957099087536335,0.9997412948971045,2.934261672436021e-11,0.0004951965930474399,0.0,fixed-e4m3,0.0,10,0.0,8000,detail,0.04937863335237083,2.683154179222326e-07,4.348059155745432e-05,23.232272751862183,6.172308349050581e-05,0.052117484957550926,0.00018361872935201973
0.010844124481081963,0.0008441244810819624,0.2546161913592219,25.1168499160558,4.0,0.00753004290163517,0.9996389970068466,2.53547231916126e-11,0.0,0.0,fixed-e4m3,0.0,10,0.0,8500,detail,0.41159297747218776,5.8377955713325915e-08,2.8814551114919595e-05,24.79472575057298,2.6815863748197444e-05,0.4101090877586449,6.978046440053731e-05
0.009340731427073479,0.0006592685729265215,0.14284489996859315,26.522601749980822,4.0,0.008073750883340836,0.9997296476782181,5.3251075257754955e-12,0.0006932752302664158,0.0,fixed-e4m3,0.0,10,0.0,9000,detail,0.7582684216886344,9.750346499477448e-08,1.558466101414524e-05,26.183030079351738,3.6751047446159646e-05,0.7620594310805194,0.00012783927377313375
0.010109872557222843,0.00010987255722284296,0.1396100742892026,27.968943665968254,4.0,0.008588916854932904,0.9997371850059772,5.33231255499788e-11,0.0005942359116569278,0.0,fixed-e4m3,0.0,10,0.0,9500,detail,-0.24827188839529046,1.832704773889506e-07,5.118489571032114e-05,27.60997452796437,6.355933146551251e-05,-0.24822564313220033,7.401116454275325e-05
0.00984304677695036,0.00015695322304964086,0.09764113481646804,29.77987941610627,4.0,0.00897445878945291,0.9996808884422377,1.5700878668763235e-11,9.903931860948797e-05,0.0,fixed-e4m3,0.0,10,0.0,10000,detail,-0.5349352054790161,6.893264197575281e-07,3.334649954922497e-05,29.393129071686417,4.677730248658918e-05,-0.5331209417955651,0.00016875698929652572
0.011584803462028503,0.0015848034620285032,0.12237031984130657,31.306371707934886,4.0,0.009375500725582242,0.9996763481967992,2.1019571228799602e-11,0.0013865504605328316,0.0,fixed-e4m3,0.0,10,0.0,10500,detail,-0.29122353745789714,1.6450650963940338e-07,2.1910287614446133e-05,30.89921355433762,3.138753891107626e-05,-0.2921551611738903,6.881549052195624e-05
0.009965349920094013,3.4650079905986994e-05,0.171480829306737,32.775676041143015,4.0,0.009806375717744231,0.9996160499016276,1.0611928043589487e-11,0.0008913538674853917,0.0,fixed-e4m3,0.0,10,0.0,11000,detail,-0.09647748121045605,6.59008181954608e-08,1.6041369235608727e-05,32.34745801659301,1.2821806194551755e-05,-0.09702148488141468,5.530084308702499e-05
0.009656731970608234,0.0003432680293917658,0.09744439301540485,34.190812041051686,4.0,0.01018716674298048,0.9996241108882173,3.525112269044112e-11,0.0011884718233138556,0.0,fixed-e4m3,0.0,10,0.0,11500,detail,0.09287570294857152,1.6643015432699695e-07,3.917168942280114e-05,33.744663236895576,2.238709021185059e-05,0.09189259440807718,9.350889013148844e-05
0.011549511924386024,0.0015495119243860243,0.14981016386015195,35.610867250012234,4.0,0.01076895883306861,0.9997321992397737,9.539362187255913e-12,0.0007923145488759037,0.0,fixed-e4m3,0.0,10,0.0,12000,detail,-0.21656734598170058,4.193951705582365e-08,3.126210140180774e-05,35.14566685282625,8.948887989390641e-05,-0.22063652393303043,0.00012973035336472094
0.008503645658493042,0.0014963543415069582,0.13704494166924897,37.062537416117266,4.0,0.011179291876032948,0.9996193827860472,1.3962557615328014e-12,0.0002971179558284639,0.0,fixed-e4m3,0.0,10,0.0,12500,detail,0.359844726876783,3.379358418830333e-08,1.0553967513260432e-05,36.579670689068735,1.2862254152423702e-05,0.35756700407022707,9.111111285164952e-05
0.011145356111228466,0.0011453561112284658,0.11616986280875247,38.48154183314182,4.0,0.01156133390031755,0.9996767917003457,3.4601850757659725e-12,0.0009903931860948797,0.0,fixed-e4m3,0.0,10,0.0,13000,detail,-0.49819907494825283,9.535212247217281e-08,1.1598302990023512e-05,37.9787320245523,1.7333919458906166e-05,-0.500764091278968,9.095726272789761e-05
0.009050283581018448,0.0009497164189815523,0.13492599488092966,39.89689483307302,4.0,0.011962041957303882,0.9996967526168912,2.0058449671486438e-11,0.005447162523521838,0.0,fixed-e4m3,0.0,10,0.0,13500,detail,0.1353109198077482,3.0588861429533466e-07,2.6939578674500808e-05,39.37598319980316,1.7547772586112842e-05,0.1350710821785778,0.0001530494337202981
0.010075012221932411,7.501222193241099e-05,0.04903091398892016,41.37825079099275,4.0,0.012414084048941731,0.9997664390780939,1.6726806983192703e-12,0.0009903931860948797,0.0,fixed-e4m3,0.0,10,0.0,14000,detail,0.7380048904044285,8.653395434109755e-08,7.468877356586745e-06,40.84074577130377,8.11828977020923e-06,0.7375192791279234,0.00010378885053796694
0.010204148478806019,0.00020414847880601862,0.08383469382812364,42.802306124940515,4.0,0.012834042077884078,0.9997575723560251,3.2240070691248993e-11,0.00019807863721897593,0.0,fixed-e4m3,0.0,10,0.0,14500,detail,0.787518956000739,3.1931959239315575e-08,3.446367918513715e-05,42.24716177210212,6.822767772973748e-06,0.7884196029042204,8.881474059307948e-05
0.008901341818273067,0.0010986581817269327,0.09136938219378862,44.148760749958456,4.0,0.01320487610064447,0.9996464540916535,5.9269768719037915e-12,0.004654847974645934,0.0,fixed-e4m3,0.0,10,0.0,15000,detail,-0.34020717969051695,3.8998706380754356e-08,6.359645794873359e-06,43.57587974425405,6.738937372574583e-06,-0.34144120126041694,7.243207801366225e-05
0.009265681728720665,0.0007343182712793352,0.08275980087283931,45.4857653749641,4.0,0.013597542187198997,0.9997857984154903,3.977741346439275e-12,0.0017827077349707834,0.0,fixed-e4m3,0.0,10,0.0,15500,detail,0.10725550918077187,3.596550238370462e-08,8.784548299445305e-06,44.89611736382358,7.3542514655855484e-06,0.10974065558340067,6.593857688130811e-05
0.010919132269918919,0.0009191322699189184,0.08568972290555141,46.91387758310884,4.0,0.013986584031954408,0.9995656677905935,4.361168717651515e-12,0.0002971179558284639,0.0,fixed-e4m3,0.0,10,0.0,16000,detail,-0.1323753991173961,2.7720087556074848e-08,1.083588085748488e-05,46.30568356998265,9.584635336068459e-06,-0.13615613464322662,5.8400379202794284e-05
0.009480532258749008,0.000519467741250992,0.06188679155144279,48.33780083293095,4.0,0.014390542171895504,0.9997394167672643,8.016186764360256e-13,0.003961572744379519,0.0,fixed-e4m3,0.0,10,0.0,16500,detail,-0.46458292642786253,6.933963053445236e-08,4.460608579393011e-06,47.711436078185216,5.898613380850293e-06,-0.4670109940054211,5.837175194756128e-05
0.010335960425436497,0.0003359604254364965,0.09421124714380325,49.68907608301379,4.0,0.01477070921100676,0.9997877994710658,9.3385349905135e-12,0.002674061602456175,0.0,fixed-e4m3,0.0,10,0.0,17000,detail,-0.5024711760342815,1.0997617828345366e-07,9.395597771799657e-06,49.045552376657724,9.32293914956972e-06,-0.5007022082153797,8.51058357511647e-05
0.009701259434223175,0.00029874056577682516,0.07734325446585599,51.06294604111463,4.0,0.015160042094066739,0.9994660618539802,2.3081324726781337e-11,0.0010894325047043677,0.0,fixed-e4m3,0.0,10,0.0,17500,detail,-0.6311581674708886,2.1427874716680516e-07,1.4729640497535001e-05,50.402820211136714,1.64606226462638e-05,-0.6413003949750516,7.891477434895933e-05
0.011537816375494003,0.001537816375494003,0.06783072752218433,52.46255149994977,4.0,0.015542542096227407,0.9997262798236429,5.4112766512323295e-12,0.0010894325047043677,0.0,fixed-e4m3,0.0,10,0.0,18000,detail,-0.888005393363992,2.1522935719898937e-07,1.2360243999864906e-05,51.78486201376654,6.578370630450081e-06,-0.8885663517883806,8.151393558364362e-05
0.010062049143016338,6.204914301633814e-05,0.04786174860687763,53.80238433298655,4.0,0.015961459139361978,0.9996916692584782,1.6046961102750673e-12,0.0007923145488759037,0.0,fixed-e4m3,0.0,10,0.0,18500,detail,0.6796929868084847,8.661280002239096e-08,5.53574318473693e-06,53.108859221683815,6.1869809542258736e-06,0.6787511755971926,5.9024863730883226e-05
0.009587564505636692,0.00041243549436330816,0.11115364083112231,55.173377708066255,4.0,0.016385501017794013,0.9996337193209556,4.2769032668413145e-13,0.0007923145488759037,0.0,fixed-e4m3,0.0,10,0.0,19000,detail,-0.21287565803415015,1.0133569377237165e-07,3.049190809178981e-06,54.4637669196818,6.77004391036462e-06,-0.2118005466401229,6.184689118526876e-05
0.010189628228545189,0.0001896282285451887,0.06645762693913994,56.522214125143364,4.0,0.016780500998720527,0.9996394298400956,8.45236897024856e-12,0.0012875111419233436,0.0,fixed-e4m3,0.0,10,0.0,19500,detail,-0.885014039743837,1.7894046251464588e-07,6.019192369421944e-06,55.796771224588156,4.715686827694299e-06,-0.8865296462046028,6.2912491557654e-05
0.009627268649637699,0.0003727313503623011,0.09132885469995186,57.88864954095334,4.0,0.017176292138174176,0.9996121148852022,7.093591229683164e-13,0.0008913538674853917,0.0,fixed-e4m3,0.0,10,0.0,20000,detail,0.4686448627971622,9.56551281052633e-08,5.888139639864676e-06,57.14441993669607,8.186238119378686e-06,0.47346100922815837,5.968515688437037e-05
6.332807242870331e-05,0.009936671927571297,123.22371592279724,0.0044460841454565525,4.0,0.0,,,,0.0,fixed-e5m2,0.0,10,0.0,0,detail,,,,0.0,0.010433974675834179,,0.002452492481097579
0.007109750993549824,0.0028902490064501764,8.491260651586664,1.414334542118013,4.0,0.0004343339242041111,0.998469242096602,4.039867974379708e-09,0.0,0.0,fixed-e5m2,0.0,10,0.0,500,detail,0.8676762637001726,6.197224547425192e-07,0.0007340252632275224,1.391231200657785,0.0008260062313638628,0.8704500624078046,0.001045498764142394
0.002340830396860838,0.007659169603139162,3.89927476356593,2.8238757920917124,4.0,0.0009142509661614895,0.9988792717537391,5.735747808212988e-09,0.0,0.0,fixed-e5m2,0.0,10,0.0,1000,detail,-0.7934994835413876,1.4542724472589403e-05,0.0004993496695533395,2.781665933318436,0.00032999474206008017,-0.7965199909611906,0.0016171864699572325
0.008266191929578781,0.001733808070421219,2.2838032931846377,4.270469750044867,4.0,0.0012934168335050344,0.9985848518339281,2.455965620191398e-09,0.0,0.0,fixed-e5m2,0.0,10,0.0,1500,detail,0.8433611671029883,2.8305657409716403e-06,0.0003440506407059729,4.21018706029281,0.0005217906436882913,0.8420299016322724,0.0010915171587839723
0.009216158650815487,0.0007838413491845133,3.559775033557775,5.732823750004172,4.0,0.0017292497213929892,0.9986253803876664,5.814406610516185e-10,0.0,0.0,fixed-e5m2,0.0,10,0.0,2000,detail,-0.5556788907619874,4.160094515094233e-06,0.00024265928368549794,5.653286017244682,0.0006196351605467498,-0.560318837842592,0.0016741269500926137
0.008267498575150967,0.0017325014248490336,2.0546251447394894,7.090566709171981,4.0,0.002106249565258622,0.9988513032480137,3.448268580861823e-09,0.0,0.0,fixed-e5m2,0.0,10,0.0,2500,detail,-0.939271491007668,8.964084356729461e-06,0.00036572807584889233,6.994052519090474,0.0004229868354741484,-0.9375126012515766,0.0008396840421482921
0.013175787404179573,0.003175787404179573,1.1661658119310898,8.448634084081277,4.0,0.0024937917478382587,0.9984501098856331,1.862756095886451e-09,0.0,0.0,fixed-e5m2,0.0,10,0.0,3000,detail,0.9307682640327631,1.3126058582948249e-06,0.0002747040125541389,8.334456416312605,0.00035362874041311443,0.9331874272255253,0.0008997172699309886
0.006110337097197771,0.003889662902802229,1.2242525120228935,9.821190667105839,4.0,0.002879166742786765,0.9983621280038733,4.883715318271981e-09,0.0,0.0,fixed-e5m2,0.0,10,0.0,3500,detail,-0.10095956859200002,1.89014075206956e-06,0.0007051072316244245,9.68895567394793,0.0003473502292763442,-0.10640375405494308,0.0007452761055901647
0.0070579154416918755,0.0029420845583081248,1.0680106788289685,11.17447750014253,4.0,0.003280207747593522,0.9990499786889362,2.104642694197824e-10,0.0,0.0,fixed-e5m2,0.0,10,0.0,4000,detail,-0.43110583297896365,4.588636158024901e-07,0.00010281880531692877,11.024548672139645,8.712435374036431e-05,-0.4309159391246108,0.00046800693962723017
0.006869263015687466,0.0031307369843125345,1.1785448937452503,12.693019042024389,4.0,0.003719749627634883,0.9989431656826608,2.2518560530080748e-10,0.0,0.0,fixed-e5m2,0.0,10,0.0,4500,detail,0.217254946016018,1.026610499456583e-06,9.496870916336775e-05,12.52452708594501,8.029073796933517e-05,0.21357366727152863,0.0007049824926070869
0.009915899485349655,8.410051465034506e-05,0.5698150824888387,14.159837458981201,4.0,0.00415349961258471,0.9989499482517121,3.1884374328331526e-10,0.0,0.0,fixed-e5m2,0.0,10,0.0,5000,detail,-0.716927972021719,1.0317804402903834e-06,9.339404641650617e-05,13.97258420730941,7.417624874506146e-05,-0.7177542757369901,0.0006668053101748228
0.01115860790014267,0.0011586079001426695,0.7238747853546338,15.596569624962285,4.0,0.004541874630376697,0.998870920901906,1.1170887570402442e-10,0.0,0.0,fixed-e5m2,0.0,10,0.0,5500,detail,-0.5126630629884458,6.204272779414433e-07,7.202623237390071e-05,15.391382237430662,5.128920020069927e-05,-0.5063585934900497,0.00046987319365143776
0.008402162231504917,0.001597837768495083,0.6929997800816317,17.03241008403711,4.0,0.004946915665641427,0.9982531899654068,3.29593123531959e-10,0.0,0.0,fixed-e5m2,0.0,10,0.0,6000,detail,0.7705018346496423,1.911889834697469e-07,8.66957925609313e-05,16.808437277795747,0.00013114236935507506,0.7692556783476281,0.00024333674809895456
0.012612363323569298,0.0026123633235692976,0.95569491488031,18.472865875111893,4.0,0.005417081527411938,0.9984938606255693,2.2266266532581772e-10,0.0,0.0,fixed-e5m2,0.0,10,0.0,6500,detail,-0.26296958457472847,2.373030515211261e-07,9.167329699266702e-05,18.230590652208775,0.00012967638031113893,-0.2694578471818032,0.00015513465041294694
0.009534809738397598,0.00046519026160240194,0.5639481783535719,19.956402166979387,4.0,0.006134789669886231,0.9989288602793529,3.3242657270170245e-10,0.0,0.0,fixed-e5m2,0.0,10,0.0,7000,detail,-0.36838863172326475,2.538898980734399e-07,0.00010644651774782687,19.69391053263098,9.893247624859214e-05,-0.37219403803476414,0.0002583429159130901
0.009045896120369434,0.0009541038796305659,0.46516275264462337,21.54999737511389,4.0,0.006607623538002372,0.9988263690322333,2.4204314053708434e-10,0.0,0.0,fixed-e5m2,0.0,10,0.0,7500,detail,-0.8729060978477605,9.673442049150455e-07,7.560068479506299e-05,21.263688544975594,7.727809133939445e-05,-0.8732905678686648,0.0003728500450961292
0.010107384994626045,0.00010738499462604502,0.21683593755382685,23.04862704197876,4.0,0.006999623728916049,0.9991273079334059,8.62382612506627e-11,0.0,0.0,fixed-e5m2,0.0,10,0.0,8000,detail,0.8250407720404916,1.15736819569e-07,4.8320656787836924e-05,22.74339469941333,2.988506639667321e-05,0.8215706736714565,0.00012683369277510792
0.008310469798743725,0.0016895302012562754,0.36628477572211066,24.435923875076696,4.0,0.007448290707543492,0.998783380307904,3.750501365628667e-11,0.0,0.0,fixed-e5m2,0.0,10,0.0,8500,detail,0.8309239093243928,1.6323470877681764e-07,4.000248736701906e-05,24.11261186772026,4.843336864723824e-05,0.8359892151707188,0.00023812240397091955
0.008039644919335842,0.001960355080664158,0.30162070729187285,25.82501779217273,4.0,0.007945956662297249,0.998455598285258,3.926602120876864e-11,0.0,0.0,fixed-e5m2,0.0,10,0.0,9000,detail,-0.3603897772841476,3.447725533216417e-07,4.969408473698422e-05,25.48400796460919,0.0002947926986962557,-0.34792853480451247,0.00020156298705842346
0.010204974561929703,0.00020497456192970255,0.29654263579217716,27.20808112504892,4.0,0.008345497772097588,0.9985609006699344,2.7334860694758184e-11,0.0,0.0,fixed-e5m2,0.0,10,0.0,9500,detail,0.17772176189350494,1.7588610471792975e-08,3.103143535554409e-05,26.849369337083772,0.00010586417920421809,0.18135581046677648,0.00015459129645023495
0.011270194314420223,0.001270194314420223,0.19555971282261686,28.558899500174448,4.0,0.008732747752219439,0.9985476790910462,1.9445368779692467e-11,0.0,0.0,fixed-e5m2,0.0,10,0.0,10000,detail,0.07370501188152938,6.613325292423295e-08,2.6778179744724184e-05,28.18259266205132,3.603401273721829e-05,0.06497778640957833,9.002952720038593e-05
0.011324084363877773,0.001324084363877773,0.26040288699564457,29.90754945902154,4.0,0.009116413770243526,0.9975998310415775,3.464185672990171e-11,0.0,0.0,fixed-e5m2,0.0,10,0.0,10500,detail,0.8369834655705032,4.7118232266144694e-07,1.959090877790004e-05,29.51345253130421,2.6625564714777283e-05,0.8366017577822065,0.00021666941756848246
0.009257016703486443,0.0007429832965135576,0.23200366082054855,31.285411209100857,4.0,0.00952487182803452,0.9977995837466292,2.4292172790501613e-10,0.0,0.0,fixed-e5m2,0.0,10,0.0,11000,detail,0.44779124301084233,1.613514027466997e-06,4.110731970285997e-05,30.873163616284728,3.475148696452379e-05,0.4567151674023554,0.00039233610732480884
0.00970111321657896,0.0002988867834210398,0.122728141326367,32.673707959009334,4.0,0.00989566370844841,0.9980468399230353,1.1873930716570091e-10,0.0,0.0,fixed-e5m2,0.0,10,0.0,11500,detail,-0.610109360819031,1.1539256559422834e-07,1.5164803699008189e-05,32.243720622267574,1.629975304240361e-05,-0.5983014956841822,0.00010760712757473812
0.009462046436965466,0.0005379535630345347,0.2607435167780794,34.05258266697638,4.0,0.010310705751180649,0.9988773918839386,4.679483203372691e-11,0.0,0.0,fixed-e5m2,0.0,10,0.0,12000,detail,0.6627323282486046,3.044337445634725e-07,2.6041645469376817e-05,33.60492608929053,2.5215018467861228e-05,0.6724184328998927,0.00017337017925456166
0.009314920753240585,0.0006850792467594149,0.13331729693735284,35.421205084072426,4.0,0.010689997812733054,0.9993262622526271,5.310860596939448e-11,0.0,0.0,fixed-e5m2,0.0,10,0.0,12500,detail,-0.3068314593967056,2.4565100478237254e-07,3.5085548006463796e-05,34.956019597360864,2.7286567274131812e-05,-0.30294134942180145,0.00018329719023313373
0.008637568913400173,0.001362431086599827,0.2707166443504399,36.7935455001425,4.0,0.011074997717514634,0.9989029605204035,5.057389088397565e-11,0.0,0.0,fixed-e5m2,0.0,10,0.0,13000,detail,0.5436228490217943,1.029434374017637e-07,2.640200182213448e-05,36.311300007626414,2.20425699808402e-05,0.5387329073159554,0.00011346086103003472
0.009076944552361965,0.000923055447638035,0.24879273160543353,38.13245024997741,4.0,0.011641039745882154,0.9993192060062096,6.337473294308486e-11,0.0,0.0,fixed-e5m2,0.0,10,0.0,13500,detail,0.9534707238476499,1.9406239346686273e-07,2.3143404177972116e-05,37.632330552442,2.4025148377404548e-05,0.9533444716484395,0.00011797622573794797
0.00934963021427393,0.0006503697857260706,0.231378515793983,39.492068791994825,4.0,0.012082539731636643,0.9987012895161735,4.634112464099263e-12,0.0,0.0,fixed-e5m2,0.0,10,0.0,14000,detail,-0.2720660451992788,1.0009722625292702e-06,1.8395945517113432e-05,38.97432379168458,1.5710473235230893e-05,-0.26443102441121547,0.0002928412868641317
0.01077619381248951,0.0007761938124895094,0.12632076250501156,40.928145667072386,4.0,0.012477122945711017,0.998904051997952,2.7388214171696573e-11,0.0,0.0,fixed-e5m2,0.0,10,0.0,14500,detail,0.5123623827742491,3.209353737854752e-07,3.326933801872656e-05,40.39225113997236,1.9836932551697828e-05,0.5054799943296915,0.00016607361612841487
0.00986932311207056,0.00013067688792943975,0.1568902680626281,42.31095091695897,4.0,0.012852039886638522,0.9989282314053902,1.024143451692606e-11,0.0,0.0,fixed-e5m2,0.0,10,0.0,15000,detail,-0.6147695455052865,4.6515766120247005e-07,1.7806445612222888e-05,41.75793376285583,2.269672040711157e-05,-0.6074606230982411,0.00019338354468345642
0.009032187052071095,0.0009678129479289057,0.16771197358237122,43.67997629218735,4.0,0.013228664873167872,0.9987482781388936,6.666912009369314e-11,0.0,0.0,fixed-e5m2,0.0,10,0.0,15500,detail,-0.8177325909957417,4.818989649767313e-07,2.1898642444284633e-05,43.108996133785695,2.0717576262541115e-05,-0.8136141027951707,0.00017097513773478568
0.009044675156474113,0.0009553248435258867,0.20073511246457126,45.049333333969116,4.0,0.013654372887685895,0.998676259678359,1.4055223251422652e-11,0.0,0.0,fixed-e5m2,0.0,10,0.0,16000,detail,-0.6825487863398669,4.400213068841029e-07,1.888473161670845e-05,44.46096059679985,2.2794098185840994e-05,-0.6789706487897931,0.00018188626563642174
0.009579503908753395,0.00042049609124660513,0.15325557087469371,46.431464000139385,4.0,0.014077580999583006,0.9987397739695963,9.836713553436935e-12,0.0,0.0,fixed-e5m2,0.0,10,0.0,16500,detail,-0.7873960239274473,1.253467214898595e-06,1.0618899977998808e-05,45.82489801500924,1.140887525252765e-05,-0.7959194854711106,0.0004077619523741305
0.00971604511141777,0.0002839548885822298,0.17628020455865265,47.81853170902468,4.0,0.014483997831121087,0.9991437061617154,1.2493003631735127e-11,0.0,0.0,fixed-e5m2,0.0,10,0.0,17000,detail,0.5028429098657511,1.2412019063149643e-06,1.722210981824901e-05,47.194837210467085,2.9701974199269898e-05,0.507810777394122,0.0004808854719158262
0.009295285679399967,0.000704714320600033,0.16472791738119266,49.21134679205716,4.0,0.014867497840896249,0.9980421031538194,1.3333202208755627e-11,0.0,0.0,fixed-e5m2,0.0,10,0.0,17500,detail,0.47341431456121136,9.174374541191388e-07,1.7178128473460674e-05,48.570474163396284,1.1281149454589467e-05,0.4798205763847716,0.000357004813849926
0.010416416451334953,0.0004164164513349531,0.1364830970458298,50.585473499959335,4.0,0.015307955909520388,0.9987598814945294,4.517293883781262e-12,0.0,0.0,fixed-e5m2,0.0,10,0.0,18000,detail,0.4093885538365682,8.530191809517571e-07,6.883128662593663e-06,49.92756354203448,1.4162879779178184e-05,0.4022003788123955,0.0003414501843508333
0.009790398180484772,0.00020960181951522848,0.08991722611108283,51.91574416705407,4.0,0.015701455995440483,0.9986292765875574,5.76288421645624e-11,0.0,0.0,fixed-e5m2,0.0,10,0.0,18500,detail,0.7583707839997421,7.07012261175016e-07,2.4134671548381448e-05,51.24210700625554,8.034118764044251e-06,0.763604838434793,0.00036059567355550826
0.010338027961552143,0.0003380279615521429,0.10848767313479184,53.24934900016524,4.0,0.016109955962747335,0.9988144138638405,6.567554994067048e-12,0.0,0.0,fixed-e5m2,0.0,10,0.0,19000,detail,0.23812157723617566,1.3187468689996665e-06,1.9401613826630637e-05,52.560467205010355,1.197430810861988e-05,0.24140693083998996,0.00034881356987170875
0.010467725805938244,0.00046772580593824366,0.1809571056507822,54.61718345899135,4.0,0.016510996967554092,0.9987057467495293,3.867744746947223e-12,0.0,0.0,fixed-e5m2,0.0,10,0.0,19500,detail,-0.16394910277529018,1.1331921577796382e-06,1.0627957635733765e-05,53.91096830018796,1.542560858069919e-05,-0.16953167843555178,0.0003083951596636325
0.009587795473635197,0.0004122045263648035,0.13462016058638368,55.985827250173315,4.0,0.016935830004513264,0.9988205086249337,2.111512792558724e-11,0.0,0.0,fixed-e5m2,0.0,10,0.0,20000,detail,0.8637270346370663,9.060129793729977e-07,1.5852034266572446e-05,55.26061781309545,1.672015969234053e-05,0.8651249778666819,0.0003499194572214037
0.013798077590763569,0.0037980775907635687,98.53988374886443,0.004619542043656111,4.0,0.0,,,,0.0,fixed-hybrid,0.0,10,0.0,0,detail,,,,0.0,0.009065392427146435,,0.0006561739719472826
0.0071831755340099335,0.0028168244659900667,5.246667436013217,1.4810564999934286,4.0,0.00044000009074807167,0.9986522360891458,7.68163374191955e-10,0.0,0.0,fixed-hybrid,0.0,10,0.0,500,detail,0.2005292745244396,3.358783024322046e-06,0.0003687744028866291,1.4578445977531374,0.00038918553036637604,0.20584829363296606,0.000705655082128942
0.008690840564668179,0.0013091594353318216,2.4777674565355587,2.9523098340723664,4.0,0.0008429170120507479,0.9990497786390825,4.128782912837935e-10,0.0,0.0,fixed-hybrid,0.0,10,0.0,1000,detail,-0.7232731076471955,1.794173844667064e-06,0.00013617592048831284,2.9091615562792867,0.0001709820789983496,-0.7261685340153383,0.0005084283766336739
0.006632436998188496,0.0033675630018115046,1.9336372327420157,4.372750625014305,4.0,0.0012794588692486286,0.998965269664862,7.416288776011112e-10,0.0,0.0,fixed-hybrid,0.0,10,0.0,1500,detail,0.40793556081668053,3.5943018222503427e-07,0.00015738382353447378,4.310638346942142,0.00048589063226245344,0.40849376161844725,0.0003961477195844054
0.008181466720998287,0.001818533279001713,1.1046545221129525,5.82260304200463,4.0,0.0016676667146384716,0.9983434754304242,9.685845240609625e-09,0.0,0.0,fixed-hybrid,0.0,10,0.0,2000,detail,0.11227906811401692,2.7843565496387605e-06,0.0003805494634434581,5.741321514593437,0.00016424684145022184,0.11518705639103669,0.000317716650897637
0.004195443820208311,0.005804556179791689,1.5556930283841408,7.231282917084172,4.0,0.002076083794236183,0.9984355226684034,5.724536797352485e-10,0.0,0.0,fixed-hybrid,0.0,10,0.0,2500,detail,0.7164268260848661,1.7419085014370034e-07,0.0001132305187638849,7.131482768571004,0.00017008143186103553,0.7147576237410449,0.0002567875781096518
0.00928876269608736,0.0007112373039126398,1.1140070515840068,8.618204167112708,4.0,0.002485708799213171,0.9981188801780773,1.0191948249442874e-08,0.0,0.0,fixed-hybrid,0.0,10,0.0,3000,detail,0.8901331610771822,5.506009485434174e-07,0.000587735150475055,8.501141292275861,0.00014387303963303566,0.8919782057604942,0.0003580446937121451
0.011760924942791462,0.0017609249427914617,0.6337127921449435,10.048555500106886,4.0,0.002981750760227442,0.9986703156130342,1.3137467438948187e-10,0.0,0.0,fixed-hybrid,0.0,10,0.0,3500,detail,0.41879125644706633,1.0946996442237317e-07,5.1460556278470904e-05,9.913288872223347,9.019997378345579e-05,0.41348680605334337,0.00013721811410505325
0.01421055942773819,0.0042105594277381895,1.0853792478596962,11.478909500176087,4.0,0.003404708579182625,0.9985312397229319,1.506611661301203e-09,0.0,0.0,fixed-hybrid,0.0,10,0.0,4000,detail,0.1624543382660855,6.256299262148628e-07,0.00027353191399015486,11.323955168947577,0.0004448748077265918,0.15913640698905868,0.00024623365607112646
0.007599047850817442,0.0024009521491825583,0.604506066381753,12.892917375080287,4.0,0.0038035004399716854,0.9986439561269007,6.369607896255291e-10,0.0,0.0,fixed-hybrid,0.0,10,0.0,4500,detail,0.20759975486144092,2.8376751115602816e-07,0.00015260423242580146,12.719699294539168,0.0002388828288530931,0.20243731472068818,0.00028199274674989283
0.01052212156355381,0.0005221215635538099,0.38765661110866,14.290559667162597,4.0,0.004183875396847725,0.9988859977957133,1.643312724614157e-10,0.0,0.0,fixed-hybrid,0.0,10,0.0,5000,detail,-0.6608433817980928,3.513956435387369e-07,4.46887752332259e-05,14.100199550855905,5.9327019698685035e-05,-0.662159014411394,0.00012700175284408033
0.010755673050880432,0.0007556730508804319,0.4315156674048521,15.677630583988503,4.0,0.004622792359441519,0.9989023878228991,5.091586915817135e-10,0.0,0.0,fixed-hybrid,0.0,10,0.0,5500,detail,0.8804731118580251,5.240217822593049e-08,0.00010648773604771122,15.469904467463493,9.217138722306117e-05,0.8801875350831806,7.748770440230146e-05
0.01119114737957716,0.0011911473795771597,0.2169158623382068,17.105647792108357,4.0,0.005039709387347102,0.9987760951745794,2.506236059215197e-11,0.0,0.0,fixed-hybrid,0.0,10,0.0,6000,detail,0.5721003159232978,2.8059731200251117e-08,1.6024845535866916e-05,16.88056410383433,2.7187248633708805e-05,0.5730370996892348,7.728199125267565e-05
0.01049473974853754,0.0004947397485375402,0.3598898178750266,18.532658042153344,4.0,0.00545533443801105,0.9986568625201012,2.1824265970982907e-10,0.0,0.0,fixed-hybrid,0.0,10,0.0,6500,detail,-0.3504573494712543,3.740794836433193e-07,5.75678059249185e-05,18.288365945219994,4.885689850198105e-05,-0.35102881911815464,0.0001727740018395707
0.009785705246031284,0.00021429475396871588,0.26916356005304626,20.05162425013259,4.0,0.005884292535483837,0.9987424030893041,1.7995872961712316e-10,0.0,0.0,fixed-hybrid,0.0,10,0.0,7000,detail,0.9441763268246173,3.5401073691528173e-07,4.340332088759169e-05,19.78982651536353,4.23789861088153e-05,0.9459006423983866,0.00017018684593494982
0.01004726067185402,4.726067185401896e-05,0.20087528256910622,21.51715520909056,4.0,0.006287625525146723,0.9987533637194269,4.061812251248061e-11,0.0,0.0,fixed-hybrid,0.0,10,0.0,7500,detail,-0.04676036591936223,8.822024757971077e-08,4.349812297732569e-05,21.23736689868383,3.2757321605458856e-05,-0.04237326362819946,6.694655166938901e-05
0.010634276084601879,0.0006342760846018789,0.21673422598387346,22.925676458980888,4.0,0.00668062549084425,0.9986412303484244,2.785602806273681e-10,0.0,0.0,fixed-hybrid,0.0,10,0.0,8000,detail,-0.28413198330012274,2.3218348097926427e-07,7.60051843826659e-05,22.627737020375207,7.59321846999228e-05,-0.27222938052802675,0.00014158406702335924
0.009910210967063904,8.97890329360964e-05,0.5024338262832924,24.326671584043652,4.0,0.007078791502863169,0.9986308883518171,1.5924779419689005e-10,0.0,0.0,fixed-hybrid,0.0,10,0.0,8500,detail,0.843385141751365,2.5802724318014193e-07,2.965421117551159e-05,24.01010243035853,4.145090497331694e-05,0.8443664105530877,0.00021059946448076516
0.010615014471113682,0.0006150144711136816,0.1567444024830501,25.75495950016193,4.0,0.00748641649261117,0.9989751207082282,1.1686398868064554e-11,0.0,0.0,fixed-hybrid,0.0,10,0.0,9000,detail,0.5013612593508916,2.9440964605215265e-08,1.2110148418287281e-05,25.418648143997416,2.497294553904794e-05,0.503705183927315,6.862622103653848e-05
0.010251601226627827,0.0002516012266278265,0.16233766203455113,27.14965600008145,4.0,0.00790933333337307,0.9985153369800732,2.4467465593294685e-11,0.0,0.0,fixed-hybrid,0.0,10,0.0,9500,detail,0.2595653177565814,1.5933026670630964e-08,8.798562703304924e-06,26.795956840272993,2.431593202345539e-05,0.26322158991710487,8.948936738306656e-05
0.010242301039397717,0.00024230103939771631,0.1187362475170691,28.538889209041372,4.0,0.008300167275592685,0.9986323099969389,1.7639710969467288e-11,0.0,0.0,fixed-hybrid,0.0,10,0.0,10000,detail,0.7020463915522994,3.182584696914926e-08,1.2512884495663457e-05,28.168504502391443,1.6232221241807565e-05,0.702826978270082,5.789750866824761e-05
0.010240526869893074,0.00024052686989307383,0.2152283927094842,29.929419417167082,4.0,0.008699084399268031,0.998399689980021,8.637738219847199e-11,0.0,0.0,fixed-hybrid,0.0,10,0.0,10500,detail,0.6335833629583978,3.2368556351923824e-07,2.437187504256144e-05,29.542014866368845,5.950233753537759e-05,0.644136820646623,0.0002533359220251441
0.00867025088518858,0.0013297491148114206,0.12887905015250706,31.315442917170003,4.0,0.009097126312553883,0.9988527035344464,8.596832149563182e-11,0.0,0.0,fixed-hybrid,0.0,10,0.0,11000,detail,0.6070837576898329,5.115035194387801e-08,2.2572014131583273e-05,30.90905232192017,5.059542309027165e-05,0.607452659946229,7.388355152215809e-05
0.009973157197237015,2.6842802762985438e-05,0.0851923303865584,32.69533775001764,4.0,0.009514417266473174,0.9987732909110193,7.894539334504459e-12,0.0,0.0,fixed-hybrid,0.0,10,0.0,11500,detail,-0.7117762840637666,7.111221091481905e-08,1.0208183084614575e-05,32.27070578932762,1.3636318726639729e-05,-0.7174180725376826,6.661572842858732e-05
0.009997201152145863,2.798847854137629e-06,0.07768763207152397,34.12493629194796,4.0,0.010045667178928852,0.9982011447379975,1.0925675875207227e-11,0.0,0.0,fixed-hybrid,0.0,10,0.0,12000,detail,0.8398708224292206,5.103946031467967e-08,7.577180895168567e-06,33.68327619601041,1.8210766938864253e-05,0.8489767226530494,5.076599700259976e-05
0.01026122085750103,0.00026122085750102976,0.08159479692281735,35.525162542006,4.0,0.010455417213961482,0.9987618836066813,2.1780875438274053e-11,0.0,0.0,fixed-hybrid,0.0,10,0.0,12500,detail,0.775634267024988,2.2914292674824412e-08,2.2032087144907564e-05,35.06557418429293,2.2689424440613948e-05,0.7773493028676706,4.65583689219784e-05
0.009487882256507874,0.0005121177434921267,0.11798762514736692,36.92876608413644,4.0,0.010841251350939274,0.9982939244506981,9.006139154034503e-11,0.0,0.0,fixed-hybrid,0.0,10,0.0,13000,detail,-0.7057917124749361,1.9559596052765561e-07,2.0962106646038592e-05,36.44972404814325,1.4194628420227673e-05,-0.7204875117847191,7.438628381351009e-05
0.010358545929193497,0.0003585459291934965,0.23479541086836517,38.343334667151794,4.0,0.011246251408010721,0.9986907039991445,6.504902321382372e-12,0.0,0.0,fixed-hybrid,0.0,10,0.0,13500,detail,-0.12330539176611319,7.572151382330292e-08,1.441712083760649e-05,37.84522909135558,2.1100593585288152e-05,-0.12892980233065862,6.868738273624331e-05
0.0081151919439435,0.0018848080560564997,0.11565476111545632,39.7322051669471,4.0,0.011662418488413095,0.9987455953462254,1.3486447465182787e-11,0.0,0.0,fixed-hybrid,0.0,10,0.0,14000,detail,0.34295030861882725,3.555251238136811e-08,1.113392227125587e-05,39.215838354313746,1.7402309822500683e-05,0.34037400743748836,5.148526543052867e-05
0.010032464750111103,3.246475011110285e-05,0.11974003065753758,41.15205620904453,4.0,0.012058960506692529,0.9988781190737765,1.378060423323635e-11,0.0,0.0,fixed-hybrid,0.0,10,0.0,14500,detail,0.015926724668711034,1.606417938491508e-08,1.3999443581269588e-05,40.6173491969239,1.2965469068149105e-05,0.015218678447059212,4.852352140005678e-05
0.010426884517073631,0.0004268845170736311,0.05690475363970554,42.579726041993126,4.0,0.012445252621546388,0.9991297910994924,9.889150281982029e-12,0.0,0.0,fixed-hybrid,0.0,10,0.0,15000,detail,0.9295967547871488,5.1597645332550375e-08,9.93116100289626e-06,42.02757179411128,4.318618266552221e-06,0.9300956150248386,8.564676681999117e-05
0.009412907063961029,0.0005870929360389712,0.05836624571545862,44.00259366701357,4.0,0.01284171175211668,0.9987578896795112,1.6291889892063551e-12,0.0,0.0,fixed-hybrid,0.0,10,0.0,15500,detail,-0.12763682776418936,7.675313759796163e-08,6.764173122064676e-06,43.43364316504449,6.6265570239920635e-06,-0.12488948362079032,7.878099131630734e-05
0.010197611525654793,0.00019761152565479258,0.09866953263727782,45.41180333402008,4.0,0.013244877802208066,0.998990285543978,3.830098156429241e-11,0.0,0.0,fixed-hybrid,0.0,10,0.0,16000,detail,0.8195277647852107,6.118258303336642e-08,1.0234032743028365e-05,44.825662626419216,9.607259926269762e-06,0.820299140405118,7.76280285208486e-05
0.010329793207347393,0.00032979320734739283,0.04994863854350437,46.81092425016686,4.0,0.01364821195602417,0.9988270637452065,2.5150294715144452e-12,0.0,0.0,fixed-hybrid,0.0,10,0.0,16500,detail,0.5557876460692733,7.21297299332854e-08,2.9272157462401083e-06,46.20663988101296,4.38506003774819e-06,0.5498039547558393,9.891919034998864e-05
0.01030692458152771,0.00030692458152770975,0.029826952648921313,48.228219375014305,4.0,0.014063961803913116,0.9983554182240111,4.358681102062121e-12,0.0,0.0,fixed-hybrid,0.0,10,0.0,17000,detail,0.7013945097066256,6.863566776232079e-08,3.945651769754477e-06,47.60553313512355,3.52817687598872e-06,0.7058389000509914,7.639836985617876e-05
0.010272260755300522,0.00027226075530052164,0.02538850981322802,49.6223575421609,4.0,0.014461544808000326,0.9989507666916506,3.4691406872107084e-12,0.0,0.0,fixed-hybrid,0.0,10,0.0,17500,detail,0.8764015630397792,4.728043428100601e-08,3.979680514021311e-06,48.981894980883226,3.146922153973719e-06,0.876100424625516,5.340512507245876e-05
0.01066570170223713,0.000665701702237129,0.032566204784604744,51.13031958416104,4.0,0.015252919867634773,0.998796998556445,3.3273939650923552e-12,0.0,0.0,fixed-hybrid,0.0,10,0.0,18000,detail,0.3204167324468723,5.1601109396029174e-08,3.896385351254139e-06,50.46848473115824,2.9525940590247046e-06,0.31848747277513323,6.49237772449851e-05
0.01002676971256733,2.67697125673292e-05,0.03959805095064568,52.559751708991826,4.0,0.01564200292341411,0.9987401596606077,4.050871849450102e-12,0.0,0.0,fixed-hybrid,0.0,10,0.0,18500,detail,-0.9165757483939738,9.527390955758162e-08,2.9313055165403057e-06,51.87490602093749,3.4525746741564944e-06,-0.9190662531005361,6.0128208133392036e-05
0.009808631613850594,0.00019136838614940664,0.0343133511728049,53.956731459125876,4.0,0.01601775293238461,0.9988835476451595,1.9990893895116097e-12,0.0,0.0,fixed-hybrid,0.0,10,0.0,19000,detail,0.630674312975517,6.72105743716398e-08,2.5529129743517842e-06,53.25434222398326,3.62232594852685e-06,0.6222457884372267,6.035445039742626e-05
0.01022331416606903,0.00022331416606903055,0.029858445353979926,55.439958250150084,4.0,0.016402794048190117,0.9986382790534681,2.023436562757249e-12,0.0,0.0,fixed-hybrid,0.0,10,0.0,19500,detail,-0.7127017665463302,6.49428967155635e-08,2.717227289394941e-06,54.720110691385344,2.4567675609432627e-06,-0.7127614243116909,6.755934737157077e-05
0.009540875442326069,0.00045912455767393133,0.02863969836663026,56.944605000084266,4.0,0.016809544060379267,0.9988904650787952,2.6930256662610935e-12,0.0,0.0,fixed-hybrid,0.0,10,0.0,20000,detail,0.8162008392837681,4.131085620021412e-08,2.7083249278803123e-06,56.20473025809042,3.295229589639348e-06,0.8155980086153973,6.839309207862243e-05
0.013088914565742016,0.0030889145657420156,102.59256507164821,0.004845249932259321,4.0,0.0,,,,0.005750500131398439,calibrated,0.0,10,0.005750500131398439,0,detail,,,,0.0,0.00859464704990387,,0.00017525437579024583
0.009719369933009148,0.00028063006699085256,4.999092923294308,1.9800177090801299,4.0,0.0006664169486612082,0.9999095173422752,7.916782561687118e-12,0.013370308012280875,0.005750500131398439,calibrated,0.0,10,0.005750500131398439,500,detail,0.17776031729980823,5.895494518559203e-07,0.0002859222877305001,1.9513529858086258,0.00032777461456134915,0.17670060420411357,0.00012634308950509876
0.009081641212105751,0.0009183587878942492,2.413479139242038,3.52246475010179,4.0,0.0010695001110434532,0.999898833043975,2.6050032006356966e-11,0.018322273942755273,0.005750500131398439,calibrated,0.0,10,0.005750500131398439,1000,detail,0.5468565056298721,9.864913482293732e-08,0.00017317093443125486,3.4742535655386746,0.00024789758026599884,0.5467842300747809,8.207288919948041e-05
0.010666326619684696,0.000666326619684696,1.5323958031119784,5.08352475007996,4.0,0.001602166099473834,0.9998899132381772,2.4372280607792203e-11,0.013073190056452412,0.005750500131398439,calibrated,0.0,10,0.005750500131398439,1500,detail,-0.058557368555092075,1.6788622832721805e-06,9.977286390494555e-05,5.017070774920285,0.00019610511662904173,-0.05891709842557473,0.00011117957910755649
0.008238693699240685,0.0017613063007593157,0.851127422900809,6.644097042037174,4.0,0.002011624164879322,0.9999063742688271,3.9397726412458723e-11,0.028424284440923046,0.005750500131398439,calibrated,0.0,10,0.005750500131398439,2000,detail,-0.4964393952235842,6.407373715826396e-07,0.00010473367001395673,6.558698807377368,9.147944365395233e-05,-0.49729618936503717,0.000144848003401421
0.008541746996343136,0.0014582530036568644,0.6308580805720505,8.23737654206343,4.0,0.0024808321613818407,0.9998885862983501,4.1530059504266206e-11,0.031989699910864616,0.005750500131398439,calibrated,0.0,10,0.005750500131398439,2500,detail,-0.5424410212438163,6.805929189310514e-07,5.1622857426991686e-05,8.131212973734364,0.00010085617395816371,-0.5437788325577929,0.0001353560364805162
0.011450813151896,0.0014508131518959997,0.9146915387406106,9.857806709129363,4.0,0.0031952071003615856,0.999906325844855,6.895600151547746e-11,0.017430920075269883,0.005750500131398439,calibrated,0.0,10,0.005750500131398439,3000,detail,0.926489036509824,5.2607983333871e-08,0.00011477470980025828,9.729615545133129,9.902987949317321e-05,0.9270118689463256,6.398229743354023e-05
0.008680704981088638,0.001319295018911362,0.42306552001419206,11.51799233397469,4.0,0.0035995400976389647,0.9999129685265782,2.881118162061618e-11,0.016935723482222442,0.005750500131398439,calibrated,0.0,10,0.005750500131398439,3500,detail,0.664666328131954,9.043932632230563e-08,6.913208198966458e-05,11.36796900560148,5.012733890907839e-05,0.6643318501003541,4.807475852430798e-05
0.00834882352501154,0.0016511764749884607,0.4359797487994188,13.127613791963086,4.0,0.00413862313143909,0.9999076672912528,1.8113298440237378e-10,0.02594830147568585,0.005750500131398439,calibrated,0.0,10,0.005750500131398439,4000,detail,0.9572067263454681,2.2746567206089183e-07,0.00019817195425275713,12.957794212270528,7.00052987667732e-05,0.9572840822946485,3.827120235655457e-05
0.009253224357962608,0.0007467756420373919,0.2591482039725172,14.81200229213573,4.0,0.004641665145754814,0.9999174575547052,1.4848346777615176e-11,0.022779043280182234,0.005750500131398439,calibrated,0.0,10,0.005750500131398439,4500,detail,0.8791273144157107,2.2154582513978455e-08,5.37546984560322e-05,14.620458741905168,4.856983287027106e-05,0.8790404570364438,3.761581319849938e-05
0.011249982751905918,0.001249982751905918,0.38091593603736734,16.472107459092513,4.0,0.005098290275782347,0.9999235550392768,4.028663698934777e-11,0.032286817866693074,0.005750500131398439,calibrated,0.0,10,0.005750500131398439,5000,detail,0.9229991103412502,4.073949845406691e-08,9.947989019565284e-05,16.260475613176823,3.411772195249796e-05,0.9231391921405376,3.231512164347805e-05
0.009543303400278091,0.0004566965997219088,0.5109579856148567,18.108922542072833,4.0,0.005596165079623461,0.9998689803066376,6.994644849044833e-11,0.02475982965237199,0.005750500131398439,calibrated,0.0,10,0.005750500131398439,5500,detail,0.9312444364233644,1.9677682751040252e-07,0.00010292878141626716,17.877696345793083,4.6829994971631095e-05,0.9316296496078926,0.00011012627510353923
0.010855796746909618,0.0008557967469096182,0.3277026142833925,20.126681375084445,4.0,0.0060426241252571344,0.9999169047543752,3.096628984092037e-11,0.03367336832722591,0.005750500131398439,calibrated,0.0,10,0.005750500131398439,6000,detail,0.9675093795551534,1.0944860494086463e-07,5.7066652516368777e-05,19.873032635776326,5.663156844093464e-05,0.9674329395462079,4.248959157848731e-05
0.008525276556611061,0.0014747234433889391,0.4713012117477885,21.70555975008756,4.0,0.006465874146670103,0.9999087651036944,1.938942718404659e-11,0.025155986926809943,0.005750500131398439,calibrated,0.0,10,0.005750500131398439,6500,detail,0.8311141572911654,3.138334885138254e-08,9.532877447782084e-05,21.43218042049557,0.00016078499902505428,0.8309065084745357,5.456849612528458e-05
0.011041575111448765,0.0010415751114487646,0.5997188405347145,23.190425833920017,4.0,0.006841041147708893,0.9999077750788655,1.2993937336826792e-11,0.03515895810636823,0.005750500131398439,calibrated,0.0,10,0.005750500131398439,7000,detail,-0.8562093287781999,2.0296218673251018e-07,3.958301022066735e-05,22.899988796794787,3.75088129658252e-05,-0.8553979973676208,5.485014116857201e-05
0.010517619550228119,0.0005176195502281187,0.21524247956616424,24.65523208398372,4.0,0.007226166315376759,0.9999186154065535,3.8981926967913255e-12,0.030999306724769735,0.005750500131398439,calibrated,0.0,10,0.005750500131398439,7500,detail,-0.039551984196673697,8.64393986575282e-08,3.2427386031486094e-05,24.34707762952894,8.40587672428228e-05,-0.03819118303900412,5.294687798595987e-05
0.008805948309600353,0.001194051690399647,0.31504029569602826,26.175438541918993,4.0,0.007688999176025391,0.999865164134875,3.789294093110403e-11,0.04833118748143013,0.005750500131398439,calibrated,0.0,10,0.005750500131398439,8000,detail,0.9687359195809364,2.425861801841254e-08,6.258109351620078e-05,25.848463173257187,5.801441875519231e-05,0.9692854197141008,5.238381709204987e-05
0.010471515357494354,0.00047151535749435404,0.1429661019244461,27.78128508408554,4.0,0.00809991522692144,0.9999220374759414,6.844892891673257e-12,0.036644547885510546,0.005750500131398439,calibrated,0.0,10,0.005750500131398439,8500,detail,0.8558949309496539,1.0605139865199937e-07,1.8112015823135152e-05,27.433402960421517,2.1255682440823875e-05,0.8553286161439012,8.886776049621403e-05
0.00996923353523016,3.076646476984045e-05,0.2697046352714533,29.29215941694565,4.0,0.008696290198713541,0.9999225964033908,9.379695329140229e-13,0.023175200554620183,0.005750500131398439,calibrated,0.0,10,0.005750500131398439,9000,detail,0.3221233149484464,1.6653686492925657e-07,1.5038939636724535e-05,28.924535122932866,1.9787546989391558e-05,0.3223883808164323,7.538946374552324e-05
0.010107645764946938,0.00010764576494693735,0.16175925124325982,30.83599220891483,4.0,0.009086707374081016,0.9998908665917934,6.799436282146549e-12,0.043082103595127264,0.005750500131398439,calibrated,0.0,10,0.005750500131398439,9500,detail,0.9130049383518678,3.3278148358868195e-08,3.060082235606387e-05,30.44920088048093,1.6439416867797263e-05,0.9138793893887285,3.742774424608797e-05
0.011179977096617222,0.0011799770966172216,0.07527339378649192,32.4331714999862,4.0,0.00945962336845696,0.999930948950963,3.424787494640495e-12,0.03862533425770031,0.005750500131398439,calibrated,0.0,10,0.005750500131398439,10000,detail,0.19755070416204468,1.1182435284267339e-07,1.2540129318949766e-05,32.02572520682588,1.8233093214803375e-05,0.19875605229199744,4.02309960918501e-05
0.01019796822220087,0.0001979682222008703,0.12907233681967314,34.01046229200438,4.0,0.00988295627757907,0.9999025984540755,1.3748776805710567e-12,0.030900267406160246,0.005750500131398439,calibrated,0.0,10,0.005750500131398439,10500,detail,0.8182924347714577,2.80256702985425e-08,1.2399668776197359e-05,33.5852402378805,1.9488712496240623e-05,0.8189748597441149,3.6736473703058437e-05
0.012312338687479496,0.002312338687479496,0.21955450815317534,35.53316545905545,4.0,0.010314039187505841,0.999907946225782,1.3686149369669213e-12,0.046944637020897295,0.005750500131398439,calibrated,0.0,10,0.005750500131398439,11000,detail,-0.02364277384199441,9.031607150202093e-09,1.2784089449269231e-05,35.088848994346336,2.477514681231696e-05,-0.02369550663654296,1.804120074666571e-05
0.01022421382367611,0.0002242138236761091,0.0765388428572726,37.020448124967515,4.0,0.010739748366177082,0.9998831195446554,3.9347560126084784e-12,0.04268594632068931,0.005750500131398439,calibrated,0.0,10,0.005750500131398439,11500,detail,0.760443474625863,2.3224354693162455e-08,1.147052080341382e-05,36.55849712830968,1.368914672639221e-05,0.7600148710146611,2.2920195988263004e-05
0.010319363325834274,0.0003193633258342741,0.09968291816231212,38.495822249911726,4.0,0.011158665409311652,0.999880376360017,7.876747316318594e-12,0.03595127265524413,0.005750500131398439,calibrated,0.0,10,0.005750500131398439,12000,detail,0.6520026018415553,2.8422573515580708e-08,2.6045529011753388e-05,38.01631466625258,2.932663483079523e-05,0.6516777909621198,4.977540083928034e-05
0.009446248412132263,0.000553751587867737,0.09228646183858139,40.00079783401452,4.0,0.011600499274209142,0.9998997159805137,2.0498467895510044e-12,0.057145686837674556,0.005750500131398439,calibrated,0.0,10,0.005750500131398439,12500,detail,-0.8417505974835053,7.637938861836018e-08,7.258759978867602e-06,39.50323772197589,8.47888077259995e-06,-0.8417931502622131,3.098226079600863e-05
0.00922630075365305,0.0007736992463469507,0.056161562687440804,41.5283142500557,4.0,0.012080082204192877,0.9998510018309669,1.8888979547089916e-12,0.04328018223234624,0.005750500131398439,calibrated,0.0,10,0.005750500131398439,13000,detail,-0.7310156294039788,1.0240171011765547e-07,7.045388429105515e-06,41.01174214668572,7.117345830920385e-06,-0.7294230008017228,4.1697472624946386e-05
0.010502249002456665,0.0005022490024566648,0.15877617641274397,43.0167190420907,4.0,0.012579332338646054,0.999902854141686,3.1519104354974044e-13,0.05625433297018916,0.005750500131398439,calibrated,0.0,10,0.005750500131398439,13500,detail,0.07505591951413428,4.724575568396939e-08,3.844977527478477e-06,42.48063720902428,1.1200949302292429e-05,0.07822917112422423,3.1924686481943354e-05
0.010455923154950142,0.0004559231549501417,0.10243684320246446,44.51779104210436,4.0,0.013010957511141896,0.9999392773115023,9.63552004208845e-13,0.04674655838367832,0.005750500131398439,calibrated,0.0,10,0.005750500131398439,14000,detail,0.5164174079012686,6.872157368537923e-08,6.470603238994954e-06,43.96295541198924,2.2527898181579076e-05,0.517707096043938,5.8122164773521945e-05
0.010350578464567661,0.0003505784645676611,0.0638152622427286,46.08451554202475,4.0,0.013406999409198761,0.9999224220260192,8.111693692057005e-13,0.04555808656036447,0.005750500131398439,calibrated,0.0,10,0.005750500131398439,14500,detail,0.7121926923955308,8.543506658020992e-08,6.87995179760037e-06,45.51121504115872,5.415699888544623e-06,0.7112942268549741,5.024289930588566e-05
0.010132871568202972,0.0001328715682029722,0.031161570015113813,47.54550087498501,4.0,0.01378558250144124,0.9998655437952075,2.0401248991497605e-12,0.05575913637714173,0.005750500131398439,calibrated,0.0,10,0.005750500131398439,15000,detail,-0.3087099554434352,9.763889967819307e-08,5.277183845464606e-06,46.95593291753903,3.89552405977156e-06,-0.31378593361883794,4.790304592461325e-05
0.010064390487968922,6.439048796892145e-05,0.026775416829411255,48.9466667920351,4.0,0.014176790602505207,0.9998839888897754,1.5065500871711983e-13,0.043478260869565216,0.005750500131398439,calibrated,0.0,10,0.005750500131398439,15500,detail,-0.5600111270848405,4.9698666002862204e-08,2.2228337002161425e-06,48.34109228127636,2.179016973968828e-06,-0.5588940468379233,2.8888493034173734e-05
0.010313233360648155,0.000313233360648155,0.0360135005406474,50.4406076669693,4.0,0.014572290470823646,0.9998108020345058,1.2664635515097493e-12,0.04763791225116371,0.005750500131398439,calibrated,0.0,10,0.005750500131398439,16000,detail,-0.9038508213521791,8.315608975629956e-08,4.39969062426826e-06,49.81834680796601,4.963992978446186e-06,-0.9031867076190502,4.1834871808532625e-05
0.009904618375003338,9.538162499666235e-05,0.03194995297734718,52.533191666938365,4.0,0.015436582500115037,0.999898054524603,2.0847541323722365e-13,0.03020699217589383,0.005750500131398439,calibrated,0.0,10,0.005750500131398439,16500,detail,0.7026378828864855,8.052372019373375e-08,2.6497066301089944e-06,51.88749247393571,4.404690116643906e-06,0.701020852424649,4.128937143832445e-05
0.009976675733923912,2.332426607608816e-05,0.026676600812219765,54.017844958929345,4.0,0.015851540490984917,0.9997967319796325,1.1819606070231833e-12,0.04209171040903239,0.005750500131398439,calibrated,0.0,10,0.005750500131398439,17000,detail,-0.8572011900800195,9.81915961017119e-08,3.4036570468742866e-06,53.352558680810034,4.880561391473748e-06,-0.8574726315598651,5.410570520325564e-05
0.009980680420994759,1.9319579005241602e-05,0.030900734202570695,55.535775624914095,4.0,0.016246831510215998,0.9999162996219477,8.316957106547561e-13,0.036743587204120035,0.005750500131398439,calibrated,0.0,10,0.005750500131398439,17500,detail,-0.1524088552922587,8.621572747203842e-08,4.556770363706164e-06,54.85211438755505,4.089618414582219e-06,-0.15176172054951886,3.654638567240909e-05
0.009855035692453384,0.0001449643075466158,0.02323826442578366,57.03430533409119,4.0,0.016909956466406584,0.9999075670519255,4.729889180937024e-13,0.040209963355452114,0.005750500131398439,calibrated,0.0,10,0.005750500131398439,18000,detail,-0.5176218640440958,1.064108993862076e-07,2.3163693185779266e-06,56.33154579997063,2.315358415216906e-06,-0.5176990467296132,5.5438558774767444e-05
0.009957414120435715,4.2585879564285486e-05,0.02673138196805409,58.549730625003576,4.0,0.017380539560690522,0.9999206898901107,7.564575309164164e-14,0.026938694661780727,0.005750500131398439,calibrated,0.0,10,0.005750500131398439,18500,detail,-0.08902424452265176,6.985564345424429e-08,1.4323150026029907e-06,57.82693005236797,2.18752848013537e-06,-0.08909740169293404,5.176592094358057e-05
0.009785155765712261,0.000214844234287739,0.017619296730244753,60.02791108400561,4.0,0.017867539543658495,0.9999014683962152,2.428200195241312e-13,0.036149351292463106,0.005750500131398439,calibrated,0.0,10,0.005750500131398439,19000,detail,-0.45716063270927415,9.51323663001644e-08,3.2585016924713273e-06,59.28609266830608,2.2421063476940617e-06,-0.4546340499578908,3.553883288986981e-05
0.010004407726228237,4.407726228236944e-06,0.015650366318930818,61.582091209013015,4.0,0.018246706575155258,0.9999120899695488,7.115852351870759e-14,0.04040804199267109,0.005750500131398439,calibrated,0.0,10,0.005750500131398439,19500,detail,-0.4239533269145989,6.938528763335953e-08,1.615629571460886e-06,60.82082605641335,1.546391331430641e-06,-0.42659159564802096,4.9139845941681415e-05
0.009817716665565968,0.00018228333443403265,0.03071235646757867,63.38325879210606,4.0,0.018621623516082764,0.9999137491845911,1.4869786062706255e-13,0.04496385064870754,0.005750500131398439,calibrated,0.0,10,0.005750500131398439,20000,detail,0.3593145564023671,6.543653389641659e-08,1.8215062027593376e-06,62.60212233103812,2.007442162721418e-06,0.35860581225834987,4.81282731925603e-05
0.013088914565742016,0.0030889145657420156,102.59256507164821,0.00455779186449945,4.0,0.0,,,,0.005750500131398439,adaptive,0.0,10,0.005750500131398439,0,detail,,,,0.0,0.00859464704990387,,0.00017525437579024583
0.009719369933009148,0.00028063006699085256,4.999092923294308,1.463446541922167,4.0,0.0003888329956680536,0.9999095173422752,7.916782561687118e-12,0.013370308012280875,0.005750500131398439,adaptive,0.020128660136833787,10,0.025879160268232226,500,detail,0.17305598683733447,6.061587374996272e-07,0.0002859222877305001,1.4399253712035716,0.00032777461456134915,0.1719954436056408,0.0001277653791476041
0.009081641212105751,0.0009183587878942492,2.413479139242038,2.8959541670046747,4.0,0.0007791661191731691,0.999898742666215,2.6032356050690112e-11,0.018322273942755273,0.005750500131398439,adaptive,0.04594560852274299,10,0.051696108654141426,1000,detail,0.6287627022346288,8.10323766542649e-08,0.00017317093443125486,2.8545511341653764,0.00024789758026599884,0.628517270880195,8.647063077660277e-05
0.010666326619684696,0.000666326619684696,1.5323958031119784,4.313591999933124,4.0,0.0011835002806037664,0.9998899132381772,2.4372280607792203e-11,0.013073190056452412,0.005750500131398439,adaptive,0.07110243220813572,10,0.07685293233953416,1500,detail,-0.047678309856557084,1.578393270984888e-06,9.977286390494555e-05,4.255085387500003,0.00019610511662904173,-0.04803931314004172,0.00010490766726434231
0.008238693699240685,0.0017613063007593157,0.851127422900809,5.748002874897793,4.0,0.001573250163346529,0.9999063742688271,3.9397726412458723e-11,0.028424284440923046,0.005750500131398439,adaptive,0.0965951862744987,10,0.10234568640589714,2000,detail,-0.49308409821648785,6.103002800782326e-07,0.00010473367001395673,5.671213348163292,9.147944365395233e-05,-0.4939891476646266,0.00014230544911697507
0.006292775273323059,0.003707224726676941,1.2559359678419098,7.18832533294335,4.0,0.0019720832351595163,0.9999196415186085,7.444559354474576e-10,0.04318114291373675,0.005750500131398439,adaptive,0.12181797157973051,10,0.12756847171112895,2500,detail,0.9711701245361033,5.53025431598101e-07,0.0005171734374016523,7.094384731724858,0.0009821340208873153,0.9713075346506418,0.00017681629105936736
0.011176777072250843,0.0011767770722508428,0.7194875577834147,8.610792541876435,4.0,0.002376208081841469,0.9999012066874644,9.380919786986301e-11,0.021194414182430423,0.005750500131398439,adaptive,0.14675831026397645,10,0.1525088103953749,3000,detail,0.7899283953796412,1.833444217042514e-07,0.00020738823513966054,8.498757183086127,9.078549192054197e-05,0.7906884172935417,6.27924018772319e-05
0.011852171272039413,0.0018521712720394132,0.3626726536877781,10.07283933297731,4.0,0.0028076660819351673,0.9999199750163503,4.289087954336106e-12,0.02446271169654353,0.005750500131398439,adaptive,0.17204268043860793,10,0.17779318057000637,3500,detail,0.8549478046475332,2.663418514031683e-07,3.0198079912224784e-05,9.943487210664898,2.630258495628368e-05,0.8553555585540904,7.520864164689556e-05
0.01137752179056406,0.00137752179056406,0.4293268547787414,11.5782009169925,4.0,0.0031937910243868828,0.9999152194009948,2.8561280046814815e-11,0.020303060314945033,0.005750500131398439,adaptive,0.19825847493484616,10,0.2040089750662446,4000,detail,-0.5917635862007348,4.324014556343413e-07,4.8873753257794306e-05,11.431154920253903,4.342536340118386e-05,-0.5916551519400357,9.158288594335318e-05
0.009020795114338398,0.0009792048856616022,0.6981839473234964,12.99577616690658,4.0,0.003571624169126153,0.9999258736609201,4.249419669509124e-11,0.026344458750123798,0.005750500131398439,adaptive,0.2235741475597024,10,0.22932464769110084,4500,detail,0.9105894503210116,4.572680492035161e-08,6.586733070435002e-05,12.831526874564588,6.201395444804803e-05,0.9099058205543616,5.8799727412406355e-05
0.010688644833862782,0.0006886448338627813,0.5651092315944205,14.403906249906868,4.0,0.003953666193410754,0.9998841958934266,2.9694191915792974e-11,0.02475982965237199,0.005750500131398439,adaptive,0.24857335980050266,10,0.2543238599319011,5000,detail,0.9317459393636808,1.733928550218639e-08,5.134863386047073e-05,14.222732071764767,6.342333654174581e-05,0.931321374141684,3.57828066626098e-05
0.011780780740082264,0.0017807807400822637,0.26663079424360825,15.787576667033136,4.0,0.004338333150371909,0.9999001194932632,2.9124517859416735e-11,0.028622363078142022,0.005750500131398439,adaptive,0.27312481263652444,10,0.2788753127679229,5500,detail,0.9482019288588064,9.7323504053793e-08,6.4657382608857e-05,15.590935735264793,6.359773396980017e-05,0.9480351452255382,5.256889926386066e-05
0.009590347297489643,0.0004096527025103571,0.26917803581791977,17.181866833008826,4.0,0.004736124305054545,0.9999151849480378,4.531555184953412e-12,0.025750222838466872,0.005750500131398439,adaptive,0.29825386265292764,10,0.3040043627843261,6000,detail,0.8709780238737259,6.41685411038764e-08,3.145961818518117e-05,16.969457145780325,3.598592593334615e-05,0.8703866237715076,3.1898205634206533e-05
0.00927655678242445,0.0007234432175755503,0.3555750796797029,18.58010045788251,4.0,0.005145040340721607,0.9999049214059541,8.414971902332017e-12,0.029414677627017927,0.005750500131398439,adaptive,0.32261632196605206,10,0.3283668220974505,6500,detail,0.5277556668529468,4.6632726332549016e-08,3.280168311903253e-05,18.35141847655177,3.819111952907406e-05,0.5272083648075633,3.080548776779324e-05
0.008608069270849228,0.0013919307291507723,0.22417698610530862,19.96500283293426,4.0,0.005527956411242485,0.9999070069849342,1.5563402474864e-12,0.023571357829058136,0.005750500131398439,adaptive,0.34741103020496666,10,0.3531615303363651,7000,detail,-0.27294205903507035,1.3285177371004686e-07,2.1567539079114795e-05,19.720437603071332,1.4042551811144222e-05,-0.272846082047715,4.529042780632153e-05
0.010375800542533398,0.00037580054253339747,0.2185861405431209,21.352187999989837,4.0,0.005904247285798192,0.9999253236611271,4.643348935863884e-12,0.03307913241556898,0.005750500131398439,adaptive,0.37180990586057305,10,0.3775604059919715,7500,detail,0.7306271103998717,1.45051174188807e-08,2.9601676942547783e-05,21.09113222779706,5.968321056570858e-05,0.7312529975339539,1.628293830435723e-05
0.011128471232950687,0.0011284712329506872,0.19977830686738904,22.760581332957372,4.0,0.0063064973801374435,0.9999138882241975,1.4599587948526675e-11,0.046350401109240366,0.005750500131398439,adaptive,0.3965961157809943,10,0.40234661591239274,8000,detail,0.24072406788308834,1.372960179273282e-07,3.9510621718363836e-05,22.481494994601235,2.1921328880125657e-05,0.2410478113665713,5.592047455138527e-05
0.009571753442287445,0.00042824655771255514,0.18189381778665178,24.151740666944534,4.0,0.006680038291960955,0.9999167171381245,1.8711572500680004e-12,0.027433891254828167,0.005750500131398439,adaptive,0.4213797044940293,10,0.4271302046254277,8500,detail,-0.6095405463071677,1.3971251090380962e-07,1.853635512816254e-05,23.856354241026565,3.2500349334441125e-05,-0.6085066019144602,4.245874151820317e-05
0.009769761934876442,0.00023023806512355825,0.10525373224175054,25.544444999890402,4.0,0.007063205353915691,0.9999114389826235,1.9946888796705134e-12,0.02584926215707636,0.005750500131398439,adaptive,0.445928460219875,10,0.4516789603512734,9000,detail,-0.5150167582367415,4.74852288915436e-08,1.5971791071933694e-05,25.232461111154407,1.7872867829282768e-05,-0.5153300979470812,2.735288580879569e-05
0.009683401323854923,0.00031659867614507696,0.08678404375918647,27.00441208295524,4.0,0.007454871432855725,0.9999436904680259,4.001262282964234e-12,0.04040804199267109,0.005750500131398439,adaptive,0.470724621322006,10,0.4764751214534044,9500,detail,0.0388680562911322,9.255902727511644e-08,1.991508725041058e-05,26.67465769685805,1.1491248187667225e-05,0.03847346183427592,2.2274516595643945e-05
0.00935923121869564,0.0006407687813043596,0.19292935077937023,28.404464917024598,4.0,0.00784895452670753,0.9998759197661056,4.6294896862438924e-12,0.03793205902743389,0.005750500131398439,adaptive,0.4955612481571734,10,0.5013117482885718,10000,detail,-0.34153662608027846,8.022301689265432e-08,1.5080953744472936e-05,28.05598083906807,2.5619212465244345e-05,-0.3443855351899274,3.215356628061272e-05
0.010330485180020332,0.00033048518002033213,0.11609089744808011,29.79789241706021,4.0,0.008233829634264112,0.9999305747824353,9.344911550043696e-13,0.031593542636426664,0.005750500131398439,adaptive,0.519876122707501,10,0.5256266228388995,10500,detail,-0.5772181904111829,1.6147126657255075e-07,1.349762169411406e-05,29.431235704105347,8.353969860763755e-06,-0.5755473935575939,5.008464722777717e-05
0.009879414923489094,0.00012058507651090643,0.12790450522271243,31.18644683295861,4.0,0.00860812165774405,0.9999022377536172,3.111118938589272e-12,0.058334158660988414,0.005750500131398439,adaptive,0.5447490743827075,10,0.5504995745141059,11000,detail,0.7180370248555705,1.0053427984942973e-07,1.4170595022733323e-05,30.802237159805372,0.00014027302677277476,0.7182532188299133,2.80941094388254e-05
0.010988260619342327,0.000988260619342327,0.07405367345728682,32.5936970829498,4.0,0.008993912488222122,0.9998832601896718,1.7088573672968103e-11,0.05863127661681688,0.005750500131398439,adaptive,0.5700150290504098,10,0.5757655291818082,11500,detail,0.639065678786967,4.3569931791956834e-08,3.662335075205192e-05,32.19285816256888,1.0219799150945619e-05,0.6394021082142355,3.7114183214725927e-05
0.01055257860571146,0.0005525786057114599,0.13415919819240749,34.02842979202978,4.0,0.009378579445183277,0.9999064934282494,5.218000651182397e-12,0.05080717044666733,0.005750500131398439,adaptive,0.5956339470576495,10,0.6013844471890479,12000,detail,0.954066343582343,4.2889295161000316e-08,1.9970124412793666e-05,33.60950940637849,1.5061194062582217e-05,0.953800555358736,3.7708727177232504e-05
0.01099204458296299,0.0009920445829629896,0.09348769348352323,35.476567124947906,4.0,0.009776829509064555,0.9998871771030619,1.8079029213366738e-12,0.03991284539962365,0.005750500131398439,adaptive,0.6212198666762561,10,0.6269703668076545,12500,detail,0.5010892519699356,8.50869368061513e-08,1.1592626833589748e-05,35.03932380815968,2.1261470465105958e-05,0.5010802366378282,4.623941276804544e-05
0.00768848042935133,0.0023115195706486704,0.1166422369400249,36.949711999855936,4.0,0.010155121330171824,0.9999328164118567,1.0582668448157807e-12,0.028622363078142022,0.005750500131398439,adaptive,0.6482558317948133,10,0.6540063319262117,13000,detail,-0.44798295083329315,5.350744769275873e-08,1.2375941878417507e-05,36.487225794931874,3.924668999388814e-05,-0.44620714885930046,6.634795136051252e-05
0.010611740872263908,0.0006117408722639082,0.06232260054332158,38.363426291849464,4.0,0.01086078817024827,0.9999164046556924,3.5701248157631243e-13,0.04149747449737546,0.005750500131398439,adaptive,0.6729561246465892,10,0.6787066247779876,13500,detail,0.6675588036829699,3.713969538880974e-08,4.686165993916802e-06,37.883101457729936,5.640332801704062e-06,0.6687013271136156,2.2894049834576435e-05
0.009638133458793163,0.0003618665412068369,0.041223597204910145,39.78703087498434,4.0,0.011257663136348128,0.9999148725927393,2.816755045790444e-13,0.040209963355452114,0.005750500131398439,adaptive,0.6977843740023673,10,0.7035348741337657,14000,detail,0.6031022750792849,2.5286156749881358e-08,4.169951807853067e-06,39.29000166733749,5.03322326039779e-06,0.6039741120840281,1.7725698853610083e-05
0.01019283663481474,0.00019283663481473902,0.03635304953438745,41.1970760000404,4.0,0.011690413113683462,0.9999333633159928,6.637849160631822e-13,0.04664751906506883,0.005750500131398439,adaptive,0.7239048292394727,10,0.7296553293708712,14500,detail,0.6166925369981255,2.958304174520552e-08,7.074647328408901e-06,40.68131028069183,6.114516054367414e-06,0.6169783449585611,2.3168247935245745e-05
0.009997314773499966,2.6852265000345404e-06,0.03936016623972758,42.6567157919053,4.0,0.012084413086995482,0.9999011527482901,3.0854076004855413e-13,0.03119738536198871,0.005750500131398439,adaptive,0.7488324090372771,10,0.7545829091686755,15000,detail,0.3418680931791041,3.458991805278422e-08,6.013512575009372e-06,42.12227852968499,6.256431333895307e-06,0.3424988850948416,2.0862182282144204e-05
0.01121579296886921,0.001215792968869209,0.06361118832298499,44.2254715829622,4.0,0.012475079158321023,0.999948173568818,4.702917151335308e-13,0.03010795285728434,0.005750500131398439,adaptive,0.7750944085419178,10,0.7808449086733162,15500,detail,0.9177689444907073,2.552172424307102e-08,5.530368980544154e-06,43.67241445556283,6.403490715456428e-06,0.9173780101725949,1.9718878320418298e-05
0.010045485571026802,4.5485571026801855e-05,0.02630174054620879,45.924658542033285,4.0,0.012942162109538913,0.999909425205579,9.147745136038309e-13,0.03743686243438645,0.005750500131398439,adaptive,0.8038128211628646,10,0.809563321294263,16000,detail,-0.830307086891819,6.662819101792003e-08,6.038693754817359e-06,45.35186954541132,3.943063802580582e-06,-0.8296736036069916,1.8572758563095704e-05
0.010268064215779305,0.0002680642157793043,0.030230509518200388,47.43570758285932,4.0,0.01334791211411357,0.9999161852570706,1.0168301463648154e-12,0.0419926710904229,0.005750500131398439,adaptive,0.8299155212007463,10,0.8356660213321447,16500,detail,0.5552021053175685,5.2147031639349273e-08,4.373965566628613e-06,46.84441099013202,2.4535088414268102e-06,0.554004229455974,2.4499790015397593e-05
0.00998606625944376,1.393374055624029e-05,0.026293164847914552,48.93334912485443,4.0,0.013747037155553699,0.99991542465572,2.6927700014000423e-13,0.03743686243438645,0.005750500131398439,adaptive,0.8556128162890673,10,0.8613633164204657,17000,detail,-0.7411466135490604,4.949448584370405e-08,2.5899842057697242e-06,48.324358536396176,3.5159196158929262e-06,-0.7406981136167268,2.733309520408511e-05
0.010583006776869297,0.0005830067768692968,0.034284331977719754,50.43464854196645,4.0,0.014154579024761915,0.9999044539185066,7.116699559436724e-14,0.02683965534317124,0.005750500131398439,adaptive,0.880438486346975,10,0.8861889864783734,17500,detail,0.6219603443111799,4.422153764356339e-08,2.3056959435052704e-06,49.806910786544904,2.8179597393318545e-06,0.6200217284244125,2.5671943149063736e-05
0.01021978072822094,0.00021978072822093943,0.018374958591132525,51.88556216703728,4.0,0.01455403701402247,0.999855032510722,4.71946765226936e-13,0.03852629493909082,0.005750500131398439,adaptive,0.905663896817714,10,0.9114143969491124,18000,detail,0.19786618859359634,4.8937570094188475e-08,2.8336316972854547e-06,51.23935833014548,3.3896953937073704e-06,0.19693810487476762,2.124493221344892e-05
0.010116581805050373,0.00011658180505037287,0.02989769176029713,53.38135616690852,4.0,0.01496070297434926,0.9999053787408172,2.5032083397826306e-13,0.03238585718530256,0.005750500131398439,adaptive,0.9308206075802445,10,0.936571107711643,18500,detail,0.1151847730244262,5.2980258993466684e-08,2.2371461909642676e-06,52.71655913232826,3.288444759164122e-06,0.11705856256233217,2.591624615888577e-05
0.009929193183779716,7.080681622028372e-05,0.02625865813682355,54.853339249966666,4.0,0.015395411988720298,0.9999184131116198,3.4536050164288797e-13,0.031494503317817175,0.005750500131398439,adaptive,0.9566540652886033,10,0.9624045654200017,19000,detail,0.25683262757472897,2.8112372923790835e-08,3.1731956369185355e-06,54.17068046913482,3.1402437343786005e-06,0.2581071538916226,2.327638321730774e-05
0.009989921003580093,1.0078996419906824e-05,0.030550840503666958,56.30400858307257,4.0,0.015870453091338277,0.9999481160183299,1.4580178894262517e-13,0.03476280083193028,0.005750500131398439,adaptive,0.981329933507368,10,0.9870804336387664,19500,detail,0.6313640363810772,3.705623548660727e-08,2.901296738855308e-06,55.60385547601618,3.440266254983726e-06,0.6318949040922364,2.4368109734496102e-05
0.010113094002008438,0.0001130940020084379,0.025026547095189488,57.917500332929194,4.0,0.016335536260157824,0.9999229182428653,3.7107013748089127e-13,0.05219372090720016,0.005750500131398439,adaptive,1.0064783827401698,10,1.0122288828715682,20000,detail,0.34879029330162253,4.345554240786511e-08,2.551768375269603e-06,57.19677693396807,4.3906761675316375e-06,0.3484893369955015,2.430323183943983e-05
0.0017074216157197952,0.008292578384280205,118.41772335696578,0.0035533751361072063,4.0,0.0,,,,0.0,fp32,0.0,11,0.0,0,detail,,,,0.0,0.00795450434088707,,0.0
0.010504946112632751,0.0005049461126327513,5.354391425426073,0.3296559581067413,4.0,0.00047437497414648533,0.9999999999999943,0.0,0.0,0.0,fp32,0.0,11,0.0,500,detail,0.9999999999999943,0.0,0.00033507030457258224,0.3178167436271906,0.00029938411898911,0.9999999999999943,0.0
0.010536422953009605,0.0005364229530096052,2.312617182939211,0.669014458078891,4.0,0.0008586659096181393,0.999999999999997,0.0,0.0,0.0,fp32,0.0,11,0.0,1000,detail,0.999999999999997,0.0,0.00014409419964067638,0.6490715479012579,0.00013247595052234828,0.999999999999997,0.0
0.01076298113912344,0.0007629811391234396,1.2000276594022479,0.9933820001315325,4.0,0.0012490819208323956,0.9999999999999971,0.0,0.0,0.0,fp32,0.0,11,0.0,1500,detail,0.9999999999999971,0.0,5.546585816773586e-05,0.9652771423570812,7.987685239640996e-05,0.9999999999999971,0.0
0.010647612623870373,0.0006476126238703726,0.7723406383860113,1.310238708043471,4.0,0.0016655398067086935,0.9999999999999972,0.0,0.0,0.0,fp32,0.0,11,0.0,2000,detail,0.9999999999999972,0.0,4.558316140901297e-05,1.27399163832888,4.45254408987239e-05,0.9999999999999972,0.0
0.009607525542378426,0.0003924744576215746,0.5123066283031731,1.7184192079585046,4.0,0.0020588727202266455,0.9999999999999963,0.0,0.0,0.0,fp32,0.0,11,0.0,2500,detail,0.9999999999999963,0.0,2.4983877665363252e-05,1.6737321766559035,3.157416722388007e-05,0.9999999999999963,0.0
0.011030611582100391,0.0010306115821003912,0.5640006904003005,2.0608167911414057,4.0,0.0024424977600574493,0.9999999999999993,0.0,0.0,0.0,fp32,0.0,11,0.0,3000,detail,0.9999999999999993,0.0,2.9649569114553742e-05,2.0075900070369244,4.070868089911528e-05,0.9999999999999993,0.0
0.009441330097615719,0.0005586699023842814,0.29869611186106737,2.389532458037138,4.0,0.0028384979814291,0.9999999999999986,0.0,0.0,0.0,fp32,0.0,11,0.0,3500,detail,0.9999999999999986,0.0,4.224527219776064e-05,2.3280124713201076,4.744284160551615e-05,0.9999999999999986,0.0
0.006743157748132944,0.003256842251867056,0.5035114252122294,2.7241350831463933,4.0,0.0032277479767799377,0.9999999999999979,0.0,0.0,0.0,fp32,0.0,11,0.0,4000,detail,0.9999999999999979,0.0,5.4364820243790746e-05,2.654267224483192,7.296796684386209e-05,0.9999999999999979,0.0
0.00955771841108799,0.0004422815889120104,0.2575943847143592,3.090733957942575,4.0,0.0037328728940337896,0.999999999999996,0.0,0.0,0.0,fp32,0.0,11,0.0,4500,detail,0.999999999999996,0.0,1.4631696103606373e-05,3.0121925836429,1.7829286662163213e-05,0.999999999999996,0.0
0.010108918882906437,0.00010891888290643671,0.16849489742977428,3.4422502079978585,4.0,0.0041149568278342485,0.9999999999999987,0.0,0.0,0.0,fp32,0.0,11,0.0,5000,detail,0.9999999999999987,0.0,3.195522731402889e-05,3.3547272502910346,1.6494723240612075e-05,0.9999999999999987,0.0
0.009512526914477348,0.0004874730855226519,0.2183716382636912,3.7934047910384834,4.0,0.004519165959209204,0.9999999999999971,0.0,0.0,0.0,fp32,0.0,11,0.0,5500,detail,0.9999999999999971,0.0,5.848219370818697e-05,3.696822623256594,2.7157029762747698e-05,0.9999999999999971,0.0
0.009050457738339901,0.0009495422616600992,0.15247833598671492,4.1400620001368225,4.0,0.004983999766409397,0.9999999999999962,0.0,0.0,0.0,fp32,0.0,11,0.0,6000,detail,0.9999999999999962,0.0,2.2099162379163317e-05,4.0344921259675175,1.1416372217354365e-05,0.9999999999999962,0.0
0.011291432194411755,0.0012914321944117544,0.1615400525035966,4.765127208083868,4.0,0.00540766678750515,0.999999999999995,0.0,0.0,0.0,fp32,0.0,11,0.0,6500,detail,0.999999999999995,0.0,7.912509317975491e-05,4.65041407966055,5.704398063244298e-05,0.999999999999995,0.0
0.009371054358780384,0.0006289456412196161,0.12870836602530317,5.127846457995474,4.0,0.005809874972328544,0.9999999999999978,0.0,0.0,0.0,fp32,0.0,11,0.0,7000,detail,0.9999999999999978,0.0,2.7872025384567678e-05,5.003867191961035,3.5356621083337814e-05,0.9999999999999978,0.0
0.009906955994665623,9.30440053343775e-05,0.10816999001683278,5.484779207967222,4.0,0.0062201670370996,0.9999999999999972,0.0,0.0,0.0,fp32,0.0,11,0.0,7500,detail,0.9999999999999972,0.0,1.2273563697817735e-05,5.3526734004262835,1.1598875062190928e-05,0.9999999999999972,0.0
0.009398293681442738,0.0006017063185572626,0.9084828143520052,5.838186749955639,4.0,0.006628209026530385,0.9999999999999974,0.0,0.0,0.0,fp32,0.0,11,0.0,8000,detail,0.9999999999999974,0.0,7.775600533932447e-05,5.697234659222886,9.680227958597243e-05,0.9999999999999974,0.0
0.00929499976336956,0.00070500023663044,0.07592019680640723,6.1871295410674065,4.0,0.007013834081590176,0.9999999999999952,0.0,0.0,0.0,fp32,0.0,11,0.0,8500,detail,0.9999999999999952,0.0,1.7669521184870973e-05,6.037157361861318,1.0350919183110818e-05,0.9999999999999952,0.0
0.009659675881266594,0.0003403241187334063,0.10646020131359714,6.527712166076526,4.0,0.007403251016512513,0.9999999999999968,0.0,0.0,0.0,fp32,0.0,11,0.0,9000,detail,0.9999999999999968,0.0,6.559332632605219e-06,6.368880229070783,6.32027968094917e-06,0.9999999999999968,0.0
0.010155775584280491,0.00015577558428049067,0.0329449478602297,6.859571208013222,4.0,0.007855959935113788,0.9999999999999993,0.0,0.0,0.0,fp32,0.0,11,0.0,9500,detail,0.9999999999999993,0.0,4.274324965081178e-06,6.692345741670579,2.724369551287964e-06,0.9999999999999993,0.0
0.00928857084363699,0.0007114291563630106,0.169101817610447,7.201412833062932,4.0,0.008242168929427862,0.9999999999999992,0.0,0.0,0.0,fp32,0.0,11,0.0,10000,detail,0.9999999999999992,0.0,2.4245799068012275e-05,7.025413451483473,2.026634683716111e-05,0.9999999999999992,0.0
0.010161297395825386,0.00016129739582538584,0.0612974289305736,7.531883707968518,4.0,0.008624959969893098,0.9999999999999989,0.0,0.0,0.0,fp32,0.0,11,0.0,10500,detail,0.9999999999999989,0.0,4.805443495570216e-06,7.347525612916797,7.3568266998336185e-06,0.9999999999999989,0.0
0.010408448986709118,0.0004084489867091177,0.029777086560313592,7.859730041120201,4.0,0.009032334899529815,0.9999999999999948,0.0,0.0,0.0,fp32,0.0,11,0.0,11000,detail,0.9999999999999948,0.0,4.0568365875515155e-06,7.666753746569157,5.337241418601479e-06,0.9999999999999948,0.0
0.009805136360228062,0.00019486363977193853,0.06557645566432019,8.185302125057206,4.0,0.009425709955394268,0.9999999999999983,0.0,0.0,0.0,fp32,0.0,11,0.0,11500,detail,0.9999999999999983,0.0,5.811555638501886e-06,7.984078122768551,6.852570095361443e-06,0.9999999999999983,0.0
0.00961608998477459,0.00038391001522541067,0.06444200547487317,8.548587625147775,4.0,0.009814210003241897,0.9999999999999983,0.0,0.0,0.0,fp32,0.0,11,0.0,12000,detail,0.9999999999999983,0.0,8.093318683677353e-06,8.33896219637245,6.847027634648839e-06,0.9999999999999983,0.0
0.009525355882942677,0.00047464411705732366,0.02101582612795583,8.926166957942769,4.0,0.010249292943626642,0.9999999999999981,0.0,0.0,0.0,fp32,0.0,11,0.0,12500,detail,0.9999999999999981,0.0,8.526067176717333e-07,8.70694454247132,1.458025735701085e-06,0.9999999999999981,0.0
0.009674321860074997,0.00032567813992500326,0.029511894508963212,9.268106000032276,4.0,0.010693250922486186,0.9999999999999983,0.0,0.0,0.0,fp32,0.0,11,0.0,13000,detail,0.9999999999999983,0.0,3.933326752303401e-06,9.0399936651811,3.5546622711990494e-06,0.9999999999999983,0.0
0.009726889431476593,0.0002731105685234072,0.015114543347983228,9.611840375000611,4.0,0.011079584946855903,0.999999999999998,0.0,0.0,0.0,fp32,0.0,11,0.0,13500,detail,0.999999999999998,0.0,1.2739470776068629e-06,9.374938289402053,1.2131678204241325e-06,0.999999999999998,0.0
0.010006401687860489,6.4016878604886834e-06,0.013065303134550815,9.9447961661499,4.0,0.011476584943011403,0.9999999999999971,0.0,0.0,0.0,fp32,0.0,11,0.0,14000,detail,0.9999999999999971,0.0,9.147797186415119e-07,9.699101995211095,1.0079870662593748e-06,0.9999999999999971,0.0
0.009992283768951893,7.716231048107355e-06,0.015471341670920631,10.291077041067183,4.0,0.011854002019390464,0.9999999999999961,0.0,0.0,0.0,fp32,0.0,11,0.0,14500,detail,0.9999999999999961,0.0,1.7161984260383178e-06,10.037121783010662,2.0345935354271205e-06,0.9999999999999961,0.0
0.010174254886806011,0.000174254886806011,0.011429144129403835,10.621554750017822,4.0,0.012228542938828468,0.9999999999999952,0.0,0.0,0.0,fp32,0.0,11,0.0,15000,detail,0.9999999999999952,0.0,5.617561100734747e-07,10.358941616257653,7.593798159177823e-07,0.9999999999999952,0.0
0.010227511636912823,0.00022751163691282252,0.012450212247924754,10.956845666049048,4.0,0.012619877001270652,0.9999999999999964,0.0,0.0,0.0,fp32,0.0,11,0.0,15500,detail,0.9999999999999964,0.0,5.009946448808478e-07,10.68614816875197,9.364828770230815e-07,0.9999999999999964,0.0
0.009946780279278755,5.321972072124502e-05,0.007538328896632664,11.288244958035648,4.0,0.013008376816287637,0.999999999999999,0.0,0.0,0.0,fp32,0.0,11,0.0,16000,detail,0.999999999999999,0.0,6.699855248371023e-07,11.009156074840575,7.25266204426589e-07,0.999999999999999,0.0
0.00994730181992054,5.269818007946035e-05,0.00909978273092389,11.616669583134353,4.0,0.013402251759544015,0.9999999999999983,0.0,0.0,0.0,fp32,0.0,11,0.0,16500,detail,0.9999999999999983,0.0,8.024608177947812e-07,11.329401574097574,6.067883759897086e-07,0.9999999999999983,0.0
0.009985540993511677,1.445900648832342e-05,0.00691549274063921,11.945686958031729,4.0,0.013828210765495896,0.9999999999999979,0.0,0.0,0.0,fp32,0.0,11,0.0,17000,detail,0.9999999999999979,0.0,5.063482717559964e-07,11.650036741513759,6.633570706071623e-07,0.9999999999999979,0.0
0.010020649991929531,2.064999192953089e-05,0.007075478475101448,12.27673100004904,4.0,0.014232335845008492,0.9999999999999986,0.0,0.0,0.0,fp32,0.0,11,0.0,17500,detail,0.9999999999999986,0.0,4.218086644414143e-07,11.973134295316413,4.352402811491629e-07,0.9999999999999986,0.0
0.009947014041244984,5.2985958755016535e-05,0.006719122906075227,12.60255275014788,4.0,0.014623752795159817,0.9999999999999976,0.0,0.0,0.0,fp32,0.0,11,0.0,18000,detail,0.9999999999999976,0.0,3.794899328113388e-07,12.290528049692512,3.79027966346257e-07,0.9999999999999976,0.0
0.009965535253286362,3.4464746713638514e-05,0.006430964450137761,12.932511165970936,4.0,0.015002252766862512,0.9999999999999979,0.0,0.0,0.0,fp32,0.0,11,0.0,18500,detail,0.9999999999999979,0.0,3.449537757660437e-07,12.612447844352573,4.104684308003925e-07,0.9999999999999979,0.0
0.009847045876085758,0.000152954123914242,0.006173981286036654,13.268203166080639,4.0,0.015394461806863546,0.9999999999999986,0.0,0.0,0.0,fp32,0.0,11,0.0,19000,detail,0.9999999999999986,0.0,2.4147018962139555e-07,12.939498480642214,3.9204689983307617e-07,0.9999999999999986,0.0
0.009980571456253529,1.9428543746471613e-05,0.005537255145652115,13.597282249946147,4.0,0.015774419764056802,0.999999999999998,0.0,0.0,0.0,fp32,0.0,11,0.0,19500,detail,0.999999999999998,0.0,2.539245258503797e-07,13.260182620491832,3.362720804034325e-07,0.999999999999998,0.0
0.009964130818843842,3.5869181156158655e-05,0.0057065485088599105,13.925539457937703,4.0,0.016164002707228065,0.9999999999999983,0.0,0.0,0.0,fp32,0.0,11,0.0,20000,detail,0.9999999999999983,0.0,3.480333816696657e-07,13.580010589910671,3.259365541907755e-07,0.9999999999999983,0.0
0.0032158824615180492,0.006784117538481951,119.43049008501045,0.0075377500616014,4.0,0.0,,,,0.0,fixed-e3m4,0.0,11,0.0,0,detail,,,,0.0,0.008069450035691261,,0.00011799453932326287
0.009811139665544033,0.00018886033445596716,6.092153525651463,2.1575477921869606,4.0,0.00041829096153378487,0.9999157945400767,1.6619369665137473e-11,0.00584331979795979,0.0,fixed-e3m4,0.0,11,0.0,500,detail,-0.2342507836519535,1.1332817231489987e-06,0.0003684207331389189,2.123660371406004,0.00034423195756971836,-0.2336189260158929,0.00019006369984708726
0.011230135336518288,0.0012301353365182875,2.2846005359214305,4.252761834068224,4.0,0.002968832850456238,0.999912669958042,5.202868661669454e-11,0.01267703278201446,0.0,fixed-e3m4,0.0,11,0.0,1000,detail,-0.10410105865839946,1.3824087687029274e-06,0.0002068657340714708,4.19204474426806,0.0001397879095748067,-0.10257210108740837,0.00017742280033417046
0.010678410530090332,0.0006784105300903318,1.767009943064801,7.404688500100747,4.0,0.003682540962472558,0.9999091331737063,9.481334919780713e-10,0.015153015747251659,0.0,fixed-e3m4,0.0,11,0.0,1500,detail,0.16526747354829255,5.085044383071391e-06,0.0006310759345069528,7.305927658220753,0.00020918340305797756,0.16491263758852626,0.00047149130841717124
0.009004930034279823,0.000995069965720177,0.8825634020370987,10.178992083994672,4.0,0.004321998916566372,0.9999201078456463,4.682929811442393e-11,0.00921065663068238,0.0,fixed-e3m4,0.0,11,0.0,2000,detail,0.8800273658039018,1.0917362500150357e-07,8.005171548575163e-05,10.04881695844233,6.357785605359823e-05,0.8801762791190895,9.577226592227817e-05
0.009897434152662754,0.00010256584733724615,0.6781029255497663,12.977554667042568,4.0,0.005097456742078066,0.9999111098483646,1.5636836762640397e-11,0.015747251658908588,0.0,fixed-e3m4,0.0,11,0.0,2500,detail,0.7099670238701038,1.0299381251527875e-07,4.632948912330903e-05,12.808067745761946,4.546897980617359e-05,0.7096153494989776,8.549568883609027e-05
0.012191889807581902,0.0021918898075819013,1.3484468229474245,15.301273084012792,4.0,0.0058047897182404995,0.9999158080752732,9.768480205046424e-12,0.010795285728434188,0.0,fixed-e3m4,0.0,11,0.0,3000,detail,0.34977877757241016,1.8664124226567245e-07,6.61208396195434e-05,15.094800457591191,0.00011635418195510283,0.34989441507247326,9.36691285460256e-05
0.008978595025837421,0.0010214049741625788,1.4210962812013372,17.57329266704619,4.0,0.00641066487878561,0.9998981823810217,9.049210343704863e-11,0.013073190056452412,0.0,fixed-e3m4,0.0,11,0.0,3500,detail,0.8373320716280143,1.3226222151618458e-07,0.00014189751527737826,17.337144831661135,0.00013183125702198595,0.8366885052388442,8.166645420715213e-05
0.009387110359966755,0.0006128896400332453,0.6814322715897032,19.54938850016333,4.0,0.007050081854686141,0.9999126773979121,1.3911234696315421e-11,0.011488560958700603,0.0,fixed-e3m4,0.0,11,0.0,4000,detail,0.47346568151834384,2.1858899935665714e-07,4.6027242206037045e-05,19.286782552488148,4.6965167712187394e-05,0.47321786894149337,7.912966975709423e-05
0.00996331125497818,3.6688745021820277e-05,0.29574932392843356,21.666764584137127,4.0,0.007510124007239938,0.9999082663103659,1.2151810152792341e-11,0.010993364365653164,0.0,fixed-e3m4,0.0,11,0.0,4500,detail,0.7113605479229697,8.520957588466118e-08,4.977364369551651e-05,21.37735847500153,2.099580342473928e-05,0.7107382877763698,5.166521077626385e-05
0.009661111049354076,0.0003388889506459238,0.41079828381917527,23.80593137512915,4.0,0.008115123957395554,0.99990176996279,3.158069945236282e-11,0.01465781915420422,0.0,fixed-e3m4,0.0,11,0.0,5000,detail,-0.2485472169053725,4.280932909946599e-07,7.726633339188993e-05,23.489268959267065,6.088319787522778e-05,-0.24795044746236644,5.8318517403677106e-05
0.00906328484416008,0.0009367151558399203,0.9120973913072403,26.1201626250986,4.0,0.008698957040905952,0.9999053955145227,3.278866740767295e-11,0.016242448251956025,0.0,fixed-e3m4,0.0,11,0.0,5500,detail,0.330170262958359,1.59287862475615e-07,9.909408981911838e-05,25.77306222030893,0.0001388395030517131,0.3307185118989518,7.203861605376005e-05
0.009331411682069302,0.0006685883179306986,0.6675183014904463,28.15019700000994,4.0,0.00919758202508092,0.9999008928948685,1.810070663793998e-11,0.013766465286718828,0.0,fixed-e3m4,0.0,11,0.0,6000,detail,-0.47524400029927333,4.2306753589799097e-07,5.715303632314317e-05,27.775853811064735,0.00010098847997142002,-0.47338260570730195,9.901059092953801e-05
0.01088082604110241,0.0008808260411024092,0.5325126189734717,30.058059625094756,4.0,0.009774581994861364,0.9999107871374346,1.102799890860253e-11,0.015846290977518076,0.0,fixed-e3m4,0.0,11,0.0,6500,detail,0.8188607926815682,1.3156601621907126e-07,5.780293213319965e-05,29.658339813817292,5.29114950040821e-05,0.8183574833935076,0.00010170225141337141
0.007832057774066925,0.002167942225933075,0.16591283230335227,32.08438950008713,4.0,0.010352332144975662,0.9999211335908916,1.4193798980228381e-12,0.02000594235911657,0.0,fixed-e3m4,0.0,11,0.0,7000,detail,0.23362921292715325,2.138674493246346e-08,1.440193682356039e-05,31.65945616713725,2.6378611437394284e-05,0.23381122991151074,2.7276848413748667e-05
0.009763343259692192,0.00023665674030780813,0.3272827965216364,34.130995167186484,4.0,0.010949916206300259,0.9999257754933406,2.1564197644172835e-11,0.023472318510448648,0.0,fixed-e3m4,0.0,11,0.0,7500,detail,-0.02899625396647217,1.730264845577007e-07,7.840276521164924e-05,33.68145705922507,2.7982363462797366e-05,-0.02873134938841537,8.40553329908289e-05
0.011403743177652359,0.0014037431776523588,0.22685354336373043,36.18904125015251,4.0,0.011825749184936285,0.9999146736128515,6.6144303896215696e-12,0.023472318510448648,0.0,fixed-e3m4,0.0,11,0.0,8000,detail,0.6691611667142937,8.034307608063571e-08,4.226882447255775e-05,35.71186355035752,4.808120502275415e-05,0.6688341450772776,5.288771353662014e-05
0.008452670648694038,0.0015473293513059618,0.1193571376812637,38.872899167006835,4.0,0.012507206993177533,0.9999171106328791,8.045986979257167e-13,0.019807863721897592,0.0,fixed-e3m4,0.0,11,0.0,8500,detail,0.2290755512297842,7.978882283488585e-08,1.347166471532546e-05,38.359056890243664,1.6123507521115243e-05,0.22839834461979383,5.120288551552221e-05
0.010778767988085747,0.0007787679880857466,0.2863532071312725,40.76028825016692,4.0,0.013009998947381973,0.9999215787183536,1.865717016262512e-12,0.043082103595127264,0.0,fixed-e3m4,0.0,11,0.0,9000,detail,-0.4874684312664107,2.6260193672951484e-08,9.287768989452161e-06,40.22031432390213,2.565033355494961e-05,-0.4878914660108652,1.5010946299298666e-05
0.010423134081065655,0.00042313408106565455,0.27693314283554527,42.32728591701016,4.0,0.013398414943367243,0.9998967478020003,2.0766357945827015e-11,0.038328216301871845,0.0,fixed-e3m4,0.0,11,0.0,9500,detail,0.8864546979639347,2.1808779751094537e-08,6.097024743212387e-05,41.76797377457842,2.428314655844588e-05,0.8875888765850304,4.524909672909416e-05
0.01033562421798706,0.00033562421798706034,0.10877755645540102,43.842150875134394,4.0,0.013797455932945013,0.9999207540254688,6.297932577582256e-12,0.028820441715361,0.0,fixed-e3m4,0.0,11,0.0,10000,detail,0.2712000647761695,6.079043001074796e-08,2.464228600729257e-05,43.264385825023055,2.106128704326693e-05,0.2692418116543418,2.4361032046726905e-05
0.009673983789980412,0.0003260162100195887,0.08948196474706846,45.282184375217184,4.0,0.014191872905939817,0.999939237346956,6.398646782738996e-12,0.034861840150539766,0.0,fixed-e3m4,0.0,11,0.0,10500,detail,0.7799600180765823,1.0051559372097183e-07,3.491234019747935e-05,44.68732819426805,1.7187927369377576e-05,0.7802902236356106,6.593340367544442e-05
0.009839341975748539,0.00016065802425146124,0.06292141454943417,46.73554054205306,4.0,0.014558830996975303,0.9999060851137996,4.666019778627395e-13,0.01802515598692681,0.0,fixed-e3m4,0.0,11,0.0,11000,detail,-0.1243598319453565,7.981722833690925e-08,5.342828899301821e-06,46.12284310651012,2.923492320405785e-05,-0.12305636816659461,4.080851067556068e-05
0.011274429038167,0.0012744290381669996,0.21084111846848713,48.21207725000568,4.0,0.015024371910840273,0.999921132907491,6.755342243022597e-12,0.04615232247202139,0.0,fixed-e3m4,0.0,11,0.0,11500,detail,-0.3439332545140318,8.324799888662586e-08,2.2120315406937152e-05,47.57999868388288,2.0545621737255715e-05,-0.3426301227786962,3.4477121516829357e-05
0.00998519454151392,1.4805458486080378e-05,0.0869505510791506,49.63703283411451,4.0,0.015464788768440485,0.99989528255797,2.123206930520772e-12,0.039615727443795185,0.0,fixed-e3m4,0.0,11,0.0,12000,detail,0.46260694944275077,1.3627941615712618e-08,8.080203770077787e-06,48.986104579409584,1.2084018635505345e-05,0.46197929663483883,2.9688748327316716e-05
0.010831995867192745,0.000831995867192745,0.03404066192839978,51.03455112501979,4.0,0.01584212272427976,0.9998917852901644,1.887503400195896e-12,0.03595127265524413,0.0,fixed-e3m4,0.0,11,0.0,12500,detail,0.447852462142858,9.189790808117646e-09,1.1239693776587956e-05,50.36570811946876,7.231190465972759e-06,0.44747307898804906,2.5465280486969277e-05
0.00950455479323864,0.0004954452067613604,0.10651722742832907,52.42323570908047,4.0,0.016221538884565234,0.9999207577241286,6.118794437520592e-13,0.045657125878973956,0.0,fixed-e3m4,0.0,11,0.0,13000,detail,0.4158201598683104,1.9182431682789352e-08,1.083505412680097e-05,51.7367491973564,8.4826506281388e-06,0.41491548984596527,2.3407932530972175e-05
0.010089140385389328,8.91403853893278e-05,0.06501012808006058,53.81135958409868,4.0,0.01664995588362217,0.9999170996782267,1.3193704407912676e-13,0.03406952560166386,0.0,fixed-e3m4,0.0,11,0.0,13500,detail,0.3867415114892194,3.93757735944523e-08,3.022583996425965e-06,53.106055282987654,5.815737949887989e-06,0.3866537590202083,3.594093504943885e-05
0.009247242473065853,0.0007527575269341471,0.11127727944696642,55.216877709142864,4.0,0.017042955849319696,0.9998946114509658,2.033440916279653e-12,0.032286817866693074,0.0,fixed-e3m4,0.0,11,0.0,14000,detail,0.2829541783789982,2.5312836925688374e-08,1.3770315490546636e-05,54.49334977869876,9.559451427776366e-06,0.2808245430921847,2.40513381868368e-05
0.010233379900455475,0.00023337990045547465,0.0678572461656155,56.61283712508157,4.0,0.01742741372436285,0.9998757688257477,2.68782894817849e-12,0.03654550856690106,0.0,fixed-e3m4,0.0,11,0.0,14500,detail,0.6979653954066336,9.781349004120252e-09,7.715671927144285e-06,55.87146199122071,4.270972567610443e-06,0.6993508014255251,3.802039282163605e-05
0.009977199137210846,2.280086278915426e-05,0.015541789907207077,58.00722312508151,4.0,0.01783787179738283,0.9999067178692665,1.5313397145750135e-12,0.026245419431514313,0.0,fixed-e3m4,0.0,11,0.0,15000,detail,0.5932975996214337,5.635993245020203e-08,7.873986760387197e-06,57.249256000388414,3.3307630928902654e-06,0.5932283544671179,5.421497189672664e-05
0.010452213697135448,0.00045221369713544825,0.08260556363836326,59.408913834020495,4.0,0.018272912595421076,0.9999140381571124,1.0704364659256786e-12,0.039021491532138255,0.0,fixed-e3m4,0.0,11,0.0,15500,detail,0.8120881592043424,6.516531537862158e-08,5.598137704510009e-06,58.634096135152504,5.801102361147059e-06,0.8121817361303998,5.375958789954893e-05
0.009645132347941399,0.0003548676520586016,0.05564318073788396,60.80067900009453,4.0,0.018667079508304596,0.9998863271043678,2.6150256095321084e-13,0.02436367237793404,0.0,fixed-e3m4,0.0,11,0.0,16000,detail,0.14483870695395656,5.424695626970502e-08,2.714189804464695e-06,60.009364215424284,9.946164936991408e-06,0.14591175566698117,5.3543881222140044e-05
0.009860478341579437,0.00013952165842056295,0.04750124992015405,62.19364558416419,4.0,0.01909470441751182,0.9999281281567705,5.884896723827777e-13,0.03981380608101416,0.0,fixed-e3m4,0.0,11,0.0,16500,detail,-0.02602046047934068,6.463161585319747e-08,5.323160621628631e-06,61.384886923013255,4.882699158770265e-06,-0.02617244776003896,6.024718823027797e-05
0.00985787808895111,0.00014212191104888937,0.031022284981031364,63.592820667196065,4.0,0.019467412494122982,0.9999174278242995,3.328358965840479e-13,0.04387441814400317,0.0,fixed-e3m4,0.0,11,0.0,17000,detail,0.13109873955785464,3.0103299613945045e-08,5.072037311038002e-06,62.766706329537556,4.992817594029475e-06,0.1322372383151707,3.149058102280833e-05
0.00990286935120821,9.713064879179022e-05,0.06948084539674391,65.01362745906226,4.0,0.019874954596161842,0.9999225852271948,7.391079901920217e-13,0.038328216301871845,0.0,fixed-e3m4,0.0,11,0.0,17500,detail,-0.08897384610761745,2.538278329259538e-08,6.507614671136253e-06,64.16961999656633,6.642239441134734e-06,-0.08998314260972456,3.400983041501604e-05
0.010042229667305946,4.222966730594614e-05,0.038151419915793364,66.41081445920281,4.0,0.020274371607229114,0.9999274886971758,1.5880308308847432e-13,0.028622363078142022,0.0,fixed-e3m4,0.0,11,0.0,18000,detail,0.5178704994456406,5.619858227992514e-08,2.7871660677192267e-06,65.5488517023623,3.858700893033529e-06,0.518998077969561,4.0866088966140524e-05
0.01020850706845522,0.00020850706845521906,0.04730322126437793,67.79948770906776,4.0,0.02066145557910204,0.9999160704952679,2.2093026413638756e-13,0.03139546399920769,0.0,fixed-e3m4,0.0,11,0.0,18500,detail,-0.03802581025382857,6.757783782754889e-08,4.9199911700270604e-06,66.9200565351639,3.4642096125026e-06,-0.03845979491797411,4.329737930675037e-05
0.009973105974495411,2.689402550458929e-05,0.09612805331223515,69.24934808420949,4.0,0.02107183076441288,0.9999252979955171,2.2362693080254933e-13,0.03575319401802515,0.0,fixed-e3m4,0.0,11,0.0,19000,detail,0.5105186190321476,3.6971731331985344e-08,3.5311954889039043e-06,68.35194946918637,6.724235390720423e-06,0.5111979570968742,5.0569673476275057e-05
0.010220173746347427,0.00022017374634742716,0.013084906986762025,70.72559379204176,4.0,0.021464039804413915,0.9999002848753552,1.5026562899584287e-13,0.03268297514113103,0.0,fixed-e3m4,0.0,11,0.0,19500,detail,-0.3523757603386735,4.86186360101998e-08,2.206272029070533e-06,69.80975422170013,2.269790002173977e-06,-0.35283905142353617,4.0761013224255294e-05
0.01022422406822443,0.00022422406822442988,0.048229992602400094,72.18632220919244,4.0,0.02186708082444966,0.9999045321298643,3.7595044249438745e-12,0.04050708131128058,0.0,fixed-e3m4,0.0,11,0.0,20000,detail,0.6084275192478145,1.9845931338714614e-08,1.2840673662140034e-05,71.25169820315205,3.6480880680755945e-06,0.6077320154301363,4.642194471671246e-05
0.0017248974181711674,0.008275102581828833,119.2992698867104,0.004957415862008929,4.0,0.0,,,,0.0,fixed-e4m3,0.0,11,0.0,0,detail,,,,0.0,0.008437036536633968,,0.0007670414634048939
0.009319363161921501,0.000680636838078499,6.744686619038136,1.450651332968846,4.0,0.0005817089695483446,0.9996896815532235,2.858453933823666e-10,0.0,0.0,fixed-e4m3,0.0,11,0.0,500,detail,0.37088160476909865,1.9076253897965215e-05,0.0004327105125412345,1.4277791259810328,0.00042307033436372876,0.37036017677359506,0.0015461528673768044
0.0068977042101323605,0.0031022957898676397,3.6689129879903044,2.8638610830530524,4.0,0.0009866261389106512,0.9996656093987315,8.477691244004873e-11,0.0,0.0,fixed-e4m3,0.0,11,0.0,1000,detail,-0.20788173407423025,5.3629691061502e-06,0.00020898482762277126,2.8239683373831213,0.00024410795595031232,-0.2070148626888876,0.000723118195310235
0.009644992649555206,0.0003550073504447939,2.6574112955747977,4.268917083041742,4.0,0.0013942932710051537,0.9996071712146937,1.0430172073914226e-09,0.0,0.0,fixed-e4m3,0.0,11,0.0,1500,detail,0.9498984874640996,1.0225482286484245e-06,0.00025490651023574173,4.2125139706768095,0.000285849382635206,0.9492224410602818,0.0006265999982133508
0.007345178164541721,0.002654821835458279,2.1389917144535584,5.672824415843934,4.0,0.0017790852580219507,0.9995947004736605,2.8562837650014274e-09,0.0,0.0,fixed-e4m3,0.0,11,0.0,2000,detail,0.8886809641672939,2.275444847891107e-06,0.0005991291254758835,5.600199710112065,0.0003654141037259251,0.8899176889625444,0.0005269336979836226
0.010239898227155209,0.00023989822715520838,2.3390253975395003,7.077870707958937,4.0,0.002179877134039998,0.9996872640358281,1.2755406681555862e-10,9.903931860948797e-05,0.0,fixed-e4m3,0.0,11,0.0,2500,detail,0.5641780472907388,1.598340461402746e-06,0.00010008121898863465,6.98893924895674,0.0001589748280821368,0.5635461574618693,0.0005886625149287283
0.010880584828555584,0.0008805848285555837,0.832172707215627,8.633145458064973,4.0,0.0025828771758824587,0.9996520051701244,2.3258447431867032e-10,0.0,0.0,fixed-e4m3,0.0,11,0.0,3000,detail,0.07117104089173874,9.06930948309107e-07,0.00015187359531410038,8.52534336131066,0.00010385205678176135,0.07528089949601277,0.00043893943075090647
0.007854174822568893,0.0021458251774311068,0.6216444852322213,10.141821458004415,4.0,0.003090460319072008,0.9996463290045501,2.706398997707574e-11,9.903931860948797e-05,0.0,fixed-e4m3,0.0,11,0.0,3500,detail,-0.21571094698383578,1.193430608578978e-06,6.294080230873078e-05,10.014937604079023,8.157217962434515e-05,-0.21655831914562368,0.0003605610108934343
0.008518039248883724,0.001481960751116276,1.1936497517065743,11.671104500070214,4.0,0.003538293531164527,0.9996789244023386,1.0837477420798372e-10,9.903931860948797e-05,0.0,fixed-e4m3,0.0,11,0.0,4000,detail,0.8101680328399127,1.435311557616668e-06,0.00011689782695611939,11.52498336113058,0.00022515970340464264,0.8092088372956628,0.00031650796881876886
0.009315689094364643,0.0006843109056353571,1.133980260887356,13.456901707919315,4.0,0.004123418591916561,0.9996450211222493,5.6469275796222275e-11,9.903931860948797e-05,0.0,fixed-e4m3,0.0,11,0.0,4500,detail,-0.58149269360081,1.0844270481121537e-06,7.035593444015831e-05,13.290125811472535,0.00011542867287062109,-0.5816728696419241,0.0002248462405987084
0.011500060558319092,0.0015000605583190916,1.220025320246956,15.078533957945183,4.0,0.00456046056933701,0.9997042080471144,1.121660350195468e-10,0.00019807863721897593,0.0,fixed-e4m3,0.0,11,0.0,5000,detail,0.42406665238736385,1.87749924856306e-07,0.00014530692715197802,14.890609766356647,8.39004060253501e-05,0.42575691572998,0.00020742621563840657
0.008671866729855537,0.0013281332701444628,1.4403048265610894,16.53773854090832,4.0,0.004942877683788538,0.9996658085933091,1.0119976581229777e-10,9.903931860948797e-05,0.0,fixed-e4m3,0.0,11,0.0,5500,detail,0.6869299151708652,2.3502086754181637e-07,8.243377669714391e-05,16.332185422768816,0.00012610321573447436,0.6862276830373981,0.0003049969964195043
0.00803667213767767,0.0019633278623223307,0.9925701980423948,18.06605862500146,4.0,0.005363085540011525,0.9997264975388024,1.2475195506595466e-10,0.0,0.0,fixed-e4m3,0.0,11,0.0,6000,detail,0.8073595826265392,2.985618809074337e-07,0.00010643152199918404,17.84078556415625,8.093282667687163e-05,0.8068529115987886,0.00020101558766327798
0.009118742309510708,0.0008812576904892924,0.2555187129461421,19.534083208069205,4.0,0.0057925444561988115,0.9996574894791711,3.8024037261624793e-11,0.0,0.0,fixed-e4m3,0.0,11,0.0,6500,detail,-0.366186188551341,2.1330846272407751e-07,5.525633605429903e-05,19.290388269815594,4.617479498847388e-05,-0.36562148968751973,0.00012653435987886041
0.010281220078468323,0.00028122007846832255,0.5010267108896302,20.959603665862232,4.0,0.006198502611368895,0.9996405377862644,3.691782333236636e-11,0.0008913538674853917,0.0,fixed-e4m3,0.0,11,0.0,7000,detail,0.6322146274954514,3.336415988431494e-07,6.487470091087744e-05,20.698722957400605,0.00017443811520934105,0.6286780830457399,0.00018399603141006082
0.009249741211533546,0.0007502587884664538,0.80094816157066,22.34365754085593,4.0,0.006589460652321577,0.9996507310818614,1.1129525874220195e-10,0.00019807863721897593,0.0,fixed-e4m3,0.0,11,0.0,7500,detail,0.8882019525807154,1.8886703460578463e-07,9.739516099216416e-05,22.066335043869913,6.310813478194177e-05,0.8884778340984748,0.00018673347949516028
0.01026078686118126,0.00026078686118125895,0.32166074888070073,23.71179729094729,4.0,0.006970544811338186,0.9995764391130592,6.185395032731382e-11,9.903931860948797e-05,0.0,fixed-e4m3,0.0,11,0.0,8000,detail,0.3957839390804001,6.853809290809617e-08,4.404883293318562e-05,23.418535839067772,3.0728198908036575e-05,0.39085108064827995,0.00011999872367596254
0.010862026363611221,0.0008620263636112211,0.28474371244122365,25.07789224991575,4.0,0.007352836895734072,0.9996439264818789,8.060580593651881e-12,9.903931860948797e-05,0.0,fixed-e4m3,0.0,11,0.0,8500,detail,-0.6271745336995137,2.3398234545283937e-07,2.005399983318057e-05,24.76853163121268,2.0872234017588198e-05,-0.6290337262513511,0.00013174449850339442
0.010003023780882359,3.023780882358343e-06,0.48731307777357585,26.453419415978715,4.0,0.007741878740489483,0.9995823634565855,4.4602789692820186e-11,0.0002971179558284639,0.0,fixed-e4m3,0.0,11,0.0,9000,detail,0.0500568460211025,9.682503637489916e-08,5.044064164394513e-05,26.127720792079344,4.599183739628643e-05,0.04845486419351943,0.0001276606199098751
0.00820229947566986,0.0017977005243301394,0.24188267273931746,27.831016625044867,4.0,0.00816262885928154,0.9996168784591286,1.0944921884787413e-11,0.0002971179558284639,0.0,fixed-e4m3,0.0,11,0.0,9500,detail,0.8981257703807639,3.869936914503082e-07,1.5308192814700305e-05,27.48790415143594,2.812573620758485e-05,0.8983610090651534,0.00017721584299579263
0.008884615264832973,0.0011153847351670267,0.18070178772316625,29.204385624965653,4.0,0.008544211741536856,0.9995812596279711,8.689300215460092e-12,0.0002971179558284639,0.0,fixed-e4m3,0.0,11,0.0,10000,detail,0.8325119826024432,4.391115266756105e-08,1.2785316357621923e-05,28.844137244857848,2.274404323543422e-05,0.8341713826852541,5.987711119814776e-05
0.010492763482034206,0.0004927634820342062,0.13833073621030095,30.626837000017986,4.0,0.008938919752836227,0.9995765453678969,4.6389685223012565e-12,0.0006932752302664158,0.0,fixed-e4m3,0.0,11,0.0,10500,detail,0.05206866047530655,1.8916162551055317e-08,1.706263719825074e-05,30.24929625657387,1.626977427804377e-05,0.05075125800029532,4.921910658595152e-05
0.010478155687451363,0.0004781556874513624,0.19041431305794088,32.1520487498492,4.0,0.00933150271885097,0.9997190534894101,2.4883822299976867e-12,0.0002971179558284639,0.0,fixed-e4m3,0.0,11,0.0,11000,detail,-0.3055045827600095,1.9215221865116635e-07,1.994892409129534e-05,31.742392622632906,1.937893648573663e-05,-0.306422021254667,0.00011674054258037359
0.009586765430867672,0.00041323456913232824,0.17236792555396344,33.65290420805104,4.0,0.009716877713799477,0.9995992394204051,8.875997901874153e-12,9.903931860948797e-05,0.0,fixed-e4m3,0.0,11,0.0,11500,detail,0.05403157657383566,1.556236168823008e-07,1.615530163689982e-05,33.224413332296535,1.8397720850771293e-05,0.052671537317843284,0.00010455851588631049
0.009820816107094288,0.00017918389290571234,0.09658822144619343,35.1335426250007,4.0,0.010204877704381943,0.9996959370528927,1.8979809329629188e-11,9.903931860948797e-05,0.0,fixed-e4m3,0.0,11,0.0,12000,detail,0.20039864580754724,1.8945050464475502e-07,1.694198726909235e-05,34.685735122533515,2.069365291390568e-05,0.19854915995727324,6.571197445737198e-05
0.010119341313838959,0.00011934131383895853,0.06581573008513604,36.55163724999875,4.0,0.010607085656374693,0.9996638258392532,1.7811552186406678e-11,0.00019807863721897593,0.0,fixed-e4m3,0.0,11,0.0,12500,detail,0.8422106650028864,2.0481389517099063e-07,1.5523595720878802e-05,36.08605697564781,5.459472504298901e-06,0.8438500809192422,0.00012961027096025646
0.011225834488868713,0.0012258344888687132,0.14313727908313953,37.956256582867354,4.0,0.010986835695803165,0.9995982230035991,5.693825481516864e-12,0.00019807863721897593,0.0,fixed-e4m3,0.0,11,0.0,13000,detail,-0.6955407743903865,1.350501101900273e-07,1.7711741747916676e-05,37.47107806871645,1.5577978047076613e-05,-0.6992938929634676,6.821013084845617e-05
0.010551953688263893,0.0005519536882638929,0.12058718266141777,39.451125415973365,4.0,0.011473251739516854,0.9996345105804443,3.434678845660162e-11,0.00039615727443795186,0.0,fixed-e4m3,0.0,11,0.0,13500,detail,-0.5883651615720462,3.287427853736025e-07,3.0283925298135728e-05,38.947810638463125,8.573526429245248e-06,-0.5875712058709609,0.00011714839638443664
0.010163605213165283,0.000163605213165283,0.0782740330528403,40.96325624990277,4.0,0.011916417628526688,0.9996630025524197,2.3403993140472163e-12,0.0,0.0,fixed-e4m3,0.0,11,0.0,14000,detail,-0.4641851670376203,5.42354468219142e-07,1.3093927009322215e-05,40.441308055771515,2.35174684348749e-05,-0.4650262183295944,0.0002496493107173592
0.010852971114218235,0.0008529711142182348,0.07531659120051479,42.496722124982625,4.0,0.012391459662467241,0.999708296747795,7.005536572606661e-12,0.00019807863721897593,0.0,fixed-e4m3,0.0,11,0.0,14500,detail,0.9023286186588771,3.49398923326586e-07,1.2675711332121864e-05,41.956907057669014,1.5198216715361923e-05,0.9033460629215418,0.0001885927194962278
0.01030891016125679,0.00030891016125678995,0.07761738084531836,44.10750825004652,4.0,0.012777626514434814,0.9996049191052797,1.8651698918708082e-11,0.0011884718233138556,0.0,fixed-e4m3,0.0,11,0.0,15000,detail,-0.12648039428364832,3.472851538061253e-07,3.0259101549745537e-05,43.54737297282554,1.7688569641904905e-05,-0.12235895808670338,0.00018325414566788822
0.009912345558404922,8.765444159507772e-05,0.06790082924680073,45.69823566591367,4.0,0.013199501438066363,0.9996294438010117,1.1891456255736337e-12,9.903931860948797e-05,0.0,fixed-e4m3,0.0,11,0.0,15500,detail,0.02350743449685938,2.8834176673150507e-07,4.201374395051971e-06,45.118516674032435,5.583993242908036e-06,0.023633829877257373,0.00015066645573824644
0.009843895211815834,0.00015610478818416616,0.039213201081394713,47.32452083285898,4.0,0.01357495947740972,0.99945576186909,3.754820367156701e-12,0.0010894325047043677,0.0,fixed-e4m3,0.0,11,0.0,16000,detail,0.7296033894125321,2.840038400887306e-07,5.325798156263772e-06,46.725901504512876,5.107789093017345e-06,0.7303757528059985,0.00010179549281019717
0.010760131292045116,0.0007601312920451162,0.054779175835992025,49.01783279096708,4.0,0.014086292590945959,0.999653547767792,1.0874763752515373e-12,0.00019807863721897593,0.0,fixed-e4m3,0.0,11,0.0,16500,detail,-0.5030804343978669,2.5499661247514264e-07,7.1216063588508405e-06,48.39591113291681,6.201826636242913e-06,-0.5012527135259284,0.000126595186884515
0.010448448359966278,0.00044844835996627787,0.043932025640607615,50.648490332998335,4.0,0.01455716765485704,0.9996271238183506,7.302191762416814e-13,0.0002971179558284639,0.0,fixed-e4m3,0.0,11,0.0,17000,detail,0.03796175572794315,2.446139595521223e-07,5.054420853412012e-06,50.00406303210184,5.288822649163194e-06,0.0398805730344683,0.000146236052387394
0.010583190247416496,0.0005831902474164961,0.03896812715924284,52.40005320799537,4.0,0.015311125665903091,0.9996552056991702,1.234156997291965e-12,0.0,0.0,fixed-e4m3,0.0,11,0.0,17500,detail,-0.15194555929230497,2.7995916545828126e-07,7.018290489213541e-06,51.732679868349805,4.266345513315173e-06,-0.14857049340055037,0.0001101790985558182
0.010161392390727997,0.00016139239072799662,0.021512777526293356,54.06243604095653,4.0,0.01575704268179834,0.9996698589741325,4.905523240249346e-13,9.903931860948797e-05,0.0,fixed-e4m3,0.0,11,0.0,18000,detail,0.2678782499837832,3.7816449266542425e-07,4.8525816964684054e-06,53.36450072959997,4.114618150197202e-06,0.2666507530356412,0.0001476539473515004
0.010684660635888577,0.0006846606358885763,0.039998056435217255,55.753098041052,4.0,0.016219417564570904,0.9996914524769899,2.687690913604641e-13,0.0008913538674853917,0.0,fixed-e4m3,0.0,11,0.0,18500,detail,-0.22855353856737948,2.536086638686647e-07,2.0922798285027966e-06,55.03238175692968,3.389876383153023e-06,-0.2290978746654864,0.00013740992289967835
0.01009089034050703,9.089034050703028e-05,0.03766421516665005,57.197812707861885,4.0,0.016618125373497605,0.9997171926373105,1.2807213424823633e-12,9.903931860948797e-05,0.0,fixed-e4m3,0.0,11,0.0,19000,detail,0.5058187283935849,2.972789795164601e-07,3.4170907383668236e-06,56.4573443045374,5.943933956586989e-06,0.5047781482207523,0.00012885054457001388
0.009715631604194641,0.0002843683958053591,0.025504483973183507,59.00103308307007,4.0,0.017522208392620087,0.999658665772867,1.2853106849666605e-12,9.903931860948797e-05,0.0,fixed-e4m3,0.0,11,0.0,19500,detail,-0.06920693089740095,2.1967824995195136e-07,4.753143002744764e-06,58.23702532122843,5.915357178309932e-06,-0.07154636028746206,0.00015917418932076544
0.010418126359581947,0.0004181263595819471,0.030332180861513708,61.2207624160219,4.0,0.018907833378762007,0.9997096388387151,1.2651996050265097e-12,0.0004951965930474399,0.0,fixed-e4m3,0.0,11,0.0,20000,detail,-0.39011435135455413,2.942840950492672e-07,4.9364048209099565e-06,60.42199410311878,4.205849563732045e-06,-0.3927540820337087,0.0001406600495101884
-0.0010265698656439781,0.011026569865643978,149.7949073485586,0.004429750144481659,4.0,0.0,,,,0.0,fixed-e5m2,0.0,11,0.0,0,detail,,,,0.0,0.015269706957042217,,0.00617798650637269
0.007808962371200323,0.002191037628799677,8.51045600878163,1.5203407499939203,4.0,0.0004016668535768986,0.9983998657653904,1.1833195455305598e-09,0.0,0.0,fixed-e5m2,0.0,11,0.0,500,detail,0.15675226885118998,2.565732012063665e-05,0.0005404310068115592,1.496455088024959,0.000565757043659687,0.16070601569787962,0.004796013236045837
0.011914304457604885,0.001914304457604885,5.181037674392857,2.9852969590574503,4.0,0.0008005418349057436,0.9988815880869436,2.7140105113375624e-09,0.0,0.0,fixed-e5m2,0.0,11,0.0,1000,detail,0.9019913604033312,3.387941316198841e-05,0.0003688495489768684,2.9413738308940083,0.0003972252015955746,0.9028447587102212,0.00476415129378438
0.008112454786896706,0.0018875452131032946,4.505013411708622,4.479822667082772,4.0,0.0011923748534172773,0.9987786811414523,5.061503426709969e-10,0.0,0.0,fixed-e5m2,0.0,11,0.0,1500,detail,0.19257596927124315,7.24415942976349e-06,0.00024373266205657274,4.41693245829083,0.0006887326599098742,0.1908353990316282,0.0024725128896534443
0.01068155001848936,0.0006815500184893606,2.1646952349024318,5.953808709047735,4.0,0.0015863338485360146,0.9983883457131363,2.02025929225077e-09,0.0,0.0,fixed-e5m2,0.0,11,0.0,2000,detail,-0.30798884279454675,1.4327724791247709e-05,0.00036515691317617893,5.8706877895165235,0.0002518750261515379,-0.3096255284545614,0.002306799404323101
0.01015976257622242,0.00015976257622241953,1.9865561297323178,7.4192698751576245,4.0,0.002006791764870286,0.9984612910163575,3.65094901191596e-09,0.0,0.0,fixed-e5m2,0.0,11,0.0,2500,detail,0.5648099141000646,4.201504915567996e-06,0.0003541041514836252,7.316497202729806,0.0003370821359567344,0.5680033668346719,0.0018957400461658835
0.009718266315758228,0.0002817336842417719,1.715613218114993,8.973049500025809,4.0,0.0024462498258799314,0.9985295001840273,5.954744686415698e-10,0.0,0.0,fixed-e5m2,0.0,11,0.0,3000,detail,0.21211661280940927,4.5311430237063515e-07,0.000284003559499979,8.850974777946249,0.0002153625391656533,0.20865107608487796,0.0007002773345448077
0.012029252015054226,0.0020292520150542257,1.487127571988123,10.521530792117119,4.0,0.002889540744945407,0.9987953047882963,2.2789457872777405e-10,0.0,0.0,fixed-e5m2,0.0,11,0.0,3500,detail,-0.07566142642682179,1.9826481900126597e-06,0.00015689156134612858,10.379370373673737,0.00012665530084632337,-0.07830743818967165,0.0009907264029607177
0.011482929810881615,0.0014829298108816145,2.0984008293693095,12.125028874957934,4.0,0.003291082801297307,0.9988106681680455,3.581816745016581e-10,0.0,0.0,fixed-e5m2,0.0,11,0.0,4000,detail,-0.4832966803351389,1.3846130667635219e-06,0.00010725080210249871,11.962828274816275,0.000208637909963727,-0.48717143043820993,0.0009205974638462067
0.007617372088134289,0.0023826279118657114,3.412517572731909,13.675985042005777,4.0,0.0037513747811317444,0.9987360657523765,1.0120069775923584e-09,0.0,0.0,fixed-e5m2,0.0,11,0.0,4500,detail,0.6321920843484514,3.9603346112086084e-07,0.000248455791734159,13.492336716968566,0.00021113629918545485,0.6274257177772683,0.00030826410511508584
0.006450681947171688,0.003549318052828312,0.800783759505477,15.206324541941285,4.0,0.00424433290027082,0.9982843429351815,6.7063447284448e-10,0.0,0.0,fixed-e5m2,0.0,11,0.0,5000,detail,0.3432552799638488,1.0847570289746846e-06,0.00012642427464015782,15.001802087528631,9.535570279695094e-05,0.34690105763287366,0.0005687251687049866
0.007385957986116409,0.002614042013883591,1.1010380952126986,16.74619537498802,4.0,0.004680749727413058,0.9985979724208967,1.638891632453557e-10,0.0,0.0,fixed-e5m2,0.0,11,0.0,5500,detail,0.6799379772185602,4.6244790189187066e-07,6.32227020105347e-05,16.521283701062202,9.229139686794952e-05,0.6805074523923986,0.0005324782687239349
0.00798284262418747,0.0020171573758125307,0.8933951816095181,18.27917370898649,4.0,0.005162749672308564,0.9985682224388236,4.834487859897921e-10,0.0,0.0,fixed-e5m2,0.0,11,0.0,6000,detail,-0.669066241092628,1.1447357561927094e-06,0.000150299645611085,18.035452612675726,0.0003297898801974952,-0.6695294591020343,0.0005470531759783626
0.008892478421330452,0.0011075215786695482,0.5280738574735008,19.841131916968152,4.0,0.005612874636426568,0.9987060302855583,7.04812153950042e-10,0.0,0.0,fixed-e5m2,0.0,11,0.0,6500,detail,0.873550325154768,3.711667330881829e-06,0.00015564501518383622,19.577023318968713,7.791037205606699e-05,0.8735958689555493,0.0015172527637332678
0.011771690100431442,0.001771690100431442,0.7183336271589583,21.314269833965227,4.0,0.006044790614396334,0.9986594658791482,6.437535662738298e-11,0.0,0.0,fixed-e5m2,0.0,11,0.0,7000,detail,0.022262172507133953,2.07953900051776e-06,7.338063733186573e-05,21.031570197548717,0.00013875366130378097,0.02257363216487786,0.0013394926209002733
0.00847227219492197,0.0015277278050780298,0.3233738185953144,22.80619304208085,4.0,0.006616123719140887,0.998527915171353,8.125394479202387e-11,0.0,0.0,fixed-e5m2,0.0,11,0.0,7500,detail,-0.3439157941307186,1.620990420119404e-06,5.576020703301765e-05,22.50421269563958,3.52258539351169e-05,-0.34738760179187583,0.0007151808822527528
0.0071507832035422325,0.0028492167964577677,0.4533800806352052,24.228595625143498,4.0,0.006995789706707001,0.9984870524209094,3.3578802325104284e-10,0.0,0.0,fixed-e5m2,0.0,11,0.0,8000,detail,0.23011682438739509,1.7583349701796786e-07,8.53964447742328e-05,23.90882486454211,5.927763049839996e-05,0.2331556385153525,0.00031329167541116476
0.011701409704983234,0.0017014097049832342,0.24565568496539555,25.751123167108744,4.0,0.007401039823889732,0.998848762793797,2.878130148739084e-10,0.0,0.0,fixed-e5m2,0.0,11,0.0,8500,detail,0.7927919453704704,4.170938648675146e-08,6.678441422991455e-05,25.412466209148988,2.441927426843904e-05,0.7922043818034531,0.00014732951240148395
0.008180477656424046,0.0018195223435759546,0.48496082200425344,27.255531042115763,4.0,0.007838414749130607,0.9988843417815292,1.389596280922118e-10,0.0,0.0,fixed-e5m2,0.0,11,0.0,9000,detail,0.8090843580760384,3.6367423031191125e-08,4.94853375130333e-05,26.89736287854612,4.778773654834367e-05,0.8104458159493602,0.00014177418779581785
0.010939420200884342,0.000939420200884342,0.3797931902668588,28.76802529208362,4.0,0.008230248698964715,0.9989063044818864,2.5466983838360003e-10,0.0,0.0,fixed-e5m2,0.0,11,0.0,9500,detail,0.6934756434270853,5.9098634746149663e-08,8.798579801805317e-05,28.39038276160136,4.4632786739384755e-05,0.6965096727443348,0.0001762518659234047
0.010121477767825127,0.00012147776782512644,0.4575799526605338,30.32840408408083,4.0,0.008672498632222414,0.9985519736612045,5.1905208201281714e-11,0.0,0.0,fixed-e5m2,0.0,11,0.0,10000,detail,0.7159883996432137,5.976417290083688e-07,6.48978166282177e-05,29.930793666746467,4.281862857169472e-05,0.7137884472635387,0.00044411703129298985
0.008210155181586742,0.0017898448184132578,0.3119178731058583,31.924725624965504,4.0,0.00906249857507646,0.9988074042189898,1.7958766223568667e-11,0.0,0.0,fixed-e5m2,0.0,11,0.0,10500,detail,0.5760228442023908,2.1752393639384315e-07,1.807466833270155e-05,31.50649624178186,2.563977614045143e-05,0.5769189647315424,0.0002945179876405746
0.008580316789448261,0.001419683210551739,0.28253708944344097,33.4784197921399,4.0,0.009515706449747086,0.9983239759780532,4.99729995040719e-11,0.0,0.0,fixed-e5m2,0.0,11,0.0,11000,detail,-0.6255774056355695,3.577242872916767e-07,2.787689481920097e-05,33.04068000684492,4.662450373871252e-05,-0.6263395243064624,0.00028521582134999335
0.010202953591942787,0.00020295359194278696,0.2959944823803857,35.06638441700488,4.0,0.009919831529259682,0.998900672560284,4.563951645171197e-11,0.0,0.0,fixed-e5m2,0.0,11,0.0,11500,detail,-0.7638220086844824,2.2526258633677347e-07,4.018981053377502e-05,34.609266966581345,2.6544965294306166e-05,-0.7616357784750583,0.00020558574760798365
0.01022147387266159,0.00022147387266159037,0.12689761327840454,36.92828604206443,4.0,0.010446664411574602,0.9987071804992917,4.2643444954315654e-11,0.0,0.0,fixed-e5m2,0.0,11,0.0,12000,detail,-0.7578560004322323,9.55717824114359e-08,2.0371518985484727e-05,36.44984632427804,1.2179535588074941e-05,-0.7576577576759259,0.00015900014841463417
0.0064336564391851425,0.0035663435608148577,0.2957279689444961,39.34191129193641,4.0,0.011025289539247751,0.9988466765719314,9.0033815311038e-12,0.0,0.0,fixed-e5m2,0.0,11,0.0,12500,detail,-0.5010014231904848,4.558747000030912e-07,2.0683035472757183e-05,38.82726819580421,3.593760629883036e-05,-0.4936672462870873,0.0002825194096658379
0.011772249825298786,0.001772249825298786,0.2863873862614295,41.92458916711621,4.0,0.011635539587587118,0.9988745165443217,5.864756779385979e-12,0.0,0.0,fixed-e5m2,0.0,11,0.0,13000,detail,0.3014232817966625,5.705111416764919e-07,1.0014073268393986e-05,41.37321153678931,2.7007390599464998e-05,0.3036235726606258,0.0003419418353587389
0.01048460602760315,0.0004846060276031492,0.19270571276128282,44.63772570900619,4.0,0.012497331481426954,0.9990768566685431,7.43167185727439e-10,0.0,0.0,fixed-e5m2,0.0,11,0.0,13500,detail,0.7889288310763561,4.6083744497637285e-07,0.00017625551845412701,44.04907390917651,2.263747956021689e-05,0.7911953263872173,0.00038339474122039974
0.01101701706647873,0.001017017066478729,0.28449086397324896,47.44684000010602,4.0,0.013159456430003047,0.999075958558313,2.493418122078864e-11,0.0,0.0,fixed-e5m2,0.0,11,0.0,14000,detail,-0.5827364594820473,4.3580694992735457e-07,2.1664771338691935e-05,46.81591644580476,3.574015499907546e-05,-0.5809762630765226,0.0002485524455551058
0.01125792134553194,0.0012579213455319403,0.21387357863650097,50.08176845894195,4.0,0.014589498285204172,0.998666050528399,9.723631367858412e-12,0.0,0.0,fixed-e5m2,0.0,11,0.0,14500,detail,-0.4949506404913488,4.32637276053579e-07,1.1453117622295395e-05,49.413103291532025,1.684538983681705e-05,-0.5005119427083083,0.0002920927363447845
0.00988741870969534,0.000112581290304661,0.2761762520284539,52.82126329210587,4.0,0.015326373279094696,0.9991390421478159,1.5611421834307495e-11,0.0,0.0,fixed-e5m2,0.0,11,0.0,15000,detail,0.8060974250589261,2.657078594849102e-07,1.862685166997835e-05,52.115864953026175,3.657979323179461e-05,0.8081541969370754,0.00026327924570068717
0.010664028115570545,0.000664028115570545,0.10870812375460104,55.64864870905876,4.0,0.015936873387545347,0.9989148278841281,1.8980933046529065e-11,0.0,0.0,fixed-e5m2,0.0,11,0.0,15500,detail,0.6703994093239521,9.322223064748571e-08,1.874699955806136e-05,54.90765814087354,1.6532841982552782e-05,0.6714255900860985,0.00017930909234564751
0.009723164141178131,0.0002768358588218691,0.14632823301665007,58.66488612513058,4.0,0.016624873271211982,0.9989903301350638,1.8508062673243756e-11,0.0,0.0,fixed-e5m2,0.0,11,0.0,16000,detail,-0.43609466805943764,1.361623934911994e-07,1.618362875888124e-05,57.88469287683256,3.0150920792948455e-05,-0.4312688788537329,0.00016757863340899348
0.00810355506837368,0.00189644493162632,0.13837258749327613,60.93452454195358,4.0,0.01701962319202721,0.9983092583381267,7.688948484008134e-12,0.0,0.0,fixed-e5m2,0.0,11,0.0,16500,detail,0.2181496808223281,2.0047081043855575e-07,9.638513802201487e-06,60.12645159033127,1.5174479813140351e-05,0.2300870804202761,0.00022878305753692985
0.010472273454070091,0.00047227345407009104,0.12017494705392845,62.536228084005415,4.0,0.017528498079627752,0.9985454640898328,4.473165653656866e-11,0.0,0.0,fixed-e5m2,0.0,11,0.0,17000,detail,0.729464288231089,1.8434024164606456e-07,1.17893850983819e-05,61.708990967366844,9.441640941076912e-06,0.7281072770260187,0.0002147941995644942
0.00961798895150423,0.0003820110484957697,0.06603638419135462,64.01577716693282,4.0,0.0179550820030272,0.9991178831961848,4.570464735885891e-12,0.0,0.0,fixed-e5m2,0.0,11,0.0,17500,detail,-0.11628556592588987,1.3113589486098525e-07,7.3294181675009895e-06,63.1695535921026,9.945762940333225e-06,-0.11639362595233811,0.00025985538377426565
0.011650626547634602,0.0016506265476346014,0.1059184458728751,65.54634345904924,4.0,0.018357831984758377,0.9989066452756449,8.065609042993644e-12,0.0,0.0,fixed-e5m2,0.0,11,0.0,18000,detail,0.03898127755560486,1.1536878556424121e-07,1.1801294022006914e-05,64.68057606229559,1.1589279893087223e-05,0.030682290722113842,0.0002107832406181842
0.011332016438245773,0.001332016438245773,0.062032643941198756,67.32266641710885,4.0,0.018853290006518364,0.9983409820223471,8.825009809276255e-11,0.0,0.0,fixed-e5m2,0.0,11,0.0,18500,detail,0.8759482949762083,1.227816919530453e-07,3.325506622786634e-05,66.43242605403066,2.209667582064867e-05,0.8780339330041758,0.0002555011888034642
0.00934330839663744,0.0006566916033625605,0.058866892378535075,69.24199504195713,4.0,0.01941658090800047,0.9981656760380525,2.4119721638079877e-11,0.0,0.0,fixed-e5m2,0.0,11,0.0,19000,detail,-0.6121871181367267,1.8385476201337617e-07,9.484939255344216e-06,68.32955802232027,8.632499884697609e-06,-0.6189413147210348,0.00027363846311345696
0.008407849818468094,0.0015921501815319063,0.2530666256397161,70.79053350002505,4.0,0.019817414926365018,0.99870009602552,2.6779403115104827e-11,0.0,0.0,fixed-e5m2,0.0,11,0.0,19500,detail,0.4265817483252101,6.681525449527378e-08,1.0922390174528118e-05,69.85771448817104,1.4344489500217605e-05,0.42561276125722214,0.000208777142688632
0.00811363197863102,0.0018863680213689806,0.09198527753525353,72.57314612506889,4.0,0.020355247892439365,0.9987430417857354,1.4094797473522771e-11,0.0,0.0,fixed-e5m2,0.0,11,0.0,20000,detail,-0.4498874777277581,1.7624130441666209e-07,1.2882896953669842e-05,71.61715533072129,7.553943305538269e-06,-0.45869198378121445,0.0002413805341348052
0.0017248974181711674,0.008275102581828833,119.2992698867104,0.005354250082746148,4.0,0.0,,,,0.0,fixed-hybrid,0.0,11,0.0,0,detail,,,,0.0,0.008437036536633968,,0.0007670414634048939
0.013158232904970646,0.0031582329049706457,7.64996080368108,1.768219041172415,4.0,0.0005021658726036549,0.9984333472389887,1.4578001998969436e-09,0.0,0.0,fixed-hybrid,0.0,11,0.0,500,detail,0.5579320020877538,1.7517178425036097e-05,0.00047694394015707076,1.7399433956015855,0.0004738325660582632,0.5617279265150179,0.0014718554448336363
0.007717697415500879,0.002282302584499121,2.777661472921271,3.681896041147411,4.0,0.0012380408588796854,0.998761448312686,2.7431923104494255e-09,0.0,0.0,fixed-hybrid,0.0,11,0.0,1000,detail,0.9430488332901554,1.5457155350196999e-06,0.000306946923956275,3.6309688987676054,0.0002249367826152593,0.9447101891787221,0.00044274781248532236
0.011368416249752045,0.0013684162497520445,1.411184752187268,5.68090295814909,4.0,0.0017042497638612986,0.9985132943794065,2.669317617949555e-10,0.0,0.0,fixed-hybrid,0.0,11,0.0,1500,detail,-0.5984753921542365,4.827138464449194e-06,9.695201151771471e-05,5.603762139333412,9.093267726711929e-05,-0.5986469637692131,0.0009239154169335961
0.01479828916490078,0.0047982891649007795,3.0954495145631453,7.5997046660631895,4.0,0.002217749832198024,0.9985616606759858,2.7053387570469097e-09,0.0,0.0,fixed-hybrid,0.0,11,0.0,2000,detail,0.9312443517401215,4.08202344144128e-06,0.00025085342349484563,7.493699598358944,0.0004473807057365775,0.9321373228575093,0.0006395744276233017
0.01209159567952156,0.0020915956795215605,1.0325073275959682,9.640172915998846,4.0,0.0027781669050455093,0.9986834968801354,2.0178191641828442e-10,0.0,0.0,fixed-hybrid,0.0,11,0.0,2500,detail,0.024691004698154162,8.273666812191599e-07,8.620765584055334e-05,9.500071300659329,0.00016925270028878003,0.021283941228823232,0.00027827039593830705
0.012617484666407108,0.002617484666407108,1.4854316507321483,11.632430541096255,4.0,0.0032668758649379015,0.9984297124362788,2.3062296312908814e-10,0.0,0.0,fixed-hybrid,0.0,11,0.0,3000,detail,-0.2507175440811347,2.0420636229690403e-06,7.316082337638363e-05,11.47056858916767,0.0001763327745720744,-0.25053485102138284,0.00045265370863489807
0.0118103651329875,0.001810365132987499,0.9924487389630909,13.598515999969095,4.0,0.003983750939369202,0.9988128577646463,5.331776074292028e-10,0.0,0.0,fixed-hybrid,0.0,11,0.0,3500,detail,-0.1262308049705206,7.388674406053486e-07,8.393255120608956e-05,13.411877290112898,6.115053838584572e-05,-0.1207265457532224,0.00025206245481967926
0.008925012312829494,0.0010749876871705057,1.0916214348203526,15.387782583013177,4.0,0.004645250970497727,0.9987873430277397,3.078406701149052e-10,0.0,0.0,fixed-hybrid,0.0,11,0.0,4000,detail,0.6445353457839087,7.022796454735323e-07,0.00010973722237395123,15.164782661478966,0.0001262666773982346,0.6436929400459208,0.00029355339938774705
0.009036137722432613,0.0009638622775673868,0.7411134280713877,17.370310666039586,4.0,0.005174709018319845,0.9986531144965418,2.816150451708766e-10,0.0,0.0,fixed-hybrid,0.0,11,0.0,4500,detail,0.1820858889752865,1.1168396267638727e-06,9.213119483320042e-05,17.11695640394464,8.597356645623222e-05,0.17403535358629718,0.0003356598608661443
0.00992550514638424,7.449485361576101e-05,1.0955146220597962,19.17784395813942,4.0,0.005834000185132027,0.9987908289199046,3.820249288412104e-10,0.0,0.0,fixed-hybrid,0.0,11,0.0,5000,detail,0.8944967347748611,8.802883586118216e-07,9.253388998331502e-05,18.90281294309534,7.004390499787405e-05,0.8949487537617967,0.000355754658812657
0.008870688267052174,0.0011293117329478266,0.7752816737025314,20.72519641602412,4.0,0.006256583146750927,0.9986098357425048,1.3438195518970706e-09,0.0,0.0,fixed-hybrid,0.0,11,0.0,5500,detail,0.4651211380393176,3.7819419154390514e-07,0.00017768048564903438,20.431157323298976,0.00019115681061521173,0.46744494523556857,0.0003201149229425937
0.0077694011852145195,0.0022305988147854807,0.9002530531151178,22.515028750058264,4.0,0.006672124145552516,0.9988749349695014,1.6246118248017724e-09,0.0,0.0,fixed-hybrid,0.0,11,0.0,6000,detail,0.967915490241353,5.100666644484027e-08,0.00023726641666144133,22.19579947949387,0.00014772429130971432,0.9689096590237707,0.00019343158055562526
0.010043797083199024,4.379708319902399e-05,0.4052098378548794,24.17291787499562,4.0,0.007278541103005409,0.998621660647343,1.39444891320153e-10,0.0,0.0,fixed-hybrid,0.0,11,0.0,6500,detail,0.1334413072029191,1.3760553374575853e-07,4.690210334956646e-05,23.82005146332085,4.059809725731611e-05,0.13441000543047865,0.0001328455109614879
0.01156980823725462,0.0015698082372546194,0.5430444558811393,25.832179458113387,4.0,0.007960540940985084,0.9987314394695043,1.7450019397933748e-10,0.0,0.0,fixed-hybrid,0.0,11,0.0,7000,detail,-0.3175990462422338,2.957178428787443e-07,5.0232818466611207e-05,25.46051042713225,7.728682248853147e-05,-0.31677195788909257,0.0001520529913250357
0.009584406390786171,0.00041559360921382925,0.2518675398884885,27.569415790960193,4.0,0.00843416596762836,0.9982520666854459,9.398215996615386e-11,0.0,0.0,fixed-hybrid,0.0,11,0.0,7500,detail,-0.3327977323690697,1.041288003060907e-07,3.504238702589646e-05,27.178437723545358,3.0079640055191703e-05,-0.3301555865868585,9.829464397625998e-05
0.013216757215559483,0.0032167572155594824,0.4426663965582012,29.33951724995859,4.0,0.008869374869391322,0.9985538605762021,3.048027972116264e-11,0.0,0.0,fixed-hybrid,0.0,11,0.0,8000,detail,0.5346168887719001,2.1458311735707384e-07,3.565361839719117e-05,28.88196135079488,3.2279403967550024e-05,0.5357006270621059,0.00019891506235580891
0.009832422249019146,0.00016757775098085424,0.13654754913373268,31.10304195806384,4.0,0.009716541040688753,0.9985795464718412,2.4373861105266454e-11,0.0,0.0,fixed-hybrid,0.0,11,0.0,8500,detail,0.11618346872603937,9.182026956478964e-08,2.0927589503116906e-05,30.622366863535717,3.319284223834984e-05,0.1182600127183171,0.00010423332423670217
0.010039937682449818,3.993768244981745e-05,0.13129051995540986,32.87868491606787,4.0,0.010167124215513468,0.9987426788554047,1.557633013682342e-11,0.0,0.0,fixed-hybrid,0.0,11,0.0,9000,detail,0.48266899223100523,1.917548748279736e-08,1.7942544218385592e-05,32.375207455828786,5.645144483423792e-05,0.4862741349643914,9.91579654510133e-05
0.009416858665645123,0.0005831413343548777,0.1601448429687946,34.532283666078,4.0,0.0108321662992239,0.9985661645160228,4.305014982708835e-11,0.0,0.0,fixed-hybrid,0.0,11,0.0,9500,detail,0.7194528835003048,2.0440873253652017e-07,2.7453381335362792e-05,34.00838906690478,2.1377054508775473e-05,0.7252114960376513,0.00018061965238302946
0.00924703013151884,0.0007529698684811594,0.11056578244148678,36.063020416069776,4.0,0.01123420731164515,0.998968603201045,4.879050514194045e-11,0.0,0.0,fixed-hybrid,0.0,11,0.0,10000,detail,0.10441086259796098,3.225461186770734e-07,2.728467370616272e-05,35.519482176052406,1.91915260074893e-05,0.10470088087775377,0.00018714481848292053
0.00948764942586422,0.0005123505741357805,0.221324444436459,37.54719008295797,4.0,0.01164649915881455,0.9990530689339119,1.018349701937384e-11,0.0,0.0,fixed-hybrid,0.0,11,0.0,10500,detail,0.32769633788794594,1.9194116474151689e-07,1.0740189281932544e-05,36.98599138716236,1.9611272364272736e-05,0.3308249776515094,0.00016404959023930132
0.009988789446651936,1.121055334806463e-05,0.2830858974417373,38.99086583312601,4.0,0.012052874080836773,0.9982251219913283,7.067838764476163e-11,0.0,0.0,fixed-hybrid,0.0,11,0.0,11000,detail,0.6476347472853968,4.4280778524639753e-07,2.7569200028665364e-05,38.412611779989675,3.6421581171453e-05,0.6586595045321137,0.00024519028374925256
0.010898271575570107,0.0008982715755701063,0.07270715043645702,40.44780170801096,4.0,0.01242712396197021,0.9989268162292039,4.0520304116143874e-11,0.0,0.0,fixed-hybrid,0.0,11,0.0,11500,detail,0.8531441481952189,2.6465315100807177e-07,1.7539623513584957e-05,39.85189015814103,8.510072802891955e-06,0.8555886712938634,0.00019582094682846218
0.009652574546635151,0.0003474254533648493,0.03569823198925562,42.09265541611239,4.0,0.01287995814345777,0.9988909426884705,1.6563281253569172e-11,0.0,0.0,fixed-hybrid,0.0,11,0.0,12000,detail,-0.4077353044909318,1.6812628011653812e-07,7.423896477121161e-06,41.47397042158991,9.39148958423175e-06,-0.40845195621375013,0.00016505696112290025
0.009361677803099155,0.0006383221969008448,0.18924605553786028,43.80262737511657,4.0,0.013386583188548684,0.9984526329264495,7.017982948088027e-11,0.0,0.0,fixed-hybrid,0.0,11,0.0,12500,detail,-0.7541137347191325,2.9248560003902706e-07,1.501861697761342e-05,43.16299905395135,1.3108307030051947e-05,-0.7567041409836758,0.00015821339911781251
0.009767440147697926,0.00023255985230207464,0.11612580026747009,45.46918591600843,4.0,0.013881708262488246,0.9985902420090812,3.071543369300891e-11,0.0,0.0,fixed-hybrid,0.0,11,0.0,13000,detail,0.6633796350923219,2.581965105944784e-07,2.3719887394690886e-05,44.80949921859428,1.6328545825672336e-05,0.6668978329412414,0.00025632776669226587
0.009316446259617805,0.0006835537403821947,0.17335807687707164,47.16986387502402,4.0,0.014358749147504568,0.9983633793831075,2.048437698008678e-11,0.0,0.0,fixed-hybrid,0.0,11,0.0,13500,detail,0.509591358539028,9.861375352853087e-07,1.86112301889807e-05,46.49119926337153,2.0779791157110594e-05,0.516103366561159,0.00041857489850372076
0.010623526759445667,0.0006235267594456671,0.08919966015870559,48.80726220807992,4.0,0.014793832087889314,0.9988598466994619,1.5881815610105597e-11,0.0,0.0,fixed-hybrid,0.0,11,0.0,14000,detail,-0.627780989642184,9.227074234574543e-07,1.4618389286624733e-05,48.11015379545279,2.358434176130686e-05,-0.6244034923907013,0.000404135265853256
0.009729176759719849,0.0002708232402801516,0.13531313824146143,50.324699457967654,4.0,0.015188791090622544,0.9987791819237763,2.0834639545083476e-11,0.0,0.0,fixed-hybrid,0.0,11,0.0,14500,detail,-0.19470637478659372,4.1178311440510496e-07,1.450417039450258e-05,49.61010821163654,1.2912370948470198e-05,-0.19184617770707035,0.00023887182760518044
0.01085115596652031,0.0008511559665203092,0.18829111173820282,51.911658625118434,4.0,0.015626790933310986,0.9987008134685422,4.387279500281866e-11,0.0,0.0,fixed-hybrid,0.0,11,0.0,15000,detail,0.5689718203154432,1.9656707867101654e-07,1.536845047667157e-05,51.1772065081168,1.94240637938492e-05,0.5747107885173899,0.0002425265993224457
0.011568753980100155,0.0015687539801001547,0.13441868367699594,53.44987366604619,4.0,0.016046331962570548,0.9984969937011404,2.8136264726481953e-11,0.0,0.0,fixed-hybrid,0.0,11,0.0,15500,detail,0.19056938338988405,1.4765003096583666e-07,1.2659682397497818e-05,52.69713218230754,8.93934520718176e-06,0.2001468114854046,0.00017320805636700243
0.00900460034608841,0.0009953996539115908,0.058812792334919366,54.98346087499522,4.0,0.01645783195272088,0.9987073206870458,1.5391502524743466e-11,0.0,0.0,fixed-hybrid,0.0,11,0.0,16000,detail,0.6681607322455746,1.4664350798066318e-07,5.902087650611065e-06,54.212882454972714,6.2820918174111284e-06,0.6772459117235298,0.00012595840962603688
0.010003183037042618,3.1830370426175897e-06,0.04047088797509543,56.53382841614075,4.0,0.016893831780180335,0.9986003392695799,1.0629859856545672e-11,0.0,0.0,fixed-hybrid,0.0,11,0.0,16500,detail,-0.8334121984375434,1.982708391703427e-07,4.904080014966894e-06,55.74340521544218,5.436083029053407e-06,-0.8334833816495071,0.00013211497571319342
0.009912514127790928,8.748587220907232e-05,0.07401116500519334,58.2231677910313,4.0,0.017297081649303436,0.9987867545028988,4.658163091724143e-12,0.0,0.0,fixed-hybrid,0.0,11,0.0,17000,detail,-0.06774187849838194,1.0911205236736738e-07,8.874701052263845e-06,57.411113457521424,5.986233190924395e-06,-0.061873371427676474,0.0001343244221061468
0.009408848360180855,0.0005911516398191454,0.12182972060201287,60.15057958313264,4.0,0.0176867067348212,0.9987838430817685,1.302626603260307e-11,0.0,0.0,fixed-hybrid,0.0,11,0.0,17500,detail,0.6645294832169842,1.8832310745157055e-07,8.433938091911841e-06,59.31690158019774,8.32837395137176e-06,0.6622930686820437,0.00013814149133395404
0.009832491166889668,0.0001675088331103327,0.16941659515453736,61.738562958082184,4.0,0.018062248593196273,0.9986309311823838,2.9901909668897045e-12,0.0,0.0,fixed-hybrid,0.0,11,0.0,18000,detail,0.08252547913125793,1.9124716676332652e-07,6.986946573306341e-06,60.88557544793002,1.1614553841354791e-05,0.08416095997912522,0.00013301694707479328
0.010298200882971287,0.00029820088297128657,0.11262550859721247,63.28642512508668,4.0,0.01891554077155888,0.9985207896449089,2.4465211533649043e-12,0.0,0.0,fixed-hybrid,0.0,11,0.0,18500,detail,-0.43707772747469714,1.1180652662614263e-07,4.586710929288529e-06,62.41482652164996,9.327662155556027e-06,-0.44310228574907856,0.00014677384751848876
0.010079232975840569,7.923297584056833e-05,0.08423556837232442,64.97878479096107,4.0,0.019504415802657604,0.9989299496557676,7.573001545951901e-12,0.0,0.0,fixed-hybrid,0.0,11,0.0,19000,detail,0.6991958809417991,7.797357058131613e-08,3.848866526823258e-06,64.08724235161208,5.048171260568779e-06,0.6987572375014534,0.00012470493675209582
0.009303533472120762,0.0006964665278792383,0.05838304993100172,66.67529050004669,4.0,0.020142081659287214,0.998631429735206,3.4230397025087553e-12,0.0,0.0,fixed-hybrid,0.0,11,0.0,19500,detail,-0.3505196895600597,9.610780988850316e-08,4.52844597020885e-06,65.76370767923072,7.898049261712003e-06,-0.35090935598558914,0.0001265056198462844
0.009573560208082199,0.0004264397919178011,0.07150922022840701,68.17977933306247,4.0,0.020556914852932096,0.9988067486467583,4.998080574542452e-11,0.0,0.0,fixed-hybrid,0.0,11,0.0,20000,detail,-0.8005603140232228,1.7908365610352438e-07,1.45632766361814e-05,67.24821714195423,1.9932558643631637e-05,-0.7979101027649546,0.0001959855726454407
0.0032158824615180492,0.006784117538481951,119.43049008501045,0.004464249825105071,4.0,0.0,,,,0.006398082943633199,calibrated,0.0,11,0.006398082943633199,0,detail,,,,0.0,0.008069450035691261,,0.00011799453932326287
0.010290712118148804,0.0002907121181488035,5.590708484073326,1.5597521669697016,4.0,0.00042379205115139484,0.999912987470986,1.4143131387619732e-11,0.00782410617014955,0.006398082943633199,calibrated,0.0,11,0.006398082943633199,500,detail,0.7557718246597913,6.060506080405178e-07,0.00033700413769111037,1.536991256987676,0.000325352099025622,0.7567841827236862,0.00011149621423101053
0.00936588179320097,0.0006341182067990305,2.297429021526881,3.076465541962534,4.0,0.0008653341792523861,0.9999180721714146,3.5249957130912326e-11,0.01406358324254729,0.006398082943633199,calibrated,0.0,11,0.006398082943633199,1000,detail,-0.03709378278174798,1.2010639539006993e-06,0.00017060525715351105,3.034509689314291,0.00013901820057071745,-0.03825395417370913,0.00020862762175966054
0.010691328905522823,0.0006913289055228231,1.401111870175954,4.72286416683346,4.0,0.0014608341734856367,0.9999031317422279,1.3513547526988693e-11,0.015450133703080123,0.006398082943633199,calibrated,0.0,11,0.006398082943633199,1500,detail,0.13479875519910658,2.951135560579459e-06,8.312226418638602e-05,4.661847724346444,0.00012941435852553695,0.13447162868205292,0.00042622486944310367
0.010052990168333054,5.299016833305338e-05,1.41685353867084,6.31407729187049,4.0,0.0021830841433256865,0.9999257849182266,1.9505872844167934e-11,0.01020104981677726,0.006398082943633199,calibrated,0.0,11,0.006398082943633199,2000,detail,0.5709127067285005,1.1834956558648386e-06,0.00010918883344857022,6.233383646467701,0.00015387653547804803,0.570680584000977,0.00026097093359567225
0.0102574173361063,0.00025741733610630015,1.1568527119279841,7.9598739999346435,4.0,0.0026327092200517654,0.9999097874653542,7.46936309962796e-12,0.006932752302664158,0.006398082943633199,calibrated,0.0,11,0.006398082943633199,2500,detail,0.6196902178087023,1.325554568339241e-07,4.5651882828678936e-05,7.859433269361034,7.750994700472802e-05,0.6193697972009146,0.0001035155073623173
0.012825689278542995,0.0028256892785429952,0.849136979058076,9.458532166900113,4.0,0.0030665842350572348,0.9999207121745393,2.0021530962367705e-10,0.009012577993463404,0.006398082943633199,calibrated,0.0,11,0.006398082943633199,3000,detail,0.9440144978262072,2.3126710802193892e-07,0.0002374165487708524,9.339934641495347,8.664609049446881e-05,0.9438330336242197,6.851756916148588e-05
0.009785013273358345,0.00021498672664165518,0.600720459456621,11.644918374950066,4.0,0.0038018752820789814,0.9999165428468082,2.2928707677910942e-11,0.010300089135386749,0.006398082943633199,calibrated,0.0,11,0.006398082943633199,3500,detail,0.7681707737298566,1.7336349167408954e-07,0.00010780791490105912,11.499454678734764,0.00017128490435425192,0.7681693954684135,0.00010377269063610584
0.011192330159246922,0.0011923301592469213,0.49321398098073116,13.917061249958351,4.0,0.004489959217607975,0.9999176634213726,5.4179197893694054e-12,0.009408735267901357,0.006398082943633199,calibrated,0.0,11,0.006398082943633199,4000,detail,-0.27680725634950654,6.422545864191191e-07,3.663623647298664e-05,13.725981364026666,4.20807336922735e-05,-0.2765578926921507,0.0001720689469948411
0.006790382321923971,0.003209617678076029,0.46182584577840735,15.96917587495409,4.0,0.005016626324504614,0.9998839190577199,2.4151569824402604e-11,0.011884718233138556,0.006398082943633199,calibrated,0.0,11,0.006398082943633199,4500,detail,-0.4012376617614304,4.7430871048234524e-07,8.112966315820813e-05,15.745936904568225,4.7564062697347254e-05,-0.4031784746398741,0.00010708398622227833
0.0105802733451128,0.0005802733451128004,0.860368229826263,17.909315291792154,4.0,0.005517793353646994,0.9999109631152603,3.7041603634313194e-11,0.010597207091215212,0.006398082943633199,calibrated,0.0,11,0.006398082943633199,5000,detail,0.6931651069862159,1.0759044589678574e-07,0.00014670463860966265,17.662086265161633,0.00011430485028540716,0.6941141946316846,4.7957517381291837e-05
0.00907292403280735,0.00092707596719265,0.8258318516386148,19.819829999934882,4.0,0.005923793185502291,0.9998725996027511,1.445579907492982e-10,0.014855897791423194,0.006398082943633199,calibrated,0.0,11,0.006398082943633199,5500,detail,0.7971910618589687,2.2022486970669934e-07,0.00016449349641334265,19.549030223628506,0.00015436222020071,0.7974477161556803,4.573287515086122e-05
0.010024458169937134,2.445816993713358e-05,0.3299286613381802,21.836062917020172,4.0,0.006444626254960895,0.9999201558803373,5.2634774331227495e-12,0.012280875507576509,0.006398082943633199,calibrated,0.0,11,0.006398082943633199,6000,detail,-0.372908844319975,2.320409255544497e-07,4.1567618609406054e-05,21.54173814947717,6.663202657364309e-05,-0.37361065256779646,6.897102139191702e-05
0.008066016249358654,0.0019339837506413462,0.541360816745944,23.624482832849026,4.0,0.006943334359675646,0.9999257283200651,1.7684650986712646e-12,0.025651183519857384,0.006398082943633199,calibrated,0.0,11,0.006398082943633199,6500,detail,-0.12721586216025127,8.129963712193738e-08,2.761005816864781e-05,23.308742105728015,7.118737994460389e-05,-0.12858690864890976,0.00010323814785806462
0.0076173050329089165,0.0023826949670910837,0.22202722798688126,25.41970408288762,4.0,0.007423792267218232,0.9997977546354005,3.541150831821493e-11,0.02436367237793404,0.006398082943633199,calibrated,0.0,11,0.006398082943633199,7000,detail,0.8740500819461198,3.3376907326136896e-08,4.22371449531056e-05,25.070913495728746,2.6005949621321633e-05,0.8743959686342083,4.445955710252747e-05
0.008544698357582092,0.001455301642417908,0.24735688253693885,27.222397999837995,4.0,0.007990251295268536,0.999882927436727,8.753020503640964e-12,0.03367336832722591,0.006398082943633199,calibrated,0.0,11,0.006398082943633199,7500,detail,0.8155534043715638,3.145145785331049e-08,2.024295463343151e-05,26.850068445550278,2.5019680833793245e-05,0.8147771997412843,2.201998904638458e-05
0.010155492462217808,0.00015549246221780756,0.08412475651365217,29.02000654186122,4.0,0.008472751127555966,0.9999148246019414,1.7117584168481547e-12,0.023076161236010695,0.006398082943633199,calibrated,0.0,11,0.006398082943633199,8000,detail,0.2735159069475661,1.2440926953077113e-08,1.7511489204480313e-05,28.625777948182076,1.7674756236374378e-05,0.2733503613379364,1.831337795010768e-05
0.009158770553767681,0.0008412294462323191,0.21498127734263203,30.872838291805238,4.0,0.008908959105610847,0.9998597218295661,8.704770042414013e-12,0.030306031494503317,0.006398082943633199,calibrated,0.0,11,0.006398082943633199,8500,detail,0.26185824821211584,3.7016069076544797e-08,2.0715076971100643e-05,30.455031831981614,2.5423327315365896e-05,0.26064669747535224,2.80215226666769e-05
0.010061591863632202,6.159186363220194e-05,0.18935174774192107,32.65054629184306,4.0,0.009364417986944318,0.9999251837032562,1.996817340452143e-11,0.022680003961572746,0.006398082943633199,calibrated,0.0,11,0.006398082943633199,9000,detail,0.9091042643574122,2.7689544675411686e-08,5.267597225611098e-05,32.211663368856534,3.386029493412934e-05,0.9086259918198444,2.0438683350221254e-05
0.009005794301629066,0.0009942056983709337,0.4592731077583625,34.51183020789176,4.0,0.010168584063649178,0.9999133671584385,1.1286617530663213e-12,0.02584926215707636,0.006398082943633199,calibrated,0.0,11,0.006398082943633199,9500,detail,0.02093126199067141,4.0684253463636083e-08,1.5174223335634451e-05,34.0437029118184,3.4754735679598525e-05,0.02049696475426878,4.137324503972195e-05
0.011356852948665619,0.0013568529486656187,0.13699477402818075,36.42991037480533,4.0,0.010821500094607472,0.9999008262652976,7.140003145869915e-13,0.022878082598791722,0.006398082943633199,calibrated,0.0,11,0.006398082943633199,10000,detail,0.04864819810472445,1.1354572943870021e-07,1.1374257155694067e-05,35.93679978791624,2.3744878490106203e-05,0.04917497408012743,6.803083670092747e-05
0.011798548512160778,0.0017985485121607778,0.12742815622569165,38.06737154186703,4.0,0.011283042142167687,0.999928882025152,5.565576671307914e-13,0.025453104882638408,0.006398082943633199,calibrated,0.0,11,0.006398082943633199,10500,detail,-0.11367236408206877,5.608660306644672e-08,9.941646567313e-06,37.55440947297029,8.650076779304072e-06,-0.11418725061099277,4.9725378630682826e-05
0.008923158049583435,0.0010768419504165651,0.0872940644453296,39.674245457863435,4.0,0.011690667364746332,0.9999026232705086,3.674513287813545e-13,0.026542537387342774,0.006398082943633199,calibrated,0.0,11,0.006398082943633199,11000,detail,0.344882738753466,6.447547437085003e-08,5.963622697890969e-06,39.13888068613596,7.480957719963044e-06,0.3451462555015361,4.047912443638779e-05
0.008412362076342106,0.0015876379236578943,0.4226637995620446,41.30085583287291,4.0,0.012144458247348666,0.9998680990439012,3.32821924303619e-11,0.03842725562048133,0.006398082943633199,calibrated,0.0,11,0.006398082943633199,11500,detail,0.49287588673691735,8.868821761270159e-08,9.877946285996586e-05,40.74378152983263,0.00011132766667287797,0.49207499665424626,2.080685953842476e-05
0.009724934585392475,0.0002750654146075251,0.11616326817798941,43.03347379202023,4.0,0.012650000164285302,0.999904246700732,4.1710214201718817e-13,0.02485886897098148,0.006398082943633199,calibrated,0.0,11,0.006398082943633199,12000,detail,0.2553555929618773,6.197091627349846e-08,8.019987944862805e-06,42.455708901630715,1.3365052836888935e-05,0.25592231491403,4.674164665630087e-05
0.00999364536255598,6.354637444019526e-06,0.059528010266415916,44.74406379181892,4.0,0.013078750111162663,0.9999221250624171,1.6525100795176651e-12,0.044666732692879074,0.006398082943633199,calibrated,0.0,11,0.006398082943633199,12500,detail,-0.7363784776250464,8.552652717658441e-08,7.652693057025317e-06,44.1452269370202,4.8758283810457215e-06,-0.7353234033487336,3.848979758913629e-05
0.009710723534226418,0.00028927646577358267,0.09475637378133515,46.46169579192065,4.0,0.013656666968017817,0.9999007218232556,4.982267438494842e-13,0.03317817173417847,0.006398082943633199,calibrated,0.0,11,0.006398082943633199,13000,detail,-0.40081155572043975,8.402262877263857e-08,5.30405623067054e-06,45.839307273738086,9.171501915261615e-06,-0.4032891378833091,4.525341137195937e-05
0.011074647307395935,0.0010746473073959349,0.09002305958428514,48.127628749934956,4.0,0.014153958996757865,0.9998975667872564,9.465690838424264e-13,0.03713974447855799,0.006398082943633199,calibrated,0.0,11,0.006398082943633199,13500,detail,-0.6417209800488289,1.1729012478468481e-07,6.631763426412363e-06,47.485275527928025,1.092452475859318e-05,-0.6405801533287928,7.325859769480303e-05
0.010593805462121964,0.0005938054621219633,0.12159361931185465,50.044919832842425,4.0,0.014755792915821075,0.999873022962914,2.173666113229952e-12,0.046350401109240366,0.006398082943633199,calibrated,0.0,11,0.006398082943633199,14000,detail,-0.7781303803835292,2.022398629824785e-07,1.030032399285119e-05,49.37687395745888,3.247742642997764e-05,-0.7786478193589504,3.9256839954759926e-05
0.009465697221457958,0.000534302778542042,0.07248866470451856,51.80363883287646,4.0,0.015283376909792423,0.9999184983913165,2.1049510256917742e-12,0.03852629493909082,0.006398082943633199,calibrated,0.0,11,0.006398082943633199,14500,detail,0.43387769362011724,2.3742947002520986e-07,1.0671762538549956e-05,51.11332712392323,9.042658348334953e-06,0.4344548485808342,0.00010278951231157407
0.010090908966958523,9.090896695852259e-05,0.028985800205119417,53.43119483301416,4.0,0.015713959699496627,0.9999183674702609,1.1143054691796114e-12,0.04288402495790829,0.006398082943633199,calibrated,0.0,11,0.006398082943633199,15000,detail,-0.7054443592692179,1.2447729346305106e-07,6.8744343479920644e-06,52.720554298954085,4.124257429793943e-06,-0.7049487756118857,5.766441972809844e-05
0.010206859558820724,0.00020685955882072428,0.06038217785881396,55.000224416842684,4.0,0.01625087670981884,0.9998976022395777,6.263316057550017e-13,0.042289789046251365,0.006398082943633199,calibrated,0.0,11,0.006398082943633199,15500,detail,0.46360321658942905,7.661221547781906e-08,6.538121851917822e-06,54.26931580109522,4.392064056446543e-06,0.4624488274051893,6.516954454127699e-05
0.009464201517403126,0.0005357984825968744,0.12106112889625788,56.551503041991964,4.0,0.01666833460330963,0.9999180505220088,8.340563476236383e-13,0.032286817866693074,0.006398082943633199,calibrated,0.0,11,0.006398082943633199,16000,detail,-0.16616218781031838,6.801107824071275e-08,5.4919664762564935e-06,55.80153529974632,9.565155778545886e-06,-0.16840594533837097,3.687492062454112e-05
0.009859140031039715,0.0001408599689602854,0.06432399882451847,58.00741366692819,4.0,0.01706625148653984,0.9998513256745348,9.81875568306874e-13,0.033376250371397444,0.006398082943633199,calibrated,0.0,11,0.006398082943633199,16500,detail,0.8573792516433733,3.1324496364458057e-08,4.423968675837386e-06,57.24029337824322,6.281512014538748e-06,0.857168363725324,2.8119557100581005e-05
0.010144084692001343,0.00014408469200134257,0.0634125462665059,59.5073748328723,4.0,0.017520751571282744,0.9999133858970234,6.857134317057932e-13,0.03555511538080618,0.006398082943633199,calibrated,0.0,11,0.006398082943633199,17000,detail,-0.01117367644805881,3.189383799722401e-08,4.565215022012126e-06,58.72235996811651,4.885345788352424e-06,-0.013315676984650453,2.5011682737385854e-05
0.009646945632994175,0.00035305436700582525,0.04846243715598528,60.960384082980454,4.0,0.017909668385982513,0.9998844050697189,7.049938549318849e-13,0.04961869862335347,0.006398082943633199,calibrated,0.0,11,0.006398082943633199,17500,detail,0.1783150250514284,1.879559073883672e-08,3.0646801860712003e-06,60.15187282394618,4.565413746604463e-06,0.18179154229558458,2.0173478333163075e-05
0.009891006164252758,0.00010899383574724218,0.03569231978190451,62.57306920783594,4.0,0.01831275154836476,0.999897816094751,2.519257659481332e-13,0.03307913241556898,0.006398082943633199,calibrated,0.0,11,0.006398082943633199,18000,detail,-0.3043618758671276,4.1048917153608256e-08,3.818677669187309e-06,61.74482565373182,2.2778651782573434e-06,-0.30401689615344807,2.29885245062178e-05
0.009974396787583828,2.5603212416172236e-05,0.09741303114757856,64.15353095787577,4.0,0.01879296055994928,0.9999189998506148,8.483212200154725e-14,0.034465682876101814,0.006398082943633199,calibrated,0.0,11,0.006398082943633199,18500,detail,-0.2779405681093124,3.9654681448006116e-08,1.5388043266284512e-06,63.306496389210224,5.13758095621597e-06,-0.27707574393117707,3.239890429540537e-05
0.009785116650164127,0.00021488334983587286,0.08323309748193732,65.82533920789137,4.0,0.019320669351145625,0.999911499410906,4.444599921482068e-13,0.035654154699415665,0.006398082943633199,calibrated,0.0,11,0.006398082943633199,19000,detail,-0.1400468471253575,3.3189363582019605e-08,6.708287401124835e-06,64.95797600480728,4.812085990124615e-06,-0.1391408623578868,2.8338721676846035e-05
0.010097804479300976,9.780447930097559e-05,0.04605678642366017,67.60464712488465,4.0,0.01998925325460732,0.9998925096090185,2.0314046095371509e-13,0.03307913241556898,0.006398082943633199,calibrated,0.0,11,0.006398082943633199,19500,detail,-0.08431968820380023,3.180109844358665e-08,2.656388005561894e-06,66.71473588119261,2.7118214802612783e-06,-0.08897869998275396,2.8496162485680543e-05
0.009822331368923187,0.00017766863107681295,0.06001978138906374,69.29406879190356,4.0,0.020555669208988547,0.9998851694377372,3.195197292073898e-13,0.03713974447855799,0.006398082943633199,calibrated,0.0,11,0.006398082943633199,20000,detail,-0.4717616852487673,2.344421942583813e-08,3.506958137222682e-06,68.38016480603255,3.6963394904887537e-06,-0.4712392963129167,2.7800149837275967e-05
0.0032158824615180492,0.006784117538481951,119.43049008501045,0.004938457859680057,4.0,0.0,,,,0.006398082943633199,adaptive,0.0,11,0.006398082943633199,0,detail,,,,0.0,0.008069450035691261,,0.00011799453932326287
0.010290712118148804,0.0002907121181488035,5.590708484073326,1.6028096249792725,4.0,0.00043762498535215855,0.999912987470986,1.4143131387619732e-11,0.00782410617014955,0.006398082943633199,adaptive,0.021591965574771166,11,0.027990048518404365,500,detail,0.7556585058575354,6.031958353038947e-07,0.00033700413769111037,1.5761024137027562,0.000325352099025622,0.7566700553902838,0.00011134007945656776
0.00936588179320097,0.0006341182067990305,2.297429021526881,3.397041582968086,4.0,0.0008678329177200794,0.9999180721714146,3.5249957130912326e-11,0.01406358324254729,0.006398082943633199,adaptive,0.05086358683183789,11,0.05726166977547109,1000,detail,-0.04111846847242088,1.2104165800163368e-06,0.00017060525715351105,3.3498930011410266,0.00013901820057071745,-0.04227844240048924,0.00020922454132232815
0.008717937394976616,0.0012820626050233843,1.7205138189516473,5.285999957937747,4.0,0.0012806248851120472,0.9999110233191133,2.946404256382936e-11,0.008418342081806477,0.006398082943633199,adaptive,0.08209250192157924,11,0.08849058486521244,1500,detail,0.07993959802457476,1.8933334970523032e-06,0.00012478959979489446,5.215758120408282,0.00015202315989881754,0.07989127193796021,0.00025749020278453827
0.011912093497812748,0.0019120934978127477,0.961189711303526,6.993924790993333,4.0,0.0016971246805042028,0.9999215260369061,1.0568082705979514e-11,0.012280875507576509,0.006398082943633199,adaptive,0.11133946408517659,11,0.11773754702880979,2000,detail,0.3739434967154163,1.3560318605225075e-06,8.072730270214379e-05,6.903778163017705,8.923327550292015e-05,0.3733996391828551,0.00024592841509729624
0.012038642540574074,0.0020386425405740736,0.7243898413518697,8.731869665905833,4.0,0.0021800417453050613,0.9999182788845238,7.727907846359899e-12,0.010795285728434188,0.006398082943633199,adaptive,0.14016196178272367,11,0.14656004472635686,2500,detail,0.3633916227826742,3.4600458650164945e-07,4.0233495383290574e-05,8.618509209016338,5.915565634495579e-05,0.36281389392864066,0.00011889601591974497
0.00969263631850481,0.0003073636814951899,0.692356675337284,10.555606332840398,4.0,0.002574583748355508,0.9998911219658658,4.144113088268757e-11,0.014855897791423194,0.006398082943633199,adaptive,0.17022857652045786,11,0.17662665946409106,3000,detail,0.7667137835293095,4.1977525464994443e-07,6.752561603207141e-05,10.417717409087345,5.350155697669834e-05,0.7665954784150396,0.00017796146858017892
0.010257342830300331,0.0002573428303003309,0.9626031117940214,12.771948332898319,4.0,0.002968333661556244,0.9999121398579526,1.7118492362221237e-11,0.012577993463404971,0.006398082943633199,adaptive,0.20697498857043684,11,0.21337307151407003,3500,detail,-0.16046096081317504,1.911462622091718e-07,6.44862448098138e-05,12.599429498659447,0.00017918780213221908,-0.1616194997280898,0.00015106445061974227
0.010578730143606663,0.0005787301436066625,0.5432442911302702,14.607056915992871,4.0,0.0034493757411837578,0.9999156440705473,7.276631099724854e-12,0.01218183618896702,0.006398082943633199,adaptive,0.2372773657552898,11,0.243675448698923,4000,detail,0.44889328596485584,1.041475685341801e-06,4.2301031498936936e-05,14.410328798927367,3.986920273746364e-05,0.4478420216586205,0.0001620902621652931
0.009760272689163685,0.00023972731083631536,0.3966414977329443,16.46712379087694,4.0,0.003947125747799873,0.9999209786542533,1.5936823462971816e-11,0.014360701198375755,0.006398082943633199,adaptive,0.26764461188577116,11,0.27404269482940435,4500,detail,0.24532631270350597,5.781885965775899e-07,5.577933552558534e-05,16.24366688122973,4.599886597134173e-05,0.24483711195435973,0.00016602268442511559
0.01037884782999754,0.0003788478299975393,0.5063131258153567,18.340101207839325,4.0,0.004395708907395601,0.9999028402617317,4.612698970173267e-12,0.00881449935624443,0.006398082943633199,adaptive,0.29956918815150857,11,0.30596727109514177,5000,detail,0.39730097207339715,8.138377601627532e-08,3.847907646559179e-05,18.09139734064229,0.0002047469315584749,0.3978964031702641,6.26751862000674e-05
0.0067755007185041904,0.0032244992814958098,0.7222668326779297,20.088741415878758,4.0,0.0048167090862989426,0.9999128573985491,1.4961314758654707e-11,0.01406358324254729,0.006398082943633199,adaptive,0.3290786799043417,11,0.3354767628479749,5500,detail,0.8304222806315572,5.904549755598346e-08,6.567912350874394e-05,19.81669136811979,6.469419167842716e-05,0.831062520377619,6.084739652578719e-05
0.010982271283864975,0.0009822712838649748,0.3460522041631838,21.917483082972467,4.0,0.005315125919878483,0.9998912658252127,4.77473444568734e-12,0.018916509854412202,0.006398082943633199,adaptive,0.3594961871858686,11,0.3658942701295018,6000,detail,0.5057764578084426,2.3265189619887834e-07,3.618004120653495e-05,21.622433342272416,7.169534364948049e-05,0.5054429623732015,0.00011465566058177501
0.010775982402265072,0.0007759824022650717,0.2703964718093331,23.768046583049,4.0,0.005794667871668935,0.9999264790227738,2.7932783819548953e-12,0.024165593740715065,0.006398082943633199,adaptive,0.3898246006574482,11,0.39622268360108137,6500,detail,0.7898616787737082,1.726134347602511e-08,2.2405287381843664e-05,23.451252950821072,3.7098950997460634e-05,0.7908629377137066,4.446815364644863e-05
0.011111065745353699,0.0011110657453536985,0.5033459069210094,25.40435062488541,4.0,0.00621691788546741,0.9999216319885008,3.454874822280217e-11,0.018619391898583738,0.006398082943633199,adaptive,0.41892014211043715,11,0.42531822505407035,7000,detail,0.7871299453147715,8.518091934133978e-08,0.00010117451165569946,25.067120195832103,3.6902456486131996e-05,0.7875813156710149,7.214186189230531e-05
0.009717532433569431,0.0002824675664305689,0.6144496068711449,27.21188366599381,4.0,0.006649042945355177,0.999900652342751,1.5205590768776707e-11,0.022779043280182234,0.006398082943633199,adaptive,0.4491209341213107,11,0.4555190170649439,7500,detail,-0.1293387993090499,1.168767313516653e-07,5.2035444241482764e-05,26.851795196533203,6.039627260179259e-05,-0.12885876640829547,6.105731154093519e-05
0.011130153201520443,0.0011301532015204428,0.4210646886477877,28.878012999892235,4.0,0.007445418043062091,0.9999005557843836,1.4388235779570721e-12,0.01990690304050708,0.006398082943633199,adaptive,0.47677409346215427,11,0.48317217640578747,8000,detail,0.20501224732964046,2.2753867871023128e-08,1.9567056369851343e-05,28.494675774127245,3.210847717127763e-05,0.2056542129687028,4.566776260617189e-05
0.009692614898085594,0.00030738510191440603,0.1704566341328711,30.64019495784305,4.0,0.008054542820900679,0.9998816621469182,1.3172760388461564e-11,0.021590571456868376,0.006398082943633199,adaptive,0.5078858488705009,11,0.5142839318141341,8500,detail,0.12252841999666055,5.931118803664215e-08,4.924991662846878e-05,30.232503642793745,5.508163303602487e-05,0.12378485602946017,7.022878708085045e-05
0.011464376002550125,0.001464376002550125,0.2545763955803266,32.33479491597973,4.0,0.0084849598351866,0.9999164156592463,2.0870445989531114e-12,0.030306031494503317,0.006398082943633199,adaptive,0.5380248811561614,11,0.5444229640997946,9000,detail,-0.07834973390516806,2.3053788201211013e-08,1.500537746323971e-05,31.90472109033726,5.116231841384433e-05,-0.07757178361389783,3.9975533582037315e-05
0.009065719321370125,0.0009342806786298754,0.16680197983462872,34.103024165844545,4.0,0.009043126832693815,0.9999126837101666,1.5714084238853194e-12,0.027136773298999703,0.006398082943633199,adaptive,0.5699003827758133,11,0.5762984657194465,9500,detail,0.49886667407331736,7.262543990486839e-08,1.1778774023696315e-05,33.651650136336684,1.3934553862782195e-05,0.4999417496300264,4.442995850695297e-05
0.010449622757732868,0.000449622757732868,0.13091864964544905,35.834008165868,4.0,0.009446876822039485,0.9999267440981532,5.190751991483778e-13,0.028820441715361,0.006398082943633199,adaptive,0.5991790120024234,11,0.6055770949460566,10000,detail,-0.25582050578807125,9.894101343567956e-08,5.888601663173176e-06,35.360662480583414,1.377592980134068e-05,-0.2558675859435666,7.74924410507083e-05
0.009777097031474113,0.00022290296852588674,0.3478196060751204,37.65603237482719,4.0,0.009936751797795296,0.9999202011201471,1.5011969879807973e-12,0.02525502624541943,0.006398082943633199,adaptive,0.6295468003954738,11,0.635944883339107,10500,detail,-0.06551696602175966,8.09056888453259e-08,2.4336992282769643e-05,37.16214902792126,2.9996521334396675e-05,-0.06575294156992413,7.251113129314035e-05
0.009820640087127686,0.00017935991287231466,0.24197490796168014,39.40318566584028,4.0,0.010353376856073737,0.9998920844428463,2.5879909518670548e-12,0.03525799742497772,0.006398082943633199,adaptive,0.6596180074848235,11,0.6660160904284567,11000,detail,0.5517612355396886,6.657664399739788e-08,1.0007002856582403e-05,38.887341973837465,2.4375738576054573e-05,0.5520084316574613,5.677889930666424e-05
0.00881916657090187,0.0011808334290981295,0.27802709802484865,41.241526833036914,4.0,0.010744960978627205,0.9999282855354241,1.0051098940949423e-12,0.02921659898979895,0.006398082943633199,adaptive,0.69097312213853,11,0.6973712050821632,11500,detail,0.618667630680481,7.896891065248667e-08,1.472156509407796e-05,40.70288322260603,1.7796999600250274e-05,0.6197410775894641,6.80793818901293e-05
0.009862218983471394,0.00013778101652860662,0.05622348372048315,42.95198370795697,4.0,0.011147419922053814,0.9999192179091726,5.726292470699296e-12,0.054273546597999406,0.006398082943633199,adaptive,0.7190812851767987,11,0.7254793681204319,12000,detail,0.3278068902089324,5.919980660690307e-08,1.8268578060087748e-05,42.39043826400302,6.340162599371979e-06,0.32917746493349354,3.58066608896479e-05
0.009722355753183365,0.00027764424681663534,0.1791325376579527,44.64865891588852,4.0,0.011616127798333764,0.9999213845633179,7.182624735963017e-12,0.060116866395959194,0.006398082943633199,adaptive,0.747908576624468,11,0.7543066595681012,12500,detail,0.9262841974549749,1.1195190976676447e-08,3.109276440227404e-05,44.063129897695035,1.5501691450481303e-05,0.9269636072165967,2.969338311231695e-05
0.010864184238016605,0.0008641842380166052,0.2331549294888137,46.27932345797308,4.0,0.012096669990569353,0.999886726861216,1.5575941680997595e-12,0.031494503317817175,0.006398082943633199,adaptive,0.776562119834125,11,0.7829602027777582,13000,detail,0.3282468712790476,6.573994610197338e-08,1.205677108373493e-05,45.66476343246177,2.4385353754041716e-05,0.3291471144644558,7.573312905151397e-05
0.010393000207841396,0.0003930002078413961,0.10534696013288417,47.95727404090576,4.0,0.012558087008073926,0.999920089170197,2.8680249519991095e-12,0.033376250371397444,0.006398082943633199,adaptive,0.8070712839253247,11,0.8134693668689579,13500,detail,0.9375786491000097,3.908488101792321e-08,1.1262796761002392e-05,47.32078347657807,1.2196094758110121e-05,0.9375244808020678,2.7702284569386393e-05
0.010114233009517193,0.00011423300951719263,0.04514744379986712,49.64139270805754,4.0,0.013009337009862065,0.9999224910833681,7.82286390263868e-13,0.03595127265524413,0.006398082943633199,adaptive,0.8348854018840939,11,0.8412834848277271,14000,detail,0.4950759575726011,8.8558099358027e-08,7.2536936386313755e-06,48.98508920404129,2.970403147628531e-05,0.4949885796091897,9.895159746520221e-05
0.011346366256475449,0.0013463662564754484,0.07980665026577738,51.22461220785044,4.0,0.013465919997543097,0.9999088915229486,6.09262562790542e-13,0.031494503317817175,0.006398082943633199,adaptive,0.8620670277159661,11,0.8684651106595993,14500,detail,-0.54619046190647,1.2985965814302445e-07,4.860254648519913e-06,50.54450962878764,1.0086761903949082e-05,-0.5466212904898299,7.863000791985542e-05
0.010382958687841892,0.00038295868784189203,0.02987082043261167,52.800523249898106,4.0,0.014049335848540068,0.9999179679660648,2.2774911130072698e-12,0.04506288996731703,0.006398082943633199,adaptive,0.8887509808409959,11,0.8951490637846291,15000,detail,0.6978354492847642,3.595123924469692e-08,9.257828423869796e-06,52.094489332986996,6.234930424398044e-06,0.6975770903882678,4.084219835931435e-05
0.010045154020190239,4.5154020190238744e-05,0.04140487939322586,54.3812944998499,4.0,0.01447204384021461,0.9999235896985013,8.204955582441807e-13,0.03179162127364564,0.006398082943633199,adaptive,0.9170388153288513,11,0.9234368982724845,15500,detail,-0.22836992242862125,3.486056467803577e-08,6.90813567416626e-06,53.65445925621316,5.9394483287178446e-06,-0.2291769781504804,2.9486156563507393e-05
0.009566393680870533,0.0004336063191294672,0.03316149159943445,55.926430207910016,4.0,0.014919585781171918,0.9999147839233625,5.350235222867904e-13,0.029018520352579975,0.006398082943633199,adaptive,0.9428823690395802,11,0.9492804519832134,16000,detail,-0.22956240903286285,2.258746893861755e-08,6.084098004066618e-06,55.176635592011735,3.1371073418995366e-06,-0.23107433738820948,2.7163747290614992e-05
0.00956134032458067,0.0004386596754193308,0.05639621815459332,57.48976237489842,4.0,0.015429835766553879,0.9999262718456067,6.129438973092771e-13,0.029117559671189463,0.006398082943633199,adaptive,0.9706392339430749,11,0.9770373168867081,16500,detail,-0.3214612725143833,4.1569143146752795e-08,5.339417839422822e-06,56.719696059357375,6.234293323359452e-06,-0.3212598642027014,4.184688441455364e-05
0.009817436337471008,0.0001825636625289919,0.037135010107185985,59.0646248748526,4.0,0.015819543739780784,0.9998982229954977,2.934366718506521e-13,0.024264633059324553,0.006398082943633199,adaptive,0.9978379944805056,11,1.0042360774241388,17000,detail,-0.3147965003720118,6.303056452700645e-08,3.1235499591275584e-06,58.27538576233201,4.894203357252991e-06,-0.31530182659788647,4.5449261961039156e-05
0.009843428619205952,0.00015657138079404852,0.019573730034974146,60.66690633282997,4.0,0.01628254377283156,0.9999070982276348,3.6062984224148263e-13,0.02099633554521145,0.006398082943633199,adaptive,1.0250615794211626,11,1.0314596623647958,17500,detail,0.050778550644852316,2.6919628580117876e-08,3.7484624044736847e-06,59.860543308081105,3.0275352855824167e-06,0.050296028816204826,4.1222756408387795e-05
0.010360728949308395,0.0003607289493083952,0.08746940216855813,62.26912562502548,4.0,0.01668116869404912,0.9999108147763001,1.5901578085025517e-12,0.04001188471823314,0.006398082943633199,adaptive,1.053447240497917,11,1.0598453234415501,18000,detail,-0.33839829096856733,5.055817026897058e-08,8.01275746198371e-06,61.44401893205941,7.654742148588412e-06,-0.33875637393710045,2.6262572646373883e-05
0.010527126491069794,0.0005271264910697935,0.06894916205843345,63.865801124833524,4.0,0.01708721066825092,0.9998996507161635,2.8757838300548754e-13,0.0238684757848866,0.006398082943633199,adaptive,1.0800137892365456,11,1.0864118721801788,18500,detail,-0.39449165885783083,3.628274225570454e-08,4.01352190237958e-06,63.02290372247808,5.579561729973648e-06,-0.39597741063005426,3.1748957553645596e-05
0.01030315738171339,0.00030315738171339014,0.04001883619259566,65.47015354083851,4.0,0.017541210865601897,0.9999188674913,1.4799584643085824e-13,0.028424284440923046,0.006398082943633199,adaptive,1.1072260786313564,11,1.1136241615749896,19000,detail,-0.4324911387159948,3.506158869746731e-08,2.063876308966428e-06,64.60435114637949,4.319379058870254e-06,-0.4327572793927413,3.304642450530082e-05
0.010035453364253044,3.545336425304392e-05,0.05618015515177844,67.03100954089314,4.0,0.017914919881150126,0.9999141729100285,4.565935519463436e-13,0.029117559671189463,0.006398082943633199,adaptive,1.1340937896165997,11,1.1404918725602329,19500,detail,0.27777654736737867,2.8924948748906697e-08,3.6702913348563015e-06,66.14413677877747,4.273214926797664e-06,0.277543775538698,3.79848170268815e-05
0.00971134565770626,0.0002886543422937395,0.060131434749199554,68.57293941592798,4.0,0.018339961767196655,0.999908251813029,2.615730691019718e-13,0.03476280083193028,0.006398082943633199,adaptive,1.160753122298047,11,1.1671512052416801,20000,detail,-0.11375514841721597,5.104046388960673e-08,5.378738933359273e-06,67.66732552764006,4.764155619341182e-06,-0.11257580319269894,3.990410914411768e-05
-0.016354726627469063,0.026354726627469065,130.44659243311816,0.00332370912656188,4.0,0.0,,,,0.0,fp32,0.0,12,0.0,0,detail,,,,0.0,0.00829876959323883,,0.0
0.01261884905397892,0.0026188490539789198,5.502192201821785,0.31477479194290936,4.0,0.0003800000995397568,0.9999999999999956,0.0,0.0,0.0,fp32,0.0,12,0.0,500,detail,0.9999999999999956,0.0,0.0003599312622100115,0.3038017004728317,0.0003259552177041769,0.9999999999999956,0.0
0.00970576610416174,0.00029423389583826086,2.1574417580641567,0.6462034590076655,4.0,0.0007692079525440931,0.9999999999999971,0.0,0.0,0.0,fp32,0.0,12,0.0,1000,detail,0.9999999999999971,0.0,0.00010785646009026095,0.6271227390971035,0.00011483435082482174,0.9999999999999971,0.0
0.012026449665427208,0.0020264496654272077,1.293134128859877,0.96589779201895,4.0,0.001194290816783905,0.9999999999999964,0.0,0.0,0.0,fp32,0.0,12,0.0,1500,detail,0.9999999999999964,0.0,0.0001399995235260576,0.9387770690955222,7.955820910865441e-05,0.9999999999999964,0.0
0.01080397143959999,0.0008039714395999906,0.8244203223710983,1.3036638339981437,4.0,0.0015827079769223928,0.9999999999999952,0.0,0.0,0.0,fp32,0.0,12,0.0,2000,detail,0.9999999999999952,0.0,5.644029442919418e-05,1.2683392360340804,5.231926479609683e-05,0.9999999999999952,0.0
0.010985522530972958,0.0009855225309729574,0.609595266366403,1.6217084999661893,4.0,0.0019665409345179796,0.9999999999999988,0.0,0.0,0.0,fp32,0.0,12,0.0,2500,detail,0.9999999999999988,0.0,3.967151860706508e-05,1.578345553483814,3.6356763303047046e-05,0.9999999999999988,0.0
0.009787973947823048,0.00021202605217695257,0.7482068419437643,1.941536125028506,4.0,0.0024104989133775234,0.9999999999999976,0.0,0.0,0.0,fp32,0.0,12,0.0,3000,detail,0.9999999999999976,0.0,5.642022006213665e-05,1.8901967536658049,5.534330557566136e-05,0.9999999999999976,0.0
0.009352851659059525,0.0006471483409404757,0.6548643494903574,2.311611291952431,4.0,0.0028088740073144436,0.9999999999999978,0.0,0.0,0.0,fp32,0.0,12,0.0,3500,detail,0.9999999999999978,0.0,4.819609603146091e-05,2.251440718770027,6.169549305923283e-05,0.9999999999999978,0.0
0.010446873493492603,0.0004468734934926031,0.6349983074477747,2.6413709591142833,4.0,0.0032120828982442617,0.9999999999999977,0.0,0.0,0.0,fp32,0.0,12,0.0,4000,detail,0.9999999999999977,0.0,6.235492037376389e-05,2.5720088500529528,5.0150512834079564e-05,0.9999999999999977,0.0
0.011326111853122711,0.001326111853122711,0.9827612118182586,2.966034166980535,4.0,0.003611540887504816,0.9999999999999977,0.0,0.0,0.0,fp32,0.0,12,0.0,4500,detail,0.9999999999999977,0.0,4.6482444304274395e-05,2.8882951810956,6.229030987014994e-05,0.9999999999999977,0.0
0.010308464989066124,0.00030846498906612375,0.2778726938362224,3.284562250133604,4.0,0.003994290949776769,0.9999999999999962,0.0,0.0,0.0,fp32,0.0,12,0.0,5000,detail,0.9999999999999962,0.0,3.269022636231966e-05,3.198793640360236,6.050630327081308e-05,0.9999999999999962,0.0
0.009720838628709316,0.00027916137129068395,0.3062626792957286,3.6015760840382427,4.0,0.004380873870104551,0.9999999999999967,0.0,0.0,0.0,fp32,0.0,12,0.0,5500,detail,0.9999999999999967,0.0,3.93224399886094e-05,3.5078110615722835,2.856851278920658e-05,0.9999999999999967,0.0
0.010580242611467838,0.0005802426114678381,0.21576074758218755,3.927652125013992,4.0,0.004760873969644308,0.999999999999997,0.0,0.0,0.0,fp32,0.0,12,0.0,6000,detail,0.999999999999997,0.0,2.3893277102615684e-05,3.825752012664452,2.785873948596418e-05,0.999999999999997,0.0
0.010023703798651695,2.3703798651695043e-05,0.13930900890053574,4.2559525419492275,4.0,0.005142248934134841,0.9999999999999967,0.0,0.0,0.0,fp32,0.0,12,0.0,6500,detail,0.9999999999999967,0.0,1.9223014533054084e-05,4.1455248622223735,1.3057257092441432e-05,0.9999999999999967,0.0
0.009819085709750652,0.0001809142902493479,0.14025600130249863,4.582931959070265,4.0,0.005674456944689155,0.9999999999999991,0.0,0.0,0.0,fp32,0.0,12,0.0,7000,detail,0.9999999999999991,0.0,8.792847438598983e-06,4.463694732636213,1.0902240319410339e-05,0.9999999999999991,0.0
0.010353391058743,0.0003533910587429998,0.10098737743227312,4.959571792045608,4.0,0.0060727898962795734,0.9999999999999976,0.0,0.0,0.0,fp32,0.0,12,0.0,7500,detail,0.9999999999999976,0.0,9.318556294601876e-06,4.831367438891903,9.116610272030812e-06,0.9999999999999976,0.0
0.011215773411095142,0.0012157734110951422,0.1552342631248023,5.316059499979019,4.0,0.006558164954185486,0.9999999999999962,0.0,0.0,0.0,fp32,0.0,12,0.0,8000,detail,0.9999999999999962,0.0,1.4194395589584019e-05,5.178279156796634,2.1603354980470613e-05,0.9999999999999962,0.0
0.009267818182706833,0.0007321818172931673,0.08282796211291633,5.671461084159091,4.0,0.00695999781601131,0.9999999999999944,0.0,0.0,0.0,fp32,0.0,12,0.0,8500,detail,0.9999999999999944,0.0,5.398689609137364e-06,5.524460822110996,7.786838978063315e-06,0.9999999999999944,0.0
0.009923414327204227,7.658567279577276e-05,0.06169115912073397,6.032433999935165,4.0,0.00733783096075058,0.9999999999999972,0.0,0.0,0.0,fp32,0.0,12,0.0,9000,detail,0.9999999999999972,0.0,3.885127625835594e-06,5.8771356819197536,5.641790266963653e-06,0.9999999999999972,0.0
0.0103317741304636,0.00033177413046359995,0.048703808012736716,6.3702574169728905,4.0,0.007726497948169708,0.9999999999999983,0.0,0.0,0.0,fp32,0.0,12,0.0,9500,detail,0.9999999999999983,0.0,4.3834825191879645e-06,6.206738595385104,5.1643551159941126e-06,0.9999999999999983,0.0
0.009877321310341358,0.00012267868965864202,0.09537264259439181,6.749927875120193,4.0,0.008414373034611344,0.999999999999997,0.0,0.0,0.0,fp32,0.0,12,0.0,10000,detail,0.999999999999997,0.0,1.2466333828342613e-05,6.577364796772599,1.623781099624466e-05,0.999999999999997,0.0
0.009764072485268116,0.0002359275147318842,0.026704690433069406,7.09851579205133,4.0,0.008785747922956944,0.9999999999999981,0.0,0.0,0.0,fp32,0.0,12,0.0,10500,detail,0.9999999999999981,0.0,1.7525902649140335e-06,6.917090882314369,3.536124040692812e-06,0.9999999999999981,0.0
0.012132146395742893,0.002132146395742893,0.25540115119928464,7.439149542013183,4.0,0.009195663966238499,0.9999999999999988,0.0,0.0,0.0,fp32,0.0,12,0.0,11000,detail,0.9999999999999988,0.0,1.1034701856260654e-05,7.249064921867102,3.642149385996163e-05,0.9999999999999988,0.0
0.010389303788542747,0.0003893037885427473,0.03051220158628349,7.781400999985635,4.0,0.009580204961821437,0.9999999999999978,0.0,0.0,0.0,fp32,0.0,12,0.0,11500,detail,0.9999999999999978,0.0,2.6921534299617633e-06,7.582917846273631,3.263355438321014e-06,0.9999999999999978,0.0
0.010401003062725067,0.00040100306272506693,0.027450742241569504,8.129025167087093,4.0,0.00997520494274795,0.9999999999999981,0.0,0.0,0.0,fp32,0.0,12,0.0,12000,detail,0.9999999999999981,0.0,4.118348442716524e-06,7.922094342531636,2.594224497443065e-06,0.9999999999999981,0.0
0.01010811422020197,0.00010811422020196894,0.046497862452258086,8.502614042023197,4.0,0.010386121924966574,0.9999999999999987,0.0,0.0,0.0,fp32,0.0,12,0.0,12500,detail,0.9999999999999987,0.0,5.719501132261939e-06,8.286922879749909,5.026971848565154e-06,0.9999999999999987,0.0
0.009607109241187572,0.00039289075881242773,0.035420628433280456,8.894410042092204,4.0,0.010804829886183143,1.0000000000000013,0.0,0.0,0.0,fp32,0.0,12,0.0,13000,detail,1.0000000000000013,0.0,3.530969024723163e-06,8.669338842853904,2.30436967285641e-06,1.0000000000000013,0.0
0.010119272395968437,0.00011927239596843699,0.022089097517661572,9.308029958978295,4.0,0.011376537848263979,0.9999999999999947,0.0,0.0,0.0,fp32,0.0,12,0.0,13500,detail,0.9999999999999947,0.0,2.627159574331017e-06,9.07238092715852,5.396564574766671e-06,0.9999999999999947,0.0
0.010022137314081192,2.213731408119181e-05,0.017096825381229294,9.686431708978489,4.0,0.01175916288048029,0.9999999999999981,0.0,0.0,0.0,fp32,0.0,12,0.0,14000,detail,0.9999999999999981,0.0,2.2116596483101603e-06,9.441585770109668,1.9352869458089117e-06,0.9999999999999981,0.0
0.01016013789921999,0.00016013789921998957,0.014933187981541547,10.06146916700527,4.0,0.012163329869508743,0.9999999999999961,0.0,0.0,0.0,fp32,0.0,12,0.0,14500,detail,0.9999999999999961,0.0,7.752988722131704e-07,9.807405760977417,1.4330371413961984e-06,0.9999999999999961,0.0
0.010102321393787861,0.00010232139378786066,0.015406262840495837,10.482802000129595,4.0,0.01268241391517222,0.9999999999999988,0.0,0.0,0.0,fp32,0.0,12,0.0,15000,detail,0.9999999999999988,0.0,7.442098990395607e-07,10.218433211324736,9.884669225357356e-07,0.9999999999999988,0.0
0.009835376404225826,0.00016462359577417394,0.014281271403243303,10.916227375157177,4.0,0.013125788886100054,0.9999999999999989,0.0,0.0,0.0,fp32,0.0,12,0.0,15500,detail,0.9999999999999989,0.0,1.156339749286417e-06,10.64019995322451,1.6889775906747673e-06,0.9999999999999989,0.0
0.010018948465585709,1.894846558570841e-05,0.010443405590860698,11.336118667153642,4.0,0.013544746907427907,0.9999999999999972,0.0,0.0,0.0,fp32,0.0,12,0.0,16000,detail,0.9999999999999972,0.0,8.767739814175002e-07,11.050808527506888,8.352479881068575e-07,0.9999999999999972,0.0
0.009819687344133854,0.0001803126558661463,0.010114334034476964,11.73737733415328,4.0,0.013968330807983875,0.9999999999999984,0.0,0.0,0.0,fp32,0.0,12,0.0,16500,detail,0.9999999999999984,0.0,7.79491870162019e-07,11.44212489016354,7.647515758435475e-07,0.9999999999999984,0.0
0.009943216107785702,5.6783892214298456e-05,0.00832028075434585,12.07594587514177,4.0,0.014378247782588005,0.9999999999999988,0.0,0.0,0.0,fp32,0.0,12,0.0,17000,detail,0.9999999999999988,0.0,4.408051665905077e-07,11.771954712225124,4.818444381271547e-07,0.9999999999999988,0.0
0.010099648497998714,9.964849799871424e-05,0.008042704032366668,12.435727209085599,4.0,0.014806122751906514,0.9999999999999974,0.0,0.0,0.0,fp32,0.0,12,0.0,17500,detail,0.9999999999999974,0.0,4.628828378372418e-07,12.12282258598134,4.5890891442468273e-07,0.9999999999999974,0.0
0.00996803306043148,3.19669395685198e-05,0.007723596728832878,12.839596959063783,4.0,0.015220081666484475,0.9999999999999968,0.0,0.0,0.0,fp32,0.0,12,0.0,18000,detail,0.9999999999999968,0.0,4.3017331563532935e-07,12.516726868925616,5.155720259608643e-07,0.9999999999999968,0.0
0.010082811117172241,8.2811117172241e-05,0.007429381390406778,13.200138375163078,4.0,0.015613456722348928,0.9999999999999967,0.0,0.0,0.0,fp32,0.0,12,0.0,18500,detail,0.9999999999999967,0.0,3.9403147411576356e-07,12.869102185824886,4.568603344523581e-07,0.9999999999999967,0.0
0.009943806566298008,5.619343370199224e-05,0.0070948029163276265,13.557777125155553,4.0,0.01600370672531426,0.9999999999999978,0.0,0.0,0.0,fp32,0.0,12,0.0,19000,detail,0.9999999999999978,0.0,3.7554397636085923e-07,13.21757955988869,4.1159265151691216e-07,0.9999999999999978,0.0
0.009902075864374638,9.79241356253626e-05,0.007338906637840095,13.92510375007987,4.0,0.016389790689572692,0.9999999999999986,0.0,0.0,0.0,fp32,0.0,12,0.0,19500,detail,0.9999999999999986,0.0,3.254141915931541e-07,13.558571933535859,4.427712099186465e-07,0.9999999999999986,0.0
0.010000361129641533,3.611296415326898e-07,0.0068552379088708685,14.24346762499772,4.0,0.01678358274511993,0.9999999999999986,0.0,0.0,0.0,fp32,0.0,12,0.0,20000,detail,0.9999999999999986,0.0,3.021540635472775e-07,13.869157011155039,3.785733611039177e-07,0.9999999999999986,0.0
-0.018571706488728523,0.028571706488728525,130.75619411381712,0.004186541074886918,4.0,0.0,,,,0.0,fixed-e3m4,0.0,12,0.0,0,detail,,,,0.0,0.008082717657089233,,0.0002919039689004421
0.010089038871228695,8.903887122869471e-05,5.7141909709096845,1.7539929579943419,4.0,0.0008082501590251923,0.9999126887682249,5.880639657202545e-11,0.011587600277310092,0.0,fixed-e3m4,0.0,12,0.0,500,detail,0.20963336409615801,5.804039152016126e-07,0.0003557240415830165,1.7284441622905433,0.0003216954355593771,0.20976564618353893,0.00017670569650363177
0.009705567732453346,0.00029443226754665396,2.763308060396985,3.614506666082889,4.0,0.0014926663134247065,0.9999126912686637,6.498916640330399e-11,0.01713380211944142,0.0,fixed-e3m4,0.0,12,0.0,1000,detail,0.7272410039404656,5.061387004313463e-07,0.0001796147262211889,3.561188839143142,0.00017886576824821532,0.7272990590154795,0.00017022760584950447
0.009828798472881317,0.00017120152711868307,1.746669455788213,5.303003082983196,4.0,0.0019456662703305483,0.9999107225160194,2.7069944786920795e-11,0.010597207091215212,0.0,fixed-e3m4,0.0,12,0.0,1500,detail,0.7779802592711343,6.904709944045139e-08,0.00014403184468392283,5.228420680621639,0.0001421163760824129,0.7778157246531141,0.00010500250937184319
0.007646001409739256,0.0023539985902607443,1.7027309159691153,6.991861166199669,4.0,0.0024114581756293774,0.9999174667514743,1.1939490338415755e-10,0.009606813905120333,0.0,fixed-e3m4,0.0,12,0.0,2000,detail,0.9241920366446623,1.100994847834287e-07,0.0002607941860333085,6.892120926408097,0.00017228916112799197,0.9244748928671869,0.00010333659156458452
0.011287575587630272,0.0012875755876302717,1.0485466119294389,8.736925583099946,4.0,0.0028587912674993277,0.9999137300251538,1.0491327903376464e-11,0.007229870258492622,0.0,fixed-e3m4,0.0,12,0.0,2500,detail,0.021647736492552885,2.4179515723610293e-07,6.563765782630071e-05,8.614582381444052,9.255028271581978e-05,0.02127647240589725,0.00011956305388594046
0.007216211874037981,0.002783788125962019,1.387195038470726,10.927141500171274,4.0,0.003313833149150014,0.999919323810376,1.1774749210401637e-10,0.010894325047043676,0.0,fixed-e3m4,0.0,12,0.0,3000,detail,0.6027153607954943,4.653980472717685e-07,0.00040332440403290093,10.777681526495144,0.0001795685093384236,0.6038406243349363,0.00016375197446905077
0.010306108742952347,0.0003061087429523466,0.6032059796538488,12.753241416066885,4.0,0.003734749276190996,0.9999178071974473,1.2760422955532132e-11,0.011488560958700603,0.0,fixed-e3m4,0.0,12,0.0,3500,detail,0.7449069326062596,4.730810194635054e-08,6.796063098590821e-05,12.578720893710852,5.616432099486701e-05,0.744912827174436,5.1477978558978066e-05
0.010913694277405739,0.0009136942774057386,0.8425684566771544,14.562975583132356,4.0,0.004509583115577698,0.9999178093580356,1.0013375564185983e-10,0.014558779835594731,0.0,fixed-e3m4,0.0,12,0.0,4000,detail,0.9410226550762251,9.405719217431302e-08,0.00023685063933953643,14.363050259416923,7.578914664918557e-05,0.941052563330437,9.851039794739336e-05
0.009373093955218792,0.0006269060447812082,0.6227528637340505,16.416937500005588,4.0,0.00531483325175941,0.9999159153888035,5.970190844179956e-12,0.009606813905120333,0.0,fixed-e3m4,0.0,12,0.0,4500,detail,0.9202889321305093,5.409782951702735e-09,4.343217733548954e-05,16.182061429601163,6.075512646930292e-05,0.9204094090524595,1.5964547856128775e-05
0.009486192837357521,0.0005138071626424792,0.9278201504930513,18.149825875181705,4.0,0.005787166068330407,0.9999048378942519,2.8540589898213058e-11,0.012875111419233436,0.0,fixed-e3m4,0.0,12,0.0,5000,detail,0.904851424183142,1.9870925999326466e-07,0.00010456231393618509,17.888327602297068,8.62612432683818e-05,0.9051963749002391,8.771430293563753e-05
0.01029166579246521,0.00029166579246520975,0.7079908199500532,19.959862583084032,4.0,0.006233081920072436,0.9999241771163137,2.932012486975395e-11,0.010993364365653164,0.0,fixed-e3m4,0.0,12,0.0,5500,detail,0.816634302943948,6.645288919535065e-08,0.00011947628809139132,19.673478169366717,0.00014982080028858036,0.8169178245158331,5.047483864473179e-05
0.011433054693043232,0.0014330546930432318,0.5433286773702504,21.778678125003353,4.0,0.006673499010503292,0.9999130814424219,1.2605989628659902e-11,0.01802515598692681,0.0,fixed-e3m4,0.0,12,0.0,6000,detail,0.9684025432598633,6.115577117717072e-08,4.290656215744093e-05,21.468437208095565,0.000156261827214621,0.968576857790209,6.776431837351993e-05
0.010350202210247517,0.0003502022102475164,0.2570488572381354,23.40075875003822,4.0,0.007064457051455975,0.9999080691378969,2.4405273818979102e-11,0.022680003961572746,0.0,fixed-e3m4,0.0,12,0.0,6500,detail,0.928292491028966,3.737355741252251e-08,6.382078572642058e-05,23.05736583750695,4.6031094825593755e-05,0.9280677744345391,8.858848741510883e-05
0.007807459216564894,0.0021925407834351065,0.3910184778018652,25.154529916122556,4.0,0.0077187479473650455,0.9998986315083505,7.418394105369196e-12,0.012280875507576509,0.0,fixed-e3m4,0.0,12,0.0,7000,detail,0.8827200360797128,2.3693868065327483e-08,4.567082578432746e-05,24.788628223817796,0.00011532671487657353,0.8832530767878466,4.9678834329824895e-05
0.011960756033658981,0.001960756033658981,0.3465579137563013,26.819989416049793,4.0,0.00819012289866805,0.9999110462308292,1.9355663995106793e-11,0.021689610775477864,0.0,fixed-e3m4,0.0,12,0.0,7500,detail,0.7059541499496842,5.7098999731164574e-08,6.851581565570086e-05,26.43164963880554,2.53878824878484e-05,0.7057127168015114,3.3856926165753976e-05
0.009514500387012959,0.0004854996129870417,0.348885498603629,28.4704977911897,4.0,0.008599414955824614,0.9998943119448002,4.441282732112622e-12,0.015450133703080123,0.0,fixed-e3m4,0.0,12,0.0,8000,detail,0.8834890206686149,1.4082373724775052e-08,2.3053085897117853e-05,28.061440662946552,4.4767559302272275e-05,0.8838211149346787,3.2817006285768e-05
0.008329116739332676,0.0016708832606673243,0.22574100825312438,30.23642500001006,4.0,0.009039290016517043,0.9999084213998085,1.1083623217754771e-11,0.024561751015153017,0.0,fixed-e3m4,0.0,12,0.0,8500,detail,0.9348191170588215,2.8615044449656224e-08,3.422019290155731e-05,29.80452448874712,1.8610213373904116e-05,0.9348556401986072,6.796835077693686e-05
0.010594474151730537,0.0005944741517305372,0.15624332974898542,31.898507208097726,4.0,0.009473873069509864,0.9999230263108434,1.637033541630387e-12,0.01911458849163118,0.0,fixed-e3m4,0.0,12,0.0,9000,detail,0.21640205524217118,9.010115043780799e-08,1.1781795365095604e-05,31.44332103827037,3.16679070238024e-05,0.21644158522389162,5.3189800382824615e-05
0.009264941327273846,0.0007350586727261545,0.218260494494786,33.59016575012356,4.0,0.009904873091727495,0.9999276371298675,1.85582767663832e-12,0.03179162127364564,0.0,fixed-e3m4,0.0,12,0.0,9500,detail,0.12305162351921257,5.5423381175167894e-08,1.969091681530699e-05,33.112140288809314,5.967590186628513e-05,0.12214917921663589,6.348723400151357e-05
0.008890355005860329,0.0011096449941396715,0.18369172210786197,35.39703391608782,4.0,0.010502872988581657,0.9999113276856364,6.716932606530713e-13,0.023472318510448648,0.0,fixed-e3m4,0.0,12,0.0,10000,detail,0.7637879703330431,3.23198145408527e-08,1.2381751730572432e-05,34.89038137975149,3.9573282265337184e-05,0.7635531161152763,6.001075962558389e-05
0.010045168921351433,4.516892135143259e-05,0.09734570551072123,37.116820708150044,4.0,0.010909122880548239,0.9999046780986719,3.430518732674483e-12,0.033871446964444885,0.0,fixed-e3m4,0.0,12,0.0,10500,detail,0.11873599954928665,4.148183351049116e-08,1.685462484601885e-05,36.587315652519464,9.530011993774679e-06,0.11966564369798677,2.6304654966224916e-05
0.010972334071993828,0.0009723340719938276,0.14560506523272443,38.87440462503582,4.0,0.011348664993420243,0.9999168517858958,1.1934304257941313e-12,0.02792908784787561,0.0,fixed-e3m4,0.0,12,0.0,11000,detail,-0.300004124534502,3.492257470890532e-08,9.85494079941418e-06,38.3222422322724,1.6444158973172307e-05,-0.3001320187494456,2.9511602406273596e-05
0.010120028629899025,0.00012002862989902476,0.09317337929190721,40.6751004580874,4.0,0.011781790060922503,0.9999300029210838,2.120625486213649e-12,0.024561751015153017,0.0,fixed-e3m4,0.0,12,0.0,11500,detail,-0.5501217490086338,4.3682312837720165e-07,1.496315780968871e-05,40.09806118905544,1.2616875210369471e-05,-0.5510989519044215,0.000149431565660052
0.008398311212658882,0.001601688787341118,0.12051081302195014,42.30809091613628,4.0,0.012266540201380849,0.9999064290531072,8.423063601869008e-13,0.028424284440923046,0.0,fixed-e3m4,0.0,12,0.0,12000,detail,-0.7484161259272597,1.517352450686727e-07,8.483173587592319e-06,41.708493429236114,1.340010294370586e-05,-0.7493870153992404,7.982226816238835e-05
0.009438811801373959,0.0005611881986260416,0.07225775922317823,43.95650254120119,4.0,0.012716790195554495,0.9999230920184983,1.195592721279499e-12,0.03238585718530256,0.0,fixed-e3m4,0.0,12,0.0,12500,detail,-0.6441097610288035,1.4022124855672045e-07,9.456818588660099e-06,43.33258464327082,6.804875283705769e-06,-0.6446085558609458,7.085348624968901e-05
0.010100175626575947,0.0001001756265759466,0.11455714533464653,45.56209620810114,4.0,0.013487998163327575,0.999883035789072,7.699480655911154e-13,0.027631969892047144,0.0,fixed-e3m4,0.0,12,0.0,13000,detail,-0.6417159722532151,5.37781702371031e-08,7.410803391394438e-06,44.91672809841111,1.0788339750433806e-05,-0.6443668533135497,5.2611481805797666e-05
0.010298367589712143,0.00029836758971214274,0.04647113259692776,47.222271708073094,4.0,0.013943623285740614,0.9999385667786096,1.48797533127795e-12,0.03169258195503615,0.0,fixed-e3m4,0.0,12,0.0,13500,detail,-0.10706010216992383,4.14733643287728e-08,1.0938033483398613e-05,46.55537503911182,6.0089128055551555e-06,-0.10578554835623424,3.969499084632844e-05
0.010510069318115711,0.000510069318115711,0.06242437012165468,48.815374583005905,4.0,0.014365539187565446,0.9999064286868905,1.5844183450507686e-13,0.022977121917401207,0.0,fixed-e3m4,0.0,12,0.0,14000,detail,-0.3161093767016753,4.757790568198684e-08,4.107847871637205e-06,48.119595535798,3.6742233078257414e-06,-0.3158250305145216,4.2100036807823926e-05
0.010603255592286587,0.0006032555922865866,0.053962591056299,50.376162625150755,4.0,0.014770664041861892,0.9999099556412291,3.6873516848356064e-13,0.029810834901455877,0.0,fixed-e3m4,0.0,12,0.0,14500,detail,0.7556261497817339,1.9591237805354535e-08,3.1221140943671344e-06,49.65713704004884,3.237200644434779e-06,0.7565782578371361,2.9675051337108016e-05
0.010619877837598324,0.0006198778375983236,0.05280602269948788,51.922498875064775,4.0,0.015166998142376542,0.9999169525131364,2.2153712440341876e-12,0.026146380112904825,0.0,fixed-e3m4,0.0,12,0.0,15000,detail,0.7539461210888915,2.3717188519067564e-08,9.295388736063614e-06,51.18308683275245,7.2995144364540465e-06,0.7545140287397024,3.7920028262306005e-05
0.010884708724915981,0.0008847087249159811,0.03629559015210323,53.44515187502839,4.0,0.015588956186547875,0.9999039859232157,1.9051943560776148e-13,0.019312667128850155,0.0,fixed-e3m4,0.0,12,0.0,15500,detail,0.051449558161593495,1.2574233433086267e-08,5.497368874785025e-06,52.681936206296086,4.501095645537134e-06,0.050631157433680476,3.246712003601715e-05
0.010182233527302742,0.0001822335273027418,0.03936905623977179,54.94996475009248,4.0,0.015998372109606862,0.9998966951882087,4.057094483952408e-12,0.03575319401802515,0.0,fixed-e3m4,0.0,12,0.0,16000,detail,0.8376020308088887,1.0019197513772088e-08,9.043998943525366e-06,54.1673747417517,1.7062111510313116e-05,0.8364541287560655,1.9170678569935262e-05
0.009464873932301998,0.0005351260676980021,0.041312922523251014,56.52280091610737,4.0,0.016495956107974052,0.9999188129530578,1.6152006457296635e-13,0.02792908784787561,0.0,fixed-e3m4,0.0,12,0.0,16500,detail,-0.22346544445254962,1.3594846901692168e-08,3.1718050195195246e-06,55.7185081129428,3.673175115181948e-06,-0.22195157504638874,2.2526712200487964e-05
0.010038856416940689,3.885641694068888e-05,0.0263782610269539,58.059377916157246,4.0,0.016997289145365357,0.9998946629042786,9.818396717787202e-13,0.02872140239675151,0.0,fixed-e3m4,0.0,12,0.0,17000,detail,-0.6296045812146036,2.545628476603216e-08,5.886174221814144e-06,57.23498869338073,4.349819846538594e-06,-0.6312429644378059,1.6270716514554806e-05
0.010739574208855629,0.0007395742088556288,0.034539837877289724,59.63183212513104,4.0,0.017398164374753833,0.9999027234234446,6.06259906881996e-13,0.02674061602456175,0.0,fixed-e3m4,0.0,12,0.0,17500,detail,0.24027059966212014,6.6507970592727965e-09,5.212298674450722e-06,58.78880540514365,2.986258778037154e-06,0.24224886103424922,1.3842957741871942e-05
0.009595708921551704,0.0004042910784482958,0.038753147251725906,61.19817316601984,4.0,0.017883247463032603,0.9999148167388198,1.9068983677036503e-13,0.030801228087550758,0.0,fixed-e3m4,0.0,12,0.0,18000,detail,0.038881036287665455,6.201202083731046e-09,2.945556616396061e-06,60.33134103240445,3.151004420942627e-06,0.03759635864033912,1.991257340705488e-05
0.011153273284435272,0.001153273284435272,0.05394082587850892,62.772541291080415,4.0,0.018333080457523465,0.9998950875270862,4.612444386029281e-13,0.02248192532435377,0.0,fixed-e3m4,0.0,12,0.0,18500,detail,-0.7133117492548724,1.3577082740123773e-08,3.00362648886221e-06,61.88594781444408,4.411458121467149e-06,-0.7139732912929925,1.7802602087613195e-05
0.009918336756527424,8.166324347257635e-05,0.03196848500225037,64.34319341601804,4.0,0.018754372373223305,0.9999293823792049,1.8966080786833408e-12,0.04040804199267109,0.0,fixed-e3m4,0.0,12,0.0,19000,detail,0.5741813849949705,8.931382354480041e-09,6.861343536002096e-06,63.427491057664156,4.91471746499883e-06,0.5748537699016354,1.765820343280211e-05
0.010047553107142448,4.755310714244822e-05,0.024610750071666534,65.84912241599523,4.0,0.01915487227961421,0.9999431487901195,2.429358643546273e-12,0.039120530850747744,0.0,fixed-e3m4,0.0,12,0.0,19500,detail,0.7213609565127088,1.1727557269732808e-08,6.872258381918073e-06,64.91203252458945,6.458414645749144e-06,0.7209021507632114,1.9971226720372215e-05
0.010191105306148529,0.00019110530614852884,0.04988550949836566,67.3824666661676,4.0,0.01960220537148416,0.9999295042150614,1.5232208771982993e-12,0.03525799742497772,0.0,fixed-e3m4,0.0,12,0.0,20000,detail,0.07252975193372341,1.4057936424629957e-08,6.8831814132863656e-06,66.42443977156654,7.367153557424899e-06,0.0718774041616072,2.261453482788056e-05
-0.008211534470319748,0.01821153447031975,140.90449554675365,0.004221583949401975,4.0,0.0,,,,0.0,fixed-e4m3,0.0,12,0.0,0,detail,,,,0.0,0.009088093414902687,,0.0007589447195641696
0.011761079542338848,0.001761079542338848,6.7449310810908525,1.4677611668594182,4.0,0.0004341250751167536,0.9996735966642875,1.211193967829299e-09,9.903931860948797e-05,0.0,fixed-e4m3,0.0,12,0.0,500,detail,0.7738524071914906,8.659080389768074e-07,0.0006062780157662928,1.445675253169611,0.00048273708671331406,0.7735511818008322,0.00032055668998509645
0.005986402742564678,0.004013597257435322,3.60853815457891,3.000509375007823,4.0,0.0008740832563489676,0.9996378327756316,2.758728180928683e-10,0.00019807863721897593,0.0,fixed-e4m3,0.0,12,0.0,1000,detail,0.10354171683772834,7.334091909761094e-07,0.0002753792214207351,2.959497201954946,0.00037792924558743834,0.10384012328733348,0.0005992037476971745
0.010915638878941536,0.0009156388789415357,2.643338692425131,4.568086124956608,4.0,0.0016219164244830608,0.9996222611760311,8.036923468567754e-10,0.0,0.0,fixed-e4m3,0.0,12,0.0,1500,detail,0.781763836619269,6.36851420197723e-07,0.0003348379104863852,4.507044251542538,0.00024567946093156934,0.7827334728826382,0.0005702832713723183
0.010843801312148571,0.0008438013121485708,4.719777727615302,6.396140499971807,4.0,0.0020146663300693035,0.9996215884461875,4.218757226665689e-10,0.0,0.0,fixed-e4m3,0.0,12,0.0,2000,detail,0.738175815588557,4.691637467968359e-07,0.000345277541782707,6.313339595450088,0.0005233022966422141,0.7373941392738399,0.0005719116306863725
0.009296637028455734,0.000703362971544266,2.0588411670975484,7.916882833931595,4.0,0.002444874495267868,0.9995831071675232,6.039804514459936e-11,9.903931860948797e-05,0.0,fixed-e4m3,0.0,12,0.0,2500,detail,0.14851541005320873,3.807830026339223e-07,0.0001164384520961903,7.814200345426798,0.00013161842070985585,0.1469960898296958,0.0004722382000181824
0.010184203274548054,0.00018420327454805353,1.227771327147518,9.461432500043884,4.0,0.002852290403097868,0.999685368454696,2.370175501411178e-10,0.00019807863721897593,0.0,fixed-e4m3,0.0,12,0.0,3000,detail,-0.36239051087021623,1.0461365931691399e-06,0.00023096491349861026,9.338914681226015,0.0001528542925370857,-0.36332940267307134,0.00045587142813019454
0.009060028940439224,0.000939971059560776,0.7921839437552697,10.982017499860376,4.0,0.0032652905210852623,0.9996345342636289,2.1076379915546437e-11,0.0,0.0,fixed-e4m3,0.0,12,0.0,3500,detail,-0.19899986090580543,7.928138971711168e-07,5.847274587722495e-05,10.84016539878212,9.485139889875427e-05,-0.19732414291493894,0.0004231398634146899
0.009096728637814522,0.0009032713621854784,0.8889685882119288,12.469299499876797,4.0,0.003688832512125373,0.9996755982352611,2.5313461883506245e-10,0.003268297514113103,0.0,fixed-e4m3,0.0,12,0.0,4000,detail,-0.20038334853279527,1.950561920495358e-06,0.00019877630984410644,12.308327273931354,0.00014449207810685039,-0.19623476061053557,0.0004400558245833963
0.011407203041017056,0.0014072030410170553,0.9104599777627098,13.953688541892916,4.0,0.00408345740288496,0.9995451774137976,6.086884160756489e-10,0.0,0.0,fixed-e4m3,0.0,12,0.0,4500,detail,0.11886752208893744,6.684218700891004e-07,0.00027554522966966033,13.773002623114735,0.00020414926984813064,0.12496374035456602,0.00021234476298559457
0.008758698590099812,0.0012413014099001887,0.3759157812016603,15.469726250041276,4.0,0.004482541466131806,0.999680183964461,5.1266463392026026e-11,0.0,0.0,fixed-e4m3,0.0,12,0.0,5000,detail,0.8571419487944038,1.0815255687035566e-07,5.830229929415509e-05,15.269212456652895,3.914011176675558e-05,0.8577278745548592,0.00014805958198849112
0.007291018962860107,0.002708981037139893,0.434097768459208,16.931159334024414,4.0,0.004893583478406072,0.9996677751842846,7.105035990213581e-11,0.00019807863721897593,0.0,fixed-e4m3,0.0,12,0.0,5500,detail,0.5830015501240059,3.161735362640764e-07,6.713012407999486e-05,16.712422457989305,8.67243652464822e-05,0.5825847054426382,0.0002995176473632455
0.009965378791093826,3.4621208906173914e-05,0.4684761856561641,18.42151441704482,4.0,0.00529379234649241,0.9997050967761186,8.434052739032259e-12,0.00019807863721897593,0.0,fixed-e4m3,0.0,12,0.0,6000,detail,-0.01161673676170426,2.1283074993120306e-07,4.0326172893401235e-05,18.184356290614232,7.259002450155094e-05,-0.010126592250885488,0.00013647224113810807
0.010206923820078373,0.00020692382007837275,0.42739383017223104,19.899519792059436,4.0,0.005748792318627238,0.9997093147044889,6.778523891421871e-11,0.0,0.0,fixed-e4m3,0.0,12,0.0,6500,detail,0.28613903255579864,1.354296750433941e-07,9.059898729901761e-05,19.643779245903715,5.545722524402663e-05,0.288469231162567,0.00018413044745102525
0.009852079674601555,0.00014792032539844534,0.579980614639449,21.34930262505077,4.0,0.006196125410497189,0.999663098208034,4.56622550994805e-11,0.00019807863721897593,0.0,fixed-e4m3,0.0,12,0.0,7000,detail,0.5841153375091731,1.2619482740061904e-07,3.905997073161416e-05,21.075697641586885,0.00011191916564712301,0.5858151077401845,0.00015890006034169346
0.00946736615151167,0.000532633848488331,0.11719453243407867,22.88889666693285,4.0,0.006595708429813385,0.9996679522742217,3.716652715906105e-11,0.0,0.0,fixed-e4m3,0.0,12,0.0,7500,detail,-0.46648061535987817,1.4627477968430404e-07,4.829233876080252e-05,22.597047760151327,1.8267859559273347e-05,-0.4623630381229458,8.102090941974893e-05
0.008438549935817719,0.0015614500641822817,0.23513857634644977,24.40981787489727,4.0,0.007032874505966902,0.9997669333079532,6.559689406675421e-11,0.0,0.0,fixed-e4m3,0.0,12,0.0,8000,detail,0.8891027262228846,3.6622581322058006e-08,9.358365059597418e-05,24.099299121415243,3.957302760682069e-05,0.8893290419800243,0.00010852809646166861
0.010869110003113747,0.0008691100031137464,0.6106234381961082,25.98739541694522,4.0,0.0075162905268371105,0.9996604804078215,4.860013304012798e-11,9.903931860948797e-05,0.0,fixed-e4m3,0.0,12,0.0,8500,detail,0.43796670259323245,5.621475087500492e-08,5.6882057833718136e-05,25.657663740916178,0.00014738374738954008,0.4328062189375845,8.852333121467382e-05
0.010050124488770962,5.012448877096155e-05,0.286615183235998,27.55140749993734,4.0,0.007961123483255506,0.9996862943541283,1.2329142799220302e-11,9.903931860948797e-05,0.0,fixed-e4m3,0.0,12,0.0,9000,detail,-0.8190079144689799,1.7025231537375412e-07,2.535966268624179e-05,27.200915671652183,4.351698953541927e-05,-0.8218200485802813,0.00014379133062902838
0.009820941835641861,0.00017905816435813925,0.13162685526620818,29.09339383384213,4.0,0.008394164498895407,0.9995918202314328,1.3776502071474612e-11,0.0,0.0,fixed-e4m3,0.0,12,0.0,9500,detail,0.5520266743710385,1.2269033732528515e-08,2.0674098777817562e-05,28.724918853491545,1.8414297301205806e-05,0.5536173315425015,6.176018359838054e-05
0.010723416693508625,0.0007234166935086248,0.16868712795827326,30.643548124935478,4.0,0.008818997535854578,0.9997664375249005,6.338540844677388e-11,9.903931860948797e-05,0.0,fixed-e4m3,0.0,12,0.0,10000,detail,0.7754119196854083,7.372128206447234e-08,8.305230585392565e-05,30.2567730974406,2.9848153644707054e-05,0.7759607923521503,5.613207758869976e-05
0.012037781998515129,0.002037781998515129,0.5701487927226628,32.16620408394374,4.0,0.009254831587895751,0.9997177868543602,1.641426363804465e-11,0.00019807863721897593,0.0,fixed-e4m3,0.0,12,0.0,10500,detail,-0.5400857778339555,1.1496562351497247e-07,3.960905451094732e-05,31.76113451551646,4.454152804100886e-05,-0.5387871507171837,8.172204252332449e-05
0.010968543589115143,0.0009685435891151426,0.09994109611408111,33.671972499927506,4.0,0.00968849752098322,0.9995914006412017,1.681848991337574e-11,0.00019807863721897593,0.0,fixed-e4m3,0.0,12,0.0,11000,detail,0.9334964562385328,2.617699139238406e-07,2.1225640011834912e-05,33.24892235780135,8.843107934808359e-06,0.9336640517785784,0.00015450193313881755
0.010570000857114792,0.0005700008571147917,0.11676714091707951,35.22631104197353,4.0,0.010097538586705923,0.9997037669920135,2.1365752219787255e-12,0.00019807863721897593,0.0,fixed-e4m3,0.0,12,0.0,11500,detail,0.6157719693634022,3.638389254347622e-07,1.5203172551991884e-05,34.78512235800736,2.1302294044289738e-05,0.6177489104300088,0.00023356957535725087
0.010988522320985794,0.0009885223209857939,0.1350760687299888,36.70380841684528,4.0,0.010509913554415107,0.9997031673251728,3.6025549551490073e-12,9.903931860948797e-05,0.0,fixed-e4m3,0.0,12,0.0,12000,detail,0.5687699647000574,5.005686426793334e-07,1.5308509318856522e-05,36.24477656115778,1.3888749890611507e-05,0.567666248318441,0.00026725471252575517
0.007909640669822693,0.0020903593301773073,0.19587769451880657,38.158793499926105,4.0,0.011176622472703457,0.9996988007442152,4.39502563242402e-12,0.0,0.0,fixed-e4m3,0.0,12,0.0,12500,detail,0.606737786720622,3.40310862822627e-07,1.2258096830919385e-05,37.68177443370223,1.3968407074571587e-05,0.6104834335010477,0.00024267063417937607
0.011144953779876232,0.001144953779876232,0.10674838120984138,39.66799366683699,4.0,0.01158266351558268,0.9996888464448389,1.181580345611094e-12,0.00039615727443795186,0.0,fixed-e4m3,0.0,12,0.0,13000,detail,-0.6112368070739166,2.1822267718772135e-07,1.0848159945453517e-05,39.17251288681291,2.585780202934984e-05,-0.6103721593653058,0.00021431288041640073
0.009477424435317516,0.0005225755646824839,0.17590283992837466,41.16355024999939,4.0,0.01199349737726152,0.999658071425568,9.58763834534343e-13,0.0,0.0,fixed-e4m3,0.0,12,0.0,13500,detail,-0.4036986116625434,1.545171068554734e-07,1.1609698958636727e-05,40.65035251737572,1.2910854820802342e-05,-0.40412042793071823,0.00015425057790707797
0.008777433075010777,0.0012225669249892237,0.07927468355836431,42.66960220900364,4.0,0.012388205388560891,0.9997056292864467,4.704833063127435e-12,0.00019807863721897593,0.0,fixed-e4m3,0.0,12,0.0,14000,detail,-0.8255763265047726,2.1647600784924813e-07,1.5925412299111485e-05,42.13872807379812,1.01229879874154e-05,-0.8256258001548256,0.0001246375759365037
0.008905619382858276,0.0010943806171417238,0.10609741550317356,44.19885558402166,4.0,0.012927372474223375,0.9996902635764581,3.668764158022703e-12,0.0005942359116569278,0.0,fixed-e4m3,0.0,12,0.0,14500,detail,0.6326305504776344,1.5603692248267658e-07,1.1437174180173315e-05,43.64903065585531,1.3447500350594055e-05,0.6380595017161121,0.00011285328946541995
0.009722537361085415,0.0002774626389145853,0.09125388748208138,45.830157208954915,4.0,0.013323372462764382,0.999730183873963,1.7306304475132537e-12,0.0002971179558284639,0.0,fixed-e4m3,0.0,12,0.0,15000,detail,-0.5044144628786772,1.1154874508352838e-07,9.479461368755437e-06,45.259922159370035,1.1276320037723053e-05,-0.5060605152855727,6.949542148504406e-05
0.009678538888692856,0.0003214611113071444,0.14117330303185177,47.37195062497631,4.0,0.013755664462223649,0.9996653439015963,4.2960898020187016e-12,0.0010894325047043677,0.0,fixed-e4m3,0.0,12,0.0,15500,detail,-0.6276298489776231,6.82007739492215e-08,1.4012288374942727e-05,46.78250086354092,1.4536941307596862e-05,-0.6299539388794686,4.6771616325713694e-05
0.010846108198165894,0.0008461081981658933,0.0763761022205319,48.94053962500766,4.0,0.014242289355024695,0.9996929721463712,3.584601710211952e-12,0.0007923145488759037,0.0,fixed-e4m3,0.0,12,0.0,16000,detail,0.698479396385598,8.910305809160483e-08,1.0316209227312356e-05,48.33277281373739,1.6595864508417435e-05,0.7007516691466061,8.227083162637427e-05
0.010153253562748432,0.00015325356274843195,0.10818692259638814,50.51328641688451,4.0,0.015047081280499697,0.9997094397894395,1.7993578542300303e-12,0.0013865504605328316,0.0,fixed-e4m3,0.0,12,0.0,16500,detail,0.005190152100787229,2.7447450063290277e-07,1.6245985534624197e-05,49.88524450873956,7.859303877921775e-06,0.003657598688143175,0.00011075524525949731
0.008780483156442642,0.001219516843557358,0.0911195199582349,52.894883333938196,4.0,0.01601478923112154,0.9996482569791765,1.1077446266511053e-11,0.0004951965930474399,0.0,fixed-e4m3,0.0,12,0.0,17000,detail,-0.9581901217266641,3.0790772299753874e-07,1.2048528333252762e-05,52.23376551643014,9.239755854650866e-06,-0.958866018989903,6.78311480442062e-05
0.008945219218730927,0.0010547807812690737,0.09419957339567775,55.44239412504248,4.0,0.016691123135387897,0.9996643431051278,1.711968374698398e-12,0.00039615727443795186,0.0,fixed-e4m3,0.0,12,0.0,17500,detail,-0.6783681779900707,1.3989796092251617e-07,8.30657700134907e-06,54.75017859344371,9.968746780941729e-06,-0.6732558973934722,7.713105151196942e-05
0.010761860758066177,0.0007618607580661772,0.11362608361542048,58.03437487501651,4.0,0.017307914094999433,0.9996168019888452,6.208441488171427e-13,0.0006932752302664158,0.0,fixed-e4m3,0.0,12,0.0,18000,detail,-0.1961370523976809,1.0197097757844932e-07,5.240318387222942e-06,57.31237342697568,1.1277064913883805e-05,-0.19240094077692418,7.945589459268376e-05
0.01119824219495058,0.0011982421949505804,0.13289277041327416,60.80269083403982,4.0,0.01807316392660141,0.9996669190593304,1.447925032850232e-12,9.903931860948797e-05,0.0,fixed-e4m3,0.0,12,0.0,18500,detail,-0.5667337209432521,1.6372150370432482e-07,1.1641322998912074e-05,60.04596231249161,7.877182724769227e-06,-0.5707514305980651,6.504564225906506e-05
0.010186963714659214,0.0001869637146592138,0.06661193642304514,63.50022404198535,4.0,0.018877289025112987,0.9996273269758743,8.829082621901781e-13,0.0004951965930474399,0.0,fixed-e4m3,0.0,12,0.0,19000,detail,-0.4774532588014731,1.9004932674894585e-07,5.510512892215047e-06,62.71225564973429,4.962655111739878e-06,-0.476262418165998,7.660345727344975e-05
0.011261769570410252,0.0012617695704102514,0.0651377602503078,66.18190754204988,4.0,0.019408746855333447,0.9995288055455419,3.908968862230053e-12,9.903931860948797e-05,0.0,fixed-e4m3,0.0,12,0.0,19500,detail,-0.8137485068289592,2.3711343583829808e-07,5.468612471304368e-06,65.35950929834507,4.254975465300959e-06,-0.8171105344412571,6.648091948591173e-05
0.010301993228495121,0.0003019932284951208,0.04457072781451906,69.00610841694288,4.0,0.020123746944591403,0.9996672887755966,8.318229895169348e-13,0.0004951965930474399,0.0,fixed-e4m3,0.0,12,0.0,20000,detail,0.11988524287111152,1.0824987990698893e-07,3.375075493750046e-06,68.14139058673754,4.011436885775765e-06,0.12066177477333173,7.360891322605312e-05
-0.0184937696903944,0.028493769690394403,169.55165200115474,0.004683125065639615,4.0,0.0,,,,0.0,fixed-e5m2,0.0,12,0.0,0,detail,,,,0.0,0.016005031764507294,,0.005504297092556953
0.008627157658338547,0.0013728423416614535,10.39942122418124,1.4402395419310778,4.0,0.000570167088881135,0.9986126025224928,5.129900682482841e-09,0.0,0.0,fixed-e5m2,0.0,12,0.0,500,detail,0.9096702136965641,2.9895492780542355e-05,0.0007134350016713142,1.4183623541612178,0.0008917601080611348,0.9101265660026527,0.007310492917895317
0.007666137535125017,0.002333862464874983,3.1329256772351406,2.8563033340033144,4.0,0.0009759170934557915,0.9985844814823248,1.1852000179204265e-09,0.0,0.0,fixed-e5m2,0.0,12,0.0,1000,detail,0.03930367194758847,7.5709026518264155e-06,0.00024469441268593073,2.817468562396243,0.00020217522978782654,0.03564286820657636,0.0022982137743383646
0.0046645174734294415,0.005335482526570559,2.51549832576472,4.255186334019527,4.0,0.001364208059385419,0.9986965682374748,3.932336307799179e-09,0.0,0.0,fixed-e5m2,0.0,12,0.0,1500,detail,0.8450853237727062,2.4630667021030398e-06,0.0005313502624630928,4.199395316652954,0.0002188469225075096,0.8469721872121461,0.0024324862752109766
0.01163425948470831,0.001634259484708309,3.5817207789627625,5.6608991250395775,4.0,0.0017623750027269125,0.9987409108310904,7.69187520073602e-10,0.0,0.0,fixed-e5m2,0.0,12,0.0,2000,detail,0.6991270861713145,7.218488708037702e-06,0.0002708022657316178,5.587474423693493,0.000298717146506533,0.6994303013258407,0.0029756834264844656
0.015044527128338814,0.005044527128338814,1.745621888048793,7.075174249941483,4.0,0.002162666991353035,0.9985710470087085,3.760836038512352e-09,0.0,0.0,fixed-e5m2,0.0,12,0.0,2500,detail,-0.8020861898834902,8.949320441804436e-06,0.0004060366773046553,6.984333520988002,0.00017718876188155264,-0.8026499482102843,0.0025869219098240137
0.005170129705220461,0.004829870294779539,1.4512017128211843,8.639516958966851,4.0,0.0025823749601840973,0.9987093475845908,6.890241019057613e-10,0.0,0.0,fixed-e5m2,0.0,12,0.0,3000,detail,0.5561090345541658,1.527830440994168e-06,0.00022074830485507846,8.52955514495261,0.00014354339509736747,0.5621732113079193,0.001202594954520464
0.007232367526739836,0.0027676324732601645,2.113002094776626,10.13793604192324,4.0,0.0030167079530656338,0.998436303323038,3.599735988402413e-09,0.0,0.0,fixed-e5m2,0.0,12,0.0,3500,detail,-0.5367351181021834,2.367152915031836e-06,0.0004237561661284417,10.010217393282801,0.0002817352651618421,-0.535690158485743,0.0011547760805115104
0.010307637974619865,0.0003076379746198652,1.3353581846293052,11.737590667093173,4.0,0.0035349989775568247,0.9991421710349331,2.4739631338780443e-10,0.0,0.0,fixed-e5m2,0.0,12,0.0,4000,detail,0.8868491296456144,3.4570697853429377e-06,0.00011516964150359854,11.590575478505343,0.00019787042401731014,0.8859837692424982,0.0011762044159695506
0.011183532886207104,0.0011835328862071035,1.8969393152769454,13.545251166913658,4.0,0.004001914989203215,0.9986608562250694,3.5731391306001734e-10,0.0,0.0,fixed-e5m2,0.0,12,0.0,4500,detail,0.7410310950492578,3.9522442393813776e-07,0.00016434359713457525,13.37625360279344,0.00022851336689200252,0.7489052560972498,0.0005425332929007709
0.007034818641841412,0.0029651813581585886,1.3224520567991942,15.087795667117462,4.0,0.00445891497656703,0.9989883792003369,4.612317493490444e-09,0.0,0.0,fixed-e5m2,0.0,12,0.0,5000,detail,0.9767936407796856,1.0455458650088071e-07,0.0008912436896935105,14.898940417449921,0.0003681860107462853,0.9787599484071373,0.0006353114731609821
0.008592125028371811,0.0014078749716281893,1.3264056839329816,16.56224629189819,4.0,0.004978789947926998,0.9986209533867607,9.927930458031757e-11,0.0,0.0,fixed-e5m2,0.0,12,0.0,5500,detail,-0.03252629081439351,7.668438746471042e-07,0.00010125905828317627,16.355470715090632,0.00010573038161965087,-0.031142703366248792,0.00044831755803897977
0.01077903900295496,0.0007790390029549597,0.5980240869921358,18.081141874892637,4.0,0.005391123937442899,0.9985560716350549,1.881883635313013e-11,0.0,0.0,fixed-e5m2,0.0,12,0.0,6000,detail,-0.11615908586285015,2.2956402021807857e-06,3.655751788755879e-05,17.852005924796686,3.8441627111751586e-05,-0.11943201963708541,0.0009551489492878318
0.010811262764036655,0.0008112627640366552,0.373980072620462,19.542173583991826,4.0,0.005799956852570176,0.9983331829193097,1.3351695029257888e-10,0.0,0.0,fixed-e5m2,0.0,12,0.0,6500,detail,-0.06793748743712279,4.512331545329255e-07,4.271229408914223e-05,19.293456309707835,0.00012312724720686674,-0.06550185759427364,0.00027450398192740977
0.01341939065605402,0.0034193906560540197,0.813898477349102,20.96432016696781,4.0,0.006210956955328584,0.9985924714359344,9.496440984730508e-11,0.0,0.0,fixed-e5m2,0.0,12,0.0,7000,detail,-0.10823906762024563,1.98264951814918e-07,7.354236004175618e-05,20.69890839373693,9.778127423487604e-05,-0.12150061238456047,0.00021559948800131679
0.01136211957782507,0.0013621195778250692,0.662721183021915,22.34396874997765,4.0,0.006609956733882427,0.9989457106200584,1.4370460712983712e-09,0.0,0.0,fixed-e5m2,0.0,12,0.0,7500,detail,0.7753586701638033,4.30828647982604e-07,0.00027463174774311483,22.061914671910927,5.740212509408593e-05,0.7761126612094548,0.00031262164702638984
0.013416018337011337,0.003416018337011337,0.8138270156605245,23.713923041941598,4.0,0.006998247699812055,0.998886464158392,3.5752221869168346e-10,0.0,0.0,fixed-e5m2,0.0,12,0.0,8000,detail,0.7677801252090184,6.971098830109031e-07,0.00012715288903564215,23.4150770988781,7.463432848453522e-05,0.7660163276897044,0.00045881711412221193
0.011076075956225395,0.001076075956225395,0.6558794513510874,25.08320837491192,4.0,0.007372289663180709,0.998683533586327,8.29010722055273e-12,0.0,0.0,fixed-e5m2,0.0,12,0.0,8500,detail,0.14939578419868912,3.382614600912296e-07,2.85378973785555e-05,24.767723464174196,5.133185914019123e-05,0.149889734466582,0.00017787760589271784
0.010157226584851742,0.00015722658485174158,0.24844677287199438,26.4723659590818,4.0,0.007767247734591365,0.9987140454208678,2.622906618546278e-10,0.0,0.0,fixed-e5m2,0.0,12,0.0,9000,detail,-0.8752106901640165,4.330908678905335e-07,7.10183521732688e-05,26.13979788357392,3.758320599445142e-05,-0.8713715687295694,0.00023508693266194314
0.010792862623929977,0.0007928626239299772,0.16347669247049523,27.86164858401753,4.0,0.008213206892833114,0.9992599202414671,2.90854945257113e-11,0.0,0.0,fixed-e5m2,0.0,12,0.0,9500,detail,-0.8307760865359204,1.288492927749886e-07,2.89377221633913e-05,27.511870253132656,3.3386913855792955e-05,-0.8326126038670064,0.00010864873183891177
0.010904375463724136,0.0009043754637241361,0.18167934525682705,29.234465084038675,4.0,0.008607289753854275,0.9988523540929413,9.819925683336152e-11,0.0,0.0,fixed-e5m2,0.0,12,0.0,10000,detail,-0.013149216856170053,6.176103206726636e-08,3.8789279642514884e-05,28.868463301332667,1.532705755380448e-05,-0.01345147194964353,0.00015402895223814994
0.01071903109550476,0.0007190310955047605,0.21891658055470928,30.688457041978836,4.0,0.009009455563500524,0.998966133407809,5.118618862076742e-11,0.0,0.0,fixed-e5m2,0.0,12,0.0,10500,detail,-0.5142898850923123,7.515136369161823e-08,4.999970769858919e-05,30.304896902525797,1.6081290596048348e-05,-0.5095184404865993,0.00014902018301654607
0.010270045138895512,0.0002700451388955114,0.09759823426722423,32.20046220906079,4.0,0.009422538569197059,0.9985535908716224,1.705597319306897e-11,0.0,0.0,fixed-e5m2,0.0,12,0.0,11000,detail,-0.6285028402918811,2.0357529562499015e-07,1.7271986507694237e-05,31.791131490143016,2.0023464458063245e-05,-0.6366086629017411,0.0001809056120691821
0.010374141857028008,0.0003741418570280073,0.27199809048286416,33.69344204198569,4.0,0.009836496785283089,0.9985747796203235,4.7999695572907264e-11,0.0,0.0,fixed-e5m2,0.0,12,0.0,11500,detail,0.9289974156192515,2.107554161537521e-07,3.165811358485371e-05,33.267168320249766,2.0799516278202645e-05,0.9282049993868795,0.00018426173483021557
0.00950084999203682,0.0004991500079631808,0.32500458299422347,35.16927262512036,4.0,0.010334413731470704,0.9987897106169789,1.9116132378605103e-10,0.0,0.0,fixed-e5m2,0.0,12,0.0,12000,detail,-0.772520092333771,2.675277927654761e-07,5.76225902477745e-05,34.72590213571675,5.6064171076286584e-05,-0.7683632511602049,0.0001414833532180637
0.010535279288887978,0.0005352792888879774,0.09896674874408917,36.588272833963856,4.0,0.010738621698692441,0.998522248520304,2.1988635576274338e-11,0.0,0.0,fixed-e5m2,0.0,12,0.0,12500,detail,0.21682323823228278,2.8159773260686105e-08,2.8687538360827602e-05,36.12885112641379,2.0772184143424965e-05,0.2238252003393166,0.00014553660003002733
0.010882784612476826,0.0008827846124768255,0.14244781639881074,37.98078208393417,4.0,0.011123913573101163,0.9992402879725136,2.5679474181056035e-11,0.0,0.0,fixed-e5m2,0.0,12,0.0,13000,detail,-0.20056405442480457,5.5396432610144e-08,1.77231431734981e-05,37.5055632640142,1.6541986042284407e-05,-0.19877593960633042,0.0001944353134604171
0.008971350267529488,0.0010286497324705126,0.1971446812439562,39.51024554204196,4.0,0.011580788530409336,0.9985150942907203,1.1562242742955528e-10,0.0,0.0,fixed-e5m2,0.0,12,0.0,13500,detail,-0.9069503166186653,1.876056959964947e-07,2.6561032427707687e-05,39.01791450730525,3.1115676392801106e-05,-0.909565062710151,0.0001652246282901615
0.007633862551301718,0.0023661374486982824,0.21060598028333702,41.020065791904926,4.0,0.01244983053766191,0.997849539570655,1.0301362288277338e-10,0.0,0.0,fixed-e5m2,0.0,12,0.0,14000,detail,0.9236203494547475,1.8470660984967103e-07,1.6002924894564785e-05,40.51009367080405,1.8205853848485276e-05,0.9167755625018045,0.00015258729399647564
0.00774781871587038,0.00225218128412962,0.5136535004020818,42.564225000096485,4.0,0.01284099742770195,0.9985234935350817,7.90903364992132e-11,0.0,0.0,fixed-e5m2,0.0,12,0.0,14500,detail,0.6155075425843726,3.3923346325623717e-07,3.1109309929888695e-05,42.03591678873636,4.1754625272005796e-05,0.6224231584329353,0.0002732842112891376
0.011935045011341572,0.0019350450113415716,0.11297997292427411,44.183563250117004,4.0,0.013281580526381731,0.9990558417581751,2.3525983626606878e-11,0.0,0.0,fixed-e5m2,0.0,12,0.0,15000,detail,-0.3524898379206984,4.691169832525864e-07,2.2006219296599738e-05,43.63508427562192,2.076265445793979e-05,-0.3573789653126735,0.0002554774982854724
0.010528204031288624,0.0005282040312886236,0.07983478109739996,45.78835741709918,4.0,0.013746955431997776,0.9985959976430459,2.8415828808593526e-12,0.0,0.0,fixed-e5m2,0.0,12,0.0,15500,detail,0.03730182781867808,1.9942076548956497e-07,5.8214677665091585e-06,45.219528269721195,7.859815923438873e-06,0.033807364397101324,0.00022428607917390764
0.01006394438445568,6.394438445568064e-05,0.12273850726446714,47.433533624978736,4.0,0.014187288470566273,0.9979386488481615,1.6025490486277632e-11,0.0,0.0,fixed-e5m2,0.0,12,0.0,16000,detail,0.7594759556638058,4.4545432414534384e-07,8.815100954961963e-06,46.843862308654934,1.4439649930864107e-05,0.7812837282353193,0.0002834820479620248
0.009123939089477062,0.000876060910522938,0.06087728481356363,49.14521033409983,4.0,0.014872663654386997,0.998520429715727,2.3364596228630402e-11,0.0,0.0,fixed-e5m2,0.0,12,0.0,16500,detail,-0.8608440508937925,4.5165936066521533e-07,8.229350896726828e-06,48.530166796408594,6.2168569456844125e-06,-0.8591622417799796,0.0003006315673701465
0.009203349240124226,0.0007966507598757746,0.17681999160167752,50.77580074989237,4.0,0.015312621835619211,0.9988423098376967,8.670678886176526e-12,0.0,0.0,fixed-e5m2,0.0,12,0.0,17000,detail,-0.5857718561871099,6.217182152929808e-07,1.8738684957497753e-05,50.13725271914154,1.516773863841081e-05,-0.5839710983419969,0.00035037321504205465
0.011271864175796509,0.0012718641757965086,0.10984557052566712,52.49946687510237,4.0,0.015741621842607856,0.9991127056051934,6.469206884512556e-12,0.0,0.0,fixed-e5m2,0.0,12,0.0,17500,detail,0.8975591220586386,3.3363946800479044e-07,9.5501318355673e-06,51.84011676488444,2.35722054640064e-05,0.8973633709925393,0.00028508095419965684
0.009001933969557285,0.000998066030442715,0.24907118812574433,54.186056667007506,4.0,0.016519621945917606,0.9979530104584206,9.188093665672527e-12,0.0,0.0,fixed-e5m2,0.0,12,0.0,18000,detail,0.32359046474873737,4.3789363991494813e-07,9.235671313945204e-06,53.50205266382545,1.817196789488662e-05,0.31723221921749,0.00020460865925997496
0.010689455084502697,0.0006894550845026968,0.13192451312081985,55.81474300008267,4.0,0.016924872063100338,0.999276061124303,4.2714566591045556e-10,0.0,0.0,fixed-e5m2,0.0,12,0.0,18500,detail,0.9823150272422977,2.2153745943250787e-08,0.00011397944763302803,55.10962664172985,1.3853437849320471e-05,0.9839038696129615,0.00021009688498452306
0.010974575765430927,0.0009745757654309271,0.11087777030748407,57.2516181669198,4.0,0.017292997101321816,0.9987106580083521,1.0878578675610122e-11,0.0,0.0,fixed-e5m2,0.0,12,0.0,19000,detail,-0.8327612264484757,3.517724350211242e-07,7.989374353201129e-06,56.528500092215836,8.45032718643779e-06,-0.8378477889237147,0.00016349762154277414
0.009576031006872654,0.00042396899312734625,0.1662943826786236,59.24082270893268,4.0,0.017940122168511152,0.9988355425407585,5.5437615507461115e-12,0.0,0.0,fixed-e5m2,0.0,12,0.0,19500,detail,0.4835924239683059,4.110220030574907e-07,1.1039770470233634e-05,58.49091101367958,1.1766838724724948e-05,0.4910854401977422,0.0001713459932943806
0.009183594025671482,0.0008164059743285181,0.09498777983952286,61.441668417071924,4.0,0.018507039174437523,0.9990129176710587,3.29777222589604e-10,0.0,0.0,fixed-e5m2,0.0,12,0.0,20000,detail,0.9661991498376921,8.514988635244423e-08,8.24932794785127e-05,60.65558746946044,6.8893341449438594e-06,0.9672321106743024,0.00020583023433573544
-0.008211534470319748,0.01821153447031975,140.90449554675365,0.007083874894306064,4.0,0.0,,,,0.0,fixed-hybrid,0.0,12,0.0,0,detail,,,,0.0,0.009088093414902687,,0.0007589447195641696
0.011742621660232544,0.0017426216602325437,7.805185119122157,1.9970679997932166,4.0,0.0004138750955462456,0.9987849882128935,1.2038450965317765e-09,0.0,0.0,fixed-hybrid,0.0,12,0.0,500,detail,0.6398029044423195,3.654130195730871e-07,0.00044467515544965863,1.963619830319658,0.0005437275394797325,0.6449242579544477,0.0003274807531852275
0.008938747458159924,0.0010612525418400767,3.54615991381104,4.225277582881972,4.0,0.0010886669624596834,0.9987001000513495,7.905842183434569e-10,0.0,0.0,fixed-hybrid,0.0,12,0.0,1000,detail,0.014246888393344979,8.615678810235185e-07,0.00030885168234817684,4.162967921467498,0.000245971285039559,0.014215871590428036,0.0004650178598240018
0.010081997141242027,8.199714124202707e-05,2.4782720528468007,7.312211582902819,4.0,0.0018501670565456152,0.9985704338985321,1.951505586449185e-09,0.0,0.0,fixed-hybrid,0.0,12,0.0,1500,detail,0.6332146923404595,7.202197942921653e-07,0.0003737107035703957,7.217753824079409,0.0002584283647593111,0.6313281442000215,0.00039866569568403065
0.0054909964092075825,0.004509003590792418,3.350340864200684,9.98330408288166,4.0,0.002823041984811425,0.998560110647368,1.2352535683758013e-09,0.0,0.0,fixed-hybrid,0.0,12,0.0,2000,detail,0.6192957698971385,3.7018079343386834e-07,0.00024506024783477187,9.860151666682214,0.00032135253422893584,0.6165973772369392,0.0003828049812000245
0.00606948509812355,0.00393051490187645,1.3285375677948983,12.679417707957327,4.0,0.0039234168361872435,0.9984580788893256,1.7769661260774124e-09,0.0,0.0,fixed-hybrid,0.0,12,0.0,2500,detail,-0.04269073400533889,1.9627594716580604e-06,0.0002430888416711241,12.523657197831199,0.00016131326265167445,-0.0379492400050805,0.0005292706191539764
0.00710720382630825,0.0028927961736917498,3.6288416313398155,14.950319499941543,4.0,0.004536291817203164,0.9986473206574968,1.3254900652173406e-09,0.0,0.0,fixed-hybrid,0.0,12,0.0,3000,detail,0.9532460656050078,5.370244946350375e-07,0.00018754377379082143,14.756037539104,0.00044753027032129467,0.9557028360893791,0.0005005364655517042
0.008996554650366306,0.001003445349633694,1.1638296525475753,17.17559037497267,4.0,0.005259416764602065,0.9986517238797628,7.300444066272053e-10,0.0,0.0,fixed-hybrid,0.0,12,0.0,3500,detail,0.23246901871531844,5.496961450849238e-07,0.0002791224396787584,16.95395637699403,0.0002101223508361727,0.2309655446395026,0.00022513944713864475
0.011522450484335423,0.0015224504843354223,0.7672410791940228,19.114946332992986,4.0,0.005784416804090142,0.9986714522557759,2.1601468974813588e-10,0.0,0.0,fixed-hybrid,0.0,12,0.0,4000,detail,-0.7305551343366576,9.505527022513293e-07,7.742947491351515e-05,18.868116326397285,0.00011071417975472286,-0.7297121001140466,0.0003935636195819825
0.010417195037007332,0.00041719503700733164,0.34913124697132936,21.22663737484254,4.0,0.006253957748413086,0.998268161447514,3.8740899905092936e-10,0.0,0.0,fixed-hybrid,0.0,12,0.0,4500,detail,0.8392765926045036,4.282359491354802e-07,5.734423757530749e-05,20.95577767584473,3.897058923030272e-05,0.836691713130593,0.00034872107789851725
0.01124718226492405,0.0012471822649240492,2.4663815477499744,23.36671808292158,4.0,0.006986791733652353,0.9988054550245304,1.749958551188485e-09,0.0,0.0,fixed-hybrid,0.0,12,0.0,5000,detail,-0.2441070780273217,1.1463346236968268e-06,0.0005552804796025157,23.069138201652095,0.00037046181387268007,-0.2401336469942675,0.0005724431830458343
0.01133046206086874,0.0013304620608687399,0.41852064601945355,25.638096624985337,4.0,0.007911416934803128,0.9985229067279136,3.8065953524950104e-10,0.0,0.0,fixed-hybrid,0.0,12,0.0,5500,detail,-0.18336707680538242,9.679394033613245e-07,0.00011722126509994268,25.309964444022626,8.142299338942394e-05,-0.19209868478723768,0.0005454791244119406
0.010610418394207954,0.0006104183942079542,0.2831671738432804,27.669754957780242,4.0,0.00852475082501769,0.9986771164767885,4.2318236218910976e-11,0.0,0.0,fixed-hybrid,0.0,12,0.0,6000,detail,0.4658258374620527,2.3812866176021923e-08,3.59710211341735e-05,27.3128380170092,3.057926005567424e-05,0.47043825734515526,6.014704558765516e-05
0.009299327619373798,0.0007006723806262018,0.3359600179992961,29.572205874836072,4.0,0.008960750885307789,0.998751922856284,3.684254495090966e-11,0.0,0.0,fixed-hybrid,0.0,12,0.0,6500,detail,0.5493057354678079,1.2882544439628355e-06,4.0495731809642166e-05,29.19070918066427,3.570804983610287e-05,0.5444819158432118,0.0005116849788464606
0.009455752559006214,0.0005442474409937861,0.5320586314257124,31.576041749911383,4.0,0.009477375773712993,0.9987155749001742,3.1017595112651835e-11,0.0,0.0,fixed-hybrid,0.0,12,0.0,7000,detail,0.1641295419435172,1.569238717474149e-07,2.8495203878264874e-05,31.16974470252171,7.308489875867963e-05,0.16538572168066557,0.0001095364787033759
0.009133622981607914,0.0008663770183920862,0.397446677921713,33.62245574989356,4.0,0.009971667779609561,0.9988548830388639,7.347937716563069e-11,0.0,0.0,fixed-hybrid,0.0,12,0.0,7500,detail,0.5832195783561958,1.8239485014355085e-07,4.564972914522514e-05,33.19169278256595,6.391180795617402e-05,0.5832736485515748,0.0001352482649963349
0.0071959528140723705,0.0028040471859276297,0.277990477348431,35.646525624906644,4.0,0.010686208726838231,0.9987410877539784,7.278824238368731e-11,0.0,0.0,fixed-hybrid,0.0,12,0.0,8000,detail,-0.25843270859445033,1.0831644089472842e-07,3.4655666240723804e-05,35.18785487161949,2.5818155336310156e-05,-0.2556522114138657,0.00014555706002283841
0.010317289270460606,0.0003172892704606054,0.1610397246740324,38.31711362488568,4.0,0.011317833559587598,0.9980812347385235,4.191618274717012e-11,0.0,0.0,fixed-hybrid,0.0,12,0.0,8500,detail,-0.027136059199095237,4.5255366014339304e-07,1.527133645140566e-05,37.82501737168059,3.5162280255462974e-05,-0.033500598904335196,0.000178993446752429
0.0105707086622715,0.0005707086622714994,0.4545177310602558,40.20293616596609,4.0,0.011803583707660437,0.9985245230342296,5.636367586501045e-11,0.0,0.0,fixed-hybrid,0.0,12,0.0,9000,detail,0.8688668251524801,2.988271755040644e-07,2.9188982807681896e-05,39.68429750413634,4.1122195398202166e-05,0.8696102180094832,0.0002750770072452724
0.011133129708468914,0.0011331297084689138,0.17972250657406327,41.76706012478098,4.0,0.01225225068628788,0.9984356906900294,5.511225241020387e-11,0.0,0.0,fixed-hybrid,0.0,12,0.0,9500,detail,-0.139123202573624,1.1868473501988082e-06,3.4083663194905967e-05,41.228779723867774,1.5739875379949808e-05,-0.13257137753789452,0.00043178998748771846
0.010100546292960644,0.00010054629296064356,0.22945700869532787,43.25830733287148,4.0,0.012635875726118684,0.998476642710787,7.75604668337247e-12,0.0,0.0,fixed-hybrid,0.0,12,0.0,10000,detail,0.49876691407995577,1.8169563697501948e-07,1.0902395843004342e-05,42.70144564891234,2.0241837773937732e-05,0.4972108901537087,0.0001919493224704638
0.010982020758092403,0.0009820207580924032,0.13793434856635592,44.68082341598347,4.0,0.013078209711238742,0.9990048476108243,4.398664632345535e-11,0.0,0.0,fixed-hybrid,0.0,12,0.0,10500,detail,0.9378501282216714,1.5755464373987522e-07,2.510980084480252e-05,44.10550717567094,1.5675084796384908e-05,0.9371097613014114,0.00015032276860438287
0.010807652026414871,0.000807652026414871,0.39387442206284184,46.11436220793985,4.0,0.01346087665297091,0.9986589202561571,2.3468501497286542e-11,0.0,0.0,fixed-hybrid,0.0,12,0.0,11000,detail,0.19616760604540245,2.8265930698099776e-07,2.5206594727933407e-05,45.51991190761328,4.125095802010037e-05,0.21176818311923687,0.00020234164549037814
0.008828513324260712,0.0011714866757392885,0.16243159441825447,47.55613458296284,4.0,0.013843876775354147,0.9989631919756082,2.8733863294622872e-11,0.0,0.0,fixed-hybrid,0.0,12,0.0,11500,detail,0.36386557238155187,2.151209872890323e-07,1.5189169062068686e-05,46.943310199771076,1.7409825886716135e-05,0.36565043364356986,0.00020513078197836876
0.009499339386820793,0.0005006606131792071,0.17962404400994247,48.97707129083574,4.0,0.014251668937504292,0.9985504641825543,3.328712837119309e-11,0.0,0.0,fixed-hybrid,0.0,12,0.0,12000,detail,0.5368678809166177,1.293349498058554e-07,1.497735775046749e-05,48.34599518729374,2.1968271539662965e-05,0.5347307853745452,0.00018629836267791688
0.010639811865985394,0.0006398118659853933,0.27391931385737583,50.356092749862,4.0,0.014624252915382385,0.9986315610099652,5.336780527214308e-12,0.0,0.0,fixed-hybrid,0.0,12,0.0,12500,detail,-0.1893973355448512,1.6159640366104475e-07,1.0046896022686269e-05,49.707825226243585,2.1381678379839286e-05,-0.18388430469801226,0.00016262974531855434
0.008073273114860058,0.0019267268851399424,0.1449838652792545,51.73821504088119,4.0,0.015005043940618634,0.9981385469339248,1.6298870194835467e-11,0.0,0.0,fixed-hybrid,0.0,12,0.0,13000,detail,0.7103422202411525,9.632405155244349e-08,7.394417480099946e-06,51.07165127946064,8.675137905811425e-06,0.7204927105298982,0.00015908980276435614
0.010491859167814255,0.0004918591678142546,0.11601354628898276,53.10854774992913,4.0,0.015387626830488443,0.9988256883803309,2.296243616512332e-12,0.0,0.0,fixed-hybrid,0.0,12,0.0,13500,detail,0.02976207511082288,1.5946510287980442e-07,4.8091196731547825e-06,52.424950044834986,7.798597835062537e-06,0.02949157445022722,0.00015703529061283916
0.009852142073214054,0.0001478579267859461,0.0700726682628909,54.49261233280413,4.0,0.015770084923133254,0.9987867754079133,6.54442223072878e-11,0.0,0.0,fixed-hybrid,0.0,12,0.0,14000,detail,-0.09517631361818117,8.726084111404609e-08,1.540787889098283e-05,53.79265850014053,8.2930500866496e-06,-0.10026094855038721,0.000103302467323374
0.009303507395088673,0.0006964926049113276,0.1257933932548251,55.87211124994792,4.0,0.016146751819178462,0.998659591576909,1.228950609431993e-11,0.0,0.0,fixed-hybrid,0.0,12,0.0,14500,detail,0.4988132909020793,4.7636568399854476e-08,8.50070318847429e-06,55.155433701118454,7.990451194928028e-06,0.501602648984404,7.729862409178168e-05
0.010148772969841957,0.00014877296984195688,0.09995130074369676,57.24189629079774,4.0,0.016708585899323225,0.9987955665644981,3.110147841625249e-12,0.0,0.0,fixed-hybrid,0.0,12,0.0,15000,detail,-0.09153567765400054,3.575072746812943e-08,7.0468668127432466e-06,56.50895462720655,1.5519513908657245e-05,-0.09188927963268559,6.605148519156501e-05
0.010218679904937744,0.00021867990493774393,0.0834071625977767,58.62643983284943,4.0,0.017179294023662806,0.9988028686995111,3.187443849083133e-12,0.0,0.0,fixed-hybrid,0.0,12,0.0,15500,detail,0.1487995781137044,2.764234764650277e-08,8.435608833678998e-06,57.876809666864574,6.712316007906338e-06,0.14612453016718147,6.39490972389467e-05
0.01276393886655569,0.0027639388665556906,0.13340757938664627,59.99774891580455,4.0,0.017567752161994576,0.9987641133859667,4.997435807150764e-11,0.0,0.0,fixed-hybrid,0.0,12,0.0,16000,detail,0.20579368189414463,3.220626639872544e-08,1.1799967978731729e-05,59.23162812413648,9.123099516727962e-06,0.19832141102417222,5.1839651860063896e-05
0.00962145533412695,0.0003785446658730509,0.08045085131801977,61.37301004095934,4.0,0.017944252351298928,0.9987539836527985,1.7475974977857059e-12,0.0,0.0,fixed-hybrid,0.0,12,0.0,16500,detail,-0.3487358242423765,1.918733822118583e-08,6.477348051703302e-06,60.59096001274884,6.760121777915629e-06,-0.34842442745643154,4.623090353561565e-05
0.0101762181147933,0.00017621811479330042,0.04149042548087663,62.74525041598827,4.0,0.018359877401962876,0.9987178184004586,2.4975829664757182e-11,0.0,0.0,fixed-hybrid,0.0,12,0.0,17000,detail,0.5806146342159603,1.3550108214923584e-08,8.654177690914366e-06,61.94747143681161,8.030467142816633e-06,0.5855577849372257,4.1308932850370184e-05
0.009659822098910809,0.00034017790108919164,0.03017803543169638,64.14642637479119,4.0,0.01877279346808791,0.9986642172276149,2.86064148586323e-12,0.0,0.0,fixed-hybrid,0.0,12,0.0,17500,detail,-0.5991514441154029,4.939872730263015e-08,8.244001946877688e-06,63.33244961127639,4.308833013055846e-06,-0.6010984630063798,6.96935603627935e-05
0.010296945460140705,0.0002969454601407049,0.04198504644536936,65.51512774988078,4.0,0.019167418591678143,0.9985206992371616,6.517728447987172e-12,0.0,0.0,fixed-hybrid,0.0,12,0.0,18000,detail,-0.027483113827441966,5.830808172655927e-08,7.764037945889868e-06,64.6849156646058,6.062645297788549e-06,-0.020143862280395546,7.045439997455105e-05
0.01006828248500824,6.828248500823954e-05,0.031149097156586526,66.88346404093318,4.0,0.01954416837543249,0.9987391213887457,4.874188023059515e-12,0.0,0.0,fixed-hybrid,0.0,12,0.0,18500,detail,0.6934754657398036,4.3584977282317615e-08,5.334190063877031e-06,66.03717145579867,4.617091235559201e-06,0.6937221019075043,8.351495489478111e-05
0.009295075200498104,0.0007049247995018961,0.05665264364091683,68.29419904085808,4.0,0.019968501292169094,0.9987383199903019,3.605500783766715e-12,0.0,0.0,fixed-hybrid,0.0,12,0.0,19000,detail,-0.059890038533863876,3.048180008502811e-08,8.631983291707002e-06,67.43182915030047,5.807775323773967e-06,-0.05578787349632034,8.795840403763577e-05
0.009554178453981876,0.00044582154601812383,0.052716734322870155,69.75944483280182,4.0,0.020340376300737262,0.9989987648551014,6.231504522780841e-12,0.0,0.0,fixed-hybrid,0.0,12,0.0,19500,detail,0.7521582421947545,1.8118249877727612e-08,8.287405762530398e-06,68.8800381720066,4.785016244568396e-06,0.753923075460303,6.0758211475331336e-05
0.01208304800093174,0.0020830480009317396,0.08942783543931725,71.18360812496394,4.0,0.020734626334160566,0.9988977023094867,8.989201212156507e-12,0.0,0.0,fixed-hybrid,0.0,12,0.0,20000,detail,0.26175069918354094,3.6254233526980846e-08,1.4932115846022498e-05,70.28678136738017,5.960233465884812e-06,0.26197144622389157,5.201238309382461e-05
-0.018571706488728523,0.028571706488728525,130.75619411381712,0.008663417072966695,4.0,0.0,,,,0.0060002917889505625,calibrated,0.0,12,0.0060002917889505625,0,detail,,,,0.0,0.008082717657089233,,0.0002919039689004421
0.010089038871228695,8.903887122869471e-05,5.7141909709096845,2.9969655419699848,4.0,0.0006904578767716885,0.9999126887682249,5.880639657202545e-11,0.011587600277310092,0.0060002917889505625,calibrated,0.0,12,0.0060002917889505625,500,detail,0.22913680350063456,5.607098585690044e-07,0.0003557240415830165,2.9536850068252534,0.0003216954355593771,0.2292697886211868,0.0001744561013765633
0.009705567732453346,0.00029443226754665396,2.763308060396985,5.729126458056271,4.0,0.0014549577608704567,0.9999126912686637,6.498916640330399e-11,0.01713380211944142,0.0060002917889505625,calibrated,0.0,12,0.0060002917889505625,1000,detail,0.7138530225373242,5.072829294233421e-07,0.0001796147262211889,5.649499219842255,0.00017886576824821532,0.713907521921287,0.00017103987920563668
0.009828798472881317,0.00017120152711868307,1.746669455788213,7.331930625019595,4.0,0.0024257907643914223,0.9999103572248335,2.7189821516594224e-11,0.010597207091215212,0.0060002917889505625,calibrated,0.0,12,0.0060002917889505625,1500,detail,0.7882646341893425,6.468041941888849e-08,0.00014403184468392283,7.2307432582601905,0.0001421163760824129,0.7879426829045607,0.00010451529669808224
0.009311852045357227,0.0006881479546427729,1.5011217313106033,8.930000292137265,4.0,0.002830999670550227,0.9999123090863036,1.2453502205514468e-11,0.008121224125978013,0.0060002917889505625,calibrated,0.0,12,0.0060002917889505625,2000,detail,-0.7006709443316662,1.494958554572373e-06,8.144691673805937e-05,8.809059884632006,0.00017393122834619135,-0.7011952405214682,0.0004096312914043665
0.008809174410998821,0.001190825589001179,1.1066517643831877,10.432554958155379,4.0,0.00332620763219893,0.9998850033788523,5.5051118638027166e-11,0.01020104981677726,0.0060002917889505625,calibrated,0.0,12,0.0060002917889505625,2500,detail,0.7533823407440549,3.8766644978252796e-07,0.00014088713214732707,10.291942340321839,7.406867371173576e-05,0.7532339678299176,0.000199066023924388
0.009795018471777439,0.0002049815282225611,1.0615062126470005,12.097922750050202,4.0,0.0039722914807498455,0.9999038276087486,1.3918416095429638e-10,0.010597207091215212,0.0060002917889505625,calibrated,0.0,12,0.0060002917889505625,3000,detail,0.8946310560463535,1.8043902841201873e-07,0.0002358527563046664,11.936504238750786,0.0001973254547920078,0.894317636879244,0.00014918418310116976
0.010717994533479214,0.0007179945334792135,0.6743548582583011,14.100500000175089,4.0,0.004522624425590038,0.9999007540163595,1.4236493241570092e-11,0.013370308012280875,0.0060002917889505625,calibrated,0.0,12,0.0060002917889505625,3500,detail,0.6307298692903094,3.428793812272228e-07,6.669951835647225e-05,13.910636281361803,9.68123713391833e-05,0.6315892001101772,0.00021396252850536257
0.010802286677062511,0.0008022866770625112,0.6370278652301574,15.818608707981184,4.0,0.0049977905582636595,0.9999039835447431,3.2595119912634557e-11,0.014261661879766267,0.0060002917889505625,calibrated,0.0,12,0.0060002917889505625,4000,detail,0.5223102609186377,4.010142133262827e-07,0.00010871886479435489,15.60502036404796,7.767039642203599e-05,0.5234352916537983,0.00023163283185567707
0.010709434747695923,0.0007094347476959226,0.36981075665528756,17.501735500060022,4.0,0.005607206374406815,0.9999282108315252,1.050883014891812e-11,0.011488560958700603,0.0060002917889505625,calibrated,0.0,12,0.0060002917889505625,4500,detail,0.048779125488702696,6.874310054404884e-07,5.269492612569593e-05,17.26677932520397,6.684598338324577e-05,0.04881449626176086,0.00013919550110585988
0.009825486689805984,0.0001745133101940157,0.6986448079796301,19.401601291960105,4.0,0.006053540389984846,0.9999076367700773,7.57132447911502e-12,0.010795285728434188,0.0060002917889505625,calibrated,0.0,12,0.0060002917889505625,5000,detail,0.6788221704411439,1.1983309915058332e-07,4.591679316945374e-05,19.142531452002004,5.176351260161027e-05,0.6793660473922971,8.050701580941677e-05
0.010637760162353516,0.0006377601623535154,0.26469056497550125,21.128555292030796,4.0,0.006626623449847102,0.9998717882399678,2.665707828017165e-11,0.009012577993463404,0.0060002917889505625,calibrated,0.0,12,0.0060002917889505625,5500,detail,0.08091932313742949,4.319959573700297e-07,7.602362893521786e-05,20.846566502004862,9.9950484582223e-05,0.07970870757339336,0.00010877785825869069
0.009283801540732384,0.0007161984592676165,0.8807393564964923,23.21096512512304,4.0,0.0070878732949495316,0.999929992487,4.7941008576510654e-11,0.013271268693671387,0.0060002917889505625,calibrated,0.0,12,0.0060002917889505625,6000,detail,0.8323390457089404,1.6487577159141655e-07,0.0001297438284382224,22.901366881560534,9.147947275778279e-05,0.8320295039579212,4.357078796601854e-05
0.008900999091565609,0.0010990009084343912,0.28480944482863696,25.11826950008981,4.0,0.007713790284469724,0.9999315402975544,3.114906360212141e-12,0.008616420719025453,0.0060002917889505625,calibrated,0.0,12,0.0060002917889505625,6500,detail,-0.5534002307108205,1.878771424935401e-07,3.126414230791852e-05,24.785433584591374,2.7016641979571432e-05,-0.5533548015154761,5.792330193798989e-05
0.006805309094488621,0.0031946909055113795,0.49657868416307305,27.24987395806238,4.0,0.008175957249477506,0.9998755944488441,2.1122998044632426e-11,0.019510745766069128,0.0060002917889505625,calibrated,0.0,12,0.0060002917889505625,7000,detail,0.18557430312219864,1.5083970721030755e-07,7.466506940545514e-05,26.88813938270323,0.00014050269965082407,0.18843677859032637,2.0835075702052563e-05
0.009429572150111198,0.0005704278498888018,0.12039754075561598,29.282108375104144,4.0,0.008913957281038165,0.9999151472703701,1.7898713083758722e-12,0.013271268693671387,0.0060002917889505625,calibrated,0.0,12,0.0060002917889505625,7500,detail,0.01159555746259203,6.735731534079139e-08,1.8265765902469866e-05,28.89350752113387,1.4582879884983413e-05,0.013192391408722895,3.132967322017066e-05
0.010577763430774212,0.0005777634307742117,0.2544317343290191,31.25390295800753,4.0,0.009692666353657842,0.9999185478916659,9.479145392781714e-12,0.016440526889175,0.0060002917889505625,calibrated,0.0,12,0.0060002917889505625,8000,detail,0.16297568537188054,5.573753153544326e-08,3.484644912532531e-05,30.840307435486466,5.4263335186988115e-05,0.16112725968732064,3.690008452394977e-05
0.008914515376091003,0.0010854846239089968,0.17806777148816705,33.09533891710453,4.0,0.0101454583927989,0.9998749464038186,2.882411343050625e-12,0.01406358324254729,0.0060002917889505625,calibrated,0.0,12,0.0060002917889505625,8500,detail,-0.15163098818101942,4.5387719631512364e-08,1.608638558536768e-05,32.65395126841031,1.9741710275411606e-05,-0.15390589552398143,4.788261139765382e-05
0.0104295015335083,0.0004295015335083006,0.16285921249138577,35.09145004209131,4.0,0.010648083407431841,0.9999199789117925,2.413469944622752e-12,0.022184807368525305,0.0060002917889505625,calibrated,0.0,12,0.0060002917889505625,9000,detail,0.23300485594877515,9.433627101441336e-08,2.834780389093794e-05,34.623311104718596,2.4975903215818107e-05,0.23422238353332842,4.5552213123301044e-05
0.010564123280346394,0.0005641232803463934,0.18305154905244525,36.9373312080279,4.0,0.011380583513528109,0.9998642296707588,8.34821123721212e-12,0.031989699910864616,0.0060002917889505625,calibrated,0.0,12,0.0060002917889505625,9500,detail,-0.4995862922657062,1.6174262285093533e-07,2.6009160137618892e-05,36.44004205567762,2.8238755476195365e-05,-0.5009613522324805,8.335447637364268e-05
0.010149382054805756,0.0001493820548057554,0.14812560952861611,38.58650816697627,4.0,0.011855000397190452,0.9999260711610285,7.144022467830729e-13,0.021194414182430423,0.0060002917889505625,calibrated,0.0,12,0.0060002917889505625,10000,detail,-0.400955570677706,6.702495780056098e-08,1.5208739569061436e-05,38.068299050210044,2.4152896003215574e-05,-0.4017147498834305,4.151844041189179e-05
0.010435040108859539,0.0004350401088595388,0.14801209762524334,40.373393417103216,4.0,0.012756791431456804,0.9999207495444743,6.025440099859563e-12,0.03119738536198871,0.0060002917889505625,calibrated,0.0,12,0.0060002917889505625,10500,detail,-0.03390072409468189,4.622037267021385e-08,3.3394982892787084e-05,39.82684659678489,2.621047678985633e-05,-0.03269272632559002,3.9415041101165116e-05
0.010874131694436073,0.0008741316944360731,0.16842690852894984,42.03362254216336,4.0,0.013164291623979807,0.9998820211482427,9.584855927338126e-12,0.03605031197385362,0.0060002917889505625,calibrated,0.0,12,0.0060002917889505625,11000,detail,-0.16562546221347182,9.066952248966496e-08,2.6939844246953726e-05,41.46316201100126,1.7908892914419994e-05,-0.16307462828063415,2.788129131658934e-05
0.010768303647637367,0.000768303647637367,0.07466533214055544,43.74450704199262,4.0,0.013624499551951885,0.9998942524220832,3.166513325943914e-12,0.028325245122313557,0.0060002917889505625,calibrated,0.0,12,0.0060002917889505625,11500,detail,-0.7801731686200668,8.755872883954585e-08,1.2417417565302458e-05,43.155499767744914,2.1085957996547222e-05,-0.7785123996734504,5.6683729781070724e-05
0.009764923714101315,0.00023507628589868566,0.12576588418425239,45.496656000148505,4.0,0.014025874668732285,0.9999359306662332,8.69809091603921e-13,0.04318114291373675,0.0060002917889505625,calibrated,0.0,12,0.0060002917889505625,12000,detail,0.8595178629493755,1.519136920780552e-07,7.600327990076039e-06,44.88250047783367,8.616791092208587e-06,0.8602117992373646,7.468769763363525e-05
0.010125960223376751,0.00012596022337675074,0.08834247493601548,47.22840875014663,4.0,0.014470583759248257,0.9998865103185857,1.3393650848844438e-12,0.03248489650391205,0.0060002917889505625,calibrated,0.0,12,0.0060002917889505625,12500,detail,0.5424384061426354,1.1979779902888275e-07,1.3906625099480152e-05,46.58894563908689,1.72654526977567e-05,0.542826960530568,4.101931699551642e-05
0.008018618449568748,0.0019813815504312517,0.10486739940082782,48.96333954203874,4.0,0.015522042755037546,0.9998835203797872,4.120649965427708e-13,0.03555511538080618,0.0060002917889505625,calibrated,0.0,12,0.0060002917889505625,13000,detail,-0.4657836876235914,1.3419656883551593e-07,5.189327566768043e-06,48.29682915029116,7.772157914587297e-06,-0.46685680080822045,5.28171040059533e-05
0.007920464500784874,0.0020795354992151262,0.12085262242294986,50.81387879210524,4.0,0.016017667716369033,0.9999251188252476,5.096535544018791e-13,0.034366643557492325,0.0060002917889505625,calibrated,0.0,12,0.0060002917889505625,13500,detail,0.6674726176940011,6.824496482666587e-08,1.0085527719638776e-05,50.126249817665666,2.7607977244770154e-05,0.667222013643432,5.412601967691444e-05
0.010395560413599014,0.0003955604135990141,0.04189372698555474,52.4722642081324,4.0,0.016515876865014434,0.9999081451477477,6.702825711193357e-13,0.037238783797167475,0.0060002917889505625,calibrated,0.0,12,0.0060002917889505625,14000,detail,-0.13681021826268966,2.0672065268843396e-08,8.075294317677617e-06,51.76485108002089,5.952255833108211e-06,-0.1387027626476479,2.350547947571613e-05
0.009123791940510273,0.0008762080594897272,0.042631267598623915,54.04521208303049,4.0,0.017006793757900596,0.9999129994356741,3.191793925260659e-13,0.027136773298999703,0.0060002917889505625,calibrated,0.0,12,0.0060002917889505625,14500,detail,-0.019814131622198673,6.653233940332722e-09,4.6991335693746805e-06,53.31581105431542,5.013333066017367e-06,-0.019384721693205934,2.2208290829439647e-05
0.009630676358938217,0.00036932364106178305,0.04679400812007526,55.5565631671343,4.0,0.017432835651561618,0.9999221310514853,3.882260373754961e-13,0.03813013766465287,0.0060002917889505625,calibrated,0.0,12,0.0060002917889505625,15000,detail,0.41248523460679615,1.2417072076351144e-08,7.368953447439708e-06,54.80854277056642,6.3393117670784704e-06,0.41108481772551464,2.142396624549292e-05
0.010106567293405533,0.00010656729340553263,0.05202716874824621,57.031023875111714,4.0,0.017854627687484026,0.9999000688170003,2.5264941370703124e-12,0.026344458750123798,0.0060002917889505625,calibrated,0.0,12,0.0060002917889505625,15500,detail,0.8683109119086333,4.9741045506088056e-09,9.141184818872716e-06,56.26426872378215,5.547582532017259e-06,0.8682097771168568,1.6172298273886554e-05
0.010461068712174892,0.0004610687121748922,0.09223017626005046,58.511563583044335,4.0,0.01826966879889369,0.9999070278717914,1.0963278687928446e-12,0.02872140239675151,0.0060002917889505625,calibrated,0.0,12,0.0060002917889505625,16000,detail,-0.4960004405609581,1.607844926552184e-08,5.8096279644814786e-06,57.72647331026383,9.61713885772042e-06,-0.4967493211717243,1.4208278116711881e-05
0.009242743253707886,0.0007572567462921145,0.08528293479557716,60.21319749997929,4.0,0.01878237770870328,0.9999192197382119,5.489814799204648e-13,0.044072496781222145,0.0060002917889505625,calibrated,0.0,12,0.0060002917889505625,16500,detail,-0.3084956960833308,7.471839614702013e-09,4.742800228996202e-06,59.38682189537212,5.579572189162718e-06,-0.30710204027676685,1.3919599950895645e-05
0.009790005162358284,0.0002099948376417162,0.041574081576029244,61.93646812508814,4.0,0.019387377658858895,0.9999083547231915,2.0269780679791596e-13,0.029513716945627416,0.0060002917889505625,calibrated,0.0,12,0.0060002917889505625,17000,detail,-0.45380400851566743,1.6911961418759216e-08,3.561751555025694e-06,61.08828240307048,3.6441558677324792e-06,-0.4535763578710091,1.3811789358442184e-05
0.009704452008008957,0.0002955479919910433,0.02241714665083617,63.6212272499688,4.0,0.019936252618208528,0.9998986949381986,2.6332721976050766e-13,0.022085768049915817,0.0060002917889505625,calibrated,0.0,12,0.0060002917889505625,17500,detail,0.6751023474082022,5.7834504737113515e-09,3.5853602184943156e-06,62.753052024170756,4.760685442306567e-06,0.6764107965701136,1.6066078387666494e-05
0.010122342966496944,0.00012234296649694422,0.0634177652838236,65.34900633315556,4.0,0.0203870446421206,0.9998982691529483,3.7303321519992535e-12,0.035654154699415665,0.0060002917889505625,calibrated,0.0,12,0.0060002917889505625,18000,detail,-0.32188456461121645,3.08106133369573e-08,7.710354111623019e-06,64.45981252356432,4.861646630160976e-06,-0.32535070457869886,1.4453054063778836e-05
0.010081887245178223,8.188724517822245e-05,0.05112583501425936,66.99606212507933,4.0,0.020895753521472216,0.999928371935641,1.8604744071935527e-13,0.026938694661780727,0.0060002917889505625,calibrated,0.0,12,0.0060002917889505625,18500,detail,0.07223934506963846,6.572671773439145e-09,2.413688434899086e-06,66.08695189352147,3.7429363146657124e-06,0.07257971493527293,1.637745117477607e-05
0.00945504941046238,0.0005449505895376208,0.04351326596433086,68.5358820001129,4.0,0.021366753382608294,0.9998752092565661,2.8808599061166857e-13,0.03020699217589383,0.0060002917889505625,calibrated,0.0,12,0.0060002917889505625,19000,detail,-0.26185003102263243,8.36904547576181e-09,3.2926432140811812e-06,67.60864980472252,2.9938892112113535e-06,-0.258778529074844,1.8364198695053346e-05
0.009896361269056797,0.00010363873094320318,0.03873438504349291,70.1379918330349,4.0,0.021799211157485843,0.9999407672274089,5.240902700986756e-13,0.03268297514113103,0.0060002917889505625,calibrated,0.0,12,0.0060002917889505625,19500,detail,0.36623067238657997,8.29402281795534e-09,3.7882330161664868e-06,69.1914626811631,5.555684765568003e-06,0.3673820352122261,1.8091313904733397e-05
0.00968968216329813,0.00031031783670187017,0.02853628780208947,71.69110583304428,4.0,0.022216961020603776,0.9999493535067229,4.689137285281485e-13,0.04476577201148856,0.0060002917889505625,calibrated,0.0,12,0.0060002917889505625,20000,detail,0.5023750863564067,6.898768472031325e-09,4.376443030196242e-06,70.72444070409983,2.821401722030714e-06,0.5011727924710129,1.3391281754593365e-05
-0.018571706488728523,0.028571706488728525,130.75619411381712,0.004207042045891285,4.0,0.0,,,,0.0060002917889505625,adaptive,0.0,12,0.0060002917889505625,0,detail,,,,0.0,0.008082717657089233,,0.0002919039689004421
0.010089038871228695,8.903887122869471e-05,5.7141909709096845,1.625176457921043,4.0,0.00048774993047118187,0.9999126887682249,5.880639657202545e-11,0.011587600277310092,0.0060002917889505625,adaptive,0.020810086745768785,12,0.026810378534719348,500,detail,0.22913680350063456,5.607098585690044e-07,0.0003557240415830165,1.6011910075321794,0.0003216954355593771,0.2292697886211868,0.0001744561013765633
0.009705567732453346,0.00029443226754665396,2.763308060396985,3.2764910000842065,4.0,0.0012008750345557928,0.9999126912686637,6.498916640330399e-11,0.01713380211944142,0.0060002917889505625,adaptive,0.04912716522812843,12,0.055127457017078996,1000,detail,0.7183469627998038,5.0673725887562e-07,0.0001796147262211889,3.231166173471138,0.00017886576824821532,0.7184026471462506,0.00017075568030122668
0.009828798472881317,0.00017120152711868307,1.746669455788213,5.03192291688174,4.0,0.0018019161652773619,0.9999107225160194,2.7069944786920795e-11,0.010597207091215212,0.0060002917889505625,adaptive,0.08123591518960893,12,0.0872362069785595,1500,detail,0.7794926931462536,6.838775360878147e-08,0.00014403184468392283,4.9612480031792074,0.0001421163760824129,0.7793287164887936,0.0001049294660333544
0.008381225168704987,0.0016187748312950136,1.2995160650973019,6.956612791866064,4.0,0.0022649161983281374,0.9999163866077443,2.9433882396788556e-11,0.008418342081806477,0.0060002917889505625,adaptive,0.11241233046166599,12,0.11841262225061655,2000,detail,0.38008978648521585,2.2268177442154864e-07,0.00012560660252347589,6.86282524606213,0.00016206131840590388,0.380099127638205,0.00018620127229951322
0.011395785957574844,0.0013957859575748442,1.0620403551330906,8.567445792024955,4.0,0.0026582072023302317,0.9999126527291718,2.57162619873341e-11,0.009804892542339308,0.0060002917889505625,adaptive,0.13859295775182545,12,0.14459324954077601,2500,detail,0.6606087451739372,1.3897063364380425e-07,0.00010548461432335898,8.454237412894145,6.157367170089856e-05,0.6610394909578317,0.00012404797598719597
0.007842200808227062,0.002157799191772938,1.3112652046476099,10.211180249927565,4.0,0.003084874013438821,0.9999213806547593,1.2997455389140941e-11,0.012379914826185995,0.0060002917889505625,adaptive,0.16568525740876794,12,0.1716855491977185,3000,detail,0.24304052029403694,9.540958850335767e-08,8.308830729220062e-05,10.078761449782178,0.00023319912725128233,0.2438535712474074,0.00010811740503413603
0.010542536154389381,0.0005425361543893812,0.8873690389629985,12.079818832920864,4.0,0.0034937909804284573,0.9999048832496576,6.543274544942237e-12,0.009111617312072893,0.0060002917889505625,adaptive,0.19468954438343644,12,0.200689836172387,3500,detail,0.18349652776771228,2.1101766616493873e-07,5.226851862971671e-05,11.92416408425197,8.20844725240022e-05,0.18408410490592342,7.90977937867865e-05
0.007415421307086945,0.0025845786929130556,0.6263820529783957,13.624560791999102,4.0,0.003878082148730755,0.9999151681493026,9.464899688970301e-12,0.008616420719025453,0.0060002917889505625,adaptive,0.22190154530107975,12,0.2279018370900303,4000,detail,0.3905893209502669,1.2647468896771133e-07,5.734075966756791e-05,13.449236168293282,8.438342774752527e-05,0.3892368185965052,5.8650821301853284e-05
0.01032843068242073,0.0003284306824207304,0.37261495933894273,15.236590042011812,4.0,0.0043961231131106615,0.9999185943033218,1.7333233040011264e-11,0.016242448251956025,0.0060002917889505625,adaptive,0.2498102083336562,12,0.25581050012260675,4500,detail,0.8852480236976069,2.459918936223244e-08,0.00012459149002097547,15.040106136584654,4.4186315790284425e-05,0.8855837735035031,5.981282447464764e-05
0.006028594449162483,0.003971405550837517,0.746598946509521,16.825551291927695,4.0,0.004809206118807197,0.9999154479906993,4.4867801102982015e-11,0.014855897791423194,0.0060002917889505625,adaptive,0.27649611909873784,12,0.2824964108876884,5000,detail,0.4729000516360741,2.083190817273377e-07,0.00011964778241235763,16.610039931721985,0.0001492348819738254,0.4734150092155725,0.00010524235403863713
0.011137626133859158,0.0011376261338591574,0.3731781598188336,18.399977332912385,4.0,0.005217706086114049,0.9998322666478402,2.8072680463507424e-11,0.013568386649499851,0.0060002917889505625,adaptive,0.30293482914566994,12,0.3089351209346205,5500,detail,0.3897414882538876,9.383834470442627e-08,5.365506876842119e-05,18.165285508381203,3.7088804674567655e-05,0.3898884550732413,4.3273885239614174e-05
0.009644024074077606,0.000355975925922394,0.3073826398759365,20.06473654205911,4.0,0.00562695600092411,0.9999156384784148,2.1122260895350395e-12,0.012875111419233436,0.0060002917889505625,adaptive,0.3307206961326301,12,0.3367209879215807,6000,detail,-0.4896606615040114,1.9001907237254015e-07,2.4063221644610167e-05,19.80372326914221,3.27072775689885e-05,-0.489196149834452,3.9067377656465396e-05
0.009458910673856735,0.000541089326143265,0.6382892336283343,21.768892582971603,4.0,0.0062001231126487255,0.999892818718211,9.235336717307442e-12,0.0156482123402991,0.0060002917889505625,adaptive,0.3607095703482628,12,0.36670986213721335,6500,detail,0.5244162429240086,5.631963791869968e-08,5.776741454610601e-05,21.48916253587231,0.00011648196959868073,0.5236490487982352,3.7824684113729745e-05
0.006938724312931299,0.003061275687068701,0.34033176968695766,23.340282707940787,4.0,0.006606414215639234,0.9999132991170888,4.634648876078396e-11,0.02099633554521145,0.0060002917889505625,adaptive,0.38689598673954606,12,0.3928962785284966,7000,detail,0.9733514668704426,3.949709722076565e-08,0.0001227790053235367,23.042122250190005,5.466579750645906e-05,0.9732530407650078,3.0170471291057765e-05
0.008373123593628407,0.0016268764063715937,0.19977878032559387,25.227210707962513,4.0,0.007289581233635545,0.999909630495539,2.6427470645132338e-11,0.02109537486382094,0.0060002917889505625,adaptive,0.4172641937620938,12,0.42326448555104434,7500,detail,0.951170038454273,3.339064518259184e-08,8.591465302743018e-05,24.90661771199666,6.052258322597481e-05,0.9518088318134237,7.680757698835805e-05
0.009892565198242664,0.00010743480175733587,0.30220119837234843,27.503682625014335,4.0,0.007956164190545678,0.9998928717751668,8.44211555741901e-12,0.018916509854412202,0.0060002917889505625,adaptive,0.4530494420323521,12,0.45904973382130265,8000,detail,0.9234050590661993,3.410145993914133e-08,3.2668809581082314e-05,27.149047669488937,3.897293208865449e-05,0.9231608062623053,5.7650337112136185e-05
0.01228464487940073,0.00228464487940073,0.31641155804081167,29.721617416944355,4.0,0.008578455075621605,0.9999057683511592,3.077658925507153e-12,0.02584926215707636,0.0060002917889505625,adaptive,0.4889896884560585,12,0.49498998024500906,8500,detail,-0.35591099621105715,1.836896180195595e-07,2.113759910571389e-05,29.332991931121796,4.668329711421393e-05,-0.3569905836636817,0.00010660308180376887
0.008753303438425064,0.0012466965615749361,0.12036219504607792,31.695908916881308,4.0,0.009050330147147179,0.9999079741653842,4.2514574634485274e-13,0.01505397642864217,0.0060002917889505625,adaptive,0.5227705973666161,12,0.5287708891555667,9000,detail,-0.02067908302801652,1.3301731864751595e-07,5.7852721511153504e-06,31.282113363267854,1.185362725664163e-05,-0.023571188530689735,6.856679829070345e-05
0.011545921675860882,0.0015459216758608816,0.14086400161437804,33.67409774987027,4.0,0.009542579995468259,0.9999280072976884,7.55237504262956e-12,0.03010795285728434,0.0060002917889505625,adaptive,0.5537600556854159,12,0.5597603474743664,9500,detail,0.6332012283836582,3.1170013984826905e-08,3.4032666007988155e-05,33.23559419438243,1.4793218724662438e-05,0.6333055942854176,2.8535103410831653e-05
0.008707456290721893,0.001292543709278107,0.1980173468970843,35.67990058287978,4.0,0.010088496142998338,0.9999122040688332,8.652949105133735e-12,0.021689610775477864,0.0060002917889505625,adaptive,0.589757397538051,12,0.5957576893270016,10000,detail,0.4104199613938328,4.1739786747741244e-08,3.9531925722258165e-05,35.212292494950816,3.278683652752079e-05,0.40996298611671145,4.851602352573536e-05
0.009467735886573792,0.0005322641134262087,0.14471787896712054,37.613192124990746,4.0,0.010520705254748464,0.9999175533828341,7.654700487652225e-13,0.029018520352579975,0.0060002917889505625,adaptive,0.6225911525543779,12,0.6285914443433285,10500,detail,-0.597200167238879,3.917253971192935e-08,8.117450306599494e-06,37.12031758832745,1.3323078746907413e-05,-0.5978657565468183,4.032257857033983e-05
0.009572518058121204,0.00042748194187879583,0.10235372988322845,39.376152749871835,4.0,0.011043747188523412,0.9999003029450941,1.8179950378373498e-12,0.02792908784787561,0.0060002917889505625,adaptive,0.6523793595843017,12,0.6583796513732523,11000,detail,-0.5001424803639143,1.0209577613144765e-07,1.751590025378391e-05,38.85915730218403,1.5358820746769197e-05,-0.5017095146451908,5.205550405662507e-05
0.010455957613885403,0.00045595761388540247,0.09023965778675615,41.205927666975185,4.0,0.011631247121840715,0.9999167359130972,3.255904962178116e-12,0.02971179558284639,0.0060002917889505625,adaptive,0.68506885971874,12,0.6910691515076905,11500,detail,-0.5383052280192049,9.910525141081688e-08,1.631631312193349e-05,40.66371770086698,1.0782334356918e-05,-0.5366468490774092,6.339063111227006e-05
0.007918836548924446,0.002081163451075554,0.1262790281357843,43.010295832995325,4.0,0.012157913064584136,0.9999112880437949,2.3142278197793835e-12,0.025155986926809943,0.0060002917889505625,adaptive,0.714742693817243,12,0.7207429856061935,12000,detail,0.8433414100293908,1.4183282312530764e-07,8.934724064602051e-06,42.445602611638606,9.364741345052607e-06,0.8434934587373982,5.2883602620568126e-05
0.009838365018367767,0.00016163498163223287,0.0968868989444814,44.907960624899715,4.0,0.012870955048128963,0.9998493213612394,1.1443912917046102e-12,0.023175200554620183,0.0060002917889505625,adaptive,0.7459730664268136,12,0.7519733582157642,12500,detail,-0.6513797704331271,1.2480746593262553e-07,7.646342965017539e-06,44.3170345230028,9.683308235253207e-06,-0.6516572087212426,5.856922871316783e-05
0.010386938229203224,0.000386938229203224,0.09963822415937934,46.66496716695838,4.0,0.013468163087964058,0.9998934316497512,2.8750189085961936e-12,0.03862533425770031,0.0060002917889505625,adaptive,0.7759244358167052,12,0.7819247276056558,13000,detail,0.7428170400655737,1.3634631109352447e-07,1.1055638424295466e-05,46.05177292204462,1.1241643733228557e-05,0.7412411457939457,6.43991370452568e-05
0.00986527930945158,0.00013472069054842016,0.08164508595877851,48.54023937508464,4.0,0.013967788079753518,0.9999307038110489,1.0101224806017416e-12,0.03763494107160543,0.0060002917889505625,adaptive,0.8063836912624538,12,0.8123839830514044,13500,detail,-0.03172558186671823,1.3939552018022732e-07,1.0399488928669598e-05,47.903002785751596,8.53627352626063e-06,-0.033081851276940966,7.782948523527011e-05
0.009645560756325722,0.00035443924367427847,0.040637428687234,50.463790707988665,4.0,0.01456049713306129,0.9999129473484151,8.406000242765134e-12,0.030999306724769735,0.0060002917889505625,adaptive,0.8374383973423392,12,0.8434386891312897,14000,detail,0.9356931469009558,7.928321923957693e-08,2.3436143237631768e-05,49.80349541059695,5.6122339628927875e-06,0.9360285796317076,5.172987948753871e-05
0.009698562324047089,0.0003014376759529116,0.024206082768384773,52.22458454198204,4.0,0.014944872120395303,0.9999014292770164,9.999688853074294e-14,0.017430920075269883,0.0060002917889505625,adaptive,0.868126148590818,12,0.8741264403797686,14500,detail,0.016656523906940907,9.418397359099479e-08,2.6304824132239446e-06,51.54336852673441,3.0416563276958186e-06,0.01646329560670188,5.749604315496981e-05
0.009938898496329784,6.110150367021581e-05,0.040093776605586585,53.87379762507044,4.0,0.015348455170169473,0.9998954829970514,5.588036621493596e-13,0.024660790333762502,0.0060002917889505625,adaptive,0.8952666043769568,12,0.9012668961659074,15000,detail,0.5181292505211137,5.5154388126911565e-08,5.6828721426427364e-06,53.17194482614286,4.7557650759699754e-06,0.5177381496670433,5.2735224016942084e-05
0.010249791666865349,0.0002497916668653486,0.0729104889106959,55.530947082908824,4.0,0.01572974701412022,0.9999188381837282,3.6506727519045583e-13,0.03357432900861642,0.0060002917889505625,adaptive,0.9255005735903978,12,0.9315008653793484,15500,detail,0.8556981689986825,6.974269046441996e-08,4.324838755564997e-06,54.80838233162649,6.07077163294889e-06,0.8563361727468602,5.3200081310933456e-05
0.010711626149713993,0.0007116261497139929,0.05155867710873885,57.29413745808415,4.0,0.016312163090333343,0.9999448558690225,1.5523977805479532e-13,0.041200356541546995,0.0060002917889505625,adaptive,0.9537485735490918,12,0.9597488653380424,16000,detail,-0.9055225483423184,9.2290760880893e-08,2.142433004337363e-06,56.55066175851971,3.716542323672911e-06,-0.9055565232027856,4.259318666299805e-05
0.010329979471862316,0.0003299794718623159,0.028057101565299707,58.96742662508041,4.0,0.016952121164649725,0.9999058693439866,3.3101675613733683e-12,0.02446271169654353,0.0060002917889505625,adaptive,0.9801302817650139,12,0.9861305735539645,16500,detail,0.864155542920232,6.145547224423129e-08,1.2290847735130228e-05,58.203545117983595,4.178481049166294e-06,0.865615951348942,5.958712426945567e-05
0.00997835211455822,2.16478854417803e-05,0.03361805483136127,60.70489808288403,4.0,0.017444245982915163,0.9999261133543332,4.201075378348641e-13,0.02198672873130633,0.0060002917889505625,adaptive,1.0090427782852203,12,1.0150430700741708,17000,detail,-0.26220295580728714,9.054365403483626e-08,5.676332875736989e-06,59.9193564793095,3.410571935091866e-06,-0.261588726135507,4.4966527639189735e-05
0.010098084807395935,9.808480739593485e-05,0.04201728446937085,62.43476075003855,4.0,0.01809628796763718,0.9999017044649839,7.92230746557045e-13,0.03713974447855799,0.0060002917889505625,adaptive,1.0367957355920225,12,1.042796027380973,17500,detail,-0.7850870953294466,5.1615986398065945e-08,3.3158521546283737e-06,61.625679759075865,6.454140930145513e-06,-0.7867893131039364,2.712495916057378e-05
0.009766284376382828,0.00023371562361717245,0.051280351587882425,64.35512766707689,4.0,0.018503163009881973,0.9999319161831032,2.795657985234789e-13,0.03189066059225513,0.0060002917889505625,adaptive,1.068584275431931,12,1.0745845672208816,18000,detail,-0.24762924601403313,3.9182263953822203e-08,4.463880031835288e-06,63.52260366291739,4.516088665695861e-06,-0.24661091170143848,3.8652491639368236e-05
0.009930526837706566,6.947316229343435e-05,0.02367775125498058,66.15403087507002,4.0,0.019012954784557223,0.999922681186674,6.550019135016348e-13,0.03842725562048133,0.0060002917889505625,adaptive,1.0993056474253535,12,1.105305939214304,18500,detail,-0.840876449505782,4.8525371243551945e-08,2.550266799516976e-06,65.29741837480105,2.6795191843120847e-06,-0.8407962347591613,3.4300421248190105e-05
0.01033696811646223,0.0003369681164622305,0.03317386743897854,67.83470583287999,4.0,0.019438495626673102,0.9999078712689495,4.563925311487286e-13,0.03416856492027335,0.0060002917889505625,adaptive,1.1267616881523281,12,1.1327619799412787,19000,detail,0.7983594816545448,1.667839478665771e-08,3.824255600193283e-06,66.95654332288541,2.960843630717136e-06,0.797782966098559,3.546055086189881e-05
0.00986978318542242,0.0001302168145775797,0.039582191027595234,69.41512487502769,4.0,0.02000662055797875,0.9999238120086467,6.370098946559422e-13,0.03852629493909082,0.0060002917889505625,adaptive,1.1527488089632243,12,1.1587491007521749,19500,detail,-0.9055588053485986,5.3650789195185254e-08,3.3173741940117907e-06,68.51682346477173,2.944299694718211e-06,-0.9054655375171469,3.811634087469429e-05
0.010524731129407883,0.0005247311294078825,0.04862709030713049,71.0182915830519,4.0,0.02038112049922347,0.9998935082765461,2.401785213619971e-13,0.025155986926809943,0.0060002917889505625,adaptive,1.1802038096357137,12,1.1862041014246643,20000,detail,0.6976712670080479,2.431718593146906e-08,1.9498650090099545e-06,70.09753843070939,3.0587352739530616e-06,0.6995766404588947,3.575198570615612e-05
0.011624861508607864,0.0016248615086078642,131.86354273121773,0.005763832945376635,4.0,0.0,,,,0.0,fp32,0.0,13,0.0,0,detail,,,,0.0,0.009052027948200703,,0.0
0.008975876495242119,0.0010241235047578814,5.537090712567119,0.8493305409792811,4.0,0.0006579998880624771,0.9999999999999993,0.0,0.0,0.0,fp32,0.0,13,0.0,500,detail,0.9999999999999993,0.0,0.00035665396717377007,0.8290551241952926,0.00033196431468240917,0.9999999999999993,0.0
0.011341973207890987,0.0013419732078909872,2.183149184628478,1.5475146248936653,4.0,0.0012235839385539293,0.9999999999999992,0.0,0.0,0.0,fp32,0.0,13,0.0,1000,detail,0.9999999999999992,0.0,0.00015001793508417904,1.5139270410872996,0.00019736908143386245,0.9999999999999992,0.0
0.011292376555502415,0.0012923765555024145,1.161369811769031,2.1990505408030003,4.0,0.0018069588113576174,0.9999999999999986,0.0,0.0,0.0,fp32,0.0,13,0.0,1500,detail,0.9999999999999986,0.0,7.738416752545163e-05,2.151671089697629,6.315695645753294e-05,0.9999999999999986,0.0
0.0089168231934309,0.0010831768065690996,0.85120845340554,2.9107261248864233,4.0,0.0023864167742431164,0.999999999999998,0.0,0.0,0.0,fp32,0.0,13,0.0,2000,detail,0.999999999999998,0.0,8.866755524650216e-05,2.8481193815823644,5.667893492500298e-05,0.999999999999998,0.0
0.00880318321287632,0.0011968167871236803,0.5728169943437076,3.394161832984537,4.0,0.002827875781804323,0.9999999999999991,0.0,0.0,0.0,fp32,0.0,13,0.0,2500,detail,0.9999999999999991,0.0,4.494360109674744e-05,3.320450409548357,9.773433703230694e-05,0.9999999999999991,0.0
0.010518807917833328,0.000518807917833328,0.4991318894992336,3.7293697909917682,4.0,0.0032063336111605167,0.9999999999999974,0.0,0.0,0.0,fp32,0.0,13,0.0,3000,detail,0.9999999999999974,0.0,4.8331588914152235e-05,3.6471101173665375,5.616628914140165e-05,0.9999999999999974,0.0
0.010230740532279015,0.00023074053227901438,0.40707685494990375,4.046729249879718,4.0,0.003580999793484807,0.9999999999999978,0.0,0.0,0.0,fp32,0.0,13,0.0,3500,detail,0.9999999999999978,0.0,6.180534546729177e-05,3.9564773594029248,3.474476034170948e-05,0.9999999999999978,0.0
0.01212618499994278,0.0021261849999427793,0.42004622610280035,4.380789290880784,4.0,0.0041532088071107864,0.999999999999999,0.0,0.0,0.0,fp32,0.0,13,0.0,4000,detail,0.999999999999999,0.0,4.8672485718270764e-05,4.281842822441831,7.09118612576276e-05,0.999999999999999,0.0
0.008691811002790928,0.0013081889972090723,0.23319937395322654,4.7832627079915255,4.0,0.0045489168260246515,0.9999999999999984,0.0,0.0,0.0,fp32,0.0,13,0.0,4500,detail,0.9999999999999984,0.0,1.8919872672995552e-05,4.675528449239209,2.0071094695595093e-05,0.9999999999999984,0.0
0.008770124055445194,0.001229875944554806,0.5902958459433811,5.189725499833003,4.0,0.004954666830599308,0.9999999999999987,0.0,0.0,0.0,fp32,0.0,13,0.0,5000,detail,0.9999999999999987,0.0,9.517314902041107e-05,5.073129412019625,0.00012601091293618083,0.9999999999999987,0.0
0.009349578991532326,0.0006504210084676745,0.17450145742933126,5.5305556249804795,4.0,0.005334541900083423,0.9999999999999991,0.0,0.0,0.0,fp32,0.0,13,0.0,5500,detail,0.9999999999999991,0.0,1.5600617189193144e-05,5.405141037888825,1.8487777197151445e-05,0.9999999999999991,0.0
0.009132275357842445,0.0008677246421575548,0.15866997983636955,5.874503375031054,4.0,0.005871499888598919,0.9999999999999962,0.0,0.0,0.0,fp32,0.0,13,0.0,6000,detail,0.9999999999999962,0.0,8.235852874349803e-06,5.740207969676703,1.1060516953875776e-05,0.9999999999999962,0.0
0.010948198847472668,0.0009481988474726675,0.1262201376194723,6.198853832902387,4.0,0.006284291855990887,0.9999999999999988,0.0,0.0,0.0,fp32,0.0,13,0.0,6500,detail,0.9999999999999988,0.0,8.473291018162854e-06,6.055755590787157,1.0436173397465609e-05,0.9999999999999988,0.0
0.011942197568714619,0.0019421975687146185,0.2517148963894468,6.524244332918897,4.0,0.00675237481482327,0.9999999999999986,0.0,0.0,0.0,fp32,0.0,13,0.0,7000,detail,0.9999999999999986,0.0,2.8236332582309842e-05,6.372746186563745,7.974905020091683e-05,0.9999999999999986,0.0
0.009386682882905006,0.0006133171170949938,0.11795905855566627,6.85441133286804,4.0,0.007133749779313803,0.9999999999999991,0.0,0.0,0.0,fp32,0.0,13,0.0,7500,detail,0.9999999999999991,0.0,2.180231604143046e-05,6.694532235618681,2.994394162669778e-05,0.9999999999999991,0.0
0.009446041658520699,0.0005539583414793017,0.0780344765698619,7.177374874940142,4.0,0.0075089167803525925,0.9999999999999984,0.0,0.0,0.0,fp32,0.0,13,0.0,8000,detail,0.9999999999999984,0.0,1.821208388719242e-05,7.009303855942562,6.989189387240913e-06,0.9999999999999984,0.0
0.00994809065014124,5.190934985876104e-05,0.18363901273798663,7.499839207855985,4.0,0.00793154165148735,0.9999999999999987,0.0,0.0,0.0,fp32,0.0,13,0.0,8500,detail,0.9999999999999987,0.0,2.0845376639044844e-05,7.323272058740258,1.9375824194867164e-05,0.9999999999999987,0.0
0.00989658571779728,0.00010341428220272085,0.05117957764367883,7.840065582888201,4.0,0.008328541647642851,1.0,0.0,0.0,0.0,fp32,0.0,13,0.0,9000,detail,1.0,0.0,3.0125554530968657e-06,7.655088340630755,4.374438958620885e-06,1.0,0.0
0.008969176560640335,0.0010308234393596651,0.24185445777805425,8.228909624973312,4.0,0.008835041662678123,0.999999999999999,0.0,0.0,0.0,fp32,0.0,13,0.0,9500,detail,0.999999999999999,0.0,4.719787830254063e-05,8.033968517091125,1.9472523490549065e-05,0.999999999999999,0.0
0.009514499455690384,0.0004855005443096163,0.1385327166883171,8.570910790935159,4.0,0.009219750761985779,0.9999999999999971,0.0,0.0,0.0,fp32,0.0,13,0.0,10000,detail,0.9999999999999971,0.0,2.8332757210591808e-05,8.367404473014176,1.1020230886060745e-05,0.9999999999999971,0.0
0.010133522562682629,0.00013352256268262842,0.06273170476320575,8.91334162489511,4.0,0.00959329167380929,0.9999999999999989,0.0,0.0,0.0,fp32,0.0,13,0.0,10500,detail,0.9999999999999989,0.0,2.1341998944990337e-05,8.701625063549727,1.2364547728793696e-05,0.9999999999999989,0.0
0.009886576794087887,0.0001134232059121134,0.04511337213920574,9.308933165855706,4.0,0.010023333597928286,0.9999999999999966,0.0,0.0,0.0,fp32,0.0,13,0.0,11000,detail,0.9999999999999966,0.0,5.366270215745317e-06,9.08812143583782,3.698375167004997e-06,0.9999999999999966,0.0
0.009703867137432098,0.0002961328625679018,0.049151562444236095,9.793224124936387,4.0,0.01090445858426392,0.9999999999999978,0.0,0.0,0.0,fp32,0.0,13,0.0,11500,detail,0.9999999999999978,0.0,6.435487648559501e-06,9.562051203567535,4.397528300614795e-06,0.9999999999999978,0.0
0.010296245105564594,0.00029624510556459406,0.030476081436523524,10.300088749965653,4.0,0.011355666676536202,1.0,0.0,0.0,0.0,fp32,0.0,13,0.0,12000,detail,1.0,0.0,2.5522708710923325e-06,10.057902121217921,2.4636569833091926e-06,1.0,0.0
0.009981655515730381,1.8344484269619196e-05,0.028541919133357702,10.764930540928617,4.0,0.011834083823487163,0.9999999999999993,0.0,0.0,0.0,fp32,0.0,13,0.0,12500,detail,0.9999999999999993,0.0,1.7683747500996105e-05,10.51182707468979,8.241520845331252e-06,0.9999999999999993,0.0
0.009689101949334145,0.0003108980506658556,0.03367534557022428,11.228097790852189,4.0,0.01231833384372294,0.9999999999999998,0.0,0.0,0.0,fp32,0.0,13,0.0,13000,detail,0.9999999999999998,0.0,2.1774258129880764e-06,10.963986608665437,5.426614279713249e-06,0.9999999999999998,0.0
0.009350445121526718,0.0006495548784732821,0.028215062275500174,11.750908999936655,4.0,0.012692458927631378,0.999999999999999,0.0,0.0,0.0,fp32,0.0,13,0.0,13500,detail,0.999999999999999,0.0,2.882301259887754e-06,11.476497198687866,2.2275471565080807e-06,0.999999999999999,0.0
0.010030275210738182,3.027521073818186e-05,0.029582222332349334,12.139045040821657,4.0,0.013090541819110513,0.9999999999999992,0.0,0.0,0.0,fp32,0.0,13,0.0,14000,detail,0.9999999999999992,0.0,6.664668944722507e-06,11.855942038586363,2.3892152967164293e-06,0.9999999999999992,0.0
0.009854543954133987,0.00014545604586601278,0.013765973482920649,12.497812082991004,4.0,0.013539499836042523,0.9999999999999991,0.0,0.0,0.0,fp32,0.0,13,0.0,14500,detail,0.9999999999999991,0.0,1.426292897122039e-06,12.204941459931433,1.1847159839817323e-06,0.9999999999999991,0.0
0.010191814042627811,0.00019181404262781122,0.014658675310344723,12.847908540861681,4.0,0.013925124891102314,0.9999999999999974,0.0,0.0,0.0,fp32,0.0,13,0.0,15000,detail,0.9999999999999974,0.0,8.758364629102289e-07,12.546750961104408,1.1126488743684604e-06,0.9999999999999974,0.0
0.01022610068321228,0.00022610068321228007,0.017376626902991844,13.228580082999542,4.0,0.014508791966363788,0.9999999999999973,0.0,0.0,0.0,fp32,0.0,13,0.0,15500,detail,0.9999999999999973,0.0,1.431510781912948e-06,12.918548174435273,1.1211955097678583e-06,0.9999999999999973,0.0
0.01003293041139841,3.293041139841059e-05,0.013816568449511988,13.566463832976297,4.0,0.01487954193726182,0.9999999999999993,0.0,0.0,0.0,fp32,0.0,13,0.0,16000,detail,0.9999999999999993,0.0,9.933719411492348e-07,13.247826629551128,1.0806918453454273e-06,0.9999999999999993,0.0
0.010056528262794018,5.6528262794017584e-05,0.011988084637985234,13.890695999842137,4.0,0.01528133382089436,0.999999999999998,0.0,0.0,0.0,fp32,0.0,13,0.0,16500,detail,0.999999999999998,0.0,6.445092139983899e-07,13.564072545384988,9.362440209770284e-07,0.999999999999998,0.0
0.009802203625440598,0.00019779637455940267,0.01109650849932375,14.318188790930435,4.0,0.01591625064611435,0.9999999999999992,0.0,0.0,0.0,fp32,0.0,13,0.0,17000,detail,0.9999999999999992,0.0,5.064069341642607e-07,13.981979496544227,7.795828764756152e-07,0.9999999999999992,0.0
0.01003752090036869,3.752090036869028e-05,0.010259572098272577,14.744036207906902,4.0,0.01638741767965257,0.999999999999998,0.0,0.0,0.0,fp32,0.0,13,0.0,17500,detail,0.999999999999998,0.0,5.097685402688512e-07,14.398286484181881,6.628148980780679e-07,0.999999999999998,0.0
0.009914224036037922,8.57759639620783e-05,0.010158998934894381,15.164511458016932,4.0,0.01707900082692504,0.999999999999999,0.0,0.0,0.0,fp32,0.0,13,0.0,18000,detail,0.999999999999999,0.0,7.011881848484336e-07,14.808380231494084,8.203803645301377e-07,0.999999999999999,0.0
0.010017305612564087,1.7305612564086706e-05,0.009184263561048275,15.676296665798873,4.0,0.017581875901669264,0.9999999999999979,0.0,0.0,0.0,fp32,0.0,13,0.0,18500,detail,0.9999999999999979,0.0,4.638687300939637e-07,15.30923911742866,5.360009254218312e-07,0.9999999999999979,0.0
0.009989552199840546,1.0447800159454554e-05,0.00894729698449106,16.100885707885027,4.0,0.018024542834609747,0.9999999999999982,0.0,0.0,0.0,fp32,0.0,13,0.0,19000,detail,0.9999999999999982,0.0,3.6609475273507996e-07,15.722131156362593,5.206191531215154e-07,0.9999999999999982,0.0
0.009932298213243484,6.770178675651571e-05,0.008836088017348875,16.51195099996403,4.0,0.018632792634889483,0.9999999999999988,0.0,0.0,0.0,fp32,0.0,13,0.0,19500,detail,0.9999999999999988,0.0,4.278631990928261e-07,16.12160951946862,5.582775202128687e-07,0.9999999999999988,0.0
0.010023525916039944,2.3525916039943487e-05,0.008766932106804907,16.91332787484862,4.0,0.01902716769836843,0.999999999999999,0.0,0.0,0.0,fp32,0.0,13,0.0,20000,detail,0.999999999999999,0.0,4.364711969628843e-07,16.513110934989527,5.685064365934522e-07,0.999999999999999,0.0
0.009593771770596504,0.000406228229403496,133.58102958921776,0.004890207899734378,4.0,0.0,,,,0.0,fixed-e3m4,0.0,13,0.0,0,detail,,,,0.0,0.009294397197663784,,0.00017146923346444964
0.01250873040407896,0.00250873040407896,6.103771908287691,1.5529330419376493,4.0,0.00041512493044137955,0.9999108759908772,5.164674727197023e-10,0.015549173021689611,0.0,fixed-e3m4,0.0,13,0.0,500,detail,0.9697625049915104,4.404284672769756e-07,0.000553667196072638,1.5298265151213855,0.0008023802656680346,0.9697414912885702,0.00014654506230726838
0.009666305035352707,0.0003336949646472933,2.2687412287975857,3.087497791973874,4.0,0.0008195419795811176,0.9999111005477613,1.9052703400668745e-11,0.014162622561156779,0.0,fixed-e3m4,0.0,13,0.0,1000,detail,-0.16318029848164767,7.710363854275332e-07,0.0001431521523045376,3.04623822378926,0.00019763570162467659,-0.1636273889757459,0.00017439482326153666
0.009510258212685585,0.0004897417873144152,1.6928567476318133,4.7099771250505,4.0,0.0012439170386642218,0.9999263505860985,5.6315115875340596e-11,0.016044369614737052,0.0,fixed-e3m4,0.0,13,0.0,1500,detail,-0.10433638715956572,7.332052761528238e-07,0.00012394889199640602,4.649142027366906,0.000191676925169304,-0.10474991898376859,0.00016459535981994122
0.010804343037307262,0.0008043430373072622,0.958174993064824,6.38083383301273,4.0,0.0017067091539502144,0.9999012246539357,4.079131776953417e-11,0.019213627810240667,0.0,fixed-e3m4,0.0,13,0.0,2000,detail,0.68900938956543,7.267375150574031e-07,8.33126250654459e-05,6.299871451454237,8.309447002829984e-05,0.6886045022824614,0.0001683859300101176
0.008443260565400124,0.0015567394345998766,0.6436672714467008,7.911763082956895,4.0,0.0020920841488987207,0.9998990507142893,3.593340346244568e-11,0.021689610775477864,0.0,fixed-e3m4,0.0,13,0.0,2500,detail,0.80371813619642,8.620634639104913e-08,5.638627044390887e-05,7.812618233263493,5.2698847866849974e-05,0.8032377474183806,5.873363988939673e-05
0.009820723906159401,0.00017927609384059927,0.6736391718787229,9.766885749995708,4.0,0.00273266714066267,0.999915064684167,1.3261201944218879e-11,0.018124195305536297,0.0,fixed-e3m4,0.0,13,0.0,3000,detail,0.7438019683569779,2.9148635791524794e-07,7.177376392064616e-05,9.645320317009464,4.9957485316554084e-05,0.7439065982462447,7.266096508828923e-05
0.009231332689523697,0.0007686673104763033,0.6478005450946669,12.003341666888446,4.0,0.0034578340128064156,0.999917092926579,1.882137460995756e-10,0.014558779835594731,0.0,fixed-e3m4,0.0,13,0.0,3500,detail,0.9829550668039172,8.937101222606681e-08,0.00022050074767321348,11.849777107359841,0.00016835948918014765,0.9830494561030878,6.872729863971472e-05
0.013384665362536907,0.003384665362536907,0.9139631386573184,14.192984499968588,4.0,0.003942042822018266,0.9999195775773327,2.0636622284139317e-11,0.02109537486382094,0.0,fixed-e3m4,0.0,13,0.0,4000,detail,0.7223082745441575,2.0762021526628203e-07,7.845239451853558e-05,14.007851738715544,8.257834269898012e-05,0.7218401152051096,7.255832315422595e-05
0.010944847017526627,0.0009448470175266264,0.2975686364192651,16.156731291906908,4.0,0.004354625940322876,0.9999156921047324,3.676852224282448e-12,0.01990690304050708,0.0,fixed-e3m4,0.0,13,0.0,4500,detail,0.6268255176410001,1.7056593398627118e-07,2.473408676451072e-05,15.945243281312287,3.7932448321953416e-05,0.6261931419097082,6.918256258359179e-05
0.009808912873268127,0.00019108712673187277,0.35795071966661923,18.085315332980826,4.0,0.004930918104946613,0.9999014387057341,3.518052707087791e-12,0.020104981677726057,0.0,fixed-e3m4,0.0,13,0.0,5000,detail,0.12373202620496032,4.00897560388757e-08,2.8756188839906827e-05,17.846652287291363,5.136576874065213e-05,0.12407716824423821,3.343183925608173e-05
0.009684429503977299,0.00031557049602270147,0.6837971433834599,20.048880541929975,4.0,0.00556075107306242,0.9998990051359941,3.397488280839669e-11,0.02327423987322967,0.0,fixed-e3m4,0.0,13,0.0,5500,detail,0.7211053415243293,9.394780116618537e-08,6.223451055120677e-05,19.783194578951225,4.74727239634376e-05,0.7200001964031681,4.7556179197272286e-05
0.01235445961356163,0.00235445961356163,0.2960898482549599,21.981695417081937,4.0,0.006451251218095422,0.9999180504569759,2.38892400802162e-12,0.013370308012280875,0.0,fixed-e3m4,0.0,13,0.0,6000,detail,0.17041998324892346,1.149577674739375e-07,3.627555270213634e-05,21.688574773957953,3.327836748212576e-05,0.16990621857773738,5.088948455522768e-05
0.011286560446023941,0.0012865604460239408,0.38467990308108385,23.676763375056908,4.0,0.006894293241202831,0.9999320233599251,3.438667881509139e-11,0.019510745766069128,0.0,fixed-e3m4,0.0,13,0.0,6500,detail,0.7814440301353589,1.0575503878242007e-07,7.498370541725308e-05,23.361392722465098,5.3955776820657775e-05,0.7820992980980456,3.963273047702387e-05
0.009840879589319229,0.00015912041068077108,0.28511978315553355,25.458671791944653,4.0,0.0076262932270765305,0.9999179386435263,1.447658351252485e-12,0.018223234624145785,0.0,fixed-e3m4,0.0,13,0.0,7000,detail,0.0051020451798967905,9.935206350150616e-08,2.5044464564416558e-05,25.11181184113957,5.4294632718665525e-05,0.004330604654261513,4.4018055632477626e-05
0.009464291855692863,0.0005357081443071367,0.1933335730520528,27.262702000094578,4.0,0.008193376241251826,0.9999017480989157,1.6014738419267938e-11,0.027136773298999703,0.0,fixed-e3m4,0.0,13,0.0,7500,detail,0.9500151316243791,1.7285734700948038e-07,3.5376458981772885e-05,26.89081793697551,4.383388295536861e-05,0.9504067816129854,8.43351663206704e-05
0.011196861974895,0.0011968619748950002,0.19592697768479106,29.162114291917533,4.0,0.00870533543638885,0.9999307438182585,9.274996586853308e-13,0.01366742596810934,0.0,fixed-e3m4,0.0,13,0.0,8000,detail,0.5537896625835872,2.2783697612836692e-08,1.4087167073739693e-05,28.76553073222749,2.9457860364345834e-05,0.5545321977544067,4.182496195426211e-05
0.011395019479095936,0.0013950194790959356,0.20629598479413205,30.847682582912967,4.0,0.009342627367004752,0.9999036629027509,5.8442376245939145e-12,0.030603149450331782,0.0,fixed-e3m4,0.0,13,0.0,8500,detail,0.8170465126249508,9.902098244184729e-09,1.8616066881804727e-05,30.429116018814966,1.8604294382384978e-05,0.8170781205779244,2.444168785586953e-05
0.009486609138548374,0.000513390861451626,0.13905064548454787,32.7013399170246,4.0,0.009782752487808466,0.9999164964681613,1.546867028103716e-11,0.03020699217589383,0.0,fixed-e3m4,0.0,13,0.0,9000,detail,0.1434956000413051,1.5839875622155913e-07,4.116744821658358e-05,32.26136263785884,1.611218976904638e-05,0.14172632486012074,5.425507697509602e-05
0.00906990747898817,0.0009300925210118296,0.2569285341592213,34.583372958004475,4.0,0.010230793617665768,0.9999164278853897,7.311713391309252e-12,0.036149351292463106,0.0,fixed-e3m4,0.0,13,0.0,9500,detail,-0.28345536214015804,2.4442318235843715e-07,2.607198985060677e-05,34.12185793160461,4.761303716804832e-05,-0.28506951332850156,9.532379772281274e-05
0.011078652925789356,0.001078652925789356,0.14419586142482488,36.40800375002436,4.0,0.010648002615198493,0.9999142208404873,2.092206472065137e-12,0.027037733980390215,0.0,fixed-e3m4,0.0,13,0.0,10000,detail,0.7114682474058434,2.9581579588364704e-08,1.8983007976203226e-05,35.92359435418621,4.4526197598315775e-05,0.7125305847494655,3.879584983224049e-05
0.009596467949450016,0.0004035320505499842,0.09425233447815949,37.99570337496698,4.0,0.011080502765253186,0.9999001472531011,5.603024140844169e-12,0.023175200554620183,0.0,fixed-e3m4,0.0,13,0.0,10500,detail,0.9550959984127968,1.976695463367032e-08,1.5550702300970443e-05,37.491300265071914,6.624196430493612e-06,0.9547227781606176,4.0787494071992114e-05
0.010108842514455318,0.00010884251445531824,0.10570624204427279,39.64920104201883,4.0,0.011782585643231869,0.9999177033875402,1.3494917466014026e-11,0.04615232247202139,0.0,fixed-e3m4,0.0,13,0.0,11000,detail,-0.14103273891431226,2.6741377426333774e-07,3.708926305989735e-05,39.12524186284281,1.2785179023921955e-05,-0.13902900079544592,5.2082341426284984e-05
0.01007567998021841,7.567998021841028e-05,0.1119220250497652,41.36765870801173,4.0,0.012548585655167699,0.9999157289117798,1.8265266665917907e-12,0.03713974447855799,0.0,fixed-e3m4,0.0,13,0.0,11500,detail,0.8155693895608092,1.4017482071096606e-07,1.3539325664169155e-05,40.82243333221413,9.684450560598634e-06,0.8153854776545753,5.792418960481882e-05
0.00968400202691555,0.00031599797308445,0.0664611047558724,42.99634875007905,4.0,0.012941085733473301,0.9999222868233001,1.3870799378067874e-12,0.039516688125185696,0.0,fixed-e3m4,0.0,13,0.0,12000,detail,-0.5930535488633176,4.838878482864223e-08,9.243110071111005e-06,42.43070586468093,1.4772594113310333e-05,-0.5923981733313322,3.514460695441812e-05
0.009866110049188137,0.00013388995081186315,0.11640738671941314,44.69473162502982,4.0,0.013420752715319395,0.9999022895445295,4.0432771367718315e-12,0.04436961473705061,0.0,fixed-e3m4,0.0,13,0.0,12500,detail,0.15435778577509837,2.3702461738921977e-08,1.3881301129003987e-05,44.10611693793908,1.4506154911941849e-05,0.15459730497771118,3.0753515602555126e-05
0.009738192893564701,0.00026180710643529913,0.06773854651495803,46.38936054194346,4.0,0.013822877779603004,0.9999045964783551,1.4683966055038035e-12,0.040110924036842625,0.0,fixed-e3m4,0.0,13,0.0,13000,detail,-0.1553575252162611,2.9619272880364964e-08,1.2104198503948282e-05,45.779518930008635,7.537337296525948e-06,-0.1549454738803503,2.9804565201629885e-05
0.009656162932515144,0.00034383706748485586,0.05829270561644885,48.1528920000419,4.0,0.014392168959602714,0.9999229707332872,1.4920979710431768e-12,0.036248390611072594,0.0,fixed-e3m4,0.0,13,0.0,13500,detail,0.8983993618293639,2.2130150811805884e-08,7.436511623382103e-06,47.51663076481782,6.842741640866734e-06,0.8979256657048837,2.956541175080929e-05
0.008780021220445633,0.0012199787795543673,0.12302442462539122,50.040563208051026,4.0,0.015029418980702758,0.9999120107200942,2.032664536289864e-12,0.03119738536198871,0.0,fixed-e3m4,0.0,13,0.0,14000,detail,0.19481342999499632,2.4260430135740178e-08,1.2604934454429895e-05,49.379633766599,2.3294438506127335e-05,0.19371991837117908,3.9529648347524926e-05
0.009474202990531921,0.0005257970094680788,0.04214562367122375,51.75790916709229,4.0,0.0158342937938869,0.9999152135354853,1.154858596266168e-13,0.03070218876894127,0.0,fixed-e3m4,0.0,13,0.0,14500,detail,-0.4024168072386216,5.5429681959486426e-08,3.538301825756207e-06,51.071181145263836,4.266137239028467e-06,-0.40324388190756777,3.446350456215441e-05
0.010430272668600082,0.0004302726686000822,0.06726260229583927,53.29014970804565,4.0,0.016419877763837576,0.9999276284477623,1.1584984827912684e-12,0.031098346043379223,0.0,fixed-e3m4,0.0,13,0.0,15000,detail,-0.5060591725373166,5.467341866200578e-08,6.291237696132157e-06,52.5823554196395,5.464688001666218e-06,-0.5059225327231719,3.730002936208621e-05
0.010214375331997871,0.0002143753319978712,0.03588818397040173,54.88275120803155,4.0,0.0168323777616024,0.9999040396101474,1.0594771791581239e-12,0.043577300188174704,0.0,fixed-e3m4,0.0,13,0.0,15500,detail,-0.6317902223769029,6.093349449217154e-08,4.452088887774153e-06,54.1566044727806,4.2988663153664675e-06,-0.6306708043354214,4.370232272776775e-05
0.009105201810598373,0.0008947981894016268,0.051062846141671295,56.361883708043024,4.0,0.01722191972658038,0.9999184332688651,3.4125709673564813e-13,0.04100227790432802,0.0,fixed-e3m4,0.0,13,0.0,16000,detail,0.8616319198694599,3.3637157701128285e-08,3.491740699246293e-06,55.61631384678185,4.479828476178227e-06,0.8615444136371859,3.194143937435001e-05
0.00940051767975092,0.0005994823202490809,0.029874296189932988,57.85521849989891,4.0,0.017744294833391905,0.9999021457391821,2.693394631868049e-13,0.0370407051599485,0.0,fixed-e3m4,0.0,13,0.0,16500,detail,0.5803735957650861,3.458489255537299e-08,5.343444172467571e-06,57.091329551069066,5.949465048615821e-06,0.5806749700723629,2.5302982976427302e-05
0.01019977405667305,0.00019977405667304972,0.06005621666451239,59.30722429207526,4.0,0.018215877702459693,0.9999130427205575,1.8622116763983565e-13,0.027433891254828167,0.0,fixed-e3m4,0.0,13,0.0,17000,detail,-0.241435830909272,6.583190169456208e-08,3.4768900150083937e-06,58.524175353813916,5.3382104852062184e-06,-0.24039936013116417,3.573713911464438e-05
0.008990616537630558,0.0010093834623694422,0.07929670500663347,60.84694162500091,4.0,0.018615043722093105,0.9999211301665305,7.149035620068126e-14,0.029414677627017927,0.0,fixed-e3m4,0.0,13,0.0,17500,detail,-0.5632364040397424,2.6799492546495194e-08,1.8984082998940721e-06,60.045529815135524,5.911348580411868e-06,-0.5623427143674321,3.3334312320221215e-05
0.009092343971133232,0.0009076560288667681,0.041957878560555974,62.44313154206611,4.0,0.019020418636500835,0.9999243351030526,5.910278134313883e-13,0.030999306724769735,0.0,fixed-e3m4,0.0,13,0.0,18000,detail,-0.6801667349722363,6.35773238915106e-08,6.145382485556183e-06,61.622228716965765,4.131185050937347e-06,-0.6810256117570356,3.1557068723486736e-05
0.010469809174537659,0.0004698091745376585,0.03552163703762551,63.992134917061776,4.0,0.01951954374089837,0.9999305992088205,3.1222997288483855e-13,0.04377537882539368,0.0,fixed-e3m4,0.0,13,0.0,18500,detail,0.042469005603488603,3.7446809379922043e-08,2.997093133672024e-06,63.15227500721812,3.678397888506879e-06,0.043302406643313515,3.287496656412259e-05
0.00873058382421732,0.0012694161757826807,0.04680727347169755,65.72793166688643,4.0,0.020300626754760742,0.9999208076860355,1.4916445134139795e-13,0.028028127166485093,0.0,fixed-e3m4,0.0,13,0.0,19000,detail,0.6100062510506039,4.0281238725452013e-08,3.2571363135502907e-06,64.86427766084671,4.455961061466951e-06,0.6113519874316905,5.02164002682548e-05
0.009139192290604115,0.0008608077093958857,0.045537731334884965,67.51005474990234,4.0,0.020688293734565377,0.9999278996715234,1.2550145782888582e-13,0.028424284440923046,0.0,fixed-e3m4,0.0,13,0.0,19500,detail,-0.8129603583411203,1.1398246562205895e-07,1.8171695046476088e-06,66.62585871620104,2.7767446226789616e-06,-0.8140348172401985,3.51344897353556e-05
0.011615627445280552,0.0016156274452805517,0.06032379927778988,69.15343625005335,4.0,0.02113987668417394,0.9999176620955789,8.816001450087858e-13,0.04684559770228781,0.0,fixed-e3m4,0.0,13,0.0,20000,detail,0.3446658542332347,7.920605768502946e-08,4.8637284635333344e-06,68.2459177474957,4.644823548005661e-06,0.3457944572801211,4.586758586810902e-05
-0.0012613898143172264,0.011261389814317227,141.0553085906001,0.005042041884735227,4.0,0.0,,,,0.0,fixed-e4m3,0.0,13,0.0,0,detail,,,,0.0,0.009613198228180408,,0.0013082897057756782
0.011041780933737755,0.0010417809337377546,6.599003514791397,1.7310316250659525,4.0,0.0007363338954746723,0.9996177543624216,3.2596464731878365e-10,0.0,0.0,fixed-e4m3,0.0,13,0.0,500,detail,0.744050352733776,1.7487888630859692e-06,0.00032904132967814803,1.702262160135433,0.00041584327118471265,0.7435658537885853,0.0006661946536041796
0.0067459954880177975,0.0032540045119822027,3.0954843242807217,3.765958708943799,4.0,0.0018054170068353415,0.9997084685163341,1.226300631964082e-09,0.00019807863721897593,0.0,fixed-e4m3,0.0,13,0.0,1000,detail,0.7576327156728416,1.074893049426941e-06,0.0004318863502703607,3.7061123631428927,0.0005573855014517903,0.7576760121637568,0.000497292960062623
0.018358824774622917,0.008358824774622917,3.736500170515171,5.64133824990131,4.0,0.00243758293800056,0.9996803559948412,1.5086231031989117e-08,0.0,0.0,fixed-e4m3,0.0,13,0.0,1500,detail,0.9727853881375376,8.361262176645511e-06,0.0026594277005642653,5.552605410572141,0.0006633129087276757,0.9729989916483579,0.0002797262859530747
0.005736394319683313,0.004263605680316687,1.72942462689735,7.736458417028189,4.0,0.002909082919359207,0.9996211307364814,7.218583333268329e-10,9.903931860948797e-05,0.0,fixed-e4m3,0.0,13,0.0,2000,detail,0.9311835897426878,4.6028716565360195e-07,0.00029831845313310623,7.619211995275691,0.0002460938412696123,0.9314307835513352,0.00045317504554986954
0.010017438791692257,1.743879169225672e-05,1.7614060559768763,9.732575125060976,4.0,0.003446958027780056,0.9996007774957214,3.30552677244573e-10,0.00019807863721897593,0.0,fixed-e4m3,0.0,13,0.0,2500,detail,-0.17153183784871825,1.797362063121735e-06,0.0001229283370776102,9.589432968059555,0.00041924096876755357,-0.17383722182899075,0.0004288470954634249
0.00947204977273941,0.0005279502272605898,0.7388974569993655,11.668312459019944,4.0,0.004041041014716029,0.9996886279573988,1.628101095953664e-10,9.903931860948797e-05,0.0,fixed-e4m3,0.0,13,0.0,3000,detail,-0.7629227598530735,1.2590080198467682e-06,0.00012713050819002092,11.498280631843954,0.00014258512237574905,-0.7625650318306444,0.00044689467176795006
0.010575467720627785,0.0005754677206277845,1.332555794361694,13.482886333949864,4.0,0.004564583068713546,0.9996337280359504,1.5312107158831145e-09,0.00019807863721897593,0.0,fixed-e4m3,0.0,13,0.0,3500,detail,0.8972439812310359,4.07995632916202e-07,0.0004961775266565382,13.2878770516254,0.0003440521250013262,0.8971359106980852,0.00025677113444544375
0.010354333557188511,0.0003543335571885107,0.8732756631589753,15.435400541871786,4.0,0.005033041117712855,0.9996691328902827,6.473318524584331e-10,9.903931860948797e-05,0.0,fixed-e4m3,0.0,13,0.0,4000,detail,0.9677403657442837,3.1049792858935603e-07,0.0003190076386090368,15.216098010307178,7.418811583193019e-05,0.9689661122392297,0.00031118723563849926
0.009765668772161007,0.00023433122783899328,0.5521166087426046,17.257290875073522,4.0,0.00564916618168354,0.9996878382471938,5.355926465449271e-11,0.00019807863721897593,0.0,fixed-e4m3,0.0,13,0.0,4500,detail,0.32767747786686663,1.4137380232207607e-07,5.7120818382827565e-05,16.996679259929806,7.042830111458898e-05,0.3282387263298529,0.00010993880277965218
0.01366153359413147,0.0036615335941314695,0.6576165016413597,18.901474209036678,4.0,0.006121416110545397,0.9994571857407403,2.4709779549656976e-10,0.0004951965930474399,0.0,fixed-e4m3,0.0,13,0.0,5000,detail,0.6314131061512399,1.2610695666340974e-07,8.02236027084291e-05,18.619727269746363,0.00013500425848178566,0.6313335007009766,0.0001759554143063724
0.010398718528449535,0.00039871852844953516,0.4458514006317851,20.624215333955362,4.0,0.006785833276808262,0.9996655281137683,2.7835126342113935e-11,0.00019807863721897593,0.0,fixed-e4m3,0.0,13,0.0,5500,detail,0.15404941722264545,2.836712321819006e-07,9.333495836472139e-05,20.319820855977014,0.00016868954116944224,0.15598412178274237,0.00024339306401088834
0.0069560823030769825,0.0030439176969230177,0.8658886029405906,22.27485179202631,4.0,0.007190666161477566,0.9997281060024384,4.7580338546866416e-11,9.903931860948797e-05,0.0,fixed-e4m3,0.0,13,0.0,6000,detail,0.4160503652968919,9.87889335220077e-07,9.388606122229248e-05,21.946322596631944,8.971425995696336e-05,0.4170144736796955,0.0004198747919872403
0.012050199322402477,0.002050199322402477,0.22895552200506203,23.981619499856606,4.0,0.007599832257255912,0.9996266111705472,1.5063608715251298e-11,0.0,0.0,fixed-e4m3,0.0,13,0.0,6500,detail,0.7010992733774646,1.9067642405273032e-06,4.37053749919869e-05,23.630976346321404,2.4197577658924274e-05,0.7000319634803248,0.0005445582210086286
0.008964103646576405,0.0010358963534235956,1.336923555609124,25.688999667065218,4.0,0.008078290149569511,0.9996433071688986,2.2293640452149408e-09,0.0,0.0,fixed-e4m3,0.0,13,0.0,7000,detail,0.9220271782416899,1.6029547897618644e-06,0.0009010735666379333,25.317766442429274,0.000819206063169986,0.9229605336713499,0.0005133244558237493
0.010113407857716084,0.00011340785771608332,0.24912084141809548,27.342065749922767,4.0,0.008554499130696058,0.9997360993732639,6.2307073364143245e-12,0.0,0.0,fixed-e4m3,0.0,13,0.0,7500,detail,-0.0040457289313026385,3.621802009011463e-06,2.918786231020931e-05,26.94960888940841,3.796868259087205e-05,-0.005668637545273595,0.0008391684386879206
0.011928746476769447,0.0019287464767694471,0.3581262542021575,29.056827625026926,4.0,0.009014290990307927,0.9996843071176742,8.111299809741495e-12,0.00019807863721897593,0.0,fixed-e4m3,0.0,13,0.0,8000,detail,-0.5696739894509424,2.2754042567489957e-06,2.3853808670537546e-05,28.64290117379278,3.7131649150978774e-05,-0.570982394952051,0.0005958269466646016
0.009000842459499836,0.0009991575405001642,0.17738715559658733,30.90971645899117,4.0,0.00948237394914031,0.9996956154503239,6.5954991456435e-12,9.903931860948797e-05,0.0,fixed-e4m3,0.0,13,0.0,8500,detail,-0.3561717973280351,7.71079692240957e-07,2.3346326997852884e-05,30.471774243516847,3.315617868793197e-05,-0.3581598895929395,0.0003137983148917556
0.008168162778019905,0.0018318372219800951,0.38428047065391324,32.55324912490323,4.0,0.009888664819300175,0.9997024558582297,1.269765187527959e-11,0.00019807863721897593,0.0,fixed-e4m3,0.0,13,0.0,9000,detail,0.8613112923231508,1.3581985138007606e-06,2.616556957946159e-05,32.09358182316646,4.8640435124980286e-05,0.8596011948230665,0.0005906471633352339
0.010791345499455929,0.0007913454994559286,0.3015918513562336,34.133230458945036,4.0,0.010341372806578875,0.999701550753722,2.4323411477959654e-11,9.903931860948797e-05,0.0,fixed-e4m3,0.0,13,0.0,9500,detail,-0.8734554162634871,4.078503887042714e-07,4.111622547497973e-05,33.65365389827639,3.3243082725675777e-05,-0.8742914650302793,0.00014216318959370255
0.009090756066143513,0.0009092439338564875,0.1510993131526512,35.60731941694394,4.0,0.010826705722138286,0.9996742823477868,1.5887310650492508e-11,0.00039615727443795186,0.0,fixed-e4m3,0.0,13,0.0,10000,detail,0.29749649901760294,5.971649029766774e-07,2.4386723453062586e-05,35.109483452746645,2.55757386184996e-05,0.2966468239555516,0.00019454670837149024
0.013515472412109375,0.003515472412109375,0.3693208969800549,37.071736874990165,4.0,0.011220621643587947,0.9995959406482943,2.0958830856839032e-11,0.0002971179558284639,0.0,fixed-e4m3,0.0,13,0.0,10500,detail,0.7977142287147522,2.680929618937376e-07,4.0319355321116745e-05,36.55447721318342,4.9290541937807575e-05,0.8000448249376709,0.00011232012184336782
0.008619694970548153,0.0013803050294518473,0.2528365529669744,38.519300791900605,4.0,0.011659079696983099,0.9995971791391223,4.523494640125473e-11,0.00019807863721897593,0.0,fixed-e4m3,0.0,13,0.0,11000,detail,-0.8986721822247957,3.8134156948471696e-07,4.161394463153556e-05,37.98422687058337,3.7875710404478014e-05,-0.8998913283475347,0.0001586936559760943
0.009488728828728199,0.0005112711712718012,0.10042126370998773,40.04527945886366,4.0,0.012295204680413008,0.9996233811541049,3.5215223750628107e-12,0.0,0.0,fixed-e4m3,0.0,13,0.0,11500,detail,0.5667825521914912,3.406938912116165e-07,1.4962421118980274e-05,39.49062225059606,1.1722971066774335e-05,0.5671458400866768,0.00014083109272178262
0.011802615597844124,0.0018026155978441236,0.14548031171653963,41.77706995885819,4.0,0.012688954593613744,0.9996951889537325,6.221678137051086e-12,0.00019807863721897593,0.0,fixed-e4m3,0.0,13,0.0,12000,detail,0.6854510086407368,3.0612193745773123e-07,1.309390427195467e-05,41.201597079634666,1.5527630239375867e-05,0.6861892974612591,0.00018738670041784644
0.01084370631724596,0.00084370631724596,0.11604209790876474,43.42338954191655,4.0,0.013146787649020553,0.9997039686726931,6.884982265555027e-12,9.903931860948797e-05,0.0,fixed-e4m3,0.0,13,0.0,12500,detail,-0.8660537722304881,5.510194130455253e-07,1.5057950804475695e-05,42.829225924564525,4.073349555255845e-05,-0.8657655739809431,0.00015736221394035965
0.010799658484756947,0.0007996584847569464,0.1125639075162133,45.12189816706814,4.0,0.013713578693568707,0.9995878105259657,8.393756354197512e-12,0.0,0.0,fixed-e4m3,0.0,13,0.0,13000,detail,0.2029371756247417,6.734994692548083e-07,1.6481253624078818e-05,44.50453826226294,2.4870498236850835e-05,0.20636712869430845,0.00028346056933514774
0.01055577676743269,0.0005557767674326895,0.05188806390623402,46.751098833978176,4.0,0.014220411656424403,0.9997318397465769,1.8997529464368747e-11,0.00019807863721897593,0.0,fixed-e4m3,0.0,13,0.0,13500,detail,0.9809241874951118,5.782672003259088e-07,1.9986047846032307e-05,46.11455367971212,5.635875822918024e-06,0.9813396002441975,0.00024211891286540776
0.012186266481876373,0.002186266481876373,0.11963939265751863,48.316368124913424,4.0,0.014695161720737815,0.9997766228700218,1.6402524278093895e-11,0.00039615727443795186,0.0,fixed-e4m3,0.0,13,0.0,14000,detail,0.9623832525197944,4.929308503729364e-07,2.1743155230069533e-05,47.66100372397341,1.6146450434462167e-05,0.9629009128836125,0.0002807891578413546
0.010294221341609955,0.0002942213416099546,0.12280069773205021,49.876919749891385,4.0,0.01515291165560484,0.9996924377075379,1.8335483852422843e-12,0.0,0.0,fixed-e4m3,0.0,13,0.0,14500,detail,-0.7822495132430208,6.85823480441802e-07,8.761960089032073e-06,49.201077967649326,1.0311898222425953e-05,-0.7848799645642314,0.0002510207996238023
0.010047310963273048,4.731096327304819e-05,0.051722038100186815,51.442538583884016,4.0,0.01562386960722506,0.9995526492867755,8.650136516389476e-12,0.00039615727443795186,0.0,fixed-e4m3,0.0,13,0.0,15000,detail,-0.9230414102950796,6.76161226767522e-07,6.896878403495066e-06,50.74215133790858,1.1959736184508074e-05,-0.9238748232903103,0.00017864884284790605
0.009803121909499168,0.0001968780905008318,0.08265710257882398,52.95662570907734,4.0,0.0160603285767138,0.9997577951815527,2.269680330229671e-12,0.0002971179558284639,0.0,fixed-e4m3,0.0,13,0.0,15500,detail,-0.917626315466102,1.632665890102128e-06,6.403338829841232e-06,52.23673388408497,9.751366633281577e-06,-0.9166803295704846,0.000370440015103668
0.01015104353427887,0.00015104353427886942,0.04727380654392892,54.51623941701837,4.0,0.016457744408398867,0.9995847287077917,3.469116653680981e-12,9.903931860948797e-05,0.0,fixed-e4m3,0.0,13,0.0,16000,detail,0.9208481226587908,8.442970350203184e-07,4.263405571691692e-06,53.7704308477696,4.0735790207691025e-06,0.923907664974822,0.00026982108829542994
0.010027092881500721,2.709288150072077e-05,0.02835859974720229,56.21862595900893,4.0,0.016913494328036904,0.9996104273501835,4.501825586287804e-12,0.0002971179558284639,0.0,fixed-e4m3,0.0,13,0.0,16500,detail,0.769894074519605,7.917731476305906e-07,7.131108759494964e-06,55.45337913511321,2.8026784093526658e-06,0.7686391397824832,0.00023213279200717807
0.00985705852508545,0.000142941474914551,0.04015319974597829,58.029798541916534,4.0,0.017800452420488,0.9995799738565266,1.7701936872436298e-12,0.0002971179558284639,0.0,fixed-e4m3,0.0,13,0.0,17000,detail,0.48262561144033655,7.022146964776836e-07,4.995370545657352e-06,57.240599762881175,3.523212171785417e-06,0.4812833131063919,0.0002618662256281823
0.01047272514551878,0.00047272514551877955,0.0738798228122736,59.715072833932936,4.0,0.018217452336102724,0.9996329179306791,1.0517059501038705e-11,0.003169258195503615,0.0,fixed-e4m3,0.0,13,0.0,17500,detail,0.6650588242454063,9.30779264772577e-07,1.0715405551309232e-05,58.90416026697494,0.00010248587204841897,0.6716436084353107,0.00013948706327937543
0.009746991097927094,0.0002530089020729067,0.04593731880488505,61.23488299991004,4.0,0.01861332729458809,0.9996883260794349,2.4133964497904585e-12,9.903931860948797e-05,0.0,fixed-e4m3,0.0,13,0.0,18000,detail,-0.7698596454060338,1.4215547645933884e-06,7.573831680929288e-06,60.4049783134833,7.1748772825230844e-06,-0.7693208139262774,0.00037284207064658403
0.009810065850615501,0.0001899341493844988,0.034846822635439416,62.78078633407131,4.0,0.019048743415623903,0.9996926761751136,2.4562512348960197e-12,0.0,0.0,fixed-e4m3,0.0,13,0.0,18500,detail,-0.2484350356526385,1.0494212609029082e-06,5.463840352604166e-06,61.930573862977326,7.180048669397365e-06,-0.2505437504861479,0.0003416036779526621
0.010004519484937191,4.519484937190801e-06,0.03332637807168417,64.62015858385712,4.0,0.019446743419393897,0.9997774105543722,1.6762857932839551e-12,0.0,0.0,fixed-e4m3,0.0,13,0.0,19000,detail,-0.6237674450405442,8.399531286630524e-07,5.624617188004777e-06,63.74919199338183,6.057251084712334e-06,-0.6244763857858353,0.0003071617102250457
0.010114576667547226,0.00011457666754722574,0.046157713886028025,66.0924355420284,4.0,0.020032076397910714,0.9996748537828546,3.936342947065656e-13,9.903931860948797e-05,0.0,fixed-e4m3,0.0,13,0.0,19500,detail,-0.0812944078972334,6.436975421734726e-07,5.028706254961435e-06,65.20090698217973,5.125856660015415e-06,-0.08048163073135337,0.0002788881247397512
0.0100396191701293,3.9619170129298956e-05,0.03987833746886059,67.64167012507096,4.0,0.02043028431944549,0.9996657431234872,3.285621813882654e-12,0.0005942359116569278,0.0,fixed-e4m3,0.0,13,0.0,20000,detail,-0.7463004716026902,6.743900259902846e-07,6.716209554724628e-06,66.72870722971857,7.029914740996901e-06,-0.7494274676498981,0.00030715236789546907
0.01853720284998417,0.008537202849984169,149.7157509669082,0.0047628749161958694,4.0,0.0,,,,0.0,fixed-e5m2,0.0,13,0.0,0,detail,,,,0.0,0.00999469868838787,,0.0018613924039527774
0.008616600185632706,0.0013833998143672945,6.567057691827206,2.4099920419976115,4.0,0.0006152919959276915,0.9987905013008008,4.131845354364284e-09,0.0,0.0,fixed-e5m2,0.0,13,0.0,500,detail,0.9127404775562885,1.392062887723613e-06,0.0005334349698387086,2.375488786259666,0.00039110303623601794,0.9143861122034895,0.0013520282227545977
0.007446472533047199,0.002553527466952801,4.064668294446328,5.422876416938379,4.0,0.0014432508032768965,0.998502993518795,1.9391211243690198e-09,0.0,0.0,fixed-e5m2,0.0,13,0.0,1000,detail,0.8841161993807584,6.873864404701039e-06,0.00028068380197510123,5.347424613311887,0.0009815917583182454,0.887135950216603,0.00222820695489645
0.015774646773934364,0.005774646773934364,3.017936258501045,8.052868332946673,4.0,0.0022351678926497698,0.9986601975179504,1.8529394036771347e-09,0.0,0.0,fixed-e5m2,0.0,13,0.0,1500,detail,0.4857868241055073,2.215619208979737e-06,0.00031109648989513516,7.945599785307422,0.00023239973234012723,0.49116819441422155,0.0011797321494668722
0.004948314744979143,0.005051685255020857,2.243411608347248,10.748522500041872,4.0,0.0029987930320203304,0.9985426691547726,8.205333575943549e-10,0.0,0.0,fixed-e5m2,0.0,13,0.0,2000,detail,-0.5563161457655974,3.348274338712115e-06,0.00019081194477621466,10.608872409909964,0.0002759312919806689,-0.5617356121097855,0.0014693769626319408
0.00658083613961935,0.0034191638603806498,2.052259802770168,12.955686916830018,4.0,0.0038682930171489716,0.9989763189756663,6.201888433564532e-10,0.0,0.0,fixed-e5m2,0.0,13,0.0,2500,detail,-0.2610346696291668,1.3329103534085138e-05,0.0002390692534390837,12.788578906096518,0.00023168089683167636,-0.26241955824188307,0.0022257105447351933
0.012560024857521057,0.002560024857521057,1.167943511882284,15.148682500002906,4.0,0.0043111678678542376,0.9984920787889169,2.6214503299341786e-10,0.0,0.0,fixed-e5m2,0.0,13,0.0,3000,detail,-0.7976574076739655,1.338059332634453e-05,9.554663847666234e-05,14.954421192407608,9.769917232915759e-05,-0.8019896349250337,0.0028209977317601442
0.010002059862017632,2.0598620176313226e-06,1.2723078642843988,17.076662332983688,4.0,0.004882834851741791,0.9987199891830179,6.812192720254833e-10,0.0,0.0,fixed-e5m2,0.0,13,0.0,3500,detail,-0.7696075666952006,4.3051024561729405e-06,0.0002505761804059148,16.856465731048957,0.00016671711637172848,-0.7715708162367038,0.0013669688487425447
0.009116380475461483,0.0008836195245385172,0.9508628796703864,19.149966042023152,4.0,0.005351501749828458,0.9987915202648786,4.305971120195847e-10,0.0,0.0,fixed-e5m2,0.0,13,0.0,4000,detail,0.8833157149690759,1.7654207983603133e-06,0.0001220185513375327,18.903830899158493,0.00013869187387172133,0.8840038185284589,0.000986361992545426
0.008868410252034664,0.001131589747965336,0.6849489686599731,21.30104354186915,4.0,0.005972459679469466,0.998644555751103,3.8587920891875455e-10,0.0,0.0,fixed-e5m2,0.0,13,0.0,4500,detail,0.7913682132156644,2.7789763894517093e-06,9.38397497520782e-05,21.02474926575087,7.347529026446864e-05,0.7932425821479632,0.0012285351986065507
0.007460528519004583,0.002539471480995417,0.9870659675817206,23.552891582949087,4.0,0.006636626552790403,0.9991865446421935,2.901939060213521e-10,0.0,0.0,fixed-e5m2,0.0,13,0.0,5000,detail,-0.2985007093347632,4.0894400999605464e-06,8.563645678805187e-05,23.246578520862386,0.0001644819276407361,-0.30543658867086093,0.001859877142123878
0.008530646562576294,0.0014693534374237063,0.712970519509435,25.536068917019293,4.0,0.007142292568460107,0.9987879979614547,1.0505145502173997e-10,0.0,0.0,fixed-e5m2,0.0,13,0.0,5500,detail,-0.10484163356235635,3.953734988310207e-07,5.1962178986286744e-05,25.203134971437976,6.986697553656995e-05,-0.10461612710329674,0.00032021201332099736
0.012224948965013027,0.002224948965013027,0.5656123590851114,27.433645667042583,4.0,0.007711500395089388,0.9985783084002653,2.0867314371531708e-10,0.0,0.0,fixed-e5m2,0.0,13,0.0,6000,detail,0.7664274334357201,1.02990812148529e-06,6.963324995012954e-05,27.075241710059345,7.295228715520352e-05,0.7713017089568648,0.0005666340002790093
0.009068815968930721,0.0009311840310692789,0.6642702309198956,29.434739416930825,4.0,0.0082480413839221,0.9986577171512961,2.7376778707572334e-10,0.0,0.0,fixed-e5m2,0.0,13,0.0,6500,detail,0.6482385513053956,3.19779630274618e-07,7.551969611085951e-05,29.049644467420876,8.298886677948758e-05,0.6489230889796976,0.0006052728276699781
0.011660653166472912,0.0016606531664729116,0.6468676255943018,31.447008332936093,4.0,0.0087005824316293,0.9985891489632951,2.0239617510912034e-10,0.0,0.0,fixed-e5m2,0.0,13,0.0,7000,detail,-0.1662420424403347,2.0263678563990282e-07,7.860548794269562e-05,31.03668564138934,6.722100806655362e-05,-0.16367302318000237,0.0002214874984929338
0.009445668198168278,0.0005543318018317225,0.8068237847955528,33.55486504198052,4.0,0.009358624462038279,0.9987325674072117,1.851446001350845e-10,0.0,0.0,fixed-e5m2,0.0,13,0.0,7500,detail,0.7425669901731017,1.732561654643866e-06,8.02861904958263e-05,33.11476925946772,0.00019065516244154423,0.7427932259757399,0.0007246465538628399
0.012331580743193626,0.002331580743193626,0.540635415461939,36.16296491702087,4.0,0.00997449946589768,0.9985522126884344,1.7666804374556886e-10,0.0,0.0,fixed-e5m2,0.0,13,0.0,8000,detail,0.5946189034620192,9.98241057568826e-07,5.428934673545882e-05,35.6871848795563,5.046274600317702e-05,0.5861310245376552,0.0006662877276539803
0.01267300359904766,0.0026730035990476606,0.5921853414293915,37.999794458039105,4.0,0.010375833604484797,0.9985606806760144,3.7493080117598387e-10,0.0,0.0,fixed-e5m2,0.0,13,0.0,8500,detail,0.9638632981416603,2.8078416697177316e-06,7.400757749564946e-05,37.49990987870842,6.494391709566116e-05,0.9656335193449722,0.0012917075073346496
0.0051452601328492165,0.004854739867150784,0.5247045485551619,39.53898616693914,4.0,0.01075866655446589,0.9987393145879662,1.0998955741995307e-10,0.0,0.0,fixed-e5m2,0.0,13,0.0,9000,detail,-0.9204873429127302,1.8963980361135404e-06,3.984728755312972e-05,39.01980084227398,5.390651131165214e-05,-0.923139058195279,0.0006817620014771819
0.008931603282690048,0.001068396717309952,0.14764987335896185,41.03331929189153,4.0,0.011147124459967017,0.9984542830349796,1.0722132552227072e-11,0.0,0.0,fixed-e5m2,0.0,13,0.0,9500,detail,0.2927434041399762,3.414620404565648e-07,1.6786281776148826e-05,40.4944283424411,2.8920105251017958e-05,0.29301622871670724,0.0003260801895521581
0.00826561450958252,0.0017343854904174807,0.3255929038495424,42.45102662499994,4.0,0.011521082604303956,0.9982647609573929,1.052910596917767e-10,0.0,0.0,fixed-e5m2,0.0,13,0.0,10000,detail,-0.41992640932231595,1.9165161430684904e-07,3.4377753763692454e-05,41.89451659703627,4.00058961531613e-05,-0.4060798853931821,0.00017432947061024606
0.01061987690627575,0.000619876906275749,0.15741917727235527,43.88432383304462,4.0,0.011921791592612863,0.9990566351933535,6.24961631882939e-12,0.0,0.0,fixed-e5m2,0.0,13,0.0,10500,detail,-0.6058457436849928,2.9055322040419544e-07,1.6554111425648443e-05,43.30993158300407,2.315231722604949e-05,-0.6045362973088393,0.0002567293995525688
0.008150549605488777,0.001849450394511223,0.18476737879511257,45.32321429182775,4.0,0.012316291686147451,0.9987058534552067,1.8767127921288639e-10,0.0,0.0,fixed-e5m2,0.0,13,0.0,11000,detail,-0.2395353584820128,1.8433905792007005e-07,3.774829747271724e-05,44.73115928587504,0.00014108656614553183,-0.2473724703791418,0.00020999135449528694
0.008603359572589397,0.0013966404274106028,0.32938680515082114,46.7329145828262,4.0,0.012699333718046546,0.9985492864962421,7.190694814699048e-11,0.0,0.0,fixed-e5m2,0.0,13,0.0,11500,detail,0.9297423300001959,6.938147154145863e-07,1.3795861377730034e-05,46.12310677068308,4.8483474529348314e-05,0.9315688315553694,0.0005012996844016016
0.009064230136573315,0.0009357698634266855,0.25345353126233755,48.10283300001174,4.0,0.013086458668112755,0.9977772577418594,1.8848873443195337e-10,0.0,0.0,fixed-e5m2,0.0,13,0.0,12000,detail,0.840095681358454,9.695217620783122e-08,3.518968151183799e-05,47.476300256792456,2.7885762392543256e-05,0.8335985670046446,0.00014710193499922752
0.010151254013180733,0.00015125401318073252,0.10936032365774581,49.471016583032906,4.0,0.01350812567397952,0.998318247098684,3.784643727136278e-12,0.0,0.0,fixed-e5m2,0.0,13,0.0,12500,detail,0.3310348971047871,3.687442864125537e-07,1.2611839338205755e-05,48.82729592360556,1.215881547977915e-05,0.32532144706956084,0.00013073431910015643
0.009832535870373249,0.00016746412962675115,0.18865935547858415,50.82888454198837,4.0,0.013899750541895628,0.9989713242809689,1.7990081406544494e-10,0.0,0.0,fixed-e5m2,0.0,13,0.0,13000,detail,0.4501866603088862,9.559345123432703e-08,4.7055382310645655e-05,50.16856521531008,1.6023912394302897e-05,0.44498274829546897,0.00010169624874833971
0.009533250704407692,0.00046674929559230825,0.1281322689957263,52.2066564578563,4.0,0.014296500710770488,0.9988600058681022,1.4303103139448923e-11,0.0,0.0,fixed-e5m2,0.0,13,0.0,13500,detail,-0.8961871021510184,5.675238546031543e-08,1.2603117284015752e-05,51.53016951982863,1.3674822184839286e-05,-0.8979016438424946,0.00012562464689835906
0.010119736194610596,0.0001197361946105955,0.1785140418014375,53.57950929203071,4.0,0.014686958864331245,0.9986858389487938,7.912032688924553e-11,0.0,0.0,fixed-e5m2,0.0,13,0.0,14000,detail,0.8858453790247908,1.090259155976168e-07,2.6635767426341772e-05,52.886933643138036,1.7989550542552024e-05,0.8816009853753967,0.00014754415315110236
0.010163928382098675,0.00016392838209867457,0.1814425160035286,54.94632558291778,4.0,0.015107916900888085,0.9985731814520121,5.339237295971555e-11,0.0,0.0,fixed-e5m2,0.0,13,0.0,14500,detail,-0.07444953772268852,1.7689975224272423e-07,2.5099003323703073e-05,54.236290221102536,1.567086837894749e-05,-0.06749580679617088,0.00019174332555849105
0.009887168183922768,0.00011283181607723257,0.10431771488804911,56.32164766686037,4.0,0.015505499904975295,0.9989243024646288,3.920241551934451e-12,0.0,0.0,fixed-e5m2,0.0,13,0.0,15000,detail,-0.36634077149893685,1.2255440040938444e-07,9.657185728428885e-06,55.5930463783443,8.93542619451182e-06,-0.36997340341121226,0.00013358000433072448
0.011937174946069717,0.0019371749460697172,0.15598398587055204,57.69340099999681,4.0,0.01589420880191028,0.9989304115318465,1.8726221463774578e-11,0.0,0.0,fixed-e5m2,0.0,13,0.0,15500,detail,0.9577339140103924,3.167208498780656e-07,1.1777172403526492e-05,56.94627268984914,1.3472062164510135e-05,0.9594688989672276,0.00018198019824922085
0.00957308616489172,0.0004269138351082804,0.0627939263937451,59.05872524995357,4.0,0.016291624633595347,0.9984413892377532,1.319134361430931e-11,0.0,0.0,fixed-e5m2,0.0,13,0.0,16000,detail,-0.9242495219133495,2.649211447439466e-07,7.281231773959007e-06,58.29380191140808,5.931980922468938e-06,-0.926174803963919,0.00016071707068476826
0.011781465262174606,0.0017814652621746061,0.19166750283625342,60.42679912503809,4.0,0.01669104164466262,0.9987774044540649,5.219296130421309e-12,0.0,0.0,fixed-e5m2,0.0,13,0.0,16500,detail,0.033195622550593606,8.501916909757063e-08,1.1596941476454958e-05,59.643749120179564,1.284195877815364e-05,0.04056914870298177,0.0001031022475217469
0.007968015037477016,0.0020319849625229838,0.2672545122254167,61.827185875037685,4.0,0.01721579162403941,0.9987579430786959,1.1926001201995287e-11,0.0,0.0,fixed-e5m2,0.0,13,0.0,17000,detail,0.17600095897323925,2.3485254153552016e-07,1.5894233001745306e-05,61.025590892415494,2.4047389160841703e-05,0.16651267368040013,0.00022802084276918322
0.010099055245518684,9.905524551868418e-05,0.09789611959342814,63.19308825000189,4.0,0.017610208597034216,0.9985669813316445,1.3121290448421842e-12,0.0,0.0,fixed-e5m2,0.0,13,0.0,17500,detail,-0.09540291921415532,1.451830764049214e-07,4.951603386871284e-06,62.37359743495472,8.822041309031192e-06,-0.09536042062657962,0.00017236554413102567
0.010581046342849731,0.0005810463428497312,0.13460114751343058,64.56060045794584,4.0,0.018070583464577794,0.9987385313667404,2.9741880310697107e-12,0.0,0.0,fixed-e5m2,0.0,13,0.0,18000,detail,0.7921783366891871,1.9635620924017225e-07,5.9430094552226365e-06,63.723260602215305,1.753985634422861e-05,0.7904962663899037,0.0001441202766727656
0.010721568018198013,0.0007215680181980131,0.08581846785858702,65.96583695802838,4.0,0.01847420842386782,0.9989004537477871,3.120633628893046e-11,0.0,0.0,fixed-e5m2,0.0,13,0.0,18500,detail,-0.38849529217025003,1.7057695977556916e-07,1.5940946468617767e-05,65.11036734771915,7.299276603589533e-06,-0.3916905867517561,0.00013349602522794157
0.010263287462294102,0.0002632874622941015,0.10109559684024862,67.42671591695398,4.0,0.018847333500161767,0.998474264395686,7.417299716379456e-12,0.0,0.0,fixed-e5m2,0.0,13,0.0,19000,detail,-0.5133587990995931,1.0527064814261855e-07,1.0019168257713318e-05,66.55370626412332,1.0829382517840713e-05,-0.5215555737360608,0.00010983207175740972
0.010390925221145153,0.00039092522114515284,0.10082341049985127,68.84389383299276,4.0,0.019304583314806223,0.9987285537196318,4.742486119922204e-12,0.0,0.0,fixed-e5m2,0.0,13,0.0,19500,detail,-0.8104442402447045,2.422321687597685e-07,6.861756446596701e-06,67.95341596053913,1.202673593070358e-05,-0.8088754463585579,0.00015819146938156337
0.009988993406295776,1.1006593704223841e-05,0.06148397878363025,70.29822237486951,4.0,0.019704875303432345,0.9985586031673508,1.4103365430333e-11,0.0,0.0,fixed-e5m2,0.0,13,0.0,20000,detail,-0.9293184883739379,1.7384075026198988e-07,9.315581337432377e-06,69.38804667582735,7.537901183241047e-06,-0.9324512574863355,0.00011356218601576984
-0.0012613898143172264,0.011261389814317227,141.0553085906001,0.004276957828551531,4.0,0.0,,,,0.0,fixed-hybrid,0.0,13,0.0,0,detail,,,,0.0,0.009613198228180408,,0.0013082897057756782
0.010834655724465847,0.0008346557244658468,5.752584232530258,1.5312459159176797,4.0,0.0004284160677343607,0.9987038214454526,1.4509960952970186e-09,0.0,0.0,fixed-hybrid,0.0,13,0.0,500,detail,0.6512417826614381,3.88675688649052e-07,0.0003537936136126518,1.5082096438854933,0.0003767536545637995,0.6565150255019611,0.00031364543247036636
0.008006603457033634,0.001993396542966366,2.982730077582523,3.097262708004564,4.0,0.0008474581409245729,0.9985805076567048,1.8951526902002247e-09,0.0,0.0,fixed-hybrid,0.0,13,0.0,1000,detail,0.559471824351251,1.607699914047591e-06,0.00022279065160546452,3.054578675189987,0.00025549368001520634,0.5607785682405914,0.0003663746756501496
0.01229875162243843,0.0022987516224384306,1.6349251416357398,4.90824491600506,4.0,0.001314791152253747,0.9984558609174405,1.0113145869234515e-09,0.0,0.0,fixed-hybrid,0.0,13,0.0,1500,detail,0.7071007532265878,1.7442593822900516e-06,0.00013438123278319836,4.840871494496241,0.00013403732737060636,0.7109698027481552,0.00036057987017557025
0.0026157721877098083,0.007384227812290192,2.0255798341253737,6.433723457856104,4.0,0.0017454992048442364,0.998483323003825,8.06192028199243e-10,0.0,0.0,fixed-hybrid,0.0,13,0.0,2000,detail,-0.8411364515005607,7.608601060051458e-06,0.00015300550148822367,6.346454980084673,0.00019357146811671555,-0.8429443480943317,0.0010902819922193885
0.007641397882252932,0.0023586021177470686,1.1772012903083209,7.977421582909301,4.0,0.0021481241565197706,0.9988387575390063,3.7366774190881804e-10,0.0,0.0,fixed-hybrid,0.0,13,0.0,2500,detail,-0.2610491062825384,2.022595564787732e-06,0.000105852130218409,7.8678544498980045,0.00019400258315727115,-0.2660345611313495,0.0004531762679107487
0.013232605531811714,0.003232605531811714,1.2252941929074976,9.506505040917546,4.0,0.002542124129831791,0.9987316651700522,5.271896554037205e-10,0.0,0.0,fixed-hybrid,0.0,13,0.0,3000,detail,0.9109056641054085,3.3038957525407217e-07,0.00011744772200472653,9.376293900888413,0.00018098494911100715,0.9116324036607191,0.00021078535064589232
0.011101942509412766,0.0011019425094127653,0.7881186871597204,10.996596332872286,4.0,0.0029688740614801645,0.9983763037903516,2.3607924764957006e-09,0.0,0.0,fixed-hybrid,0.0,13,0.0,3500,detail,0.8385928677365618,2.853227499471575e-07,0.00019761253497563303,10.847192663699389,0.00010915826715063304,0.8381686116417673,0.00014646269846707582
0.009365173056721687,0.0006348269432783129,0.4647791875538015,12.480563665973023,4.0,0.003358416026458144,0.9984687367399503,1.0641754072540823e-10,0.0,0.0,fixed-hybrid,0.0,13,0.0,4000,detail,0.6011505844585856,1.3271618682393539e-07,4.3651343730743974e-05,12.31196475843899,4.1652892832644284e-05,0.6030342310829208,0.00017709436360746622
0.010402072221040726,0.0004020722210407255,0.5208139299668942,14.000656374963,4.0,0.0037600828800350428,0.9986501327271284,4.887185143034463e-10,0.0,0.0,fixed-hybrid,0.0,13,0.0,4500,detail,-0.5874617109416352,5.67751436379457e-07,0.00012787562445737422,13.813541099661961,0.00010538183414610103,-0.5923224984348454,0.00018756023200694472
0.009727624244987965,0.0002723757550120356,0.6286055588881002,15.466007124865428,4.0,0.004191667074337602,0.9987022157499371,1.387414468160813e-10,0.0,0.0,fixed-hybrid,0.0,13,0.0,5000,detail,-0.7054930860934531,3.608707436339252e-07,5.131459329277277e-05,15.2610265603289,0.00010518167982809246,-0.7030221125500766,0.00016772329399827868
0.01554822362959385,0.005548223629593849,0.9384417183914731,16.95589324994944,4.0,0.004586041904985905,0.998473762799996,1.7818426739505129e-09,0.0,0.0,fixed-hybrid,0.0,13,0.0,5500,detail,0.9882069722336604,5.511199977403031e-07,0.00023086815781425685,16.732896466506645,8.595050894655287e-05,0.9898522071839756,0.0005123592563904822
0.010851040482521057,0.0008510404825210569,0.2661706984649069,18.435904332902282,4.0,0.005126583855599165,0.998584123431278,1.7325454653557094e-11,0.0,0.0,fixed-hybrid,0.0,13,0.0,6000,detail,0.5239164488284863,1.9338525632801736e-07,2.5774510504561476e-05,18.193778750719503,0.00011042798723792657,0.517381069837399,0.00022610167798120528
0.00785733200609684,0.0021426679939031603,0.46210280519872354,19.891415832797065,4.0,0.0055272087920457125,0.9989495174996935,1.1495442344032954e-10,0.0,0.0,fixed-hybrid,0.0,13,0.0,6500,detail,0.8038201913894143,5.144013313007015e-07,7.419531175401062e-05,19.631271878257394,5.2799379773205146e-05,0.8036940044274582,0.00030924539896659553
0.010130532085895538,0.00013053208589553812,0.25060220745829886,21.42723674979061,4.0,0.006053500575944781,0.9985899651464127,1.4461555113927647e-10,0.0,0.0,fixed-hybrid,0.0,13,0.0,7000,detail,-0.7012581589934923,6.332943234419352e-07,2.809207944665104e-05,21.148731279419735,1.7458125512348488e-05,-0.7040409592446079,0.00020256623975001276
0.01200142316520214,0.0020014231652021406,0.4997256298697139,22.947195457993075,4.0,0.00647675059735775,0.9988120146885043,9.089221957273113e-10,0.0,0.0,fixed-hybrid,0.0,13,0.0,7500,detail,-0.3949495890767004,8.825304102303688e-07,0.00018226876272819936,22.648339306237176,9.76798401097767e-05,-0.3893428881173377,0.0002811292069964111
0.01108585111796856,0.001085851117968559,0.2199084047891763,24.53338279086165,4.0,0.006895333528518677,0.9984220630436029,8.116401883109783e-11,0.0,0.0,fixed-hybrid,0.0,13,0.0,8000,detail,-0.3837628650065811,1.8752598400150904e-07,3.5313474654685706e-05,24.21480426657945,2.2854763301438652e-05,-0.3831555209960765,0.00012430261995177716
0.011471131816506386,0.0014711318165063856,0.1657405643890097,26.10200133291073,4.0,0.007370417471975088,0.9984738824039345,1.6865978270628258e-11,0.0,0.0,fixed-hybrid,0.0,13,0.0,8500,detail,0.5325604612563569,3.291672446015807e-08,2.4239936465164647e-05,25.760790282394737,1.3497833606379572e-05,0.534851779469352,6.994738942012191e-05
0.008881879039108753,0.001118120960891247,0.20584290720936915,27.63961579091847,4.0,0.007797125494107604,0.9991125476735875,8.636258095992688e-11,0.0,0.0,fixed-hybrid,0.0,13,0.0,9000,detail,0.8247361530084335,2.4477339253988322e-08,2.6410316422698088e-05,27.277955366764218,3.863454548991285e-05,0.8240947277578307,8.657321450300515e-05
0.01073200162500143,0.0007320016250014303,0.15823653250488887,29.193792374804616,4.0,0.008195083355531096,0.9985611358302089,1.6363446915954776e-10,0.0,0.0,fixed-hybrid,0.0,13,0.0,9500,detail,0.6701883703201684,7.063164235311789e-08,3.743389970622957e-05,28.810506828827783,2.585284164524637e-05,0.6723498617873598,0.00011580098362173885
0.009058943018317223,0.0009410569816827776,0.18415647703625093,30.719422583002597,4.0,0.008843083400279284,0.9986746525703702,3.813854885085688e-11,0.0,0.0,fixed-hybrid,0.0,13,0.0,10000,detail,-0.012484988008758283,2.281592502380644e-07,2.9341663321247324e-05,30.316645987564698,3.160426422255114e-05,-0.012332337761037196,0.00017774289881344885
0.01079538930207491,0.000795389302074909,0.17989322822851048,32.22638999996707,4.0,0.009266374399885535,0.9988422614667045,1.510317174886794e-10,0.0,0.0,fixed-hybrid,0.0,13,0.0,10500,detail,0.7961431743663006,7.512598405605643e-07,4.5836703066015616e-05,31.80478633660823,3.172047217958607e-05,0.7952427081946907,0.00032884880783967674
0.009725457988679409,0.0002745420113205912,0.13065891762178947,33.77943091583438,4.0,0.009675957262516022,0.9987718259165509,1.240105786553085e-11,0.0,0.0,fixed-hybrid,0.0,13,0.0,11000,detail,-0.6953859656516417,6.424157364441706e-07,1.5079584045452066e-05,33.33992550568655,2.6682477255235426e-05,-0.6978121885953225,0.00015839126717764884
0.009434712119400501,0.000565287880599499,0.12824234002992416,35.258220290998,4.0,0.010276582324877381,0.9987578417075099,1.6762422548148527e-11,0.0,0.0,fixed-hybrid,0.0,13,0.0,11500,detail,0.07062207148519595,7.59346149462198e-07,1.6705274902051315e-05,34.799901669612154,1.6145684639923275e-05,0.0728380854870358,0.00024974049301818013
0.009729769080877304,0.00027023091912269613,0.13574099900789963,36.705044499831274,4.0,0.010669248178601265,0.9984950755240087,1.159717674822235e-10,0.0,0.0,fixed-hybrid,0.0,13,0.0,12000,detail,0.8708027853962043,2.9498217418172357e-07,2.0443814719328657e-05,36.228717383695766,2.3421916921506636e-05,0.8755976633618313,0.00011956325033679605
0.009635203517973423,0.0003647964820265772,0.06391408929959741,38.22356304083951,4.0,0.011084414087235928,0.9987284109063849,8.034663255179982e-12,0.0,0.0,fixed-hybrid,0.0,13,0.0,12500,detail,-0.44044274121757854,1.0554044930399906e-07,1.0086348993354477e-05,37.72825184231624,1.1064101272495463e-05,-0.44472821090125947,6.167503306642175e-05
0.01191745512187481,0.001917455121874809,0.0969283086956438,39.71118862484582,4.0,0.011703164083883166,0.9988608945182874,8.306456773578891e-12,0.0,0.0,fixed-hybrid,0.0,13,0.0,13000,detail,-0.4877003486212938,7.445609452114186e-08,9.264233995054383e-06,39.1968413896393,1.1406446901673917e-05,-0.48726461475417426,8.519917901139706e-05
0.009118160232901573,0.000881839767098427,0.15489340927040318,41.21486345794983,4.0,0.012089623138308525,0.9988551080698831,7.210318810115161e-11,0.0,0.0,fixed-hybrid,0.0,13,0.0,13500,detail,0.4646317567115017,8.667365541049961e-08,1.815609539335128e-05,40.681712018791586,2.2665306460112333e-05,0.46086924121845774,7.044147059787065e-05
0.009571912698447704,0.0004280873015522959,0.0888782538096928,42.745155040873215,4.0,0.012802498182281852,0.9987709627936312,1.3653504677645804e-11,0.0,0.0,fixed-hybrid,0.0,13,0.0,14000,detail,-0.5412974670974192,6.270135391166611e-08,1.7525151633890346e-05,42.191166733624414,1.4430906048801262e-05,-0.5453034352586976,7.043119694571942e-05
0.009794654324650764,0.00020534567534923574,0.055943904429571874,44.3706884579733,4.0,0.013332164147868752,0.9985520468416637,7.89795006580193e-11,0.0,0.0,fixed-hybrid,0.0,13,0.0,14500,detail,-0.0975080136358564,6.417142048391524e-08,2.8133586965850554e-05,43.79606345226057,8.176926712621935e-06,-0.10177230703356786,5.3702842706115916e-05
0.010284604504704475,0.0002846045047044752,0.042793751619538856,45.90792187489569,4.0,0.013781289104372263,0.9985292077968461,2.0572288700341903e-12,0.0,0.0,fixed-hybrid,0.0,13,0.0,15000,detail,-0.037020370137790824,3.0696408375313976e-08,5.219613740337081e-06,45.313870107522234,9.613485417503398e-06,-0.033118900330368004,4.2087242036359385e-05
0.010080237872898579,8.023787289857844e-05,0.08653000339208793,47.47000195784494,4.0,0.014387205010280013,0.9988176248339018,3.185730121875287e-11,0.0,0.0,fixed-hybrid,0.0,13,0.0,15500,detail,0.6253968632668294,1.8469455752800817e-08,1.3565088920586277e-05,46.8553626597859,1.0379799277870916e-05,0.6276823536863868,4.0958992030937225e-05
0.010343101806938648,0.000343101806938648,0.06334027258997245,49.01840724982321,4.0,0.01498478907160461,0.9984183485037033,2.909964917546647e-10,0.0,0.0,fixed-hybrid,0.0,13,0.0,16000,detail,0.9545945515516273,8.15364711019757e-09,3.208275666111149e-05,48.380810528295115,1.4915713109076023e-05,0.9553548730352824,3.358034518896602e-05
0.010555269196629524,0.000555269196629524,0.09802179030794987,51.35859041591175,4.0,0.01557370601221919,0.9989072256090655,3.8681045561690234e-11,0.0,0.0,fixed-hybrid,0.0,13,0.0,16500,detail,0.7936675638823878,2.7543143682355657e-08,8.307240022986662e-06,50.68902536272071,1.2223933481436688e-05,0.79738193657104,5.6920649512903765e-05
0.010083365254104137,8.336525410413721e-05,0.045456331158947164,53.88057312485762,4.0,0.016201497986912727,0.9984324562735889,1.984937127965061e-11,0.0,0.0,fixed-hybrid,0.0,13,0.0,17000,detail,0.7346612039719113,9.881170908995956e-08,8.32472687761765e-06,53.16847443697043,1.0164002560486551e-05,0.7394063692602693,6.680623482679948e-05
0.01031231414526701,0.0003123141452670095,0.023679462293938913,56.48651783284731,4.0,0.016856913920491934,0.9988842754443866,1.739937562964438e-12,0.0,0.0,fixed-hybrid,0.0,13,0.0,17500,detail,-0.7579295347456688,1.7844936731417897e-07,2.318579390703235e-06,55.741076353471726,7.343589913944015e-06,-0.7570596313295631,8.772325236350298e-05
0.009819245897233486,0.00018075410276651403,0.04805160037310811,59.228429790819064,4.0,0.017450080951675773,0.9991081151972054,1.2122347149476342e-11,0.0,0.0,fixed-hybrid,0.0,13,0.0,18000,detail,0.6421182269110213,1.9243493516126077e-07,4.8744623200036585e-06,58.44949614349753,7.468625881301705e-06,0.6424949301219698,9.201244392897934e-05
0.010426315478980541,0.000426315478980541,0.05508857966759666,61.93674158281647,4.0,0.01807558094151318,0.9988364394981355,3.100899976815696e-11,0.0,0.0,fixed-hybrid,0.0,13,0.0,18500,detail,-0.33577006266685233,1.5152494328793043e-07,8.065618203545455e-06,61.11990052647889,4.939545760862529e-06,-0.33857904899324326,8.616208651801571e-05
0.010097808204591274,9.780820459127405e-05,0.04912115880950569,64.59499945794232,4.0,0.01872983085922897,0.9988675963643646,5.088995528704905e-12,0.0,0.0,fixed-hybrid,0.0,13,0.0,19000,detail,0.37867410314479116,8.34163783607338e-08,4.699419150711037e-06,63.74249706720002,3.827356522378977e-06,0.38002116686312026,6.91326567903161e-05
0.010088351555168629,8.835155516862848e-05,0.039319244307763346,67.35202487488277,4.0,0.01935341488569975,0.9988293193676062,6.312476883921317e-12,0.0,0.0,fixed-hybrid,0.0,13,0.0,19500,detail,-0.6107601462610945,1.9267152831094455e-07,9.266244887840003e-06,66.46036809799261,3.216578534193104e-06,-0.6130413747210831,7.524052489316091e-05
0.0092019597068429,0.0007980402931571009,0.04859657094220978,70.18338229088113,4.0,0.01995870703831315,0.998873720119535,3.9915996998966225e-12,0.0,0.0,fixed-hybrid,0.0,13,0.0,20000,detail,-0.7613399639796569,1.6099663101679582e-07,6.1391619965434074e-06,69.25348897068761,5.664199761667987e-06,-0.7632619994161303,8.482974953949451e-05
0.009593771770596504,0.000406228229403496,133.58102958921776,0.004582625115290284,4.0,0.0,,,,0.005632667103782296,calibrated,0.0,13,0.005632667103782296,0,detail,,,,0.0,0.009294397197663784,,0.00017146923346444964
0.01250873040407896,0.00250873040407896,6.103771908287691,1.4428646671585739,4.0,0.0005945831071585417,0.9999108759908772,5.164674727197023e-10,0.015549173021689611,0.005632667103782296,calibrated,0.0,13,0.005632667103782296,500,detail,0.9697625049915104,4.404284672769756e-07,0.000553667196072638,1.4206904980819672,0.0008023802656680346,0.9697414912885702,0.00014654506230726838
0.009666305035352707,0.0003336949646472933,2.2687412287975857,2.8736197920516133,4.0,0.0009859991259872913,0.9999111005477613,1.9052703400668745e-11,0.014162622561156779,0.005632667103782296,calibrated,0.0,13,0.005632667103782296,1000,detail,-0.16318029848164767,7.710363854275332e-07,0.0001431521523045376,2.8346620621159673,0.00019763570162467659,-0.1636273889757459,0.00017439482326153666
0.009510258212685585,0.0004897417873144152,1.6928567476318133,4.3087686251383275,4.0,0.0013632490299642086,0.9999263505860985,5.6315115875340596e-11,0.016044369614737052,0.005632667103782296,calibrated,0.0,13,0.005632667103782296,1500,detail,-0.10433638715956572,7.332052761528238e-07,0.00012394889199640602,4.252716606482863,0.000191676925169304,-0.10474991898376859,0.00016459535981994122
0.010804343037307262,0.0008043430373072622,0.958174993064824,5.742877084063366,4.0,0.0017523739952594042,0.9999012246539357,4.079131776953417e-11,0.019213627810240667,0.005632667103782296,calibrated,0.0,13,0.005632667103782296,2000,detail,0.68900938956543,7.267375150574031e-07,8.33126250654459e-05,5.6696075175423175,8.309447002829984e-05,0.6886045022824614,0.0001683859300101176
0.008443260565400124,0.0015567394345998766,0.6436672714467008,7.308936417102814,4.0,0.0021761651150882244,0.9998990507142893,3.593340346244568e-11,0.021689610775477864,0.005632667103782296,calibrated,0.0,13,0.005632667103782296,2500,detail,0.80371813619642,8.620634639104913e-08,5.638627044390887e-05,7.215825610561296,5.2698847866849974e-05,0.8032377474183806,5.873363988939673e-05
0.009820723906159401,0.00017927609384059927,0.6736391718787229,8.844571584137157,4.0,0.0025925401132553816,0.999915064684167,1.3261201944218879e-11,0.018124195305536297,0.005632667103782296,calibrated,0.0,13,0.005632667103782296,3000,detail,0.7438019683569779,2.9148635791524794e-07,7.177376392064616e-05,8.732597443507984,4.9957485316554084e-05,0.7439065982462447,7.266096508828923e-05
0.009231332689523697,0.0007686673104763033,0.6478005450946669,10.367742167087272,4.0,0.003057957161217928,0.999917092926579,1.882137460995756e-10,0.014558779835594731,0.005632667103782296,calibrated,0.0,13,0.005632667103782296,3500,detail,0.9829550668039172,8.937101222606681e-08,0.00022050074767321348,10.237479683244601,0.00016835948918014765,0.9830494561030878,6.872729863971472e-05
0.013384665362536907,0.003384665362536907,0.9139631386573184,12.183587417006493,4.0,0.003552498295903206,0.9999195775773327,2.0636622284139317e-11,0.02109537486382094,0.005632667103782296,calibrated,0.0,13,0.005632667103782296,4000,detail,0.7223082745441575,2.0762021526628203e-07,7.845239451853558e-05,12.029514776775613,8.257834269898012e-05,0.7218401152051096,7.255832315422595e-05
0.010944847017526627,0.0009448470175266264,0.2975686364192651,13.878959459019825,4.0,0.004007707349956036,0.9999156921047324,3.676852224282448e-12,0.01990690304050708,0.005632667103782296,calibrated,0.0,13,0.005632667103782296,4500,detail,0.6268255176410001,1.7056593398627118e-07,2.473408676451072e-05,13.703505219193175,3.7932448321953416e-05,0.6261931419097082,6.918256258359179e-05
0.009808912873268127,0.00019108712673187277,0.35795071966661923,15.383672459051013,4.0,0.004415332339704037,0.9999014387057341,3.518052707087791e-12,0.020104981677726057,0.005632667103782296,calibrated,0.0,13,0.005632667103782296,5000,detail,0.12373202620496032,4.00897560388757e-08,2.8756188839906827e-05,15.190659007523209,5.136576874065213e-05,0.12407716824423821,3.343183925608173e-05
0.009684429503977299,0.00031557049602270147,0.6837971433834599,16.918164667207748,4.0,0.0048962493892759085,0.9998990051359941,3.397488280839669e-11,0.02327423987322967,0.005632667103782296,calibrated,0.0,13,0.005632667103782296,5500,detail,0.7211053415243293,9.394780116618537e-08,6.223451055120677e-05,16.706356790848076,4.74727239634376e-05,0.7200001964031681,4.7556179197272286e-05
0.01235445961356163,0.00235445961356163,0.2960898482549599,18.44722070917487,4.0,0.005287208361551166,0.9999180504569759,2.38892400802162e-12,0.013370308012280875,0.005632667103782296,calibrated,0.0,13,0.005632667103782296,6000,detail,0.17041998324892346,1.149577674739375e-07,3.627555270213634e-05,18.214482963783666,3.327836748212576e-05,0.16990621857773738,5.088948455522768e-05
0.011286560446023941,0.0012865604460239408,0.38467990308108385,19.898283875081688,4.0,0.005669958423823118,0.9999320233599251,3.438667881509139e-11,0.019510745766069128,0.005632667103782296,calibrated,0.0,13,0.005632667103782296,6500,detail,0.7814440301353589,1.0575503878242007e-07,7.498370541725308e-05,19.64802345773205,5.3955776820657775e-05,0.7820992980980456,3.963273047702387e-05
0.009840879589319229,0.00015912041068077108,0.28511978315553355,21.315681209089234,4.0,0.006060583516955376,0.9999179386435263,1.447658351252485e-12,0.018223234624145785,0.005632667103782296,calibrated,0.0,13,0.005632667103782296,7000,detail,0.0051020451798967905,9.935206350150616e-08,2.5044464564416558e-05,21.048979695653543,5.4294632718665525e-05,0.004330604654261513,4.4018055632477626e-05
0.009464291855692863,0.0005357081443071367,0.1933335730520528,22.708226667018607,4.0,0.006442374549806118,0.9999017480989157,1.6014738419267938e-11,0.027136773298999703,0.005632667103782296,calibrated,0.0,13,0.005632667103782296,7500,detail,0.9500151316243791,1.7285734700948038e-07,3.5376458981772885e-05,22.42505314340815,4.383388295536861e-05,0.9504067816129854,8.43351663206704e-05
0.011196861974895,0.0011968619748950002,0.19592697768479106,24.100732875056565,4.0,0.006828208453953266,0.9999307438182585,9.274996586853308e-13,0.01366742596810934,0.005632667103782296,calibrated,0.0,13,0.005632667103782296,8000,detail,0.5537896625835872,2.2783697612836692e-08,1.4087167073739693e-05,23.801617423072457,2.9457860364345834e-05,0.5545321977544067,4.182496195426211e-05
0.011395019479095936,0.0013950194790959356,0.20629598479413205,25.508149500004947,4.0,0.007211458403617144,0.9999036629027509,5.8442376245939145e-12,0.030603149450331782,0.005632667103782296,calibrated,0.0,13,0.005632667103782296,8500,detail,0.8170465126249508,9.902098244184729e-09,1.8616066881804727e-05,25.1926211041864,1.8604294382384978e-05,0.8170781205779244,2.444168785586953e-05
0.009486609138548374,0.000513390861451626,0.13905064548454787,26.92084254208021,4.0,0.007695167558267713,0.9999164964681613,1.546867028103716e-11,0.03020699217589383,0.005632667103782296,calibrated,0.0,13,0.005632667103782296,9000,detail,0.1434956000413051,1.5839875622155913e-07,4.116744821658358e-05,26.58895568875596,1.611218976904638e-05,0.14172632486012074,5.425507697509602e-05
0.00906990747898817,0.0009300925210118296,0.2569285341592213,28.321579334093258,4.0,0.008108500624075532,0.9999164278853897,7.311713391309252e-12,0.036149351292463106,0.005632667103782296,calibrated,0.0,13,0.005632667103782296,9500,detail,-0.28345536214015804,2.4442318235843715e-07,2.607198985060677e-05,27.973390801809728,4.761303716804832e-05,-0.28506951332850156,9.532379772281274e-05
0.011078652925789356,0.001078652925789356,0.14419586142482488,29.78320304211229,4.0,0.008558000670745969,0.9999142208404873,2.092206472065137e-12,0.027037733980390215,0.005632667103782296,calibrated,0.0,13,0.005632667103782296,10000,detail,0.7114682474058434,2.9581579588364704e-08,1.8983007976203226e-05,29.41571991890669,4.4526197598315775e-05,0.7125305847494655,3.879584983224049e-05
0.009596467949450016,0.0004035320505499842,0.09425233447815949,31.317427292000502,4.0,0.008974083699285984,0.9999001472531011,5.603024140844169e-12,0.023175200554620183,0.005632667103782296,calibrated,0.0,13,0.005632667103782296,10500,detail,0.9550959984127968,1.976695463367032e-08,1.5550702300970443e-05,30.929394903127104,6.624196430493612e-06,0.9547227781606176,4.0787494071992114e-05
0.010108842514455318,0.00010884251445531824,0.10570624204427279,32.84168054210022,4.0,0.009354750625789165,0.9999177033875402,1.3494917466014026e-11,0.04615232247202139,0.005632667103782296,calibrated,0.0,13,0.005632667103782296,11000,detail,-0.14103273891431226,2.6741377426333774e-07,3.708926305989735e-05,32.43567441147752,1.2785179023921955e-05,-0.13902900079544592,5.2082341426284984e-05
0.01007567998021841,7.567998021841028e-05,0.1119220250497652,34.353792584035546,4.0,0.009736125590279698,0.9999157289117798,1.8265266665917907e-12,0.03713974447855799,0.005632667103782296,calibrated,0.0,13,0.005632667103782296,11500,detail,0.8155693895608092,1.4017482071096606e-07,1.3539325664169155e-05,33.929418061394244,9.684450560598634e-06,0.8153854776545753,5.792418960481882e-05
0.00968400202691555,0.00031599797308445,0.0664611047558724,35.79770075017586,4.0,0.010143584571778774,0.9999222868233001,1.3870799378067874e-12,0.039516688125185696,0.005632667103782296,calibrated,0.0,13,0.005632667103782296,12000,detail,-0.5930535488633176,4.838878482864223e-08,9.243110071111005e-06,35.355327776866034,1.4772594113310333e-05,-0.5923981733313322,3.514460695441812e-05
0.009866110049188137,0.00013388995081186315,0.11640738671941314,37.21263233409263,4.0,0.010537709575146437,0.9999022895445295,4.0432771367718315e-12,0.04436961473705061,0.005632667103782296,calibrated,0.0,13,0.005632667103782296,12500,detail,0.15435778577509837,2.3702461738921977e-08,1.3881301129003987e-05,36.75378352729604,1.4506154911941849e-05,0.15459730497771118,3.0753515602555126e-05
0.009738192893564701,0.00026180710643529913,0.06773854651495803,38.74938500020653,4.0,0.01092483475804329,0.9999045964783551,1.4683966055038035e-12,0.040110924036842625,0.005632667103782296,calibrated,0.0,13,0.005632667103782296,13000,detail,-0.1553575252162611,2.9619272880364964e-08,1.2104198503948282e-05,38.271253659622744,7.537337296525948e-06,-0.1549454738803503,2.9804565201629885e-05
0.009656162932515144,0.00034383706748485586,0.05829270561644885,40.293592375004664,4.0,0.011385043850168586,0.9999229707332872,1.4920979710431768e-12,0.036248390611072594,0.005632667103782296,calibrated,0.0,13,0.005632667103782296,13500,detail,0.8983993618293639,2.2130150811805884e-08,7.436511623382103e-06,39.79798769461922,6.842741640866734e-06,0.8979256657048837,2.956541175080929e-05
0.008780021220445633,0.0012199787795543673,0.12302442462539122,41.858178292168304,4.0,0.011958752758800983,0.9999120107200942,2.032664536289864e-12,0.03119738536198871,0.005632667103782296,calibrated,0.0,13,0.005632667103782296,14000,detail,0.19481342999499632,2.4260430135740178e-08,1.2604934454429895e-05,41.3432138976641,2.3294438506127335e-05,0.19371991837117908,3.9529648347524926e-05
0.009474202990531921,0.0005257970094680788,0.04214562367122375,43.4920450001955,4.0,0.012342585949227214,0.9999152135354853,1.154858596266168e-13,0.03070218876894127,0.005632667103782296,calibrated,0.0,13,0.005632667103782296,14500,detail,-0.4024168072386216,5.5429681959486426e-08,3.538301825756207e-06,42.959045184077695,4.266137239028467e-06,-0.40324388190756777,3.446350456215441e-05
0.010430272668600082,0.0004302726686000822,0.06726260229583927,45.11438766703941,4.0,0.012935169972479343,0.9999276284477623,1.1584984827912684e-12,0.031098346043379223,0.005632667103782296,calibrated,0.0,13,0.005632667103782296,15000,detail,-0.5060591725373166,5.467341866200578e-08,6.291237696132157e-06,44.562064547790214,5.464688001666218e-06,-0.5059225327231719,3.730002936208621e-05
0.010214375331997871,0.0002143753319978712,0.03588818397040173,46.786545500159264,4.0,0.013458419824019074,0.9999040396101474,1.0594771791581239e-12,0.043577300188174704,0.005632667103782296,calibrated,0.0,13,0.005632667103782296,15500,detail,-0.6317902223769029,6.093349449217154e-08,4.452088887774153e-06,46.213312139036134,4.2988663153664675e-06,-0.6306708043354214,4.370232272776775e-05
0.009105201810598373,0.0008947981894016268,0.051062846141671295,48.53430141718127,4.0,0.013842836720868945,0.9999184332688651,3.4125709673564813e-13,0.04100227790432802,0.005632667103782296,calibrated,0.0,13,0.005632667103782296,16000,detail,0.8616319198694599,3.3637157701128285e-08,3.491740699246293e-06,47.94023405853659,4.479828476178227e-06,0.8615444136371859,3.194143937435001e-05
0.00940051767975092,0.0005994823202490809,0.029874296189932988,50.17564345919527,4.0,0.01425087871029973,0.9999021457391821,2.693394631868049e-13,0.0370407051599485,0.005632667103782296,calibrated,0.0,13,0.005632667103782296,16500,detail,0.5803735957650861,3.458489255537299e-08,5.343444172467571e-06,49.560712651582435,5.949465048615821e-06,0.5806749700723629,2.5302982976427302e-05
0.01019977405667305,0.00019977405667304972,0.06005621666451239,51.915584166999906,4.0,0.014648170676082373,0.9999130427205575,1.8622116763983565e-13,0.027433891254828167,0.005632667103782296,calibrated,0.0,13,0.005632667103782296,17000,detail,-0.241435830909272,6.583190169456208e-08,3.4768900150083937e-06,51.279100437881425,5.3382104852062184e-06,-0.24039936013116417,3.573713911464438e-05
0.008990616537630558,0.0010093834623694422,0.07929670500663347,53.6285954171326,4.0,0.01507325447164476,0.9999211301665305,7.149035620068126e-14,0.029414677627017927,0.005632667103782296,calibrated,0.0,13,0.005632667103782296,17500,detail,-0.5632364040397424,2.6799492546495194e-08,1.8984082998940721e-06,52.97212544060312,5.911348580411868e-06,-0.5623427143674321,3.3334312320221215e-05
0.009092343971133232,0.0009076560288667681,0.041957878560555974,55.25424679205753,4.0,0.015459796413779259,0.9999243351030526,5.910278134313883e-13,0.030999306724769735,0.005632667103782296,calibrated,0.0,13,0.005632667103782296,18000,detail,-0.6801667349722363,6.35773238915106e-08,6.145382485556183e-06,54.57698907190934,4.131185050937347e-06,-0.6810256117570356,3.1557068723486736e-05
0.010469809174537659,0.0004698091745376585,0.03552163703762551,56.73816641699523,4.0,0.015950004337355494,0.9999305992088205,3.1222997288483855e-13,0.04377537882539368,0.005632667103782296,calibrated,0.0,13,0.005632667103782296,18500,detail,0.042469005603488603,3.7446809379922043e-08,2.997093133672024e-06,56.04129720060155,3.678397888506879e-06,0.043302406643313515,3.287496656412259e-05
0.00873058382421732,0.0012694161757826807,0.04680727347169755,58.85173745919019,4.0,0.016774587333202362,0.9999208076860355,1.4916445134139795e-13,0.028028127166485093,0.005632667103782296,calibrated,0.0,13,0.005632667103782296,19000,detail,0.6100062510506039,4.0281238725452013e-08,3.2571363135502907e-06,58.12520366511308,4.455961061466951e-06,0.6113519874316905,5.02164002682548e-05
0.009139192290604115,0.0008608077093958857,0.045537731334884965,61.06722312513739,4.0,0.01735129626467824,0.9999278996715234,1.2550145782888582e-13,0.028424284440923046,0.005632667103782296,calibrated,0.0,13,0.005632667103782296,19500,detail,-0.8129603583411203,1.1398246562205895e-07,1.8171695046476088e-06,60.302391946315765,2.7767446226789616e-06,-0.8140348172401985,3.51344897353556e-05
0.011615627445280552,0.0016156274452805517,0.06032379927778988,63.0421348339878,4.0,0.017785254400223494,0.9999176620955789,8.816001450087858e-13,0.04684559770228781,0.005632667103782296,calibrated,0.0,13,0.005632667103782296,20000,detail,0.3446658542332347,7.920605768502946e-08,4.8637284635333344e-06,62.25103766238317,4.644823548005661e-06,0.3457944572801211,4.586758586810902e-05
0.009593771770596504,0.000406228229403496,133.58102958921776,0.004508583806455135,4.0,0.0,,,,0.005632667103782296,adaptive,0.0,13,0.005632667103782296,0,detail,,,,0.0,0.009294397197663784,,0.00017146923346444964
0.01250873040407896,0.00250873040407896,6.103771908287691,1.6109899589791894,4.0,0.000786749878898263,0.9999108759908772,5.164674727197023e-10,0.015549173021689611,0.005632667103782296,adaptive,0.02168587874621153,13,0.027318545849993825,500,detail,0.9713267192479714,4.106545462741739e-07,0.000553667196072638,1.5843601597007364,0.0008023802656680346,0.9713023677244097,0.00014369979908224195
0.009666305035352707,0.0003336949646472933,2.2687412287975857,3.536900084000081,4.0,0.0012284587137401104,0.9999110494587219,1.908062547125356e-11,0.014162622561156779,0.005632667103782296,adaptive,0.054563043639063835,13,0.06019571074284613,1000,detail,-0.17638001573984163,7.794488911693042e-07,0.0001431521523045376,3.4854506568517536,0.00019763570162467659,-0.1767610204740615,0.00017224215844180435
0.009510258212685585,0.0004897417873144152,1.6928567476318133,5.3348579169251025,4.0,0.0016880417242646217,0.9999263505860985,5.6315115875340596e-11,0.016044369614737052,0.005632667103782296,adaptive,0.08358754869550467,13,0.08922021579928696,1500,detail,-0.0661355894719445,7.030772546071837e-07,0.00012394889199640602,5.261182921007276,0.000191676925169304,-0.06655460746207587,0.00016380322631448507
0.010804343037307262,0.0008043430373072622,0.958174993064824,6.946502291830257,4.0,0.0020977086387574673,0.9999012246539357,4.079131776953417e-11,0.019213627810240667,0.005632667103782296,adaptive,0.11019901419058442,13,0.11583168129436672,2000,detail,0.6896008991698019,7.275706302574522e-07,8.33126250654459e-05,6.8523586702067405,8.309447002829984e-05,0.6891962730122293,0.00016847415827214718
0.008443260565400124,0.0015567394345998766,0.6436672714467008,8.733594791963696,4.0,0.002574000507593155,0.9998990507142893,3.593340346244568e-11,0.021689610775477864,0.005632667103782296,adaptive,0.13965485780499876,13,0.14528752490878105,2500,detail,0.8027535838094159,8.63215213757083e-08,5.638627044390887e-05,8.6139597191941,5.2698847866849974e-05,0.8022708135164763,5.873036934644915e-05
0.009820723906159401,0.00017927609384059927,0.6736391718787229,10.894845083821565,4.0,0.003035708563402295,0.999915064684167,1.3261201944218879e-11,0.018124195305536297,0.005632667103782296,adaptive,0.18092743935994804,13,0.18656010646373034,3000,detail,0.744493006015216,2.891872869831323e-07,7.177376392064616e-05,10.747965274378657,4.9957485316554084e-05,0.744597618655847,7.232063944684342e-05
0.009231332689523697,0.0007686673104763033,0.6478005450946669,12.838479624828324,4.0,0.0034669176675379276,0.999917092926579,1.882137460995756e-10,0.014558779835594731,0.005632667103782296,adaptive,0.2120619381312281,13,0.21769460523501039,3500,detail,0.982655304223295,1.0174714649625064e-07,0.00022050074767321348,12.667756648734212,0.00016835948918014765,0.9827467316422717,6.59553988953121e-05
0.013384665362536907,0.003384665362536907,0.9139631386573184,14.670667666941881,4.0,0.0040060426108539104,0.9999195775773327,2.0636622284139317e-11,0.02109537486382094,0.005632667103782296,adaptive,0.2415261035785079,13,0.2471587706822902,4000,detail,0.7332334840819943,2.0036413038248826e-07,7.845239451853558e-05,14.473566053202376,8.257834269898012e-05,0.7327707554131528,7.133111648727208e-05
0.010944847017526627,0.0009448470175266264,0.2975686364192651,16.538117041811347,4.0,0.004607709590345621,0.9999156921047324,3.676852224282448e-12,0.01990690304050708,0.005632667103782296,adaptive,0.2720085212495178,13,0.2776411883533001,4500,detail,0.6319717274138468,1.751848744968643e-07,2.473408676451072e-05,16.31727946852334,3.7932448321953416e-05,0.6313388720513525,6.971434049773961e-05
0.009808912873268127,0.00019108712673187277,0.35795071966661923,18.343180666910484,4.0,0.005065125646069646,0.9999014387057341,3.518052707087791e-12,0.020104981677726057,0.005632667103782296,adaptive,0.301542398519814,13,0.3071750656235963,5000,detail,0.1646903223638801,4.116522833565626e-08,2.8756188839906827e-05,18.097669997718185,5.136576874065213e-05,0.16525396638629986,3.416763138375245e-05
0.009684429503977299,0.00031557049602270147,0.6837971433834599,20.111578749958426,4.0,0.00569637562148273,0.9998830413612894,3.972311090991103e-11,0.02327423987322967,0.005632667103782296,adaptive,0.3348996106069535,13,0.3405322777107358,5500,detail,0.7158444035814967,9.813501991588778e-08,6.223451055120677e-05,19.842337016947567,4.74727239634376e-05,0.7156852739212287,4.799493763130158e-05
0.01235445961356163,0.00235445961356163,0.2960898482549599,21.99745149980299,4.0,0.006117000477388501,0.9999117246137849,2.5928554732899084e-12,0.013370308012280875,0.005632667103782296,adaptive,0.36724611511453986,13,0.37287878221832216,6000,detail,0.2154710523438403,8.777029135375953e-08,3.627555270213634e-05,21.699262764770538,3.327836748212576e-05,0.21615721420567105,4.5394597691483796e-05
0.011286560446023941,0.0012865604460239408,0.38467990308108385,23.689923166995868,4.0,0.0065322923474013805,0.9999318363198605,3.4717757810811434e-11,0.019510745766069128,0.005632667103782296,adaptive,0.3959810729138553,13,0.4016137400176376,6500,detail,0.8138976640873343,9.916992782610456e-08,7.498370541725308e-05,23.368575648404658,5.3955776820657775e-05,0.8142450510296293,3.912425017915666e-05
0.009840879589319229,0.00015912041068077108,0.28511978315553355,25.41044408385642,4.0,0.007093251449987292,0.9999127217611736,1.5335993994186079e-12,0.018223234624145785,0.005632667103782296,adaptive,0.4237860741559416,13,0.4294187412597239,7000,detail,0.022835524821855323,7.593970514964075e-08,2.5044464564416558e-05,25.066717207198963,5.4294632718665525e-05,0.021041390680557843,3.7715981306973845e-05
0.010422825813293457,0.0004228258132934568,0.5307624259055124,27.163943499792367,4.0,0.007566751446574926,0.999910187794548,4.657991080882808e-11,0.024165593740715065,0.005632667103782296,adaptive,0.45378315332345665,13,0.45941582042723894,7500,detail,0.9723955087972532,2.5007715244636343e-08,0.00011330140114296228,26.796447498258203,6.889260112075135e-05,0.972497086682086,2.80213680525776e-05
0.010353117249906063,0.00035311724990606287,0.11954480059452174,28.805146083934233,4.0,0.008073251228779554,0.999922363032672,1.1290560923499747e-11,0.02822620580370407,0.005632667103782296,adaptive,0.482187275076285,13,0.4878199421800673,8000,detail,0.303844587307923,1.0315059987730573e-07,7.099511276464909e-05,28.41015366348438,1.3873388525098562e-05,0.3046730564765517,5.917522503295913e-05
0.00978306494653225,0.00021693505346775076,0.09211510311055836,30.591607458889484,4.0,0.00850921031087637,0.9999223032470381,1.2413768238654058e-12,0.016638605526393978,0.005632667103782296,adaptive,0.513520989799872,13,0.5191536569036543,8500,detail,0.14953946168392565,2.6986689878280958e-08,1.2020689609926194e-05,30.170614406699315,1.4505817489407491e-05,0.14771849807906914,2.9253547836560756e-05
0.010497019626200199,0.0004970196262001989,0.1324557844697628,32.30271162488498,4.0,0.00902466825209558,0.9999188718356256,1.1024079512119432e-11,0.02198672873130633,0.005632667103782296,adaptive,0.5433115758933127,13,0.548944242997095,9000,detail,0.8388250979081812,1.498419683207095e-07,3.8664802559651434e-05,31.85998069611378,3.895869667758234e-05,0.8386619199770339,0.00010944813402602449
0.009767795912921429,0.00023220408707857153,0.312637851798187,34.0221368749626,4.0,0.009638710180297494,0.9999128910525457,7.243830217103836e-12,0.025056947608200455,0.005632667103782296,adaptive,0.5713731995783746,13,0.5770058666821569,9500,detail,0.04168579192027945,1.1958791363829176e-07,3.491750976536423e-05,33.55650678114034,9.949991363100708e-05,0.04167910960522973,8.782056829659268e-05
0.012187649495899677,0.002187649495899677,0.2001809804585895,35.8375058749225,4.0,0.010046419221907854,0.9999064350378816,2.500596365857446e-12,0.027136773298999703,0.005632667103782296,adaptive,0.6010856081265956,13,0.6067182752303779,10000,detail,-0.1772327794573031,2.1898756034639274e-07,1.7307585949311033e-05,35.34843994374387,2.2730366254108958e-05,-0.17822413633039302,0.00010964029934257269
0.009545309469103813,0.00045469053089618704,0.223068210957935,37.588556666858494,4.0,0.010464252205565572,0.9999117728760051,1.7109895130298361e-12,0.032286817866693074,0.005632667103782296,adaptive,0.6302047718781978,13,0.6358374389819801,10500,detail,0.6428067772277258,2.7656522096283804e-07,1.22407145681791e-05,37.07664069486782,3.0568608053727075e-05,0.6428251089453397,0.00014833261957392097
0.010231312364339828,0.00023131236433982828,0.10123590333959769,39.37804887490347,4.0,0.010901168221607804,0.9999174565158425,1.0969389538274088e-11,0.02921659898979895,0.005632667103782296,adaptive,0.6592772742733359,13,0.6649099413771182,11000,detail,-0.47757751303344986,2.3649759358524483e-07,3.160553387715481e-05,38.84234198043123,1.3636055882670917e-05,-0.47908258117477603,0.00010065807873615995
0.010315712541341782,0.0003157125413417814,0.08816596198710996,41.19702670886181,4.0,0.01142304320819676,0.9997975659127782,2.1354194835162553e-11,0.037238783797167475,0.005632667103782296,adaptive,0.6883175666444004,13,0.6939502337481827,11500,detail,0.9824056605538946,2.57631765845505e-07,2.89400813926477e-05,40.622798345051706,1.6477251847391017e-05,0.9823772865391245,0.0001274451642530039
0.009515485726296902,0.0004845142737030985,0.04069267725119986,42.87127199978568,4.0,0.011830085190013051,0.999909059544506,5.7826530081813905e-12,0.043082103595127264,0.005632667103782296,adaptive,0.718921281164512,13,0.7245539482682943,12000,detail,0.3960968381232284,2.364973946851673e-07,1.6445585060864687e-05,42.2736828008201,8.506480298819952e-06,0.39440719875190994,0.0001177787926280871
0.009668361395597458,0.0003316386044025423,0.03279246109962414,44.554379042005166,4.0,0.012215126072987914,0.9999349824360663,6.345862471875807e-13,0.03317817173417847,0.005632667103782296,adaptive,0.7475478567648679,13,0.7531805238686502,12500,detail,0.315022234854218,2.014536595861137e-07,5.1510219236661214e-06,43.93409083900042,1.1830197763629258e-05,0.31447493037538427,0.0001327132195001468
0.01006776187568903,6.776187568902949e-05,0.08938131566092035,46.17618470895104,4.0,0.012910376070067286,0.9998262649050059,5.9195908699275834e-12,0.026938694661780727,0.005632667103782296,adaptive,0.7762083995621651,13,0.7818410666659474,13000,detail,0.8655486265892051,1.2109815146362662e-07,1.0988224858010653e-05,45.53457497037016,9.26664870348759e-06,0.8641241613277061,0.00010165639105252922
0.009875218383967876,0.00012478161603212377,0.03952822837639888,47.87265524989925,4.0,0.013459668029099703,0.9999294497720905,6.024841334423893e-13,0.03654550856690106,0.005632667103782296,adaptive,0.8061494010034949,13,0.8117820681072772,13500,detail,0.9156186527597179,9.599690052019156e-08,5.691726073564496e-06,47.209656234132126,4.463353434402961e-06,0.9160401827669276,6.51642621960491e-05
0.009675533510744572,0.0003244664892554285,0.06435680975354705,49.48325950000435,4.0,0.013916460098698735,0.9999207832003304,3.41339058127265e-13,0.02733485193621868,0.005632667103782296,adaptive,0.8329441517125815,13,0.8385768188163638,14000,detail,0.281279708175056,1.049557271838499e-07,5.4664524213876575e-06,48.799910395173356,1.6749479982536286e-05,0.2823616472411709,8.244429773185402e-05
0.00895795226097107,0.0010420477390289309,0.08725182923846564,51.07353412499651,4.0,0.014358751941472292,0.9999122929820655,1.266158067149349e-12,0.040209963355452114,0.005632667103782296,adaptive,0.8603171505965292,13,0.8659498177003115,14500,detail,-0.686431089378875,6.345081142337341e-08,5.889733074582182e-06,50.368258414557204,1.2613308172149118e-05,-0.6852855656866711,4.1961862734751776e-05
0.010059733875095844,5.973387509584406e-05,0.05740229731782848,52.653373333858326,4.0,0.014791334979236126,0.9999139344554211,1.1199614140267183e-12,0.02436367237793404,0.005632667103782296,adaptive,0.8868772604037076,13,0.8925099275074899,15000,detail,-0.34584074190832875,7.198944270791512e-08,7.65670574764954e-06,51.92252252693288,8.663525477459189e-06,-0.3432062485542527,2.6202480512438342e-05
0.009544392116367817,0.0004556078836321833,0.11084648105985699,54.201406583888456,4.0,0.01519371010363102,0.9999302008804462,6.148838041311902e-13,0.027631969892047144,0.005632667103782296,adaptive,0.9137402595952153,13,0.9193729266989976,15500,detail,0.7586190396983956,3.769262772732141e-08,4.674746378441341e-06,53.45130166457966,1.1282783816568553e-05,0.7584998446522314,3.2386080420110375e-05
0.010131937451660633,0.00013193745166063288,0.046964059063264896,55.739362958818674,4.0,0.015596835175529122,0.9998855487199535,7.268205468477095e-13,0.03238585718530256,0.005632667103782296,adaptive,0.9417788819409907,13,0.947411549044773,16000,detail,-0.7792613141891866,7.387162326943547e-08,3.847474090434844e-06,54.96851144894026,4.673916919273324e-06,-0.7807638927952673,4.116623676964082e-05
0.009079410694539547,0.0009205893054604532,0.043594002170857675,57.33988858386874,4.0,0.01600646018050611,0.9999322163442583,1.7299408890391918e-12,0.03258393582252154,0.005632667103782296,adaptive,0.9683951681945473,13,0.9740278352983296,16500,detail,0.5860033836315116,3.7578115847168765e-08,8.40476332086837e-06,56.54310877760872,6.632230906689074e-06,0.5858544206541052,4.1490773583063856e-05
0.009718935005366802,0.000281064994633198,0.038973436933244045,58.92729899985716,4.0,0.016504252096638083,0.9999235423324327,9.10824189843826e-13,0.032088739229474104,0.005632667103782296,adaptive,0.9951467842329293,13,1.0007794513367116,17000,detail,0.8688405429072997,3.051730485440967e-08,4.849099696002668e-06,58.10730259818956,6.426949767046608e-06,0.8687101622925981,3.507679502945393e-05
0.010111711919307709,0.00011171191930770853,0.07622006982102641,60.51148433401249,4.0,0.01704471022821963,0.9999100071242079,7.156456435210604e-13,0.034960879469149254,0.005632667103782296,adaptive,1.02138919592835,13,1.0270218630321324,17500,detail,0.09382940168897791,3.2798230525129445e-08,7.50159324525157e-06,59.67301906389184,6.712184585921932e-06,0.09362624583755604,2.8334607122815214e-05
0.010636698454618454,0.0006366984546184538,0.07586898132674727,62.109652291983366,4.0,0.017517918022349477,0.9999113628552669,9.036410327676696e-13,0.036644547885510546,0.005632667103782296,adaptive,1.0496650750283152,13,1.0552977421320975,18000,detail,0.01909473081735156,3.666831594467099e-08,5.13187114847824e-06,61.25193548062816,6.032108103681821e-06,0.020623294497700166,2.562995723565109e-05
0.009693226777017117,0.00030677322298288366,0.028987176322015494,63.709537458838895,4.0,0.017972708912566304,0.9999071430417147,2.5057497646154434e-13,0.024165593740715065,0.005632667103782296,adaptive,1.076097774785012,13,1.0817304418887943,18500,detail,-0.15569595207350775,1.9912744001885213e-08,4.729417469206965e-06,62.83200910431333,4.859724413108779e-06,-0.15456161229647158,1.6904592484934255e-05
0.010520584881305695,0.0005205848813056944,0.03798828545293809,65.30097245890647,4.0,0.01840500091202557,0.9998134484094134,1.6618418896519643e-12,0.03248489650391205,0.005632667103782296,adaptive,1.1034142328426242,13,1.1090468999464065,19000,detail,-0.7370284595401849,3.03331195371746e-08,4.0181976146413945e-06,64.39940313645639,3.0112719286989886e-06,-0.734341123287508,2.314875200681854e-05
0.010568679310381413,0.0005686793103814123,0.06802228004572772,66.82072870898992,4.0,0.018975792918354273,0.9999173431997982,4.87854314331052e-13,0.04674655838367832,0.005632667103782296,adaptive,1.1293667182326317,13,1.134999385336414,19500,detail,-0.6521832606561105,5.069468592044038e-08,3.3490559872006997e-06,65.89783255755901,4.72614738100674e-06,-0.6529409396002488,2.7873787985299714e-05
0.010591955855488777,0.000591955855488777,0.036847018687842875,68.39293016679585,4.0,0.019393750932067633,0.9999305309284162,2.684832797591733e-13,0.03981380608101416,0.005632667103782296,adaptive,1.1571218471508473,13,1.1627545142546296,20000,detail,-0.7788717614993902,3.455973604218614e-08,2.371741175011266e-06,67.44827509275638,4.070500835950952e-06,-0.7782564444153618,2.669197419891134e-05
0.010984179563820362,0.0009841795638203619,114.74398760388979,0.0033144589979201555,4.0,0.0,,,,0.0,fp32,0.0,14,0.0,0,detail,,,,0.0,0.0073819211684167385,,0.0
0.011826446279883385,0.0018264462798833845,6.052229289805008,0.3033774169161916,4.0,0.0003842089790850878,0.9999999999999973,0.0,0.0,0.0,fp32,0.0,14,0.0,500,detail,0.9999999999999973,0.0,0.0003043960314244032,0.29268051451072097,0.00034866100759245455,0.9999999999999973,0.0
0.010083209723234177,8.320972323417643e-05,2.2812101351633234,0.6024744589813054,4.0,0.0007591249886900187,0.9999999999999986,0.0,0.0,0.0,fp32,0.0,14,0.0,1000,detail,0.9999999999999986,0.0,0.0001279381976928562,0.5840327290352434,0.00017944489081855863,0.9999999999999986,0.0
0.010350772179663181,0.0003507721796631811,1.4117741836638218,0.9151930420193821,4.0,0.0011652079410851002,0.9999999999999958,0.0,0.0,0.0,fp32,0.0,14,0.0,1500,detail,0.9999999999999958,0.0,8.2605671195779e-05,0.8889992341864854,8.257000445155427e-05,0.9999999999999958,0.0
0.010378623381257057,0.000378623381257057,1.1237803154587267,1.2282312919851393,4.0,0.0015907499473541975,0.9999999999999992,0.0,0.0,0.0,fp32,0.0,14,0.0,2000,detail,0.9999999999999992,0.0,7.672677020309493e-05,1.194072577636689,8.33692611195147e-05,0.9999999999999992,0.0
0.009934762492775917,6.523750722408315e-05,0.6543379971104352,1.5346158749889582,4.0,0.0019912919960916042,0.999999999999999,0.0,0.0,0.0,fp32,0.0,14,0.0,2500,detail,0.999999999999999,0.0,5.1270068070152774e-05,1.4923923630267382,3.8329246308421716e-05,0.999999999999999,0.0
0.008345790207386017,0.0016542097926139834,0.5767938101302669,1.8420317089185119,4.0,0.002394000068306923,0.9999999999999986,0.0,0.0,0.0,fp32,0.0,14,0.0,3000,detail,0.9999999999999986,0.0,3.9364291296806186e-05,1.7918571520131081,3.7749468901893124e-05,0.9999999999999986,0.0
0.00945257768034935,0.0005474223196506502,0.43087862144778855,2.1481736248824745,4.0,0.002788292011246085,0.9999999999999982,0.0,0.0,0.0,fp32,0.0,14,0.0,3500,detail,0.9999999999999982,0.0,3.268964064773172e-05,2.0902713565155864,3.573377398424782e-05,0.9999999999999982,0.0
0.010113590396940708,0.00011359039694070795,0.3012644754585283,2.4557002088986337,4.0,0.0031800828874111176,0.9999999999999977,0.0,0.0,0.0,fp32,0.0,14,0.0,4000,detail,0.9999999999999977,0.0,2.4067572667263448e-05,2.3901155835483223,3.0027074899408035e-05,0.9999999999999977,0.0
0.010475088842213154,0.00047508884221315363,0.2538557612303226,2.763499791966751,4.0,0.003562249941751361,0.9999999999999978,0.0,0.0,0.0,fp32,0.0,14,0.0,4500,detail,0.9999999999999978,0.0,1.7208709323313087e-05,2.690107969334349,2.006579961744137e-05,0.9999999999999978,0.0
0.008190314285457134,0.001809685714542866,0.421512269992223,3.0707531669177115,4.0,0.003941999981179833,0.9999999999999992,0.0,0.0,0.0,fp32,0.0,14,0.0,5000,detail,0.9999999999999992,0.0,4.1332608816446736e-05,2.989155182382092,5.53812860744074e-05,0.9999999999999992,0.0
0.008982493542134762,0.0010175064578652384,0.2917514851466423,3.3739503340329975,4.0,0.004320290870964527,0.9999999999999984,0.0,0.0,0.0,fp32,0.0,14,0.0,5500,detail,0.9999999999999984,0.0,2.278473402839154e-05,3.2843189847189933,1.999947380681988e-05,0.9999999999999984,0.0
0.00969354622066021,0.00030645377933979055,0.32551104739203585,3.6776319169439375,4.0,0.0047027908731251955,0.9999999999999976,0.0,0.0,0.0,fp32,0.0,14,0.0,6000,detail,0.9999999999999976,0.0,2.85914029518608e-05,3.580009503988549,3.699121589306742e-05,0.9999999999999976,0.0
0.010929251089692116,0.0009292510896921156,0.14347045420221058,3.976744124898687,4.0,0.005082957912236452,0.9999999999999984,0.0,0.0,0.0,fp32,0.0,14,0.0,6500,detail,0.9999999999999984,0.0,1.0279042726324406e-05,3.871350218774751,1.3445433978631627e-05,0.9999999999999984,0.0
0.011017498560249805,0.0010174985602498052,0.16109796094647544,4.2785920419264585,4.0,0.005489791044965386,0.9999999999999984,0.0,0.0,0.0,fp32,0.0,14,0.0,7000,detail,0.9999999999999984,0.0,1.2914209946757182e-05,4.165353260701522,1.611012703506276e-05,0.9999999999999984,0.0
0.008970647118985653,0.0010293528810143473,0.1014141202226097,4.579768749885261,4.0,0.005888333078473806,0.9999999999999984,0.0,0.0,0.0,fp32,0.0,14,0.0,7500,detail,0.9999999999999984,0.0,6.416143605747493e-06,4.458728100871667,9.205507012666203e-06,0.9999999999999984,0.0
0.009966337122023106,3.366287797689459e-05,0.08667768200056646,4.882175334030762,4.0,0.006266416050493717,0.9999999999999959,0.0,0.0,0.0,fp32,0.0,14,0.0,8000,detail,0.9999999999999959,0.0,4.8839469855010975e-06,4.753221280872822,6.756073616998037e-06,0.9999999999999959,0.0
0.010269563645124435,0.0002695636451244352,0.1492343234221532,5.205171874957159,4.0,0.0066636239644140005,0.999999999999998,0.0,0.0,0.0,fp32,0.0,14,0.0,8500,detail,0.999999999999998,0.0,1.349647300230572e-05,5.067928709555417,1.638291905692313e-05,0.999999999999998,0.0
0.010217346251010895,0.00021734625101089457,0.168410276826897,5.51619075005874,4.0,0.007041416130959988,0.9999999999999992,0.0,0.0,0.0,fp32,0.0,14,0.0,9000,detail,0.9999999999999992,0.0,2.030551877396647e-05,5.371010795934126,2.2094081941759214e-05,0.9999999999999992,0.0
0.010849114507436752,0.0008491145074367521,0.059218279540350006,5.815319959074259,4.0,0.007416666019707918,0.999999999999997,0.0,0.0,0.0,fp32,0.0,14,0.0,9500,detail,0.999999999999997,0.0,5.640186373057077e-06,5.662434978643432,4.317497314332286e-06,0.999999999999997,0.0
0.009515907615423203,0.0004840923845767977,0.07417250298680027,6.113999916939065,4.0,0.00779358297586441,0.9999999999999991,0.0,0.0,0.0,fp32,0.0,14,0.0,10000,detail,0.9999999999999991,0.0,9.344763384433463e-06,5.953390411799774,9.600436897017062e-06,0.9999999999999991,0.0
0.01023093331605196,0.00023093331605195978,0.07717859151051516,6.412003916921094,4.0,0.008167832856997848,0.9999999999999996,0.0,0.0,0.0,fp32,0.0,14,0.0,10500,detail,0.9999999999999996,0.0,1.1140964488731697e-05,6.243621565867215,6.867918727948563e-06,0.9999999999999996,0.0
0.009435206651687622,0.0005647933483123781,0.05253719901831366,6.715308791957796,4.0,0.008559999754652381,0.9999999999999997,0.0,0.0,0.0,fp32,0.0,14,0.0,11000,detail,0.9999999999999997,0.0,1.6487801985931583e-05,6.539320146897808,1.6810428860480897e-05,0.9999999999999997,0.0
0.009861929342150688,0.00013807065784931204,0.04215560981266249,7.0194214170333,4.0,0.008963874774053693,0.9999999999999996,0.0,0.0,0.0,fp32,0.0,14,0.0,11500,detail,0.9999999999999996,0.0,3.682088845380349e-06,6.835501164896414,2.8631945951929083e-06,0.9999999999999996,0.0
0.009410311467945576,0.0005896885320544245,0.047254419288439084,7.323240166995674,4.0,0.009352374821901321,0.9999999999999994,0.0,0.0,0.0,fp32,0.0,14,0.0,12000,detail,0.9999999999999994,0.0,4.0469476516591385e-06,7.131148176733404,3.872034994856222e-06,0.9999999999999994,0.0
0.009415238164365292,0.0005847618356347086,0.09180162971011889,7.627339500002563,4.0,0.00974120874889195,0.9999999999999983,0.0,0.0,0.0,fp32,0.0,14,0.0,12500,detail,0.9999999999999983,0.0,6.275707619352033e-06,7.427243009675294,1.1628533684415743e-05,0.9999999999999983,0.0
0.009816829115152359,0.0001831708848476412,0.028256434049612627,7.929589624982327,4.0,0.010121541796252131,0.999999999999999,0.0,0.0,0.0,fp32,0.0,14,0.0,13000,detail,0.999999999999999,0.0,2.7302944545226637e-06,7.7217236128635705,2.451256705171545e-06,0.999999999999999,0.0
0.010108859278261662,0.00010885927826166132,0.0407938110805254,8.231761999893934,4.0,0.010499624768272042,0.9999999999999972,0.0,0.0,0.0,fp32,0.0,14,0.0,13500,detail,0.9999999999999972,0.0,3.6670860481535783e-06,8.01624651090242,3.0733615403732983e-06,0.9999999999999972,0.0
0.010350375436246395,0.0003503754362463949,0.022970952191223488,8.537401292007416,4.0,0.010900999885052443,0.999999999999998,0.0,0.0,0.0,fp32,0.0,14,0.0,14000,detail,0.999999999999998,0.0,2.348482667002827e-06,8.313962321029976,5.914683242735919e-06,0.999999999999998,0.0
0.009702037088572979,0.00029796291142702123,0.02970089654565977,8.851184624945745,4.0,0.011365917045623064,0.9999999999999968,0.0,0.0,0.0,fp32,0.0,14,0.0,14500,detail,0.9999999999999968,0.0,2.2186143269209424e-06,8.619735466549173,1.9994738522655098e-06,0.9999999999999968,0.0
0.009923268109560013,7.673189043998739e-05,0.016575660072537066,9.166207208996639,4.0,0.01181533420458436,0.9999999999999978,0.0,0.0,0.0,fp32,0.0,14,0.0,15000,detail,0.9999999999999978,0.0,8.656046475152834e-07,8.926665595499799,1.37044548864651e-06,0.9999999999999978,0.0
0.010097367689013481,9.736768901348093e-05,0.016628506208448333,9.477739499881864,4.0,0.012208709260448813,0.999999999999999,0.0,0.0,0.0,fp32,0.0,14,0.0,15500,detail,0.999999999999999,0.0,1.27362886814808e-06,9.230125613044947,1.0843639302038355e-06,0.999999999999999,0.0
0.00985273439437151,0.00014726560562849066,0.013990709898463422,9.785432166885585,4.0,0.012589834164828062,0.999999999999999,0.0,0.0,0.0,fp32,0.0,14,0.0,16000,detail,0.999999999999999,0.0,7.261110681611171e-07,9.53006674326025,9.566064136379282e-07,0.999999999999999,0.0
0.010241509415209293,0.00024150941520929316,0.015260143635626907,10.086704042041674,4.0,0.012977584032341838,0.9999999999999989,0.0,0.0,0.0,fp32,0.0,14,0.0,16500,detail,0.9999999999999989,0.0,9.217721981258364e-07,9.823595038149506,1.0913124697253807e-06,0.9999999999999989,0.0
0.010027593933045864,2.7593933045863897e-05,0.012150022052374873,10.39004445890896,4.0,0.013356166891753674,0.9999999999999982,0.0,0.0,0.0,fp32,0.0,14,0.0,17000,detail,0.9999999999999982,0.0,7.820920018275501e-07,10.118998830672354,1.1863976396853104e-06,0.9999999999999982,0.0
0.01007457822561264,7.457822561264017e-05,0.01230511124581367,10.718815834028646,4.0,0.013738124864175916,0.9999999999999987,0.0,0.0,0.0,fp32,0.0,14,0.0,17500,detail,0.9999999999999987,0.0,4.032694107536372e-07,10.43999217520468,7.499023695345386e-07,0.9999999999999987,0.0
0.01001022569835186,1.0225698351859838e-05,0.012074276294519636,11.033989999908954,4.0,0.014122499851509929,0.9999999999999957,0.0,0.0,0.0,fp32,0.0,14,0.0,18000,detail,0.9999999999999957,0.0,5.059766294834844e-07,10.747031334787607,7.31749651095015e-07,0.9999999999999957,0.0
0.009958729147911072,4.127085208892843e-05,0.010847780774331376,11.34488262492232,4.0,0.014563291799277067,0.9999999999999979,0.0,0.0,0.0,fp32,0.0,14,0.0,18500,detail,0.9999999999999979,0.0,4.3470524246913556e-07,11.049864622298628,6.019507736709784e-07,0.9999999999999979,0.0
0.00997015181928873,2.9848180711269587e-05,0.01036572276488746,11.648032208904624,4.0,0.014948582742363214,0.9999999999999987,0.0,0.0,0.0,fp32,0.0,14,0.0,19000,detail,0.9999999999999987,0.0,4.0081317820295226e-07,11.344908134778962,6.317846441561414e-07,0.9999999999999987,0.0
0.010057012550532818,5.701255053281763e-05,0.010239617087560065,11.9479103339836,4.0,0.015326707856729627,0.9999999999999984,0.0,0.0,0.0,fp32,0.0,14,0.0,19500,detail,0.9999999999999984,0.0,4.039378609377309e-07,11.636977349873632,5.85467432756559e-07,0.9999999999999984,0.0
0.009966202080249786,3.379791975021383e-05,0.010132695156483454,12.258685916895047,4.0,0.015851082978770137,0.9999999999999969,0.0,0.0,0.0,fp32,0.0,14,0.0,20000,detail,0.9999999999999969,0.0,5.191340051169391e-07,11.938004898838699,5.50918343833473e-07,0.9999999999999969,0.0
0.01135165337473154,0.0013516533747315405,115.15800807061655,0.004224542062729597,4.0,0.0,,,,0.0,fixed-e3m4,0.0,14,0.0,0,detail,,,,0.0,0.007402266841381788,,9.894094546325505e-05
0.011411917395889759,0.0014119173958897589,6.256279144855978,1.6799507499672472,4.0,0.0004208330065011978,0.9999029164559483,5.426087224253793e-11,0.017728038031098348,0.0,fixed-e3m4,0.0,14,0.0,500,detail,0.6852367532282199,5.799764258330411e-07,0.0003160807827953249,1.6541498692240566,0.0003772652125917375,0.6866486032940614,0.00013721761933993548
0.011250745505094528,0.001250745505094528,2.7188346317099925,3.1447997090872377,4.0,0.0008305830415338278,0.9998923411241031,1.0579893469387682e-10,0.013766465286718828,0.0,fixed-e3m4,0.0,14,0.0,1000,detail,0.7221761090794697,3.594283935611679e-07,0.00023499205417465419,3.099078698316589,0.0001697305269772187,0.7231739704545275,0.00011542205174919218
0.01025979220867157,0.0002597922086715696,1.55270773003012,4.842789167072624,4.0,0.0013479581102728844,0.9999140381096113,1.3264943724732455e-11,0.008022184807368526,0.0,fixed-e3m4,0.0,14,0.0,1500,detail,-0.30111029507133985,5.69607381888837e-07,0.00011497356172185391,4.778043079189956,0.00011380771320546046,-0.3007619106325577,0.00023128476459532976
0.009951606392860413,4.839360713958761e-05,1.1421871404171968,6.669498084113002,4.0,0.0018202911596745253,0.9999112058819729,3.423266896483632e-11,0.013469347330890363,0.0,fixed-e3m4,0.0,14,0.0,2000,detail,-0.5132204789220691,5.05063218499185e-07,9.64906212175265e-05,6.580510332249105,0.00010172444308409467,-0.513552657835211,7.25649151718244e-05
0.009980644099414349,1.9355900585651606e-05,0.8804858585213816,8.430843584006652,4.0,0.0025991243310272694,0.9999292246500158,7.167110995181737e-11,0.02000594235911657,0.0,fixed-e3m4,0.0,14,0.0,2500,detail,0.8863139181558197,1.0712138648038565e-07,0.00013743690215051174,8.31827835785225,7.050704880384728e-05,0.88635629758551,7.473679579561576e-05
0.009151497855782509,0.0008485021442174914,0.6238288763668091,9.911949916975573,4.0,0.0030316663905978203,0.9998968651089242,1.1445654472436966e-11,0.009309695949291869,0.0,fixed-e3m4,0.0,14,0.0,3000,detail,0.24676480852392238,3.5935539146125605e-07,6.33215022389777e-05,9.77643652819097,0.00011197008279850706,0.2466761409781575,4.874989463132806e-05
0.009177370928227901,0.0008226290717720987,0.9150556813795573,11.581110125174746,4.0,0.0037549163680523634,0.9999194156801661,9.517372518364411e-12,0.01406358324254729,0.0,fixed-e3m4,0.0,14,0.0,3500,detail,0.6164490726734582,5.4821234340858016e-08,4.740282747661695e-05,11.421005491167307,8.404243271797895e-05,0.6157546395471947,5.538503683055751e-05
0.009618666023015976,0.00038133397698402426,0.5040746514893246,13.476525417063385,4.0,0.004354041302576661,0.9999209807208468,1.283228180474705e-10,0.016836684163612954,0.0,fixed-e3m4,0.0,14,0.0,4000,detail,0.9164098893417585,1.7669938832404446e-07,0.0001908010453917086,13.290532110957429,9.102997137233615e-05,0.9166578532297553,5.019602394895628e-05
0.013239862397313118,0.0032398623973131178,0.7203332248629996,15.183360750088468,4.0,0.00483924918808043,0.9998996932371415,3.7071656366413825e-11,0.012577993463404971,0.0,fixed-e3m4,0.0,14,0.0,4500,detail,0.6428883557269248,3.4161143916058896e-07,8.990435162559152e-05,14.973914701258764,0.00014780166384298354,0.6425786595359079,8.572202204959467e-05
0.01030344981700182,0.0003034498170018194,1.1917874279167124,16.687740999972448,4.0,0.005234457086771727,0.9999256015287676,5.199119965146241e-11,0.014459740516985243,0.0,fixed-e3m4,0.0,14,0.0,5000,detail,0.49333115540667616,2.6061715482421553e-07,0.0001149249219452031,16.45870157633908,0.00015069363871589303,0.4926896379240869,4.878619802184403e-05
0.007980462163686752,0.002019537836313248,0.34330856072796395,18.569019542075694,4.0,0.005810916190966964,0.9999081973285295,5.939981028919411e-12,0.015945330296127564,0.0,fixed-e3m4,0.0,14,0.0,5500,detail,0.6106860173784431,1.2185159572378651e-07,3.842379373963922e-05,18.29706041701138,3.446980190346949e-05,0.6111933116915871,4.9621779908193275e-05
0.006576408166438341,0.003423591833561659,0.5658424407323596,20.286439000163227,4.0,0.006229499122127891,0.9999216673763225,3.5491265276694744e-11,0.018817470535802714,0.0,fixed-e3m4,0.0,14,0.0,6000,detail,0.9390187224137957,5.465464726239418e-08,8.491543849231675e-05,19.840960251400247,9.75349175860174e-05,0.9392238539605663,7.64633368817158e-05
0.013594752177596092,0.003594752177596092,0.8068946607952793,21.759717292152345,4.0,0.006658791098743677,0.9999151159637375,3.293494939304653e-11,0.018619391898583738,0.0,fixed-e3m4,0.0,14,0.0,6500,detail,0.5039848365406864,1.4572829447866472e-07,8.490677282679826e-05,21.291040836600587,5.030368993175216e-05,0.5035187174968224,4.1531802708050236e-05
0.0110761858522892,0.0010761858522891996,0.3613190585360839,23.1983444171492,4.0,0.007194291101768613,0.9999031795423751,3.9781211677762405e-12,0.02733485193621868,0.0,fixed-e3m4,0.0,14,0.0,7000,detail,0.8219870595137968,1.875548797697451e-08,3.5547895095078275e-05,22.71126283542253,0.00011308747343719006,0.8213310909403629,2.2808924768469296e-05
0.008231478743255138,0.0017685212567448618,0.3192072530807365,24.85748975002207,4.0,0.007798206992447376,0.9999186160474733,2.239696392054963e-11,0.022977121917401207,0.0,fixed-e3m4,0.0,14,0.0,7500,detail,0.9472956434267625,7.682794844940195e-08,4.524943506112322e-05,24.350268743699417,2.57924766629003e-05,0.9472499214990127,4.741749944514595e-05
0.009377394802868366,0.000622605197131634,0.48878452690140217,26.832536000059918,4.0,0.008484957041218877,0.9998981723884658,9.181479380336507e-11,0.021590571456868376,0.0,fixed-e3m4,0.0,14,0.0,8000,detail,0.873919408472867,1.042623992818997e-07,0.0001622454874450341,26.293882876634598,4.9878100981004536e-05,0.873598202029565,4.916519901598804e-05
0.011174782179296017,0.0011747821792960165,0.21371191374120763,28.790959042031318,4.0,0.009310248075053096,0.9999050161683185,2.011258937085926e-11,0.02723581261760919,0.0,fixed-e3m4,0.0,14,0.0,8500,detail,0.9028565868892969,4.150295452813214e-08,4.07798943342641e-05,28.22416758676991,3.5419638152234256e-05,0.9029028347242667,1.5678253475925885e-05
0.009752851910889149,0.0002471480891108515,0.11684479666085477,30.67553820903413,4.0,0.009878123179078102,0.9999270918233225,2.751593821298214e-12,0.027037733980390215,0.0,fixed-e3m4,0.0,14,0.0,9000,detail,0.5507348833733255,1.3635703478030482e-08,2.0246385247446597e-05,30.084066673880443,1.3982514246890787e-05,0.5500200267662082,1.0073209523397963e-05
0.009862970560789108,0.00013702943921089193,0.1408754505813043,32.46588162495755,4.0,0.010678914142772555,0.9998610211142601,1.2088885643934125e-11,0.026542537387342774,0.0,fixed-e3m4,0.0,14,0.0,9500,detail,0.4946382450217621,7.165367182495293e-08,2.466238584020175e-05,31.831149518024176,2.457383379805833e-05,0.4911055727552911,4.2177169234491885e-05
0.010684031993150711,0.0006840319931507109,0.23388653808058044,33.94455816713162,4.0,0.011465456103906035,0.9999357835236586,4.382679107751555e-12,0.02535406556402892,0.0,fixed-e3m4,0.0,14,0.0,10000,detail,0.6964594740403056,5.3061657186695e-08,4.2071391362696886e-05,33.289481095504016,2.684799983398989e-05,0.6963522820282063,5.0218484830111265e-05
0.00930829532444477,0.0006917046755552294,0.16536115615788796,35.44307866715826,4.0,0.011920665157958865,0.9999254606802984,1.0229107633393567e-11,0.024957908289590967,0.0,fixed-e3m4,0.0,14,0.0,10500,detail,0.1456751121240815,7.755285873647582e-08,2.5317574909422547e-05,34.769386272644624,2.541253707022406e-05,0.14508442808101887,2.5510873456369154e-05
0.011779077351093292,0.001779077351093292,0.1466336475908464,37.072209334000945,4.0,0.012316790176555514,0.9999268883131538,1.7072194521413807e-12,0.029018520352579975,0.0,fixed-e3m4,0.0,14,0.0,11000,detail,0.3376254256923069,1.1628616483674375e-07,1.3090651009406429e-05,36.37537332670763,1.6668089301674627e-05,0.3378117241622635,5.1551302021835e-05
0.01017266046255827,0.0001726604625582693,0.15330565648211106,38.577829875051975,4.0,0.012864582240581512,0.9999108594678284,5.060918127340548e-13,0.016341487570565513,0.0,fixed-e3m4,0.0,14,0.0,11500,detail,0.17381198207235282,3.727258757442329e-08,8.803575838101096e-06,37.861463574459776,1.252906076842919e-05,0.17515488944113444,2.9695729608647525e-05
0.010378140956163406,0.00037814095616340616,0.07049319247117773,40.035815624985844,4.0,0.013323832303285599,0.9999139029224503,4.173630525105612e-12,0.03317817173417847,0.0,fixed-e3m4,0.0,14,0.0,12000,detail,0.4803518553328854,2.4559616367101425e-08,1.2145998880441766e-05,39.301804943941534,7.5641537478077225e-06,0.4807044410172769,2.3003682144917548e-05
0.010089997202157974,8.999720215797403e-05,0.12264267855477093,41.46908487495966,4.0,0.01374616613611579,0.9999019066169393,2.7973355728936295e-12,0.03654550856690106,0.0,fixed-e3m4,0.0,14,0.0,12500,detail,0.5716740031671929,3.454986698636906e-08,1.345247892459156e-05,40.7166858704295,1.2037840861012228e-05,0.5757625406964896,4.020861888420768e-05
0.010123235173523426,0.00012323517352342585,0.04442873719791829,43.049659584183246,4.0,0.014275165973231196,0.9999254145224588,4.3913459935123445e-12,0.026641576705952262,0.0,fixed-e3m4,0.0,14,0.0,13000,detail,-0.41883707140552123,6.054046320862765e-08,1.2518690709839575e-05,42.27523313788697,5.7134966482408345e-06,-0.42136676684013247,3.0149567464832217e-05
0.009358683601021767,0.0006413163989782335,0.12505028737232735,44.55028891703114,4.0,0.014732956886291504,0.999926946482156,1.0572142161222967e-12,0.022680003961572746,0.0,fixed-e3m4,0.0,14,0.0,13500,detail,-0.21497672542035165,2.525297511697733e-08,1.3725893040827941e-05,43.75606952304952,1.6544874597457238e-05,-0.215949833917616,3.2988715247483924e-05
0.010612482205033302,0.0006124822050333021,0.042602164382271324,46.089523000176996,4.0,0.015242456924170256,0.9999169210949346,1.7032831216892063e-12,0.037733980390214916,0.0,fixed-e3m4,0.0,14,0.0,14000,detail,0.7794425137463245,1.3851946331721167e-08,5.497991878655739e-06,45.274372739717364,1.197807887365343e-05,0.7773993236815582,2.381048398092389e-05
0.01049603708088398,0.0004960370808839796,0.0885988726028639,48.06435283413157,4.0,0.01566237397491932,0.9999417541314651,2.6450871812552243e-13,0.02931563830840844,0.0,fixed-e3m4,0.0,14,0.0,14500,detail,0.7689384960030606,7.645321425862753e-09,5.253778908809181e-06,47.22413082467392,7.218908194772666e-06,0.7692452971609566,1.553683978272602e-05
0.00955315213650465,0.0004468478634953501,0.0493240676237128,50.09550408413634,4.0,0.016274998895823956,0.9999329034003297,4.377902373152422e-13,0.020897296226601962,0.0,fixed-e3m4,0.0,14,0.0,15000,detail,0.6422264438148839,1.715497560445813e-08,5.600693384621991e-06,49.232250512810424,7.633526365680154e-06,0.6426812770975708,1.894653178169392e-05
0.010237808339297771,0.00023780833929777125,0.04333460715801881,51.65467566717416,4.0,0.016774581745266914,0.9999111744210794,9.341591433434977e-13,0.02971179558284639,0.0,fixed-e3m4,0.0,14,0.0,15500,detail,-0.779541695782902,6.6486385719259e-08,4.989864009985467e-06,50.77225159620866,7.4143749770883005e-06,-0.7785081022647248,2.7795895221061073e-05
0.010359898209571838,0.00035989820957183817,0.026009537554379847,53.38088079215959,4.0,0.01720333192497492,0.9999065571873729,9.660069623651402e-13,0.029513716945627416,0.0,fixed-e3m4,0.0,14,0.0,16000,detail,0.6643822882269095,3.790022523058971e-09,5.461351520352764e-06,52.475308642722666,2.8261276838748017e-06,0.6622583581239899,1.2351717487035785e-05
0.009164107032120228,0.0008358929678797724,0.07525040690215098,54.90416762512177,4.0,0.017642915016040206,0.9998539462173758,3.096463375786388e-12,0.03406952560166386,0.0,fixed-e3m4,0.0,14,0.0,16500,detail,-0.6072175022737434,1.8709831711232816e-08,5.209465143707348e-06,53.97790348995477,5.0699818530119956e-06,-0.6079549701151592,2.1052712327218615e-05
0.009362181648612022,0.0006378183513879778,0.06100719597387978,56.46371300006285,4.0,0.01806145696900785,0.9999247501411771,6.626859570079147e-13,0.026047340794295337,0.0,fixed-e3m4,0.0,14,0.0,17000,detail,-0.7317430440050856,1.584562369506237e-08,4.123225608054781e-06,55.51874221628532,4.541981525107985e-06,-0.7319497780346357,1.690766293904744e-05
0.01000023540109396,2.3540109395960018e-07,0.03329869604187166,57.98070550011471,4.0,0.018468831898644567,0.9999211616438513,3.051308643592998e-13,0.02921659898979895,0.0,fixed-e3m4,0.0,14,0.0,17500,detail,0.023670806903354037,6.671849344096403e-09,3.4129000141547294e-06,57.01656334963627,3.5465232031128835e-06,0.0239827797506912,1.7911643226398155e-05
0.009194531477987766,0.0008054685220122339,0.056237661373390396,59.50562187517062,4.0,0.01890724804252386,0.9998746973367667,5.467901249689779e-13,0.026443498068733286,0.0,fixed-e3m4,0.0,14,0.0,18000,detail,0.2232558300442512,6.627215493944195e-09,3.912080956069985e-06,58.522384925046936,3.845146693493007e-06,0.2245683227117502,1.69174400070915e-05
0.009344740770757198,0.0006552592292428019,0.04956582509114467,61.010097458958626,4.0,0.019378914963454008,0.9999013338048266,1.9993222368266263e-13,0.021590571456868376,0.0,fixed-e3m4,0.0,14,0.0,18500,detail,0.421200571179618,1.058143408921489e-08,2.509665137040429e-06,60.00739212054759,3.2486179861734854e-06,0.42241800482482256,1.82434177986579e-05
0.01028291042894125,0.00028291042894124964,0.04502418092225255,62.470411041984335,4.0,0.0197858321480453,0.9999241938812139,1.9895573558414742e-13,0.033277211052787956,0.0,fixed-e3m4,0.0,14,0.0,19000,detail,-0.004351136689118774,9.925449529230148e-09,1.7630463844398037e-06,61.438471901230514,3.082234570683795e-06,-0.0041663614645922956,1.7345471860608086e-05
0.010291400365531445,0.00029140036553144434,0.046601220970581475,64.10751941706985,4.0,0.02051395713351667,0.9999128654961777,1.3759934207816528e-12,0.025750222838466872,0.0,fixed-e3m4,0.0,14,0.0,19500,detail,0.9055442465397123,6.700672749764854e-09,4.425407496455591e-06,63.05529835098423,3.4620327369339066e-06,0.9052065092896449,1.3909175322623923e-05
0.01005576178431511,5.5761784315109045e-05,0.04661115980198234,65.71943125012331,4.0,0.0211037490516901,0.9999224044648404,1.3759998582536677e-13,0.0213924928196494,0.0,fixed-e3m4,0.0,14,0.0,20000,detail,-0.2875309355826662,1.3143703542401784e-08,3.0152623367030174e-06,64.64269284461625,3.7886386508034775e-06,-0.2860575500389714,1.7315118384431116e-05
0.02272307686507702,0.012723076865077019,121.20273257980347,0.0068651249166578054,4.0,0.0,,,,0.0,fixed-e4m3,0.0,14,0.0,0,detail,,,,0.0,0.007521752268075943,,0.0006058336002752185
0.012570731341838837,0.0025707313418388365,6.921566869298345,1.3757402920164168,4.0,0.00037062494084239006,0.9996368476307006,1.453974323903272e-09,0.0,0.0,fixed-e4m3,0.0,14,0.0,500,detail,0.28968283596954564,2.0962257770619695e-06,0.0006277490174397826,1.347312637604773,0.00048077499377541244,0.29221618522364,0.00035460005165077746
0.005522032734006643,0.004477967265993357,4.920823034815406,2.6852876250632107,4.0,0.0007786247879266739,0.9996556860196475,5.2801324348213e-10,0.0,0.0,fixed-e4m3,0.0,14,0.0,1000,detail,0.18977683714905427,1.3788546688130014e-06,0.000359794357791543,2.638466178905219,0.00036927551263943315,0.19032392056024805,0.0005571262445300817
0.010017640888690948,1.7640888690948278e-05,2.012800386287295,3.9876373750157654,4.0,0.0011644999030977488,0.999626296260155,7.704273871276548e-11,0.0,0.0,fixed-e4m3,0.0,14,0.0,1500,detail,-0.49989293850277744,3.856264221178472e-06,0.0001481280633015558,3.9231899336446077,0.00021000643027946353,-0.4990334968267825,0.0005475684301927686
0.007648833096027374,0.002351166903972626,1.880674231834086,5.3448271250817925,4.0,0.0015720839146524668,0.9997354988116219,6.140561727527661e-10,9.903931860948797e-05,0.0,fixed-e4m3,0.0,14,0.0,2000,detail,0.65765891585985,7.470259110149462e-07,0.00028791994554921985,5.261481604771689,0.0002130098728230223,0.656789920169718,0.0003251501184422523
0.010103155858814716,0.00010315585881471613,2.011745522343962,6.644395333947614,4.0,0.001961875706911087,0.9996745832458891,3.709090724096002e-09,0.0,0.0,fixed-e4m3,0.0,14,0.0,2500,detail,0.9824204697446247,1.5891800634156784e-06,0.0009383532451465726,6.544248868012801,0.0002793046005535871,0.9829411964997735,0.0006413343944586813
0.007691963110119104,0.002308036889880896,0.786981729902699,7.941312874900177,4.0,0.002350917784497142,0.9996570797809059,3.570883724525819e-11,0.0,0.0,fixed-e4m3,0.0,14,0.0,3000,detail,0.5657517757716137,4.314096715021143e-07,7.683008152525872e-05,7.823644450400025,0.00026973336935043335,0.5666867088364133,0.00032327609369531274
0.005839866120368242,0.004160133879631758,1.6135622266436471,9.31526116700843,4.0,0.002734208945184946,0.9996722251803392,9.868781728887175e-11,0.0,0.0,fixed-e4m3,0.0,14,0.0,3500,detail,0.8755903155660408,6.183198837520718e-07,0.00015787320444360375,9.179371209815145,0.0002625099732540548,0.877026436486045,0.0005054335342720151
0.013294456526637077,0.003294456526637077,0.6248025063155477,10.650901667075232,4.0,0.003251250134781003,0.9996410141674738,1.1869000467879473e-10,9.903931860948797e-05,0.0,fixed-e4m3,0.0,14,0.0,4000,detail,0.0578620223588458,4.4554456992828787e-07,6.6705237259157e-05,10.497373584425077,7.141447713365778e-05,0.06008827330111555,0.00020672492973972112
0.012202123180031776,0.0022021231800317762,0.45276923852862877,11.97087175003253,4.0,0.003710791002959013,0.9997091494322354,7.767790617987198e-11,9.903931860948797e-05,0.0,fixed-e4m3,0.0,14,0.0,4500,detail,-0.3596361092997862,5.861006559112264e-07,9.257855708710849e-05,11.799426096258685,0.00012170159607194364,-0.3586118937941219,0.0001490201975684613
0.007894771173596382,0.002105228826403618,0.6141333048996998,13.315814083907753,4.0,0.004084623884409666,0.999594894585109,1.7030865964966653e-10,9.903931860948797e-05,0.0,fixed-e4m3,0.0,14,0.0,5000,detail,-0.9163271830982332,8.878295539000952e-07,8.420822996413335e-05,13.125915601616725,8.12053112895228e-05,-0.9145793267765874,0.00015565470675937831
0.006862351205199957,0.0031376487948000433,1.128324018644367,14.617862167069688,4.0,0.004464706871658564,0.9996960933574632,3.884708062323776e-11,0.00019807863721897593,0.0,fixed-e4m3,0.0,14,0.0,5500,detail,-0.03202108484378471,2.0960049046381057e-07,0.0001032992877298966,14.410949810640886,0.0002732972789090127,-0.03161549887921939,0.00015980459284037352
0.009788126684725285,0.00021187331527471563,0.3499066807327877,15.905086375074461,4.0,0.004841331858187914,0.9996690665044847,3.614454893015037e-11,9.903931860948797e-05,0.0,fixed-e4m3,0.0,14,0.0,6000,detail,0.12304227184801687,2.671037876836886e-07,3.9227357774507254e-05,15.681669398676604,2.400226912868675e-05,0.12370368088416035,0.00013812257384415716
0.009864265099167824,0.00013573490083217642,0.35340173485140514,17.204308042069897,4.0,0.00522004091180861,0.9997337459022112,3.666346551311776e-11,0.00019807863721897593,0.0,fixed-e4m3,0.0,14,0.0,6500,detail,0.5857957958133452,7.812574840012058e-08,5.907213926548138e-05,16.962946405634284,4.524494579527527e-05,0.586714207741785,0.0001324792974628508
0.010056881234049797,5.688123404979685e-05,0.2953989272735912,18.482300209114328,4.0,0.0055924158077687025,0.9996480001390019,9.627359918140694e-11,0.00019807863721897593,0.0,fixed-e4m3,0.0,14,0.0,7000,detail,0.6281721645677684,1.625563196487033e-07,7.840145553927869e-05,18.224289409816265,5.023973062634468e-05,0.6265412395252526,0.0001233170769410208
0.009746357798576355,0.00025364220142364523,0.3051240029482356,19.781608500052243,4.0,0.005989998811855912,0.9995234275019157,7.376471091460919e-11,0.0,0.0,fixed-e4m3,0.0,14,0.0,7500,detail,0.9619268726385644,4.664590294812915e-08,5.600883741863072e-05,19.50755060580559,3.704894334077835e-05,0.9615268561480839,8.527361933374777e-05
0.007785387337207794,0.002214612662792206,0.34810891677212946,21.133900542045012,4.0,0.006425956729799509,0.9997774142047725,2.5630523899534082e-11,9.903931860948797e-05,0.0,fixed-e4m3,0.0,14,0.0,8000,detail,-0.5152843672793141,1.3744338486389357e-07,3.5731027310248464e-05,20.843054477591068,5.7683399063535035e-05,-0.5156456129097233,9.545918146613985e-05
0.010960908606648445,0.0009609086066484449,0.4017080949810311,22.51525599998422,4.0,0.0068345407489687204,0.9997044560443924,5.639988035272499e-11,0.0,0.0,fixed-e4m3,0.0,14,0.0,8500,detail,-0.6167737362690778,2.485210807357342e-07,3.9669263060204685e-05,22.207198143471032,4.885210728389211e-05,-0.6168940618370512,0.0001083682946045883
0.009200822561979294,0.0007991774380207064,0.2146994174634039,23.914377708919346,4.0,0.007247165776789188,0.9996863973042298,1.8676231968708555e-11,0.0002971179558284639,0.0,fixed-e4m3,0.0,14,0.0,9000,detail,-0.18168456680680906,5.6700918766998286e-08,2.9288738005561754e-05,23.588367314310744,3.441969238338061e-05,-0.1783585905294004,8.175024413503706e-05
0.011438190005719662,0.0014381900057196615,0.13422422103809137,25.295499375090003,4.0,0.007661624811589718,0.9996477865039555,3.049412854392101e-12,0.00019807863721897593,0.0,fixed-e4m3,0.0,14,0.0,9500,detail,-0.023824009421448536,1.4887405490304768e-07,1.2262709788046777e-05,24.95235343906097,2.252998820040375e-05,-0.02233058230973841,0.0001225856103701517
0.009647853672504425,0.00035214632749557516,0.09660838480145226,26.712332250084728,4.0,0.008099999744445086,0.9997426763221394,1.412899642317106e-12,0.00039615727443795186,0.0,fixed-e4m3,0.0,14,0.0,10000,detail,0.558803904128888,2.2016449954313033e-07,8.729133696760982e-06,26.350582780549303,1.1880222700710874e-05,0.5581683024264882,0.00011800062202382833
0.009272926487028599,0.0007270735129714014,0.18997139760918866,28.125903042033315,4.0,0.008474458707496524,0.9997415081634359,1.3473280285236191e-11,9.903931860948797e-05,0.0,fixed-e4m3,0.0,14,0.0,10500,detail,0.318380582496007,6.586112845537587e-07,2.8783109883079305e-05,27.746232780162245,3.8770464016124606e-05,0.32289208696734906,0.00022016990988049656
0.010200424119830132,0.00020042411983013132,0.09083086059431206,29.59337762510404,4.0,0.008858875837177038,0.9996373936437372,1.8530051784988892e-11,9.903931860948797e-05,0.0,fixed-e4m3,0.0,14,0.0,11000,detail,-0.9100263810776951,1.2907533588185195e-06,1.4720199942530598e-05,29.195459628710523,2.4064047465799376e-05,-0.9123365699609,0.00040652428288012743
0.007844586856663227,0.002155413143336773,0.2045741091171989,31.02376304194331,4.0,0.009257458848878741,0.9995638587220039,6.615187140255446e-12,0.0004951965930474399,0.0,fixed-e4m3,0.0,14,0.0,11500,detail,-0.5333465236312784,1.559514281576756e-06,1.0396563084213994e-05,30.59512708336115,2.208021396654658e-05,-0.5367267280959875,0.00042874415521509945
0.011445106007158756,0.001445106007158756,0.25376057757915277,32.411554333986714,4.0,0.009648667881265283,0.9996284463288057,1.0922436445526617e-10,0.00039615727443795186,0.0,fixed-e4m3,0.0,14,0.0,12000,detail,0.5196715685603072,1.2112595438477295e-06,9.137927554547787e-05,31.9668303753715,0.00018120408640243113,0.5132906932096372,0.00031035151914693415
0.010409663431346416,0.00040966343134641627,0.16192445621541773,33.73002599994652,4.0,0.010068167932331562,0.9995967348634521,4.13385190628752e-11,0.0002971179558284639,0.0,fixed-e4m3,0.0,14,0.0,12500,detail,-0.903688552008407,1.0051565797258916e-06,1.93296727957204e-05,33.269961500074714,2.7538586437003687e-05,-0.8994069295717507,0.00024796478101052344
0.00863084476441145,0.0013691552355885508,0.1432601727227328,35.040707791922614,4.0,0.010441125836223364,0.9995110756765911,4.387920437439818e-11,0.00019807863721897593,0.0,fixed-e4m3,0.0,14,0.0,13000,detail,-0.9009931050091649,1.3931964033498323e-06,2.4607246814412065e-05,34.564369041938335,2.7742205929826014e-05,-0.901224360681995,0.0003348714380990714
0.009539954364299774,0.00046004563570022604,0.21534005957927527,36.347752375062555,4.0,0.010819166898727417,0.999672439816725,5.174120481791133e-12,9.903931860948797e-05,0.0,fixed-e4m3,0.0,14,0.0,13500,detail,0.6063152152539667,6.801589299713276e-07,1.55944380821893e-05,35.85568037070334,2.8303898943704553e-05,0.6030336202978683,0.00018260051729157567
0.009714431129395962,0.00028556887060403845,0.1431196963125738,37.6500343750231,4.0,0.011193124810233712,0.9995176263000644,3.347353116454108e-11,0.0018817470535802713,0.0,fixed-e4m3,0.0,14,0.0,14000,detail,0.9905224563738632,9.472447407715475e-07,1.3018383469898254e-05,37.14201160357334,1.0887530152103864e-05,0.991277850924765,0.0003024263714905828
0.009350116364657879,0.0006498836353421213,0.1485406473084947,38.95577995898202,4.0,0.011580624850466847,0.9996905222872939,6.645550981386073e-12,0.00039615727443795186,0.0,fixed-e4m3,0.0,14,0.0,14500,detail,-0.6048715324516653,1.431812938319688e-06,1.2250423424120527e-05,38.43200764525682,1.0733827366493642e-05,-0.6037063428502578,0.00029727965011261404
0.00977447722107172,0.00022552277892828008,0.06197258194906528,40.30442075012252,4.0,0.012002708856016397,0.9997591398172769,6.186289461155784e-11,0.00039615727443795186,0.0,fixed-e4m3,0.0,14,0.0,15000,detail,0.8964481183556687,1.301473250021887e-06,4.1797306039370596e-05,39.76433181972243,7.721275324001908e-06,0.8987717432811829,0.00033456090022809803
0.009911996312439442,8.800368756055853e-05,0.08964738556261433,41.646681166952476,4.0,0.01240187487564981,0.9996167403592519,5.242703888279832e-13,9.903931860948797e-05,0.0,fixed-e4m3,0.0,14,0.0,15500,detail,-0.4054101678445395,3.3757760370428484e-07,5.3771777857036795e-06,41.0907255995553,6.576132818736369e-06,-0.4104087077225897,0.00015922194870654494
0.008988217450678349,0.0010117825493216517,0.10666110344665045,43.00205187499523,4.0,0.012771624838933349,0.9996964610632305,6.346336590819233e-12,0.0005942359116569278,0.0,fixed-e4m3,0.0,14,0.0,16000,detail,-0.821692497937457,5.280264960860396e-07,8.783500561548863e-06,42.429203322157264,1.1677013389999047e-05,-0.8253675160930474,0.00018126417126040906
0.009306133724749088,0.0006938662752509119,0.0564916624257839,44.331885792082176,4.0,0.013153583975508809,0.9995503125459901,1.2414528811317685e-11,0.00019807863721897593,0.0,fixed-e4m3,0.0,14,0.0,16500,detail,0.7432075536713163,5.279757572907876e-07,7.617287337779999e-06,43.74238517251797,7.926366379251704e-06,0.743248037180969,0.00017590516654308885
0.009349750354886055,0.0006502496451139452,0.061349874405676824,45.704117875080556,4.0,0.01376208383589983,0.9998106140222859,1.8126772858489456e-12,9.903931860948797e-05,0.0,fixed-e4m3,0.0,14,0.0,17000,detail,0.9125555152236015,5.741610835325059e-07,4.388685738376807e-06,45.09798928932287,8.025918759813067e-06,0.9126551487905928,0.00022370931401383132
0.010951328091323376,0.0009513280913233755,0.10317325831779964,47.0530836249236,4.0,0.014154208824038506,0.999655650050152,3.696521207926785e-12,9.903931860948797e-05,0.0,fixed-e4m3,0.0,14,0.0,17500,detail,-0.8553961307788487,6.213497874343848e-07,6.5484732658660505e-06,46.430914329132065,8.76732974575134e-06,-0.8548161877327534,0.00020452719763852656
0.011231617070734501,0.0012316170707345007,0.09218550721371814,48.36742933397181,4.0,0.014536666683852673,0.9996874464897233,1.4408068958381396e-11,0.00019807863721897593,0.0,fixed-e4m3,0.0,14,0.0,18000,detail,-0.4726547511620412,5.331141532689006e-07,1.6598263755440712e-05,47.72931820503436,4.6910754463169724e-05,-0.46655357805929837,0.000223816474317573
0.008726161904633045,0.001273838095366955,0.08683876827336866,49.69902241695672,4.0,0.01491049979813397,0.9997298285874133,1.867551908976591e-12,0.0006932752302664158,0.0,fixed-e4m3,0.0,14,0.0,18500,detail,0.015617968003918807,5.174340588060858e-07,9.21079936233582e-06,49.04330558446236,6.6195234467159025e-06,0.015744785055396025,0.00018525832274463028
0.009540813975036144,0.00045918602496385595,0.08967277982078861,51.00633016694337,4.0,0.015317416749894619,0.9996382790540255,2.978091404888692e-12,0.0,0.0,fixed-e4m3,0.0,14,0.0,19000,detail,0.10053690470760768,6.240054301954084e-07,8.141269972838927e-06,50.33480992494151,8.834538675728254e-06,0.09924020885402218,0.00018497924611438066
0.00935844425112009,0.0006415557488799097,0.06726778022159968,52.30077187507413,4.0,0.01569241681136191,0.9997458150949167,1.6896281287838647e-12,0.0,0.0,fixed-e4m3,0.0,14,0.0,19500,detail,0.09990702810907885,5.915065301963192e-07,6.901344477228122e-06,51.61389847099781,6.544129519170383e-06,0.09836822271086036,0.00016977616178337485
0.011419686488807201,0.0014196864888072012,0.11338203915050683,53.5933221669402,4.0,0.016073791775852442,0.9996493433175564,4.287344291535274e-12,0.00019807863721897593,0.0,fixed-e4m3,0.0,14,0.0,20000,detail,-0.16656081736588724,7.064792741423367e-07,7.90537797001889e-06,52.88740495615639,1.2171519301773515e-05,-0.16959837886200146,0.00016741563740652055
-0.0023453491739928722,0.012345349173992872,115.19132306750583,0.00394820817746222,4.0,0.0,,,,0.0,fixed-e5m2,0.0,14,0.0,0,detail,,,,0.0,0.008440627716481686,,0.0020831339061260223
0.007981391623616219,0.0020186083763837816,8.555626391244207,1.3120026250835508,4.0,0.000378625001758337,0.9986436071335639,3.0943282382524648e-09,0.0,0.0,fixed-e5m2,0.0,14,0.0,500,detail,0.6602791365655464,2.0252677599722735e-06,0.0006789907929487526,1.292472581146285,0.0006580363260582089,0.66140983469133,0.0011021881364285946
0.009910334832966328,8.966516703367254e-05,4.300620221841846,2.6425186661072075,4.0,0.0008158329874277115,0.9982526456214672,2.3657357948464494e-09,0.0,0.0,fixed-e5m2,0.0,14,0.0,1000,detail,-0.5682302540247322,4.220772907078934e-06,0.0003783738357014954,2.6058050133287907,0.001051741885021329,-0.5614301306954076,0.001238714437931776
0.0038693167734891176,0.006130683226510883,3.5064950029841504,3.9983081249520183,4.0,0.0012035418767482042,0.9984767451047477,1.5112655975370175e-09,0.0,0.0,fixed-e5m2,0.0,14,0.0,1500,detail,-0.0030270447330190227,1.8671430333152708e-06,0.0003254410985391587,3.9438087698072195,0.00037300167605280876,-0.0023557935756940212,0.000979294185526669
0.01229065004736185,0.0022906500473618505,1.7407472469620238,5.403720375150442,4.0,0.0016082499641925097,0.9988538285644681,1.1418081433733174e-09,0.0,0.0,fixed-e5m2,0.0,14,0.0,2000,detail,0.8829513382623846,2.48641943316414e-06,0.00020903775293845683,5.330779906827956,0.00016019711620174348,0.8852562503220988,0.0007191832992248237
0.011286311782896519,0.0012863117828965185,2.1067474529017867,6.986694291001186,4.0,0.0019802909810096025,0.9987308810904587,5.202605268606704e-09,0.0,0.0,fixed-e5m2,0.0,14,0.0,2500,detail,-0.914738425129766,1.0807922958619186e-05,0.0006320534157566726,6.893223999766633,0.0002558141713961959,-0.9177805830087643,0.0014907896984368563
0.005437053740024567,0.0045629462599754336,1.3712425461685707,8.497318624984473,4.0,0.0024071659427136183,0.998481158408777,8.043668167999814e-10,0.0,0.0,fixed-e5m2,0.0,14,0.0,3000,detail,-0.6828708536032057,7.203761672371649e-06,0.00022571445151697844,8.386305208550766,0.00012078198051312938,-0.6853227126105863,0.0014609501231461763
0.011796820908784866,0.0017968209087848661,0.8723479484451017,10.02401458309032,4.0,0.002849290845915675,0.9985792349775323,2.195033102446052e-10,0.0,0.0,fixed-e5m2,0.0,14,0.0,3500,detail,0.06062579251165892,1.2620223841481162e-06,0.0001392422418575734,9.894432251574472,8.959400292951614e-05,0.06434506967582942,0.0005641569150611758
0.01302284188568592,0.0030228418856859205,1.6747880020840722,11.457225457997993,4.0,0.003320707706734538,0.9987298792125578,1.2491215859428023e-09,0.0,0.0,fixed-e5m2,0.0,14,0.0,4000,detail,0.7973315005301013,2.0363555195423455e-07,0.00026109570171684027,11.309911129297689,0.00022542590158991516,0.7985961376335198,0.0003384933224879205
0.0014395302860066295,0.00856046971399337,1.867683168428455,13.013828250113875,4.0,0.003910999745130539,0.9985677487824873,8.697115791503991e-11,0.0,0.0,fixed-e5m2,0.0,14,0.0,4500,detail,0.0896484725609408,1.309595653237267e-07,0.00010505190584808588,12.84482209244743,0.00017000295338220894,0.09751232472994675,0.00027892901562154293
0.011925239115953445,0.0019252391159534452,0.6620469651347158,14.579058957984671,4.0,0.00437691668048501,0.9987178150125113,2.0167042791432598e-10,0.0,0.0,fixed-e5m2,0.0,14,0.0,5000,detail,-0.6095415841471954,1.5837492026651995e-06,9.793329809326679e-05,14.391596009256318,0.0001754446857376024,-0.6111835655081465,0.00032292792457155883
0.005088580772280693,0.004911419227719307,0.9534905715130978,16.20280591608025,4.0,0.00493687461130321,0.9985994882165166,3.6830858285714664e-10,0.0,0.0,fixed-e5m2,0.0,14,0.0,5500,detail,0.45755046790744236,2.6205028108557294e-06,0.0001167448572232388,15.992052096640691,9.947262151399627e-05,0.460674008441292,0.0007083681994117796
0.01130684558302164,0.0013068455830216406,0.8808824176816669,17.721582458121702,4.0,0.005353790475055575,0.998878208566349,2.8695053118429424e-10,0.0,0.0,fixed-e5m2,0.0,14,0.0,6000,detail,0.6269603788337115,1.8274709657131716e-06,0.00010164384730160236,17.487550067016855,0.00011698439629981294,0.6275884011467117,0.0008711216505616903
0.009697940200567245,0.0003020597994327547,0.36965084596727377,19.18774383305572,4.0,0.005930582294240594,0.9980301052120272,2.890430101725078e-10,0.0,0.0,fixed-e5m2,0.0,14,0.0,6500,detail,-0.7606757960829779,1.1654770332511367e-06,6.431418296415359e-05,18.93347474047914,5.324721132637933e-05,-0.7606203995022685,0.0002677868469618261
0.010989859700202942,0.0009898597002029417,0.320073291869613,20.8390378751792,4.0,0.006359373452141881,0.9983324432723487,9.60152051654822e-11,0.0,0.0,fixed-e5m2,0.0,14,0.0,7000,detail,0.8637769233916113,2.0199456437711578e-07,2.684851278900169e-05,20.55871153715998,3.0349823646247387e-05,0.8666199515106532,0.0002583480381872505
0.009105682373046875,0.0008943176269531252,0.4533378255818467,22.45531779108569,4.0,0.006929707480594516,0.998752909256851,5.689892476532958e-10,0.0,0.0,fixed-e5m2,0.0,14,0.0,7500,detail,0.2353195359864096,5.843384876943559e-07,0.00011161192378494889,22.152748625725508,8.861449896357954e-05,0.2304150285986152,0.00032437368645332754
0.012074670754373074,0.0020746707543730734,0.48882591639819856,23.934153208043426,4.0,0.0073373734485358,0.9985379340759679,7.976537777317866e-11,0.0,0.0,fixed-e5m2,0.0,14,0.0,8000,detail,-0.6853047535955068,2.586631428046555e-07,5.321438220562413e-05,23.61205441155471,0.00011281936895102262,-0.6801699514712958,0.00023372817668132484
0.0076631600968539715,0.0023368399031460287,0.3624452529846282,25.476489666150883,4.0,0.007820581318810582,0.9990936389084156,5.997337083478766e-11,0.0,0.0,fixed-e5m2,0.0,14,0.0,8500,detail,-0.815786155767728,6.124565630164705e-07,2.187812606280204e-05,25.13188343611546,3.255535557400435e-05,-0.8179044548895188,0.00030626734951511025
0.010565100237727165,0.000565100237727165,0.26611887749081936,27.27802391606383,4.0,0.008324956288561225,0.9989816908233754,1.5686878834042814e-10,0.0,0.0,fixed-e5m2,0.0,14,0.0,9000,detail,0.8985138460880542,3.1569127831274883e-07,4.490647552302107e-05,26.90732352877967,3.079016460105777e-05,0.9002695965069207,0.0001490226568421349
0.008095268160104752,0.0019047318398952486,0.36354291732499955,28.979498291155323,4.0,0.008844289230182767,0.9990808032587178,1.3111347530022044e-10,0.0,0.0,fixed-e5m2,0.0,14,0.0,9500,detail,0.9125269480212083,2.712970252753803e-07,6.196769390953705e-05,28.587420118041337,0.00011441215610830113,0.9141302466713161,0.00024379808746743947
0.010325036942958832,0.0003250369429588316,0.5694942920071371,30.62365350010805,4.0,0.009343206183984876,0.998449835435379,1.99879860404987e-11,0.0,0.0,fixed-e5m2,0.0,14,0.0,10000,detail,-0.3237400385444675,6.61053985374624e-07,4.3383650336181745e-05,30.206700918031856,8.884154522093013e-05,-0.3313450550939158,0.0003344827564433217
0.010807359591126442,0.0008073595911264417,0.36586652636102707,31.982400166103616,4.0,0.009763165144249797,0.9983750656252534,1.4703620662821181e-10,0.0,0.0,fixed-e5m2,0.0,14,0.0,10500,detail,0.7167706929740567,5.627066796240485e-07,4.872216595686041e-05,31.545593067072332,3.476423444226384e-05,0.7043371475481057,0.0001904233213281259
0.010306294076144695,0.0003062940761446951,0.12092672329693574,33.43733395799063,4.0,0.010141248116269708,0.9982543227355415,5.6183240625428757e-11,0.0,0.0,fixed-e5m2,0.0,14,0.0,11000,detail,-0.882368855086325,9.061167087768773e-07,2.0997176761738956e-05,32.982625206699595,3.17613739753142e-05,-0.883444220650206,0.000236180450883694
0.010842707008123398,0.0008427070081233976,0.31034320018133216,34.928024291060865,4.0,0.010522414231672883,0.998855754712311,3.08304903080691e-10,0.0,0.0,fixed-e5m2,0.0,14,0.0,11500,detail,0.8422005144505708,1.8176160177420872e-06,6.240986112970859e-05,34.45564499730244,5.2698997023981065e-05,0.8475239616694434,0.00038409329135902226
0.009141399525105953,0.000858600474894047,0.14949370450994837,36.30274087516591,4.0,0.010933747282251716,0.9989497381665232,3.430547621571926e-12,0.0,0.0,fixed-e5m2,0.0,14,0.0,12000,detail,-0.3869755394182702,2.182096240931738e-06,8.256277396867517e-06,35.8114891697187,1.7610062059247866e-05,-0.3823295741182954,0.0004799922462552786
0.010938986204564571,0.0009389862045645712,0.10478468502410512,37.66280670813285,4.0,0.011320747202262282,0.9988092053436572,4.211835622594059e-11,0.0,0.0,fixed-e5m2,0.0,14,0.0,12500,detail,-0.9735452568272345,3.7765019407645984e-06,1.22935525723733e-05,37.15383718861267,1.5879857528489083e-05,-0.9740296026909625,0.0007249477785080671
0.010958968661725521,0.0009589686617255209,0.18187358466631534,38.9823988750577,4.0,0.01170058106072247,0.9983202049519422,2.8053825662287415e-11,0.0,0.0,fixed-e5m2,0.0,14,0.0,13000,detail,-0.011662677813800065,2.9726280104585365e-06,2.815329935401678e-05,38.455411590170115,1.443349538021721e-05,-0.028600317973320025,0.0005711248377338052
0.011618983000516891,0.0016189830005168913,0.13058537818824253,40.31291045807302,4.0,0.012086205882951617,0.9989314377366979,1.0622159499572956e-10,0.0,0.0,fixed-e5m2,0.0,14,0.0,13500,detail,-0.860908359133544,1.4333851278724694e-06,2.67137565970188e-05,39.76794100855477,2.105128442053683e-05,-0.8547418695189571,0.00038554880302399397
0.00993542093783617,6.457906216383001e-05,0.06805391573225342,41.63332341611385,4.0,0.0124623728916049,0.9986688234928235,2.628600228683169e-12,0.0,0.0,fixed-e5m2,0.0,14,0.0,14000,detail,-0.1044962103784847,2.177187396593507e-06,9.030230103235226e-06,41.07055596704595,1.6942560250754468e-05,-0.11066897869473108,0.0004851279081776738
0.010370258241891861,0.00037025824189186075,0.1296740705558538,43.01346816611476,4.0,0.01285474793985486,0.9992380833318301,5.132000154374761e-11,0.0,0.0,fixed-e5m2,0.0,14,0.0,14500,detail,0.8784239199990331,1.4176346435410615e-06,4.77902649436146e-05,42.433167301118374,3.1428429792867973e-05,0.8764019545629472,0.0003476255224086344
0.00996184628456831,3.8153715431690424e-05,0.1338595526932493,44.43566483305767,4.0,0.01324266497977078,0.9984989053018436,1.28295318410624e-10,0.0,0.0,fixed-e5m2,0.0,14,0.0,15000,detail,-0.6172214682762355,6.985936681995724e-07,2.2282083591562696e-05,43.835942472331226,2.348749512748327e-05,-0.6199698279566168,0.00022479759354609996
0.009484781883656979,0.0005152181163430216,0.09979837743320596,45.87537533300929,4.0,0.013655955903232098,0.9990462826353044,1.1153255768790599e-11,0.0,0.0,fixed-e5m2,0.0,14,0.0,15500,detail,0.7762097872824923,4.1607208123543934e-07,8.529347724106628e-06,45.2556655164808,1.1139497473777737e-05,0.7816988642438195,0.0001563909463584423
0.010379261337220669,0.0003792613372206686,0.1764875471847278,47.293101832969114,4.0,0.014128539012745023,0.9985846531589044,3.798830014630937e-12,0.0,0.0,fixed-e5m2,0.0,14,0.0,16000,detail,0.17030486832458908,1.736304076635605e-07,1.2830203559133224e-05,46.65359929925762,1.5013378288131207e-05,0.16263850913400674,0.00011281143088126555
0.009033914655447006,0.000966085344552994,0.0840688523817519,48.72397550009191,4.0,0.014522664016112685,0.9990957911317389,4.689454676143854e-12,0.0,0.0,fixed-e5m2,0.0,14,0.0,16500,detail,0.5550636990761147,1.0129786954020746e-07,9.134766514762305e-06,48.06467983685434,8.393602911382914e-06,0.5522101929162196,0.00014910774189047515
0.009642308577895164,0.0003576914221048357,0.14697098987337187,50.12517725001089,4.0,0.014923954848200083,0.9992129648938363,2.311551668405097e-11,0.0,0.0,fixed-e5m2,0.0,14,0.0,17000,detail,0.1669406475680663,1.2875226746538743e-07,7.867055501264986e-06,49.44721142202616,1.2683677596214693e-05,0.16635558223500135,0.00014070307952351868
0.011369943618774414,0.0013699436187744139,0.17208438323697745,51.61102020810358,4.0,0.015320037957280874,0.9987712347813243,2.0582660837361517e-12,0.0,0.0,fixed-e5m2,0.0,14,0.0,17500,detail,-0.08815698877449898,1.400774144830612e-07,1.045016324496828e-05,50.91460226359777,3.295150236226618e-05,-0.0921066538637224,0.00017207460768986493
0.010219268500804901,0.00021926850080490091,0.15569159995029422,53.03133750008419,4.0,0.01575366291217506,0.9980669389746953,1.043419294369935e-10,0.0,0.0,fixed-e5m2,0.0,14,0.0,18000,detail,0.048915106477549694,1.5882100634899143e-07,1.6556436094106175e-05,52.315131766255945,2.1436926544993185e-05,0.055538334835361504,0.0001685264433035627
0.009246454574167728,0.0007535454258322718,0.08884480701510852,54.516095916042104,4.0,0.01616357988677919,0.9985382279174546,1.5516209410807804e-11,0.0,0.0,fixed-e5m2,0.0,14,0.0,18500,detail,-0.5984741960211899,1.0526416842121503e-07,1.7334103176835924e-05,53.77774780197069,1.8463004380464554e-05,-0.5914770970662833,0.0001516632328275591
0.010055935941636562,5.593594163656214e-05,0.09264744557539598,56.11719808308408,4.0,0.0165718300268054,0.9986732408603916,1.2018574593277848e-11,0.0,0.0,fixed-e5m2,0.0,14,0.0,19000,detail,-0.578505703615873,8.497546718203061e-08,1.0593044862616807e-05,55.358775878325105,2.2152451492729597e-05,-0.5843091575075993,0.00011363322846591473
0.009669875726103783,0.00033012427389621755,0.0918709560049392,57.729645958170295,4.0,0.017073788912966847,0.9988108440601686,5.009746984279286e-12,0.0,0.0,fixed-e5m2,0.0,14,0.0,19500,detail,-0.36905950840311236,8.267429630564102e-08,8.018378139240667e-06,56.94932070793584,8.411147973674815e-06,-0.3621283410931437,0.00011578369594644755
0.009079729206860065,0.0009202707931399347,0.09345112816113604,59.271613041171804,4.0,0.017475871834903955,0.9990103368688206,1.9555065471403413e-11,0.0,0.0,fixed-e5m2,0.0,14,0.0,20000,detail,-0.08358049694152875,8.30870916414426e-08,6.311393462965498e-06,58.469609796768054,9.515491910860874e-06,-0.0864079605286221,0.00010208579624304548
0.02272307686507702,0.012723076865077019,121.20273257980347,0.0042344999965280294,4.0,0.0,,,,0.0,fixed-hybrid,0.0,14,0.0,0,detail,,,,0.0,0.007521752268075943,,0.0006058336002752185
0.009029412642121315,0.0009705873578786852,6.744488312344419,1.3407748329918832,4.0,0.00039766705594956875,0.9985494023368513,3.854843109057062e-09,0.0,0.0,fixed-hybrid,0.0,14,0.0,500,detail,0.6370694380034673,8.320518521063325e-07,0.0006052361568436027,1.3195100901648402,0.0004589471791405231,0.6338134143962574,0.0003951445687562227
0.010627229698002338,0.0006272296980023382,3.9651959768716485,2.7037185421213508,4.0,0.0007938339840620756,0.9988107072544931,8.387770713038941e-10,0.0,0.0,fixed-hybrid,0.0,14,0.0,1000,detail,0.12193242957194697,6.55784815613902e-07,0.00022293355141300708,2.6656103886198252,0.0002615267876535654,0.11776087803113863,0.0004874727164860815
0.008278968743979931,0.0017210312560200693,1.686053685351699,4.012578833149746,4.0,0.0012452509254217148,0.9986171351476503,3.76746541940472e-10,0.0,0.0,fixed-hybrid,0.0,14,0.0,1500,detail,0.6253553066694508,3.8809349166048404e-07,0.00016674425569362938,3.9582988095935434,0.00011178533168276772,0.6232384889774448,0.000292301265290007
0.006962892599403858,0.003037107400596142,1.6317898445279353,5.354804125148803,4.0,0.001647834898903966,0.998744606676243,2.9159136782112197e-10,0.0,0.0,fixed-hybrid,0.0,14,0.0,2000,detail,-0.22672522986902977,1.0570498121548762e-06,0.00011862962855957448,5.282617070013657,0.00017355303862132132,-0.22710864273681058,0.00040707457810640335
0.007207474671304226,0.0027925253286957743,1.1269320450360012,6.627571542048827,4.0,0.0020449189469218254,0.9986569029007453,1.0515819024308061e-10,0.0,0.0,fixed-hybrid,0.0,14,0.0,2500,detail,-0.14742109443985724,4.2743109348776705e-07,7.340603769989684e-05,6.537616217974573,0.00012853658699896187,-0.15120188961756284,0.00030883686849847436
0.0079580619931221,0.0020419380068778994,1.2594229530499153,7.903324875049293,4.0,0.0024426269810646772,0.9989564506824736,4.892343010838863e-10,0.0,0.0,fixed-hybrid,0.0,14,0.0,3000,detail,0.7691785699050152,1.352231376921919e-06,0.00010833930718945339,7.795274228323251,0.00012075954873580486,0.7703926784136257,0.0005915880901739001
0.008730820380151272,0.0012691796198487284,0.9607087140865533,9.146125332918018,4.0,0.0028341689612716436,0.9987736962860012,4.696336579452806e-09,0.0,0.0,fixed-hybrid,0.0,14,0.0,3500,detail,0.8695352988321436,4.662342593978803e-07,0.0006744449492543936,9.02097640489228,0.00016064528608694673,0.8719731260120388,0.00018898701819125563
0.009404551237821579,0.0005954487621784212,0.6330163401054117,10.41056629200466,4.0,0.0032442109659314156,0.998708532101039,4.755449782622636e-10,0.0,0.0,fixed-hybrid,0.0,14,0.0,4000,detail,0.8058485264231111,1.8953469722259435e-07,0.00012804477591998875,10.269006902119145,0.0001628961181268096,0.8090426549333679,0.0002639683079905808
0.009210423566401005,0.0007895764335989954,0.6085220947200123,11.715094666928053,4.0,0.0038301697932183743,0.9984283770998511,5.478841224099416e-11,0.0,0.0,fixed-hybrid,0.0,14,0.0,4500,detail,-0.4114822589179289,3.7245516944770005e-07,2.9004608222749084e-05,11.554339112481102,4.0218907088274136e-05,-0.41783285969340284,0.00013937437324784696
0.012363480404019356,0.0023634804040193556,0.8958766711253877,12.958893249975517,4.0,0.004225586773827672,0.9987528809695521,3.367462086536756e-10,0.0,0.0,fixed-hybrid,0.0,14,0.0,5000,detail,0.7640866880290715,1.9918369733384224e-07,7.689264020882547e-05,12.779364234535024,7.494460442103446e-05,0.7681717839343155,0.0001457093603676185
0.00887612346559763,0.0011238765344023707,0.4312188463211473,14.188926999922842,4.0,0.00462329457513988,0.9986318684503273,4.9052007902947704e-11,0.0,0.0,fixed-hybrid,0.0,14,0.0,5500,detail,-0.10724577247562586,4.660152277946793e-07,3.582304634619504e-05,13.99266378604807,3.802804712904617e-05,-0.10820156703878687,0.00021100544836372137
0.012012884952127934,0.0020128849521279333,0.4663939601919321,15.535865457961336,4.0,0.0050732113886624575,0.9986440035981862,1.4257116150540807e-10,0.0,0.0,fixed-hybrid,0.0,14,0.0,6000,detail,0.7352435116523516,1.697954985352357e-07,3.854861279251054e-05,15.321122153662145,0.0001377347798552364,0.7402729506571115,0.00016596772184129804
0.009272187948226929,0.0007278120517730715,0.551384835810549,16.828667875146493,4.0,0.005459003383293748,0.9983729475770354,2.2926157762471437e-10,0.0,0.0,fixed-hybrid,0.0,14,0.0,6500,detail,-0.22723758118516585,5.079177002682888e-07,4.061095023644157e-05,16.596154327737167,0.00020208516798447818,-0.23145745554298622,0.000348367408150807
0.00974259339272976,0.000257406607270241,0.4131713949662653,18.174232125049457,4.0,0.0058705443516373634,0.9986267155539661,1.4209546077421417e-10,0.0,0.0,fixed-hybrid,0.0,14,0.0,7000,detail,0.1683040152511719,1.9029721715740238e-07,3.3198015444213524e-05,17.923432699404657,3.0401557523873635e-05,0.16831055395596525,0.0002320041530765593
0.009489350020885468,0.0005106499791145327,0.2668135764028326,19.490531374933198,4.0,0.006314627360552549,0.9982076824949285,5.189317737776246e-10,0.0,0.0,fixed-hybrid,0.0,14,0.0,7500,detail,0.2506323585192982,2.773787734710949e-07,6.515232234960422e-05,19.210660041775554,2.834620318026282e-05,0.24986774177990292,9.012611553771421e-05
0.010200344026088715,0.0002003440260887144,0.2123474665519919,20.77411950007081,4.0,0.006730544380843639,0.9989739218271158,1.4906924114985651e-10,0.0,0.0,fixed-hybrid,0.0,14,0.0,8000,detail,0.850709511132235,7.892744327993363e-07,4.346358764450997e-05,20.476502625271678,8.496688678860664e-05,0.8511224039044327,0.0002604177570901811
0.012107024900615215,0.002107024900615215,0.22278020028232343,22.12677358300425,4.0,0.007155794417485595,0.9989592743214057,8.281766880312656e-11,0.0,0.0,fixed-hybrid,0.0,14,0.0,8500,detail,0.8992493062856483,2.8278968113438555e-07,4.240825728629716e-05,21.81172445975244,2.5021912733791396e-05,0.8985629847005708,0.00015498517313972116
0.009757396765053272,0.00024260323494672796,0.2510162160034793,23.428266166942194,4.0,0.007562002399936318,0.9986156833277705,9.281230156611646e-11,0.0,0.0,fixed-hybrid,0.0,14,0.0,9000,detail,-0.3954127442996339,1.1058167034370155e-07,3.054370608879253e-05,23.095409259432927,4.790586535818875e-05,-0.4014553391190083,7.241719140438363e-05
0.00891946442425251,0.0010805355757474901,0.31427751691841765,24.698642292059958,4.0,0.007947877515107393,0.9988739392016355,5.343650073247055e-11,0.0,0.0,fixed-hybrid,0.0,14,0.0,9500,detail,0.03588179317738748,1.1359702466679134e-07,2.8380592993926257e-05,24.348666514270008,3.390400161151774e-05,0.031125529444609657,6.629852578043938e-05
0.007618186064064503,0.0023818139359354975,0.32801871213371836,26.0167572919745,4.0,0.008348877541720867,0.9988626766038243,1.1821103270744027e-10,0.0,0.0,fixed-hybrid,0.0,14,0.0,10000,detail,-0.8284039036996105,3.4524084544414885e-07,3.481825115159154e-05,25.6495999970939,5.907346712774597e-05,-0.8292670350815506,0.00017838814528658986
0.008222871460020542,0.001777128539979458,0.1590541787823758,27.345245625125244,4.0,0.00880875252187252,0.9991344298365759,1.5762053130047544e-11,0.0,0.0,fixed-hybrid,0.0,14,0.0,10500,detail,0.27998796664630854,1.791785553738653e-07,1.0544998076511547e-05,26.96081716218032,2.3799117116141133e-05,0.28001100222531156,0.00012357605737634003
0.010570550337433815,0.0005705503374338148,0.12813741662582975,28.636858792044222,4.0,0.009199336403980851,0.9988990518263403,4.505392227448332e-11,0.0,0.0,fixed-hybrid,0.0,14,0.0,11000,detail,-0.3733201833247957,1.5889519924610714e-07,2.2646812794846483e-05,28.23402013257146,1.2046494703099597e-05,-0.37980372098546056,8.665023051435128e-05
0.008015422150492668,0.001984577849507332,0.2990764027617696,29.98082866705954,4.0,0.009613836416974664,0.9987515903887654,7.595064550134686e-11,0.0,0.0,fixed-hybrid,0.0,14,0.0,11500,detail,-0.8091363022271705,1.6821872626906633e-07,2.4182527340599336e-05,29.56051057903096,1.9935296222683974e-05,-0.8120332662835263,7.145693234633654e-05
0.008545874617993832,0.0014541253820061686,0.14583606795253568,31.316607667133212,4.0,0.01001854450441897,0.998949593769259,2.603025725612116e-12,0.0,0.0,fixed-hybrid,0.0,14,0.0,12000,detail,0.09426336396793103,4.825476554663247e-07,7.673930667806417e-06,30.87803150783293,2.061469785985537e-05,0.09647356443541813,0.00017778549226932228
0.009946669451892376,5.333054810762426e-05,0.09508060484943441,32.66122337500565,4.0,0.010420836508274078,0.998397774182335,2.1438585675804893e-11,0.0,0.0,fixed-hybrid,0.0,14,0.0,12500,detail,0.7690461687178403,1.022637028915431e-07,1.4955492588342167e-05,32.20553147117607,1.532844362372998e-05,0.7686779603787991,9.159395267488435e-05
0.009942052885890007,5.794711410999319e-05,0.10262953094355234,33.97585904202424,4.0,0.010795544600114226,0.9989924827839057,6.125586149327334e-11,0.0,0.0,fixed-hybrid,0.0,14,0.0,13000,detail,0.3335029782719485,2.594716708669165e-07,3.159681364195421e-05,33.50402026437223,3.3583928598091006e-05,0.3328908899476009,0.00012623623479157686
0.010294295847415924,0.00029429584741592386,0.14394828390369394,35.30503245792352,4.0,0.011203836649656296,0.9990108570699732,2.9688787585263436e-11,0.0,0.0,fixed-hybrid,0.0,14,0.0,13500,detail,0.8071354716283435,8.107462380817587e-08,1.8121752873412333e-05,34.81605805270374,1.6657162632327527e-05,0.8133293675024745,0.00010213634959654883
0.010311251506209373,0.00031125150620937327,0.1378137837339327,36.60380725003779,4.0,0.011584628839045763,0.9985175432551482,4.0096322224569105e-11,0.0,0.0,fixed-hybrid,0.0,14,0.0,14000,detail,0.5199750766851062,2.6447181894174146e-07,1.2876333130407147e-05,36.09834899008274,2.4226932509918697e-05,0.5174656640929876,0.0001815240684663877
0.009569289162755013,0.0004307108372449877,0.07528598401850613,37.89503458305262,4.0,0.011955253779888153,0.9988820755648776,1.0835447205878645e-11,0.0,0.0,fixed-hybrid,0.0,14,0.0,14500,detail,0.1632326872397303,9.258600794092364e-08,8.553753104934003e-06,37.372843496734276,6.533374289574567e-06,0.16710305485588633,8.023011469049379e-05
0.010528955608606339,0.0005289556086063383,0.1408280029680447,39.22753604198806,4.0,0.012340712593868375,0.998193702009047,1.237697586941068e-10,0.0,0.0,fixed-hybrid,0.0,14,0.0,15000,detail,-0.5127838790211818,8.985942560900388e-08,1.9454209905234165e-05,38.68759148614481,3.574794391170144e-05,-0.5173059215558083,5.403298564488068e-05
0.009959396906197071,4.060309380292913e-05,0.06557277264005558,40.59086291701533,4.0,0.012777837458997965,0.9987645496779516,7.282905487604899e-12,0.0,0.0,fixed-hybrid,0.0,14,0.0,15500,detail,0.19923319182671095,4.113841419494205e-08,8.602842171967495e-06,40.03285625204444,7.81986273068469e-06,0.20188154228419766,5.6504810345359147e-05
0.009526765905320644,0.00047323409467935583,0.09262636230581994,42.003751083044335,4.0,0.013168420409783721,0.9986809461654824,1.8743438965547885e-11,0.0,0.0,fixed-hybrid,0.0,14,0.0,16000,detail,-0.07087808895072367,2.4664843147201233e-08,6.400609436241211e-06,41.422503884881735,8.210333362512756e-06,-0.07473508500165636,5.8213929150952026e-05
0.009254139848053455,0.0007458601519465449,0.07610440863732115,43.4200440000277,4.0,0.01393500342965126,0.9987126250771894,1.7160454104686843e-11,0.0,0.0,fixed-hybrid,0.0,14,0.0,16500,detail,-0.3263499341754797,3.197905109503126e-08,6.342541382764466e-06,42.81966293579899,7.240866580104921e-06,-0.3297956646852919,7.064954115776345e-05
0.01064635906368494,0.0006463590636849401,0.10591810744651811,44.782540916930884,4.0,0.01433754526078701,0.9986647693582978,1.3493932215086728e-11,0.0,0.0,fixed-hybrid,0.0,14,0.0,17000,detail,-0.2558784891762964,8.608267947594123e-08,6.760463293176144e-06,44.16352671547793,9.290558409702498e-06,-0.2549507565371911,6.752644549123943e-05
0.009585441090166569,0.00041455890983343145,0.05557806723372833,46.11755025014281,4.0,0.014715170254930854,0.9981591460865715,1.430144131140251e-12,0.0,0.0,fixed-hybrid,0.0,14,0.0,17500,detail,0.0009772983897240212,5.609380527749264e-08,3.2268055747408653e-06,45.4804059015587,6.487638074759161e-06,-0.006248381455371762,7.455836021108553e-05
0.01014154776930809,0.00014154776930809,0.04292289752229666,47.514274707995355,4.0,0.015149295330047607,0.9984994471620915,6.669321759919217e-12,0.0,0.0,fixed-hybrid,0.0,14,0.0,18000,detail,0.08202801940255705,3.492547307656209e-08,6.565934654645389e-06,46.85826194053516,5.623966899293009e-06,0.07784799789797052,7.656036905245855e-05
0.00999484769999981,5.152300000190943e-06,0.03647240606589036,48.8583561249543,4.0,0.01561454520560801,0.99862207232349,6.792472191216705e-12,0.0,0.0,fixed-hybrid,0.0,14,0.0,18500,detail,0.3518247508757075,4.083204071501135e-08,5.9849048739124555e-06,48.183985612588,4.200286639388651e-06,0.348763024456683,6.939275772310793e-05
0.01022606622427702,0.0002260662242770193,0.05220734689732517,50.306003832956776,4.0,0.016030003083869815,0.9988757546791165,2.5094665039733275e-12,0.0,0.0,fixed-hybrid,0.0,14,0.0,19000,detail,-0.6087717599934667,6.442225392119953e-08,4.816175533051137e-06,49.61244723084383,5.457979568745941e-06,-0.6101882441998672,8.605149923823774e-05
0.010339618660509586,0.0003396186605095861,0.038271178647462,51.62866958300583,4.0,0.01649842015467584,0.9982241312287319,1.3021572324155146e-11,0.0,0.0,fixed-hybrid,0.0,14,0.0,19500,detail,-0.5531534117543535,6.804227148305128e-08,4.850119239563355e-06,50.916873023845255,4.728818112198496e-06,-0.5492479041978499,7.061407814035192e-05
0.010133150033652782,0.00013315003365278223,0.035529152307251684,53.01364554208703,4.0,0.016880961135029793,0.9987896370130486,1.2508771716883991e-11,0.0,0.0,fixed-hybrid,0.0,14,0.0,20000,detail,0.6266762419163354,4.608926463514709e-08,7.189289590314729e-06,52.28267235867679,4.957122200721642e-06,0.6289517091812264,7.506798283429816e-05
0.01135165337473154,0.0013516533747315405,115.15800807061655,0.005038375034928322,4.0,0.0,,,,0.006132500013336539,calibrated,0.0,14,0.006132500013336539,0,detail,,,,0.0,0.007402266841381788,,9.894094546325505e-05
0.011411917395889759,0.0014119173958897589,6.256279144855978,1.518025083001703,4.0,0.0005636669229716063,0.9999029164559483,5.426087224253793e-11,0.017728038031098348,0.006132500013336539,calibrated,0.0,14,0.006132500013336539,500,detail,0.6852367532282199,5.799764258330411e-07,0.0003160807827953249,1.490077699534595,0.0003772652125917375,0.6866486032940614,0.00013721761933993548
0.011250745505094528,0.001250745505094528,2.7188346317099925,2.997961665969342,4.0,0.001021791948005557,0.9998923411241031,1.0579893469387682e-10,0.013766465286718828,0.006132500013336539,calibrated,0.0,14,0.006132500013336539,1000,detail,0.7221761090794697,3.594283935611679e-07,0.00023499205417465419,2.9469926182646304,0.0001697305269772187,0.7231739704545275,0.00011542205174919218
0.01025979220867157,0.0002597922086715696,1.55270773003012,4.475270415889099,4.0,0.0014151260256767273,0.9999140381096113,1.3264943724732455e-11,0.008022184807368526,0.006132500013336539,calibrated,0.0,14,0.006132500013336539,1500,detail,-0.30111029507133985,5.69607381888837e-07,0.00011497356172185391,4.405020565027371,0.00011380771320546046,-0.3007619106325577,0.00023128476459532976
0.009951606392860413,4.839360713958761e-05,1.1421871404171968,5.947782082948834,4.0,0.001823000842705369,0.9999112058819729,3.423266896483632e-11,0.013469347330890363,0.006132500013336539,calibrated,0.0,14,0.006132500013336539,2000,detail,-0.5132204789220691,5.05063218499185e-07,9.64906212175265e-05,5.858248898060992,0.00010172444308409467,-0.513552657835211,7.25649151718244e-05
0.009980644099414349,1.9355900585651606e-05,0.8804858585213816,7.426583125023171,4.0,0.0022026258520781994,0.9999292246500158,7.167110995181737e-11,0.02000594235911657,0.006132500013336539,calibrated,0.0,14,0.006132500013336539,2500,detail,0.8863139181558197,1.0712138648038565e-07,0.00013743690215051174,7.317574887769297,7.050704880384728e-05,0.88635629758551,7.473679579561576e-05
0.009151497855782509,0.0008485021442174914,0.6238288763668091,8.920774250058457,4.0,0.002573625883087516,0.9998968651089242,1.1445654472436966e-11,0.009309695949291869,0.006132500013336539,calibrated,0.0,14,0.006132500013336539,3000,detail,0.24676480852392238,3.5935539146125605e-07,6.33215022389777e-05,8.790799409383908,0.00011197008279850706,0.2466761409781575,4.874989463132806e-05
0.009177370928227901,0.0008226290717720987,0.9150556813795573,10.403846916044131,4.0,0.002962167840451002,0.9999194156801661,9.517372518364411e-12,0.01406358324254729,0.006132500013336539,calibrated,0.0,14,0.006132500013336539,3500,detail,0.6164490726734582,5.4821234340858016e-08,4.740282747661695e-05,10.253517120145261,8.404243271797895e-05,0.6157546395471947,5.538503683055751e-05
0.009618666023015976,0.00038133397698402426,0.5040746514893246,11.866621416062117,4.0,0.003340126946568489,0.9999209807208468,1.283228180474705e-10,0.016836684163612954,0.006132500013336539,calibrated,0.0,14,0.006132500013336539,4000,detail,0.9164098893417585,1.7669938832404446e-07,0.0001908010453917086,11.696518886601552,9.102997137233615e-05,0.9166578532297553,5.019602394895628e-05
0.013239862397313118,0.0032398623973131178,0.7203332248629996,13.352326499996707,4.0,0.0038380019832402468,0.9998996932371415,3.7071656366413825e-11,0.012577993463404971,0.006132500013336539,calibrated,0.0,14,0.006132500013336539,4500,detail,0.6428883557269248,3.4161143916058896e-07,8.990435162559152e-05,13.158624045783654,0.00014780166384298354,0.6425786595359079,8.572202204959467e-05
0.01030344981700182,0.0003034498170018194,1.1917874279167124,14.854528750060126,4.0,0.0042620019521564245,0.9999256015287676,5.199119965146241e-11,0.014459740516985243,0.006132500013336539,calibrated,0.0,14,0.006132500013336539,5000,detail,0.49333115540667616,2.6061715482421553e-07,0.0001149249219452031,14.641232047462836,0.00015069363871589303,0.4926896379240869,4.878619802184403e-05
0.007980462163686752,0.002019537836313248,0.34330856072796395,16.290647000074387,4.0,0.0046470018569380045,0.9999081973285295,5.939981028919411e-12,0.015945330296127564,0.006132500013336539,calibrated,0.0,14,0.006132500013336539,5500,detail,0.6106860173784431,1.2185159572378651e-07,3.842379373963922e-05,16.05816380144097,3.446980190346949e-05,0.6111933116915871,4.9621779908193275e-05
0.006576408166438341,0.003423591833561659,0.5658424407323596,17.771102915983647,4.0,0.0050824598874896765,0.9999216673763225,3.5491265276694744e-11,0.018817470535802714,0.006132500013336539,calibrated,0.0,14,0.006132500013336539,6000,detail,0.9390187224137957,5.465464726239418e-08,8.491543849231675e-05,17.5185394694563,9.75349175860174e-05,0.9392238539605663,7.64633368817158e-05
0.013594752177596092,0.003594752177596092,0.8068946607952793,19.258110499940813,4.0,0.0054710847325623035,0.9999151159637375,3.293494939304653e-11,0.018619391898583738,0.006132500013336539,calibrated,0.0,14,0.006132500013336539,6500,detail,0.5039848365406864,1.4572829447866472e-07,8.490677282679826e-05,18.980739222839475,5.030368993175216e-05,0.5035187174968224,4.1531802708050236e-05
0.0110761858522892,0.0010761858522891996,0.3613190585360839,20.704928040970117,4.0,0.005845793755725026,0.9999031795423751,3.9781211677762405e-12,0.02733485193621868,0.006132500013336539,calibrated,0.0,14,0.006132500013336539,7000,detail,0.8219870595137968,1.875548797697451e-08,3.5547895095078275e-05,20.40696434187703,0.00011308747343719006,0.8213310909403629,2.2808924768469296e-05
0.008231478743255138,0.0017685212567448618,0.3192072530807365,22.175931707955897,4.0,0.006268918747082353,0.9999186160474733,2.239696392054963e-11,0.022977121917401207,0.006132500013336539,calibrated,0.0,14,0.006132500013336539,7500,detail,0.9472956434267625,7.682794844940195e-08,4.524943506112322e-05,21.85562890744768,2.57924766629003e-05,0.9472499214990127,4.741749944514595e-05
0.009377394802868366,0.000622605197131634,0.48878452690140217,23.66161087504588,4.0,0.006782418582588434,0.9998981723884658,9.181479380336507e-11,0.021590571456868376,0.006132500013336539,calibrated,0.0,14,0.006132500013336539,8000,detail,0.873919408472867,1.042623992818997e-07,0.0001622454874450341,23.321522570913658,4.9878100981004536e-05,0.873598202029565,4.916519901598804e-05
0.011174782179296017,0.0011747821792960165,0.21371191374120763,25.191170040983707,4.0,0.007182127563282847,0.9999050161683185,2.011258937085926e-11,0.02723581261760919,0.006132500013336539,calibrated,0.0,14,0.006132500013336539,8500,detail,0.9028565868892969,4.150295452813214e-08,4.07798943342641e-05,24.8272970947437,3.5419638152234256e-05,0.9029028347242667,1.5678253475925885e-05
0.009752851910889149,0.0002471480891108515,0.11684479666085477,26.719561249949038,4.0,0.007572168484330177,0.9999270918233225,2.751593821298214e-12,0.027037733980390215,0.006132500013336539,calibrated,0.0,14,0.006132500013336539,9000,detail,0.5507348833733255,1.3635703478030482e-08,2.0246385247446597e-05,26.334707672242075,1.3982514246890787e-05,0.5500200267662082,1.0073209523397963e-05
0.009862970560789108,0.00013702943921089193,0.1408754505813043,28.17564820800908,4.0,0.007986126467585564,0.9998610211142601,1.2088885643934125e-11,0.026542537387342774,0.006132500013336539,calibrated,0.0,14,0.006132500013336539,9500,detail,0.4946382450217621,7.165367182495293e-08,2.466238584020175e-05,27.77050478872843,2.457383379805833e-05,0.4911055727552911,4.2177169234491885e-05
0.010684031993150711,0.0006840319931507109,0.23388653808058044,29.669831458013505,4.0,0.008399668615311384,0.9999357835236586,4.382679107751555e-12,0.02535406556402892,0.006132500013336539,calibrated,0.0,14,0.006132500013336539,10000,detail,0.6964594740403056,5.3061657186695e-08,4.2071391362696886e-05,29.24499442242086,2.684799983398989e-05,0.6963522820282063,5.0218484830111265e-05
0.00930829532444477,0.0006917046755552294,0.16536115615788796,31.260621125111356,4.0,0.008873627753928304,0.9999254606802984,1.0229107633393567e-11,0.024957908289590967,0.006132500013336539,calibrated,0.0,14,0.006132500013336539,10500,detail,0.1456751121240815,7.755285873647582e-08,2.5317574909422547e-05,30.812351593282074,2.541253707022406e-05,0.14508442808101887,2.5510873456369154e-05
0.011779077351093292,0.001779077351093292,0.1466336475908464,32.91728299995884,4.0,0.009288752684369683,0.9999268883131538,1.7072194521413807e-12,0.029018520352579975,0.006132500013336539,calibrated,0.0,14,0.006132500013336539,11000,detail,0.3376254256923069,1.1628616483674375e-07,1.3090651009406429e-05,32.44660080270842,1.6668089301674627e-05,0.3378117241622635,5.1551302021835e-05
0.01017266046255827,0.0001726604625582693,0.15330565648211106,34.49414408300072,4.0,0.009763543726876378,0.9999108594678284,5.060918127340548e-13,0.016341487570565513,0.006132500013336539,calibrated,0.0,14,0.006132500013336539,11500,detail,0.17381198207235282,3.727258757442329e-08,8.803575838101096e-06,33.9735900410451,1.252906076842919e-05,0.17515488944113444,2.9695729608647525e-05
0.010378140956163406,0.00037814095616340616,0.07049319247117773,36.02755712508224,4.0,0.010201293742284179,0.9999139029224503,4.173630525105612e-12,0.03317817173417847,0.006132500013336539,calibrated,0.0,14,0.006132500013336539,12000,detail,0.4803518553328854,2.4559616367101425e-08,1.2145998880441766e-05,35.48291701055132,7.5641537478077225e-06,0.4807044410172769,2.3003682144917548e-05
0.010089997202157974,8.999720215797403e-05,0.12264267855477093,37.6099646249786,4.0,0.01069125160574913,0.9999019066169393,2.7973355728936295e-12,0.03654550856690106,0.006132500013336539,calibrated,0.0,14,0.006132500013336539,12500,detail,0.5716740031671929,3.454986698636906e-08,1.345247892459156e-05,37.042318345746025,1.2037840861012228e-05,0.5757625406964896,4.020861888420768e-05
0.010123235173523426,0.00012323517352342585,0.04442873719791829,39.17010562494397,4.0,0.011106334626674652,0.9999254145224588,4.3913459935123445e-12,0.026641576705952262,0.006132500013336539,calibrated,0.0,14,0.006132500013336539,13000,detail,-0.41883707140552123,6.054046320862765e-08,1.2518690709839575e-05,38.580156974028796,5.7134966482408345e-06,-0.42136676684013247,3.0149567464832217e-05
0.009358683601021767,0.0006413163989782335,0.12505028737232735,40.81621575006284,4.0,0.011548543814569712,0.999926946482156,1.0572142161222967e-12,0.022680003961572746,0.006132500013336539,calibrated,0.0,14,0.006132500013336539,13500,detail,-0.21497672542035165,2.525297511697733e-08,1.3725893040827941e-05,40.204093125415966,1.6544874597457238e-05,-0.215949833917616,3.2988715247483924e-05
0.010612482205033302,0.0006124822050333021,0.042602164382271324,42.327593750087544,4.0,0.011986127821728587,0.9999169210949346,1.7032831216892063e-12,0.037733980390214916,0.006132500013336539,calibrated,0.0,14,0.006132500013336539,14000,detail,0.7794425137463245,1.3851946331721167e-08,5.497991878655739e-06,41.693686827784404,1.197807887365343e-05,0.7773993236815582,2.381048398092389e-05
0.01049603708088398,0.0004960370808839796,0.0885988726028639,43.80984695791267,4.0,0.012417335761711001,0.9999417541314651,2.6450871812552243e-13,0.02931563830840844,0.006132500013336539,calibrated,0.0,14,0.006132500013336539,14500,detail,0.7689384960030606,7.645321425862753e-09,5.253778908809181e-06,43.15344607969746,7.218908194772666e-06,0.7692452971609566,1.553683978272602e-05
0.00955315213650465,0.0004468478634953501,0.0493240676237128,45.326828249963,4.0,0.012840252835303545,0.9999329034003297,4.377902373152422e-13,0.020897296226601962,0.006132500013336539,calibrated,0.0,14,0.006132500013336539,15000,detail,0.6422264438148839,1.715497560445813e-08,5.600693384621991e-06,44.64662184310146,7.633526365680154e-06,0.6426812770975708,1.894653178169392e-05
0.010237808339297771,0.00023780833929777125,0.04333460715801881,46.69201050000265,4.0,0.013229669770225883,0.9999111744210794,9.341591433434977e-13,0.02971179558284639,0.006132500013336539,calibrated,0.0,14,0.006132500013336539,15500,detail,-0.779541695782902,6.6486385719259e-08,4.989864009985467e-06,45.993966680252925,7.4143749770883005e-06,-0.7785081022647248,2.7795895221061073e-05
0.010359898209571838,0.00035989820957183817,0.026009537554379847,48.093483082950115,4.0,0.013630836736410856,0.9999065571873729,9.660069623651402e-13,0.029513716945627416,0.006132500013336539,calibrated,0.0,14,0.006132500013336539,16000,detail,0.6643822882269095,3.790022523058971e-09,5.461351520352764e-06,47.37819060427137,2.8261276838748017e-06,0.6622583581239899,1.2351717487035785e-05
0.009164107032120228,0.0008358929678797724,0.07525040690215098,49.50568900001235,4.0,0.014143961714580655,0.9998539462173758,3.096463375786388e-12,0.03406952560166386,0.006132500013336539,calibrated,0.0,14,0.006132500013336539,16500,detail,-0.6072175022737434,1.8709831711232816e-08,5.209465143707348e-06,48.77343850466423,5.0699818530119956e-06,-0.6079549701151592,2.1052712327218615e-05
0.009362181648612022,0.0006378183513879778,0.06100719597387978,50.96877791592851,4.0,0.014562669675797224,0.9999247501411771,6.626859570079147e-13,0.026047340794295337,0.006132500013336539,calibrated,0.0,14,0.006132500013336539,17000,detail,-0.7317430440050856,1.584562369506237e-08,4.123225608054781e-06,50.21827916637994,4.541981525107985e-06,-0.7319497780346357,1.690766293904744e-05
0.01000023540109396,2.3540109395960018e-07,0.03329869604187166,52.42026224988513,4.0,0.014942502602934837,0.9999211616438513,3.051308643592998e-13,0.02921659898979895,0.006132500013336539,calibrated,0.0,14,0.006132500013336539,17500,detail,0.023670806903354037,6.671849344096403e-09,3.4129000141547294e-06,51.65315384697169,3.5465232031128835e-06,0.0239827797506912,1.7911643226398155e-05
0.009194531477987766,0.0008054685220122339,0.056237661373390396,53.872606040909886,4.0,0.015371127519756556,0.9998746973367667,5.467901249689779e-13,0.026443498068733286,0.006132500013336539,calibrated,0.0,14,0.006132500013336539,18000,detail,0.2232558300442512,6.627215493944195e-09,3.912080956069985e-06,53.06837347242981,3.845146693493007e-06,0.2245683227117502,1.69174400070915e-05
0.009344740770757198,0.0006552592292428019,0.04956582509114467,55.351446457905695,4.0,0.015759627567604184,0.9999013338048266,1.9993222368266263e-13,0.021590571456868376,0.006132500013336539,calibrated,0.0,14,0.006132500013336539,18500,detail,0.421200571179618,1.058143408921489e-08,2.509665137040429e-06,54.51027813157998,3.2486179861734854e-06,0.42241800482482256,1.82434177986579e-05
0.01028291042894125,0.00028291042894124964,0.04502418092225255,56.793814291013405,4.0,0.016138711711391807,0.9999241938812139,1.9895573558414742e-13,0.033277211052787956,0.006132500013336539,calibrated,0.0,14,0.006132500013336539,19000,detail,-0.004351136689118774,9.925449529230148e-09,1.7630463844398037e-06,55.93615366378799,3.082234570683795e-06,-0.0041663614645922956,1.7345471860608086e-05
0.010291400365531445,0.00029140036553144434,0.046601220970581475,58.178017708007246,4.0,0.016520419623702765,0.9999128654961777,1.3759934207816528e-12,0.025750222838466872,0.006132500013336539,calibrated,0.0,14,0.006132500013336539,19500,detail,0.9055442465397123,6.700672749764854e-09,4.425407496455591e-06,57.30230658571236,3.4620327369339066e-06,0.9052065092896449,1.3909175322623923e-05
0.01005576178431511,5.5761784315109045e-05,0.04661115980198234,59.53088125004433,4.0,0.01705050258897245,0.9999224044648404,1.3759998582536677e-13,0.0213924928196494,0.006132500013336539,calibrated,0.0,14,0.006132500013336539,20000,detail,-0.2875309355826662,1.3143703542401784e-08,3.0152623367030174e-06,58.636885372688994,3.7886386508034775e-06,-0.2860575500389714,1.7315118384431116e-05
0.01135165337473154,0.0013516533747315405,115.15800807061655,0.003940582973882556,4.0,0.0,,,,0.006132500013336539,adaptive,0.0,14,0.006132500013336539,0,detail,,,,0.0,0.007402266841381788,,9.894094546325505e-05
0.011411917395889759,0.0014119173958897589,6.256279144855978,1.3464331671129912,4.0,0.0003733749035745859,0.9998829115411279,6.613753812529163e-11,0.017728038031098348,0.006132500013336539,adaptive,0.018937797052785754,14,0.025070297066122293,500,detail,0.6864907329246057,5.801068249649447e-07,0.0003160807827953249,1.3264033801387995,0.0003772652125917375,0.6868027406385606,0.0001374583807773888
0.011250745505094528,0.001250745505094528,2.7188346317099925,2.701880499953404,4.0,0.0007572907488793135,0.9998923411241031,1.0579893469387682e-10,0.013766465286718828,0.006132500013336539,adaptive,0.04279513191431761,14,0.04892763192765415,1000,detail,0.7233840840664746,3.5644834989045407e-07,0.00023499205417465419,2.6644521611742675,0.0001697305269772187,0.7243821816223921,0.00011500410619191825
0.01025979220867157,0.0002597922086715696,1.55270773003012,4.145512792048976,4.0,0.0011859987862408161,0.999911716556671,1.3474009506926667e-11,0.008022184807368526,0.006132500013336539,adaptive,0.06725537707097828,14,0.07338787708431482,1500,detail,-0.31330372717062704,5.917566270899877e-07,0.00011497356172185391,4.090986033668742,0.00011380771320546046,-0.314113031715191,0.00023569210316054523
0.009951606392860413,4.839360713958761e-05,1.1421871404171968,5.524553750175983,4.0,0.00158699881285429,0.9999112058819729,3.423266896483632e-11,0.013469347330890363,0.006132500013336539,adaptive,0.09148313198238611,14,0.09761563199572265,2000,detail,-0.5641160052366928,5.546428321615337e-07,9.64906212175265e-05,5.453735979972407,0.00010172444308409467,-0.5644134674349746,7.571671449113637e-05
0.009980644099414349,1.9355900585651606e-05,0.8804858585213816,6.930000875145197,4.0,0.0019686648156493902,0.9999292246500158,7.167110995181737e-11,0.02000594235911657,0.006132500013336539,adaptive,0.11527866893447936,14,0.1214111689478159,2500,detail,0.8646149935008245,1.261018642492427e-07,0.00013743690215051174,6.786761942086741,7.050704880384728e-05,0.8646601339065121,7.52375926822424e-05
0.009151497855782509,0.0008485021442174914,0.6238288763668091,8.280795542057604,4.0,0.0023474148474633694,0.9998968651089242,1.1445654472436966e-11,0.009309695949291869,0.006132500013336539,adaptive,0.1391402070876211,14,0.14527270710095763,3000,detail,0.2827400610014749,2.868896576353308e-07,6.33215022389777e-05,8.121654495829716,0.00011197008279850706,0.28259456952220585,4.283681482775137e-05
0.009177370928227901,0.0008226290717720987,0.9150556813795573,9.650909916963428,4.0,0.002727873856201768,0.9999178835919602,9.717503913539499e-12,0.01406358324254729,0.006132500013336539,adaptive,0.163245745934546,14,0.16937824594788253,3500,detail,0.5759729706223731,6.5834284821045e-08,4.740282747661695e-05,9.475629420485348,8.404243271797895e-05,0.5750791415035806,5.6678862165426835e-05
0.009599956683814526,0.0004000433161854746,0.5090313679877329,11.036296917125583,4.0,0.0031200407538563013,0.9999274257681328,5.58393649530813e-11,0.016044369614737052,0.006132500013336539,adaptive,0.18740903749130666,14,0.1935415375046432,4000,detail,0.8859955966660703,8.232044644707596e-08,0.0001104110706364736,10.844136090017855,5.716648229281418e-05,0.885779948853682,4.2788222344825044e-05
0.006826149765402079,0.0031738502345979216,1.6183395031623482,12.386273707961664,4.0,0.003503040876239538,0.9999121494800317,7.4832786972802e-11,0.014459740516985243,0.006132500013336539,adaptive,0.21110120485536754,14,0.21723370486870408,4500,detail,0.49343350754277876,3.0346463657233214e-07,0.00019749642524402589,12.178187631769106,0.0003074374108109623,0.4943007995820538,0.00015638851618859917
0.009243189357221127,0.0007568106427788737,0.360484480488261,13.728263458004221,4.0,0.0039029570762068033,0.9999088210158912,5.2557194621324807e-11,0.018916509854412202,0.006132500013336539,adaptive,0.23501133196987212,14,0.24114383198320866,5000,detail,0.8813738043875975,1.0857863666426996e-07,9.969781240215525e-05,13.504294837126508,6.318152736639604e-05,0.8809430316162344,4.442867066245526e-05
0.012213175185024738,0.002213175185024738,0.3780500255107693,15.069245958002284,4.0,0.004282582085579634,0.9999069990958033,9.846015407286179e-11,0.016341487570565513,0.006132500013336539,adaptive,0.2589358782861382,14,0.2650683782994747,5500,detail,0.9836973180864894,1.677074255293182e-08,0.00018814555369317532,14.829381502233446,6.948796362848952e-05,0.9837075422169227,4.840171823161654e-05
0.006919293198734522,0.0030807068012654783,0.513166393666051,16.408733833115548,4.0,0.004654457094147801,0.9999054547305533,4.768632438942243e-12,0.018718431217193226,0.006132500013336539,adaptive,0.2825866297353059,14,0.28871912974864244,6000,detail,0.46308308461960435,5.97842869844132e-08,4.428270040079951e-05,16.152418358251452,8.190692460630089e-05,0.46146514596861116,4.140078817727044e-05
0.009180844761431217,0.000819155238568783,0.21972329952188815,17.751109499949962,4.0,0.0051061660051345825,0.9999306927078172,8.762670124436336e-12,0.019609785084678616,0.006132500013336539,adaptive,0.30625488399527967,14,0.3123873840086162,6500,detail,0.09557355815433406,1.8226491674664388e-07,4.481599171413109e-05,17.47646272717975,4.739115320262499e-05,0.09495732937086186,3.539649333106354e-05
0.008765872567892075,0.0012341274321079256,0.41999165989679316,19.096772792050615,4.0,0.0054879989475011826,0.9999271507548112,1.1809029301379064e-12,0.011983757551748044,0.006132500013336539,adaptive,0.3303096753079444,14,0.33644217532128096,7000,detail,0.23093630149311256,3.681238253851906e-07,2.4646340534673072e-05,18.805017814971507,3.239550642319955e-05,0.2311841996516262,9.94196961983107e-05
0.01143220067024231,0.0014322006702423094,0.2593406941384596,20.441488333046436,4.0,0.005860041128471494,0.9999185108576387,2.8741367189444307e-12,0.014954937110032682,0.006132500013336539,adaptive,0.35415746294893324,14,0.3602899629622698,7500,detail,0.4404023226851647,1.6608043444809667e-08,2.525471427361481e-05,20.13329361565411,3.603380173444748e-05,0.440533009386568,4.437380994204432e-05
0.008044341579079628,0.0019556584209203722,0.3830323322438604,21.800727625144646,4.0,0.006248582154512405,0.9999204715599421,8.535155351364377e-12,0.017827077349707832,0.006132500013336539,adaptive,0.3786018725950271,14,0.38473437260836363,8000,detail,0.31000352462518416,8.124931288860087e-08,4.069392889505252e-05,21.476648155599833,3.33333300659433e-05,0.3099383360117012,5.153464007889852e-05
0.009679371491074562,0.00032062850892543814,0.30981123211400713,23.13860454200767,4.0,0.006651374278590083,0.999904452260313,3.2876952448727225e-11,0.02535406556402892,0.006132500013336539,adaptive,0.40239766356535256,14,0.4085301635786891,8500,detail,0.026619395044792788,1.7690430853694754e-07,5.583599704550579e-05,22.7983335708268,5.764962043031119e-05,0.028774813332450407,6.103831401560456e-05
0.009212209843099117,0.0007877901569008829,0.25806954196378135,24.463612583000213,4.0,0.00707612419500947,0.9998917006198298,4.857326630678286e-12,0.015945330296127564,0.006132500013336539,adaptive,0.4257863317616284,14,0.43191883177496493,9000,detail,0.29509516532510993,2.8245907837178265e-08,2.7549387596081942e-05,24.10569139616564,2.3899065126897767e-05,0.29823821540780954,1.7779850168153644e-05
0.010108314454555511,0.00010831445455551127,0.13558516958093955,25.788487083045766,4.0,0.007481124252080917,0.9999221134732093,1.081694736361169e-12,0.02099633554521145,0.006132500013336539,adaptive,0.44917013752274215,14,0.4553026375360787,9500,detail,-0.8152345536219814,5.7971120633090605e-08,9.586887244950049e-06,25.413329649250954,1.2610412341018673e-05,-0.8159250821817443,1.9247643649578094e-05
0.012786023318767548,0.0027860233187675474,0.2137045392661727,27.13059208309278,4.0,0.007891332264989614,0.9998813344332708,2.7010379585649467e-12,0.028424284440923046,0.006132500013336539,adaptive,0.47260005958378315,14,0.4787325595971197,10000,detail,0.7597618316232229,1.8300468481582235e-08,1.6026213415898383e-05,26.737414761912078,2.1134970666025765e-05,0.7598816875178384,2.2248266759561375e-05
0.010878332890570164,0.0008783328905701635,0.11832331724204798,28.470662666950375,4.0,0.008295290172100067,0.9999260033451051,4.900423701642992e-12,0.03010795285728434,0.006132500013336539,adaptive,0.49611369147896767,14,0.5022461914923042,10500,detail,0.6975942052448371,2.4657077074160102e-08,1.4937433661543764e-05,28.059742646291852,1.4215765986591578e-05,0.697599542350908,2.29894485528348e-05
0.010553466156125069,0.0005534661561250685,0.09510588215695641,29.80291191698052,4.0,0.008711457252502441,0.9999193691037709,6.88704103181442e-13,0.019708824403288104,0.006132500013336539,adaptive,0.519926113076508,14,0.5260586130898446,11000,detail,0.687325693151184,9.530753954799962e-09,1.1028371773136314e-05,29.375757183646783,3.1297622626880184e-05,0.687602627332506,1.1844265827676281e-05
0.009249383583664894,0.0007506164163351061,0.215594682487409,31.161109250038862,4.0,0.00909841526299715,0.9999022639716479,5.39695472000175e-13,0.015450133703080123,0.006132500013336539,adaptive,0.5436665255110711,14,0.5497990255244076,11500,detail,-0.5649619693178153,4.801554254482008e-08,9.519503691990394e-06,30.717400981346145,1.3840430256095715e-05,-0.5654288288253322,3.8285805203486234e-05
0.00828265305608511,0.0017173469439148905,0.12705820826671863,32.50376608315855,4.0,0.009507456328719854,0.9999218980322473,2.198674524016899e-12,0.030900267406160246,0.006132500013336539,adaptive,0.5673129360657185,14,0.5734454360790551,12000,detail,-0.7055182935974827,3.0631047060574477e-07,1.2640765817195643e-05,32.042725020321086,1.9446644728304818e-05,-0.7044890927684211,8.520199480699375e-05
0.010613364167511463,0.000613364167511463,0.1390730340112166,33.837788000004366,4.0,0.009924456244334579,0.9999319057212928,3.517665857125856e-12,0.02931563830840844,0.006132500013336539,adaptive,0.5910205540712923,14,0.5971530540846288,12500,detail,0.8887253068911383,3.062672678453606e-07,1.4851066225674003e-05,33.35956134228036,1.3558737919083796e-05,0.8886902660948313,8.80760489962995e-05
0.009296120144426823,0.0007038798555731775,0.09772239379415569,35.17380108311772,4.0,0.010320331202819943,0.9999287893639176,9.419844168561265e-13,0.02971179558284639,0.006132500013336539,adaptive,0.6145749762654305,14,0.620707476278767,13000,detail,0.8397431114903563,4.2944161475733384e-07,1.2036222869937774e-05,34.6782753856387,6.603753263334511e-06,0.8396451585113887,0.00013398021110333502
0.009452923201024532,0.0005470767989754679,0.09994255231796001,36.51687654200941,4.0,0.010721081169322133,0.9999269803498853,6.871167950979142e-13,0.028325245122313557,0.006132500013336539,adaptive,0.6382841826416552,14,0.6444166826549917,13500,detail,-0.7170056214083961,1.6019789277607403e-07,9.594305083737709e-06,36.00387938320637,6.124235824245261e-06,-0.7173315163640762,6.440764991566539e-05
0.010244941338896751,0.0002449413388967512,0.11081985446608217,37.8977675831411,4.0,0.011127456091344357,0.9998672316928402,1.9543387073607297e-12,0.0312964246805982,0.006132500013336539,adaptive,0.6622873942833394,14,0.6684198942966759,14000,detail,-0.8896694538718759,2.6869622445446825e-07,7.09605410520453e-06,37.36771692708135,1.2345078175712842e-05,-0.8886932240210205,9.643298108130693e-05
0.009206900373101234,0.0007930996268987658,0.13345980360758875,39.34152920800261,4.0,0.011545289075002074,0.9999323355936675,1.1000843059061968e-12,0.04783599088838269,0.006132500013336539,adaptive,0.6866382230073214,14,0.6927707230206579,14500,detail,-0.5907793716912721,4.04514883544174e-07,6.526244760607369e-06,38.794451088877395,8.339407941093668e-06,-0.5921700185020208,0.00010745174949988723
0.010207662358880043,0.00020766235888004282,0.043212703418808084,40.78437312506139,4.0,0.011954248184338212,0.9998967845780818,1.3598996613400633e-12,0.026938694661780727,0.006132500013336539,adaptive,0.7109417219180614,14,0.7170742219313979,15000,detail,0.25570187629593405,1.9493707889092337e-07,8.2658616520348e-06,40.219934452325106,4.73365253128577e-06,0.2549068005429531,6.741735705872998e-05
0.009138789027929306,0.0008612109720706942,0.0595942470417617,42.23080987506546,4.0,0.0124409981071949,0.9999062119544163,5.957747378072739e-13,0.020600178270773498,0.006132500013336539,adaptive,0.7354221420828253,14,0.7415546420961618,15500,detail,0.06467977057253849,8.41686021273204e-08,6.990757356106769e-06,41.64777850010432,5.722922651330009e-06,0.06589908017842515,5.4019383242120966e-05
0.010284524410963058,0.00028452441096305826,0.03286601341981183,43.71492699999362,4.0,0.012838914059102535,0.9999159388468937,1.5908606505322454e-12,0.020798256907992474,0.006132500013336539,adaptive,0.7611131053417921,14,0.7672456053551286,16000,detail,-0.4956009108096146,7.697983498798799e-08,1.0867897799471393e-05,43.11213212204166,5.436681931314524e-06,-0.4956474689793502,4.7747893404448405e-05
0.009720082394778728,0.0002799176052212717,0.06657852466753793,45.15234120795503,4.0,0.013286371948197484,0.9999140055491791,5.669846613043495e-13,0.029414677627017927,0.006132500013336539,adaptive,0.7857582331635058,14,0.7918907331768423,16500,detail,0.7329887653205147,8.432877110074058e-09,4.8860820243135095e-06,44.53058816236444,5.2293016779003665e-06,0.7320737365195881,2.322000182175543e-05
0.009481284767389297,0.0005187152326107027,0.05265457482842498,46.582679542014375,4.0,0.013664038851857185,0.9998989274101769,6.145741673919292e-13,0.021788650094087352,0.006132500013336539,adaptive,0.8110015178099275,14,0.817134017823264,17000,detail,-0.2616260665422811,1.0796715620911423e-08,6.025296897860244e-06,45.94339769775979,3.632515927165514e-06,-0.2622181747902708,2.740674426604528e-05
0.009076353162527084,0.0009236468374729159,0.04534946240548553,47.975915167015046,4.0,0.014079163782298565,0.9999080961178626,2.7504635640798775e-13,0.025750222838466872,0.006132500013336539,adaptive,0.8353454654570669,14,0.8414779654704034,17500,detail,0.17373644954677356,3.032844436642419e-08,3.3797491596487816e-06,47.319919793866575,4.043512944917893e-06,0.17443613538944897,2.741241223702673e-05
0.010676921345293522,0.0006769213452935217,0.06074934332776026,49.335090124979615,4.0,0.014461913844570518,0.9997933746529751,5.320094314558174e-13,0.022085768049915817,0.006132500013336539,adaptive,0.8597423015162349,14,0.8658748015295714,18000,detail,0.3043776777240379,2.4279505570745385e-08,3.948646735807415e-06,48.66247054096311,5.6050330385915e-06,0.3048990651798047,2.1424319129437208e-05
0.010123440064489841,0.00012344006448984125,0.02416358711627198,50.694640583125874,4.0,0.01490078866481781,0.9998927512802731,3.1263993989082857e-13,0.03189066059225513,0.006132500013336539,adaptive,0.8835551335942,14,0.8896876336075366,18500,detail,-0.7673034430893492,2.244000645111898e-08,2.2773410819354467e-06,50.00383554887958,1.946985321410466e-06,-0.7680956099848502,2.5783523597056046e-05
0.009584092535078526,0.00041590746492147466,0.04706891358480573,52.03160808305256,4.0,0.015321038663387299,0.9999041002953648,3.6890265211063574e-13,0.027631969892047144,0.006132500013336539,adaptive,0.9073730444069952,14,0.9135055444203317,19000,detail,-0.08147885469382322,2.9020538496712274e-08,3.2106700018630363e-06,51.324009511386976,4.154471753281541e-06,-0.0842546665117058,2.7023825168726034e-05
0.009557880461215973,0.0004421195387840273,0.06533128351382365,53.34601662517525,4.0,0.015714163659140468,0.9999199533942218,1.1580001054968008e-13,0.02733485193621868,0.006132500013336539,adaptive,0.9307051182258874,14,0.936837618239224,19500,detail,0.24445031834535647,1.843797455718103e-08,3.229972207918763e-06,52.62100688647479,4.075375272805104e-06,0.2426680137134103,2.5551928047207184e-05
0.009809395298361778,0.00019060470163822195,0.03379894753343612,54.66284216707572,4.0,0.016117497580125928,0.9999258907736809,5.085150306324233e-13,0.034960879469149254,0.006132500013336539,adaptive,0.9540209562983364,14,0.9601534563116729,20000,detail,0.6451257381176584,2.3581445771300454e-08,3.801351795118535e-06,53.91901074978523,4.192086180410115e-06,0.6448701086082863,3.1048017262946814e-05
