family,input_abs_max,input_p01,input_p50,input_p99,mean_abs_slope,mode,near_zero_fraction,negative_fraction,nonlinear_output_mse,relu_gate_flip_fraction,seed,small_slope_fraction,step,target
relu,1.3158626556396484,-0.7168287038803101,0.016977082627515,0.8395898143450419,0.5320231119791666,fp32,0.217041015625,0.4679768880208333,0.0,0.0,0,0.4679768880208333,0,linear
tanh,1.1743967533111572,-0.6688245137532552,0.0251948069781065,0.7234530846277872,0.9221370220184326,fp32,0.2774251302083333,0.4638671875,0.0,,0,0.0,0,linear
silu,1.1842623949050903,-0.7849957545598348,-0.0053525834033886594,0.721030592918396,0.49823005000750226,fp32,0.2901204427083333,0.50439453125,0.0,,0,0.0,0,linear
relu,1.488672137260437,-0.7693203886349996,-0.0077936410283048945,0.8280001084009806,0.5006917317708334,fp32,0.19523111979166666,0.4993082682291667,0.0,0.0,0,0.4993082682291667,2000,linear
tanh,1.1353418827056885,-0.6469398140907288,0.026888747699558735,0.7419454058011373,0.9240481456120809,fp32,0.2822672526041667,0.4621988932291667,0.0,,0,0.0,2000,linear
silu,1.285556435585022,-0.8226590553919474,-0.008939606448014578,0.7052885095278422,0.4954034487406413,fp32,0.2860514322916667,0.5098876953125,0.0,,0,0.00020345052083333334,2000,linear
relu,1.3473578691482544,-0.7232650717099508,0.015812571781377,0.8296951850255331,0.5331624348958334,fixed-e4m3,0.21993001302083334,0.4668375651041667,0.00010172523373815541,0.010172526041666666,0,0.4668375651041667,0,linear
tanh,1.1732122898101807,-0.6626434326171875,0.02972505148500204,0.7325405279795328,0.9219166239102682,fixed-e4m3,0.27294921875,0.45947265625,0.00011406246145876746,,0,0.0,0,linear
silu,1.1990448236465454,-0.7831799387931824,-0.00511146957675616,0.7198605338732401,0.4987334410349528,fixed-e4m3,0.2893473307291667,0.5037841796875,4.5148538144227736e-05,,0,0.0,0,linear
relu,1.475408911705017,-0.763950785001119,-0.005043970110515754,0.8279078404108683,0.507080078125,fixed-e4m3,0.19673665364583334,0.492919921875,9.552483243169263e-05,0.011433919270833334,0,0.492919921875,2000,linear
tanh,1.1517589092254639,-0.6304665803909302,0.027884227223694324,0.7285557786623637,0.9258275032043457,fixed-e4m3,0.2857259114583333,0.4591471354166667,0.00011983520865517978,,0,0.0,2000,linear
silu,1.3010101318359375,-0.8317918181419373,-0.009730940063794455,0.7025500337282816,0.49545430143674213,fixed-e4m3,0.2857259114583333,0.5105794270833334,4.181313003452184e-05,,0,0.000244140625,2000,linear
relu,1.3747109174728394,-0.7198314865430196,0.011580834165215492,0.840085764726003,0.5276285807291666,fixed-e5m2,0.22314453125,0.4723714192708333,0.00034643528730763745,0.022786458333333332,0,0.4723714192708333,0,linear
tanh,1.170668601989746,-0.6644510626792908,0.02683051706602176,0.6960169076919556,0.9226452509562174,fixed-e5m2,0.2728271484375,0.466796875,0.00048138977338870365,,0,0.0,0,linear
silu,1.1171740293502808,-0.7870445251464844,-0.0043789887179931,0.7035841941833496,0.4981435537338257,fixed-e5m2,0.2858072916666667,0.5018717447916666,0.0001860021705700395,,0,0.0,0,linear
relu,1.4229007959365845,-0.7546471953392029,-0.007197053326914708,0.8180327614148458,0.5005696614583334,fixed-e5m2,0.1881103515625,0.4994303385416667,0.000288145636053135,0.01904296875,0,0.4994303385416667,2000,linear
tanh,1.1195881366729736,-0.6433382034301758,0.02393506948525707,0.7143774827321371,0.9249957799911499,fixed-e5m2,0.279541015625,0.4663492838541667,0.00037057075921135646,,0,0.0,2000,linear
silu,1.2066112756729126,-0.7956952055295309,-0.015017731115221977,0.6966688632965088,0.49445389707883197,fixed-e5m2,0.2900390625,0.5168863932291666,0.0001643491656674693,,0,0.0,2000,linear
relu,1.3473578691482544,-0.7232650717099508,0.015812571781377,0.8296951850255331,0.5331624348958334,fixed-hybrid,0.21993001302083334,0.4668375651041667,0.00010172523373815541,0.010172526041666666,0,0.4668375651041667,0,linear
tanh,1.1732122898101807,-0.6626434326171875,0.02972505148500204,0.7325405279795328,0.9219166239102682,fixed-hybrid,0.27294921875,0.45947265625,0.00011406246145876746,,0,0.0,0,linear
silu,1.1990448236465454,-0.7831799387931824,-0.00511146957675616,0.7198605338732401,0.4987334410349528,fixed-hybrid,0.2893473307291667,0.5037841796875,4.5148538144227736e-05,,0,0.0,0,linear
relu,1.4481666088104248,-0.7633168896039327,-0.007575036336978276,0.8279697299003601,0.5061848958333334,fixed-hybrid,0.19673665364583334,0.4938151041666667,9.335542563349009e-05,0.011962890625,0,0.4938151041666667,2000,linear
tanh,1.145634412765503,-0.6293718417485555,0.02827362281580766,0.7316708564758301,0.9255473613739014,fixed-hybrid,0.2832438151041667,0.4613037109375,0.0001307906277361326,,0,0.0,2000,linear
silu,1.3194379806518555,-0.8254437247912089,-0.010202649359901747,0.7025826374689738,0.4955311715602875,fixed-hybrid,0.286376953125,0.5113525390625,3.5763510823016986e-05,,0,0.0003255208333333333,2000,linear
relu,1.306376338005066,-0.7163218855857849,0.01602632288510601,0.8344360589981079,0.5314127604166666,calibrated,0.2193603515625,0.4685872395833333,2.785022904087479e-05,0.0045166015625,0,0.4685872395833333,0,linear
tanh,1.175177812576294,-0.6684329708417257,0.026156616707642872,0.719892700513204,0.9222232103347778,calibrated,0.2780354817708333,0.4626057942708333,3.40029364451766e-05,,0,0.0,0,linear
silu,1.1959182024002075,-0.7845279375712076,-0.006431535196801026,0.7199676831563314,0.49788440267244977,calibrated,0.2879638671875,0.5054524739583334,9.307106968966158e-06,,0,0.0,0,linear
relu,1.4958314895629883,-0.7731789946556091,-0.0072479948091010256,0.8264812628428141,0.5016682942708334,calibrated,0.19563802083333334,0.4983317057291667,2.1198741402865078e-05,0.005859375,0,0.4983317057291667,2000,linear
tanh,1.1452147960662842,-0.6484725077946981,0.028578911907970905,0.7351785898208618,0.924069901307424,calibrated,0.2823079427083333,0.4619547526041667,3.487017177879655e-05,,0,0.0,2000,linear
silu,1.315675139427185,-0.8214092453320821,-0.009271722907821337,0.7004133065541586,0.49524998664855957,calibrated,0.2849527994791667,0.5109049479166666,1.1315474390964178e-05,,0,0.0003255208333333333,2000,linear
relu,1.306376338005066,-0.7163218855857849,0.01602632288510601,0.8344360589981079,0.5314127604166666,adaptive,0.2193603515625,0.4685872395833333,2.785022904087479e-05,0.0045166015625,0,0.4685872395833333,0,linear
tanh,1.175177812576294,-0.6684329708417257,0.026156616707642872,0.719892700513204,0.9222232103347778,adaptive,0.2780354817708333,0.4626057942708333,3.40029364451766e-05,,0,0.0,0,linear
silu,1.1959182024002075,-0.7845279375712076,-0.006431535196801026,0.7199676831563314,0.49788440267244977,adaptive,0.2879638671875,0.5054524739583334,9.307106968966158e-06,,0,0.0,0,linear
relu,1.4958314895629883,-0.7731789946556091,-0.0072479948091010256,0.8264812628428141,0.5016682942708334,adaptive,0.19563802083333334,0.4983317057291667,2.1198741402865078e-05,0.005859375,0,0.4983317057291667,2000,linear
tanh,1.1452147960662842,-0.6484725077946981,0.028578911907970905,0.7351785898208618,0.924069901307424,adaptive,0.2823079427083333,0.4619547526041667,3.487017177879655e-05,,0,0.0,2000,linear
silu,1.315675139427185,-0.8214092453320821,-0.009271722907821337,0.7004133065541586,0.49524998664855957,adaptive,0.2849527994791667,0.5109049479166666,1.1315474390964178e-05,,0,0.0003255208333333333,2000,linear
relu,1.439889669418335,-0.7716976801554362,-0.039356932044029236,0.8577795624732971,0.4836832682291667,fp32,0.22013346354166666,0.5163167317708334,0.0,0.0,0,0.5163167317708334,0,kink
tanh,1.217913269996643,-0.6350087523460388,0.04812425250808398,0.6938962340354919,0.9305272698402405,fp32,0.2999674479166667,0.4262288411458333,0.0,,0,0.0,0,kink
silu,1.0080615282058716,-0.6194645166397095,-0.009406276047229767,0.6601453423500061,0.4977184534072876,fp32,0.2917073567708333,0.5271402994791666,0.0,,0,0.0,0,kink
relu,1.5448275804519653,-0.9068402846654257,-0.03666681299606959,0.8680181503295898,0.4925537109375,fp32,0.18290201822916666,0.5074462890625,0.0,0.0,0,0.5074462890625,2000,kink
tanh,1.2287613153457642,-0.629504124323527,0.06727966666221619,0.7014162143071493,0.9304115772247314,fp32,0.2801920572916667,0.4019775390625,0.0,,0,0.0,2000,kink
silu,1.0101011991500854,-0.5949999888737997,-0.016131981275975704,0.6800925135612488,0.49765121936798096,fp32,0.2930908203125,0.53173828125,0.0,,0,0.0,2000,kink
relu,1.4581338167190552,-0.7797326445579529,-0.03949476033449173,0.8666601777076721,0.4838460286458333,fixed-e4m3,0.22306315104166666,0.5161539713541666,0.00011617902540213738,0.009847005208333334,0,0.5161539713541666,0,kink
tanh,1.25041663646698,-0.6289934714635214,0.04857726084689299,0.7032185196876526,0.9296792348225912,fixed-e4m3,0.2931722005208333,0.4237060546875,0.0001862520002759993,,0,0.0,0,kink
silu,1.0134776830673218,-0.6195722917715708,-0.014126175083220005,0.6703469157218933,0.4969284733136495,fixed-e4m3,0.2878824869791667,0.53125,7.215289345670801e-05,,0,0.0,0,kink
relu,1.5499094724655151,-0.9137312968571981,-0.04137644171714783,0.8778484066327413,0.4914957682291667,fixed-e4m3,0.18798828125,0.5085042317708334,0.00012521307022931674,0.0096435546875,0,0.5085042317708334,2000,kink
tanh,1.2177613973617554,-0.6289790670077006,0.06756109247605006,0.7108027537663778,0.9303796490033468,fixed-e4m3,0.2773030598958333,0.4045817057291667,0.00017157399270217866,,0,0.0,2000,kink
silu,1.0148149728775024,-0.6012274821599325,-0.016056230912605923,0.6743767261505127,0.4980595111846924,fixed-e4m3,0.2978108723958333,0.5290120442708334,4.7134360405228413e-05,,0,0.0,2000,kink
relu,1.4788012504577637,-0.767050544420878,-0.041833922266960144,0.8615431984265646,0.4835205078125,fixed-e5m2,0.21748860677083334,0.5164794921875,0.00042390731202128035,0.019694010416666668,0,0.5164794921875,0,kink
tanh,1.169851303100586,-0.6284970839818319,0.04787504424651464,0.6884039640426636,0.9294575651486715,fixed-e5m2,0.29638671875,0.4271240234375,0.0005901275629488131,,0,0.0,0,kink
silu,1.022831678390503,-0.6187194585800171,-0.00890519687285026,0.6329814990361532,0.4971492489178975,fixed-e5m2,0.2996419270833333,0.5289713541666666,0.0001651523974336063,,0,0.0,0,kink
relu,1.520032525062561,-0.9323898951212565,-0.04805382341146469,0.8850419720013937,0.4686279296875,fixed-e5m2,0.1845703125,0.5313720703125,0.00035510564339347184,0.017130533854166668,0,0.5313720703125,2000,kink
tanh,1.2277699708938599,-0.6350971659024557,0.06730824957291286,0.7076781988143921,0.9298075040181478,fixed-e5m2,0.2821044921875,0.4019775390625,0.0005766416240173081,,0,0.0,2000,kink
silu,0.9634829163551331,-0.5816909472147623,-0.02443928853608668,0.6505475838979086,0.49408044417699176,fixed-e5m2,0.2921956380208333,0.540283203125,0.0001872235977013285,,0,0.0,2000,kink
relu,1.4581338167190552,-0.7797326445579529,-0.03949476033449173,0.8666601777076721,0.4838460286458333,fixed-hybrid,0.22306315104166666,0.5161539713541666,0.00011617902540213738,0.009847005208333334,0,0.5161539713541666,0,kink
tanh,1.25041663646698,-0.6289934714635214,0.04857726084689299,0.7032185196876526,0.9296792348225912,fixed-hybrid,0.2931722005208333,0.4237060546875,0.0001862520002759993,,0,0.0,0,kink
silu,1.0134776830673218,-0.6195722917715708,-0.014126175083220005,0.6703469157218933,0.4969284733136495,fixed-hybrid,0.2878824869791667,0.53125,7.215289345670801e-05,,0,0.0,0,kink
relu,1.5369168519973755,-0.9138018091519674,-0.040756898621718086,0.8741140166918436,0.4916178385416667,fixed-hybrid,0.18705240885416666,0.5083821614583334,0.00013129144402531287,0.008870442708333334,0,0.5083821614583334,2000,kink
tanh,1.2231159210205078,-0.6288252274195353,0.06809850285450618,0.7119693954785665,0.9305832584698995,fixed-hybrid,0.2778727213541667,0.4038899739583333,0.0001734414472593926,,0,0.0,2000,kink
silu,1.0158867835998535,-0.5998292366663615,-0.014990643908580145,0.6745101511478424,0.4982761740684509,fixed-hybrid,0.2952473958333333,0.5277506510416666,4.777370243876552e-05,,0,0.0,2000,kink
relu,1.4179182052612305,-0.7667608062426249,-0.03832442065080007,0.8596038619677225,0.4837646484375,calibrated,0.21712239583333334,0.5162353515625,2.3467332842604566e-05,0.004638671875,0,0.5162353515625,0,kink
tanh,1.2084155082702637,-0.6318579316139221,0.04807104977468649,0.695267895857493,0.9306726853052775,calibrated,0.3037516276041667,0.4262288411458333,3.9861678790960774e-05,,0,0.0,0,kink
silu,0.9910652041435242,-0.6183387736479441,-0.007816959172487259,0.6610745390256246,0.4982515474160512,calibrated,0.293212890625,0.5246175130208334,1.2469775356294122e-05,,0,0.0,0,kink
relu,1.5529096126556396,-0.914748469988505,-0.0374715526898702,0.8683997988700867,0.4883626302083333,calibrated,0.18159993489583334,0.5116373697916666,2.2771188014303334e-05,0.0045166015625,0,0.5116373697916666,2000,kink
tanh,1.2218017578125,-0.6269194881121317,0.0646526279548804,0.6961918870608012,0.9310148159662882,calibrated,0.2845865885416667,0.4053548177083333,3.657727938843891e-05,,0,0.0,2000,kink
silu,1.0161421298980713,-0.5888340274492899,-0.016741762558619182,0.677493174870809,0.49742192029953003,calibrated,0.2958984375,0.5327555338541666,1.1460581845312845e-05,,0,0.0,2000,kink
relu,1.4179182052612305,-0.7667608062426249,-0.03832442065080007,0.8596038619677225,0.4837646484375,adaptive,0.21712239583333334,0.5162353515625,2.3467332842604566e-05,0.004638671875,0,0.5162353515625,0,kink
tanh,1.2084155082702637,-0.6318579316139221,0.04807104977468649,0.695267895857493,0.9306726853052775,adaptive,0.3037516276041667,0.4262288411458333,3.9861678790960774e-05,,0,0.0,0,kink
silu,0.9910652041435242,-0.6183387736479441,-0.007816959172487259,0.6610745390256246,0.4982515474160512,adaptive,0.293212890625,0.5246175130208334,1.2469775356294122e-05,,0,0.0,0,kink
relu,1.546775460243225,-0.9105732440948486,-0.038109357158342995,0.874955395857493,0.4872233072916667,adaptive,0.18367513020833334,0.5127766927083334,1.8367491065873764e-05,0.0035400390625,0,0.5127766927083334,2000,kink
tanh,1.2185941934585571,-0.6283751130104065,0.06424623976151149,0.6931532224019369,0.9314446846644083,adaptive,0.285400390625,0.4070638020833333,4.358326865864607e-05,,0,0.0,2000,kink
silu,1.0184564590454102,-0.5850103894869486,-0.015063255714873472,0.672582228978475,0.498051385084788,adaptive,0.2993977864583333,0.5291748046875,1.0950786418106873e-05,,0,0.0,2000,kink
relu,1.2178441286087036,-0.7005379796028137,0.053921377286314964,0.8960752089818319,0.564208984375,fp32,0.1920166015625,0.435791015625,0.0,0.0,0,0.435791015625,0,plateau
tanh,1.659015417098999,-0.7696223457654318,0.024897945423920948,0.7878915071487427,0.9122447371482849,fp32,0.2607828776041667,0.4622802734375,0.0,,0,0.0,0,plateau
silu,1.2325327396392822,-0.7773050665855408,-0.015539183436582485,0.7705615957578024,0.4977978765964508,fp32,0.28515625,0.5191650390625,0.0,,0,0.0,0,plateau
relu,3.4729321002960205,-1.3715375661849976,0.04567289228240649,1.8525793155034382,0.5201416015625,fp32,0.09895833333333333,0.4798583984375,0.0,0.0,0,0.4798583984375,2000,plateau
tanh,6.855518341064453,-1.8587872783342998,0.03715278208255768,2.048662265141805,0.8126288652420044,fp32,0.162109375,0.46923828125,0.0,,0,0.009928385416666666,2000,plateau
silu,3.9516077041625977,-1.2683106263478596,0.011556722223758698,1.4076313972473145,0.5172837475935618,fp32,0.218505859375,0.4830322265625,0.0,,0,0.0022786458333333335,2000,plateau
relu,1.2296594381332397,-0.7078060706456503,0.05013213182489077,0.8924315969149271,0.5620930989583334,fixed-e4m3,0.1904296875,0.4379069010416667,8.38836397936878e-05,0.007486979166666667,0,0.4379069010416667,0,plateau
tanh,1.6581021547317505,-0.7670306166013082,0.024814489918450516,0.7864467899004618,0.9121525486310323,fixed-e4m3,0.2571207682291667,0.46435546875,0.00014765941159566864,,0,0.0,0,plateau
silu,1.2537336349487305,-0.7708904345830282,-0.017941658695538838,0.7663929065068563,0.49718480308850604,fixed-e4m3,0.2880859375,0.523681640625,5.211270763538778e-05,,0,4.0690104166666664e-05,0,plateau
relu,3.370535135269165,-1.378052016099294,0.04530834903319677,1.8258548577626545,0.5200602213541666,fixed-e4m3,0.10502115885416667,0.4799397786458333,0.00015076663476065733,0.005818684895833333,0,0.4799397786458333,2000,plateau
tanh,6.768728733062744,-1.874259352684021,0.031220671410361927,2.014991343021393,0.8186786572138468,fixed-e4m3,0.17203776041666666,0.4699300130208333,0.00015959852801946303,,0,0.009765625,2000,plateau
silu,3.9525344371795654,-1.2577224373817444,0.0006185260911782583,1.343751887480418,0.5110950767993927,fixed-e4m3,0.22908528645833334,0.50048828125,7.274277838102232e-05,,0,0.0020751953125,2000,plateau
relu,1.2707246541976929,-0.6999134023984274,0.05479918544491132,0.8976643681526184,0.5659586588541666,fixed-e5m2,0.19258626302083334,0.4340413411458333,0.0004761915188282728,0.0169677734375,0,0.4340413411458333,0,plateau
tanh,1.6320236921310425,-0.7630764444669088,0.027719652901093166,0.7802804708480835,0.9116568565368652,fixed-e5m2,0.2622884114583333,0.4591064453125,0.00042946078853371244,,0,0.0,0,plateau
silu,1.1493862867355347,-0.7681589523951212,-0.019862706462542217,0.762998104095459,0.49797308444976807,fixed-e5m2,0.2738850911458333,0.5260009765625,0.00020540726109175012,,0,0.0,0,plateau
relu,3.125702142715454,-1.38518488407135,0.01750176027417183,1.7840666770935059,0.5036214192708334,fixed-e5m2,0.118896484375,0.4963785807291667,0.000569061710848473,0.010172526041666666,0,0.4963785807291667,2000,plateau
tanh,6.701180934906006,-1.8521978855133057,0.030531485254565876,1.9860609571139018,0.8272640307744344,fixed-e5m2,0.18611653645833334,0.4717610677083333,0.0005420954839792103,,0,0.009033203125,2000,plateau
silu,3.8304781913757324,-1.189624031384786,-0.011048264801502228,1.2864208022753398,0.5088689923286438,fixed-e5m2,0.24373372395833334,0.509033203125,0.00030622808359718573,,0,0.0018717447916666667,2000,plateau
relu,1.2296594381332397,-0.7078060706456503,0.05013213182489077,0.8924315969149271,0.5620930989583334,fixed-hybrid,0.1904296875,0.4379069010416667,8.38836397936878e-05,0.007486979166666667,0,0.4379069010416667,0,plateau
tanh,1.6581021547317505,-0.7670306166013082,0.024814489918450516,0.7864467899004618,0.9121525486310323,fixed-hybrid,0.2571207682291667,0.46435546875,0.00014765941159566864,,0,0.0,0,plateau
silu,1.2537336349487305,-0.7708904345830282,-0.017941658695538838,0.7663929065068563,0.49718480308850604,fixed-hybrid,0.2880859375,0.523681640625,5.211270763538778e-05,,0,4.0690104166666664e-05,0,plateau
relu,3.3443729877471924,-1.4015804926554363,0.044521006445089974,1.8295574982961018,0.5164388020833334,fixed-hybrid,0.1068115234375,0.4835611979166667,0.00017359789004937434,0.005818684895833333,0,0.4835611979166667,2000,plateau
tanh,6.905718803405762,-1.8994784951210022,0.033864121263225876,2.0498478015263877,0.8159389495849609,fixed-hybrid,0.16646321614583334,0.4687093098958333,0.0001748792080131049,,0,0.010335286458333334,2000,plateau
silu,3.761981725692749,-1.2660215894381206,0.002796271195014318,1.3294478456179302,0.5134273370107015,fixed-hybrid,0.23095703125,0.4945882161458333,8.337832756903178e-05,,0,0.0018310546875,2000,plateau
relu,1.2152163982391357,-0.698280950387319,0.05594719325502714,0.898814857006073,0.5660400390625,calibrated,0.19303385416666666,0.4339599609375,2.7639060135697946e-05,0.003946940104166667,0,0.4339599609375,0,plateau
tanh,1.6467512845993042,-0.7605118552843729,0.026407518424093723,0.7877863248189291,0.9122108221054077,calibrated,0.25927734375,0.4596761067708333,3.0363418166719686e-05,,0,0.0,0,plateau
silu,1.2335320711135864,-0.7734456857045492,-0.015188984340056777,0.7721338073412577,0.497859259446462,calibrated,0.2852783203125,0.51904296875,1.1448596827297782e-05,,0,0.0,0,plateau
relu,3.428729772567749,-1.3945156931877136,0.033355556428432465,1.8053340514500935,0.513427734375,calibrated,0.1075439453125,0.486572265625,2.7708674072831247e-05,0.0024820963541666665,0,0.486572265625,2000,plateau
tanh,6.758777141571045,-1.8578910827636719,0.031202534213662148,2.0167693893114724,0.8181897203127543,calibrated,0.17447916666666666,0.4709065755208333,4.0269014183043815e-05,,0,0.0093994140625,2000,plateau
silu,3.6650450229644775,-1.2184038162231445,0.007817463328440985,1.3203128178914387,0.5132696529229482,calibrated,0.22847493489583334,0.4842122395833333,2.5543506429433666e-05,,0,0.0021565755208333335,2000,plateau
relu,1.2152163982391357,-0.698280950387319,0.05594719325502714,0.898814857006073,0.5660400390625,adaptive,0.19303385416666666,0.4339599609375,2.7639060135697946e-05,0.003946940104166667,0,0.4339599609375,0,plateau
tanh,1.6467512845993042,-0.7605118552843729,0.026407518424093723,0.7877863248189291,0.9122108221054077,adaptive,0.25927734375,0.4596761067708333,3.0363418166719686e-05,,0,0.0,0,plateau
silu,1.2335320711135864,-0.7734456857045492,-0.015188984340056777,0.7721338073412577,0.497859259446462,adaptive,0.2852783203125,0.51904296875,1.1448596827297782e-05,,0,0.0,0,plateau
relu,3.428729772567749,-1.3945156931877136,0.033355556428432465,1.8053340514500935,0.513427734375,adaptive,0.1075439453125,0.486572265625,2.7708674072831247e-05,0.0024820963541666665,0,0.486572265625,2000,plateau
tanh,6.758777141571045,-1.8578910827636719,0.031202534213662148,2.0167693893114724,0.8181897203127543,adaptive,0.17447916666666666,0.4709065755208333,4.0269014183043815e-05,,0,0.0093994140625,2000,plateau
silu,3.6650450229644775,-1.2184038162231445,0.007817463328440985,1.3203128178914387,0.5132696529229482,adaptive,0.22847493489583334,0.4842122395833333,2.5543506429433666e-05,,0,0.0021565755208333335,2000,plateau
relu,1.3417760133743286,-0.7056329250335693,0.012073040008544922,0.8471782406171163,0.5298258463541666,fp32,0.2391357421875,0.4701741536458333,0.0,0.0,0,0.4701741536458333,0,detail
tanh,1.2565504312515259,-0.6313043634096781,0.0214163800701499,0.7032369573911031,0.9349034031232198,fp32,0.3374430338541667,0.4634195963541667,0.0,,0,0.0,0,detail
silu,1.0698370933532715,-0.5840969781080881,-0.0070510512838761015,0.6753021478652954,0.4999980727831523,fp32,0.3074137369791667,0.511474609375,0.0,,0,0.0,0,detail
relu,6.6100029945373535,-4.270288070042928,-0.06404464443524678,3.0308980147043862,0.4642740885416667,fp32,0.07625325520833333,0.5357259114583334,0.0,0.0,0,0.5357259114583334,2000,detail
tanh,6.346420764923096,-2.8679927587509155,-0.001173112541437149,3.7395970821380615,0.7390820582707723,fp32,0.1568603515625,0.5074462890625,0.0,,0,0.0283203125,2000,detail
silu,4.852210998535156,-2.826633115609487,-0.0290832482278347,1.8449082374572754,0.4924194614092509,fp32,0.1361083984375,0.5041910807291666,0.0,,0,0.0054931640625,2000,detail
relu,1.351654052734375,-0.7058906753857931,0.01085473969578743,0.8530321518580118,0.5277913411458334,fixed-e4m3,0.23722330729166666,0.4722086588541667,6.367215974023566e-05,0.010579427083333334,0,0.4722086588541667,0,detail
tanh,1.273220419883728,-0.6308586398760477,0.021112201424936455,0.7027858893076578,0.9355557759602865,fixed-e4m3,0.3371988932291667,0.4611002604166667,0.00014933467900846153,,0,0.0,0,detail
silu,1.052941918373108,-0.5953899919986725,-0.00812413248543938,0.6726941168308258,0.4984793464342753,fixed-e4m3,0.3023274739583333,0.511962890625,5.334458910510875e-05,,0,0.0,0,detail
relu,7.087905406951904,-4.37267541885376,-0.06252212325731914,3.0482324361801147,0.4577229817708333,fixed-e4m3,0.078369140625,0.5422770182291666,0.00023686777179439863,0.006184895833333333,0,0.5422770182291666,2000,detail
tanh,6.346055507659912,-2.807910680770874,-0.02493046720822652,3.5754956801732383,0.7357661326726278,fixed-e4m3,0.169921875,0.516845703125,0.00024908654207441333,,0,0.027506510416666668,2000,detail
silu,4.113702774047852,-2.4240304629007974,-0.05057335024078687,1.7310312191645305,0.48331843813260394,fixed-e4m3,0.17146809895833334,0.5248209635416666,0.00013302455530113852,,0,0.004435221354166667,2000,detail
relu,1.3724998235702515,-0.7067705988883972,0.01327024648586909,0.8569110234578451,0.527099609375,fixed-e5m2,0.2384033203125,0.472900390625,0.00031396574922837317,0.0240478515625,0,0.472900390625,0,detail
tanh,1.2525250911712646,-0.6417167981465658,0.02272006683051586,0.696646253267924,0.9343552589416504,fixed-e5m2,0.3310953776041667,0.4654134114583333,0.0005897542384142677,,0,0.0,0,detail
silu,1.0792841911315918,-0.5888368586699168,0.000810667872428894,0.6733921468257904,0.5032676855723063,fixed-e5m2,0.3070068359375,0.497802734375,0.00015180169915159544,,0,0.0,0,detail
relu,6.603060245513916,-4.144106944402059,-0.02857622504234314,2.8107138872146606,0.482666015625,fixed-e5m2,0.09269205729166667,0.517333984375,0.0011615132486137252,0.01318359375,0,0.517333984375,2000,detail
tanh,6.077180862426758,-2.7006940046946206,0.009890079498291016,3.022648652394613,0.7745279868443807,fixed-e5m2,0.1827392578125,0.4812418619791667,0.0012520198166991274,,0,0.021199544270833332,2000,detail
silu,3.7917511463165283,-2.047480285167694,-0.05588413029909134,1.6345525582631428,0.4818730254968007,fixed-e5m2,0.1649169921875,0.5465087890625,0.0005288136308081448,,0,0.005574544270833333,2000,detail
relu,1.351654052734375,-0.7058906753857931,0.01085473969578743,0.8530321518580118,0.5277913411458334,fixed-hybrid,0.23722330729166666,0.4722086588541667,6.367215974023566e-05,0.010579427083333334,0,0.4722086588541667,0,detail
tanh,1.273220419883728,-0.6308586398760477,0.021112201424936455,0.7027858893076578,0.9355557759602865,fixed-hybrid,0.3371988932291667,0.4611002604166667,0.00014933467900846153,,0,0.0,0,detail
silu,1.052941918373108,-0.5953899919986725,-0.00812413248543938,0.6726941168308258,0.4984793464342753,fixed-hybrid,0.3023274739583333,0.511962890625,5.334458910510875e-05,,0,0.0,0,detail
relu,6.7907609939575195,-4.300686438878377,-0.06269634266694386,2.963794390360514,0.4686279296875,fixed-hybrid,0.0797119140625,0.5313720703125,0.00019823112234007567,0.006184895833333333,0,0.5313720703125,2000,detail
tanh,6.381734848022461,-2.767876664797465,-0.0255141481757164,3.5933260520299277,0.7432058453559875,fixed-hybrid,0.17118326822916666,0.5164388020833334,0.0001701652411914741,,0,0.026570638020833332,2000,detail
silu,3.9926884174346924,-2.3820762634277344,-0.03251696998874346,1.7846665779749553,0.4885206421216329,fixed-hybrid,0.15926106770833334,0.5098063151041666,0.0001030932144203689,,0,0.004923502604166667,2000,detail
relu,1.3367424011230469,-0.7088135480880737,0.013608798384666443,0.8446637988090515,0.53173828125,calibrated,0.24051920572916666,0.46826171875,2.4284545361297205e-05,0.005900065104166667,0,0.46826171875,0,detail
tanh,1.2622640132904053,-0.6278670032819113,0.020460693786541622,0.7018087108929952,0.9350450237592062,calibrated,0.3399251302083333,0.4656168619791667,3.752816094978092e-05,,0,0.0,0,detail
silu,1.0706089735031128,-0.5845257739226023,-0.00669553301607569,0.6750466724236807,0.4999210039774577,calibrated,0.3081461588541667,0.5111083984375,9.164149863257384e-06,,0,0.0,0,detail
relu,6.797885417938232,-4.360357443491618,-0.031389753023783364,2.9593032598495483,0.4787190755208333,calibrated,0.07889811197916667,0.5212809244791666,8.12200881531074e-05,0.0032958984375,0,0.5212809244791666,2000,detail
tanh,6.30869197845459,-2.8325523932774863,-0.020829666405916214,3.6555537780125937,0.7371393839518229,calibrated,0.178466796875,0.509765625,6.953938039562975e-05,,0,0.027791341145833332,2000,detail
silu,4.581014156341553,-2.620985229810079,-0.04183910476664702,1.8121309677759807,0.4843687216440837,calibrated,0.139404296875,0.5157470703125,5.16643649461912e-05,,0,0.005086263020833333,2000,detail
relu,1.3367424011230469,-0.7088135480880737,0.013608798384666443,0.8446637988090515,0.53173828125,adaptive,0.24051920572916666,0.46826171875,2.4284545361297205e-05,0.005900065104166667,0,0.46826171875,0,detail
tanh,1.2622640132904053,-0.6278670032819113,0.020460693786541622,0.7018087108929952,0.9350450237592062,adaptive,0.3399251302083333,0.4656168619791667,3.752816094978092e-05,,0,0.0,0,detail
silu,1.0706089735031128,-0.5845257739226023,-0.00669553301607569,0.6750466724236807,0.4999210039774577,adaptive,0.3081461588541667,0.5111083984375,9.164149863257384e-06,,0,0.0,0,detail
relu,6.95889139175415,-4.372676769892375,-0.030806104342142742,2.9749229351679483,0.4817301432291667,adaptive,0.07967122395833333,0.5182698567708334,5.777490635712942e-05,0.0026041666666666665,0,0.5182698567708334,2000,detail
tanh,6.360009670257568,-2.846192240715027,-0.02661777598162492,3.69850746790568,0.7370002865791321,adaptive,0.1759033203125,0.5180257161458334,6.409451574048337e-05,,0,0.028483072916666668,2000,detail
silu,4.60819149017334,-2.611757755279541,-0.03757318761199713,1.8476806084314983,0.48584094643592834,adaptive,0.13863118489583334,0.5146484375,4.9116098428688325e-05,,0,0.006184895833333333,2000,detail
relu,1.2911427021026611,-0.7294939359029134,-0.0455299677948157,0.796176036198934,0.4605712890625,fp32,0.2715250651041667,0.5394287109375,0.0,0.0,0,0.5394287109375,0,bump
tanh,1.2290798425674438,-0.6314884225527445,0.021862874117990334,0.6544927755991617,0.9394593437512716,fp32,0.3361002604166667,0.4584147135416667,0.0,,0,0.0,0,bump
silu,1.0416245460510254,-0.6012358963489532,-0.018135209878285725,0.6507591108481089,0.4947893222173055,fp32,0.3322347005208333,0.535888671875,0.0,,0,0.0,0,bump
relu,6.469222545623779,-3.7470306555430093,-0.07304326444864273,2.17925496896108,0.4511311848958333,fp32,0.07820638020833333,0.5488688151041666,0.0,0.0,0,0.5488688151041666,2000,bump
tanh,2.8425979614257812,-1.3624923626581829,0.03121499092473338,1.4000969727834065,0.8470588326454163,fp32,0.20951334635416666,0.4679361979166667,0.0,,0,0.0,2000,bump
silu,2.018831729888916,-1.2968765298525493,-0.005579473450779915,0.9856536984443665,0.49295298258463544,fp32,0.21761067708333334,0.499267578125,0.0,,0,0.0035807291666666665,2000,bump
relu,1.2814921140670776,-0.7253716985384623,-0.047283332174022995,0.7970348000526428,0.4585774739583333,fixed-e4m3,0.2642822265625,0.5414225260416666,6.638667885757361e-05,0.011433919270833334,0,0.5414225260416666,0,bump
tanh,1.2060246467590332,-0.634562611579895,0.020735110932340223,0.6473910013834635,0.9393396973609924,fixed-e4m3,0.3310953776041667,0.4610595703125,0.00013444801394750053,,0,0.0,0,bump
silu,1.017932653427124,-0.5978552798430125,-0.02058827388100326,0.6405096054077148,0.4943254093329112,fixed-e4m3,0.324951171875,0.5399169921875,3.814828111596095e-05,,0,0.0,0,bump
relu,6.147890567779541,-3.4618372122446694,-0.09287648399670918,1.941805124282837,0.4444580078125,fixed-e4m3,0.08182779947916667,0.5555419921875,0.00010895266799100985,0.005330403645833333,0,0.5555419921875,2000,bump
tanh,2.750654697418213,-1.3044198950131733,0.00848175228262941,1.1700652639071147,0.8812384009361267,fixed-e4m3,0.270263671875,0.4908854166666667,0.00014396357194830975,,0,0.0,2000,bump
silu,2.158923625946045,-1.1926622589429219,-0.01594154885970056,0.8699531356493632,0.4859992365042369,fixed-e4m3,0.2677815755208333,0.5273844401041666,4.294115205993876e-05,,0,0.0029296875,2000,bump
relu,1.3665090799331665,-0.7232288519541422,-0.04578552022576332,0.7910906076431274,0.4603678385416667,fixed-e5m2,0.271240234375,0.5396321614583334,0.0003143699626283099,0.0223388671875,0,0.5396321614583334,0,bump
tanh,1.2466458082199097,-0.6358043750127157,0.027950926994283993,0.6475107471148173,0.9405778845151266,fixed-e5m2,0.3486735026041667,0.4454752604166667,0.0004819393895256023,,0,0.0,0,bump
silu,1.0651776790618896,-0.5982079108556112,-0.014048208482563496,0.6391243835290273,0.4964367151260376,fixed-e5m2,0.3318277994791667,0.5322265625,0.00016655403305776417,,0,0.0,0,bump
relu,5.550785064697266,-3.4062604109446206,-0.08527112876375516,1.7872802019119263,0.4505208333333333,fixed-e5m2,0.0885009765625,0.5494791666666666,0.0010461002530064434,0.0140380859375,0,0.5494791666666666,2000,bump
tanh,2.511235237121582,-1.16780420144399,0.018142601164678734,1.1822444995244343,0.8874062101046244,fixed-e5m2,0.2720540364583333,0.4740397135416667,0.0008472389502761265,,0,0.0,2000,bump
silu,2.0988540649414062,-1.1612030466397603,-0.012187672778964043,0.7683544953664144,0.4809925357500712,fixed-e5m2,0.315673828125,0.5304768880208334,0.00019500446311819056,,0,0.0023193359375,2000,bump
relu,1.2814921140670776,-0.7253716985384623,-0.047283332174022995,0.7970348000526428,0.4585774739583333,fixed-hybrid,0.2642822265625,0.5414225260416666,6.638667885757361e-05,0.011433919270833334,0,0.5414225260416666,0,bump
tanh,1.2060246467590332,-0.634562611579895,0.020735110932340223,0.6473910013834635,0.9393396973609924,fixed-hybrid,0.3310953776041667,0.4610595703125,0.00013444801394750053,,0,0.0,0,bump
silu,1.017932653427124,-0.5978552798430125,-0.02058827388100326,0.6405096054077148,0.4943254093329112,fixed-hybrid,0.324951171875,0.5399169921875,3.814828111596095e-05,,0,0.0,0,bump
relu,5.869061470031738,-3.3720521132151284,-0.11710633337497711,1.860036810239156,0.4337565104166667,fixed-hybrid,0.08748372395833333,0.5662434895833334,0.0001736171058534334,0.006022135416666667,0,0.5662434895833334,2000,bump
tanh,2.576259136199951,-1.2007599274317424,0.021063694419960182,1.1579853693644206,0.8881766597429911,fixed-hybrid,0.2805582682291667,0.4749755859375,0.00017711726347139725,,0,0.0,2000,bump
silu,2.201077938079834,-1.2755435903867085,-0.015724293887615204,0.7900027632713318,0.4838992953300476,fixed-hybrid,0.2666829427083333,0.5320638020833334,5.7628526216528066e-05,,0,0.0032145182291666665,2000,bump
relu,1.290560245513916,-0.731276293595632,-0.04518678536017736,0.7933961351712545,0.4608561197916667,calibrated,0.2711995442708333,0.5391438802083334,1.9031471310881898e-05,0.005574544270833333,0,0.5391438802083334,0,bump
tanh,1.2200596332550049,-0.6308676799138387,0.02214026819759359,0.6508527994155884,0.9394343296686808,calibrated,0.3369140625,0.4575602213541667,3.200847459083889e-05,,0,0.0,0,bump
silu,1.0479704141616821,-0.5993824700514475,-0.01767268404364586,0.6461476683616638,0.4947292009989421,calibrated,0.3343505859375,0.5373128255208334,8.774571142566856e-06,,0,0.0,0,bump
relu,5.967249870300293,-3.5435578028361,-0.08318615580598514,1.9026379187901814,0.4486083984375,calibrated,0.0921630859375,0.5513916015625,8.620877997600473e-05,0.004842122395833333,0,0.5513916015625,2000,bump
tanh,2.7185757160186768,-1.1869616111119587,0.013595348844925562,1.2672476569811504,0.883071502049764,calibrated,0.2804768880208333,0.471435546875,6.343472341541201e-05,,0,0.0,2000,bump
silu,2.141118049621582,-1.183126409848531,-0.020200909891476233,0.8025182485580444,0.48312342166900635,calibrated,0.2760416666666667,0.5296223958333334,1.4017123855107153e-05,,0,0.0021158854166666665,2000,bump
relu,1.290560245513916,-0.731276293595632,-0.04518678536017736,0.7933961351712545,0.4608561197916667,adaptive,0.2711995442708333,0.5391438802083334,1.9031471310881898e-05,0.005574544270833333,0,0.5391438802083334,0,bump
tanh,1.2200596332550049,-0.6308676799138387,0.02214026819759359,0.6508527994155884,0.9394343296686808,adaptive,0.3369140625,0.4575602213541667,3.200847459083889e-05,,0,0.0,0,bump
silu,1.0479704141616821,-0.5993824700514475,-0.01767268404364586,0.6461476683616638,0.4947292009989421,adaptive,0.3343505859375,0.5373128255208334,8.774571142566856e-06,,0,0.0,0,bump
relu,5.967249870300293,-3.5435578028361,-0.08318615580598514,1.9026379187901814,0.4486083984375,adaptive,0.0921630859375,0.5513916015625,8.620877997600473e-05,0.004842122395833333,0,0.5513916015625,2000,bump
tanh,2.7185757160186768,-1.1869616111119587,0.013595348844925562,1.2672476569811504,0.883071502049764,adaptive,0.2804768880208333,0.471435546875,6.343472341541201e-05,,0,0.0,2000,bump
silu,2.141118049621582,-1.183126409848531,-0.020200909891476233,0.8025182485580444,0.48312342166900635,adaptive,0.2760416666666667,0.5296223958333334,1.4017123855107153e-05,,0,0.0021158854166666665,2000,bump
relu,1.2548322677612305,-0.7085833549499512,0.014980892340342203,0.7793443401654562,0.52001953125,fp32,0.2008056640625,0.47998046875,0.0,0.0,0,0.47998046875,0,composition
tanh,1.1986169815063477,-0.6773184736569723,0.02555908014376958,0.6889099876085917,0.9291101296742758,fp32,0.2921549479166667,0.4609781901041667,0.0,,0,0.0,0,composition
silu,1.089697003364563,-0.6840038696924845,-0.01900726060072581,0.6983590722084045,0.49495236078898114,fp32,0.3184814453125,0.5301513671875,0.0,,0,0.0,0,composition
relu,5.831033706665039,-3.160489241282145,-0.10668485860029857,3.0279878775278726,0.4728597005208333,fp32,0.056477864583333336,0.5271402994791666,0.0,0.0,0,0.5271402994791666,2000,composition
tanh,4.305296421051025,-1.8436859846115112,0.0029212149480978646,1.7723468939463298,0.8043875495592753,fp32,0.1832275390625,0.5008951822916666,0.0,,0,0.0034993489583333335,2000,composition
silu,3.9392826557159424,-1.8251248598098755,-0.0009730767148236433,1.963723063468933,0.4975837270418803,fp32,0.1759033203125,0.490966796875,0.0,,0,0.0067138671875,2000,composition
relu,1.2353365421295166,-0.7025665839513143,0.015317452450593313,0.7749601602554321,0.5204264322916666,fixed-e4m3,0.20609537760416666,0.4795735677083333,9.820295478372525e-05,0.009928385416666666,0,0.4795735677083333,0,composition
tanh,1.213913083076477,-0.6710061828295389,0.027942621770004433,0.6895501812299093,0.9286958972613016,fixed-e4m3,0.2902425130208333,0.4601643880208333,0.00015914217995790145,,0,0.0,0,composition
silu,1.1060030460357666,-0.6762383778889974,-0.023350144426027935,0.6969858805338541,0.49393560489018756,fixed-e4m3,0.3083089192708333,0.5345052083333334,4.547949599024529e-05,,0,0.0,0,composition
relu,5.376675605773926,-3.0429022709528604,-0.1210714007417361,2.7197364966074624,0.4688720703125,fixed-e4m3,0.059244791666666664,0.5311279296875,0.00019805744280650592,0.004679361979166667,0,0.5311279296875,2000,composition
tanh,4.021998405456543,-1.8348143498102825,0.010746474377810955,1.7262649138768513,0.8159707188606262,fixed-e4m3,0.19486490885416666,0.4866129557291667,0.00022595515474677086,,0,0.0027262369791666665,2000,composition
silu,3.1569676399230957,-1.712508996327718,0.011140737682580948,1.7667611042658489,0.4991925160090129,fixed-e4m3,0.19099934895833334,0.4984130859375,0.00012360085626520836,,0,0.007161458333333333,2000,composition
relu,1.2750091552734375,-0.7028232018152872,0.014293739572167397,0.777613619963328,0.5182291666666666,fixed-e5m2,0.20841471354166666,0.4817708333333333,0.0003592302188432465,0.022298177083333332,0,0.4817708333333333,0,composition
tanh,1.2149527072906494,-0.6820526321729025,0.0349912124996384,0.6901845335960388,0.9292477369308472,fixed-e5m2,0.2930501302083333,0.4506022135416667,0.0005572459000783662,,0,0.0,0,composition
silu,1.0190685987472534,-0.663930873076121,-0.008237904558579126,0.6843056082725525,0.496748407681783,fixed-e5m2,0.3186442057291667,0.5187581380208334,0.00020003682584501803,,0,0.0,0,composition
relu,4.617951393127441,-2.6924016078313193,-0.08037491763631503,2.5640907287597656,0.4835611979166667,fixed-e5m2,0.059895833333333336,0.5164388020833334,0.001883462944533676,0.013020833333333334,0,0.5164388020833334,2000,composition
tanh,4.447330474853516,-1.8190689881642659,0.013087520996729532,1.7267169157663982,0.8401946226755778,fixed-e5m2,0.22745768229166666,0.4790445963541667,0.0018566685224262376,,0,0.0040283203125,2000,composition
silu,2.7206578254699707,-1.6604323387145996,0.018199269970258076,1.6328040758768718,0.500423808892568,fixed-e5m2,0.18693033854166666,0.4763590494791667,0.0006425581523217261,,0,0.006551106770833333,2000,composition
relu,1.2353365421295166,-0.7025665839513143,0.015317452450593313,0.7749601602554321,0.5204264322916666,fixed-hybrid,0.20609537760416666,0.4795735677083333,9.820295478372525e-05,0.009928385416666666,0,0.4795735677083333,0,composition
tanh,1.213913083076477,-0.6710061828295389,0.027942621770004433,0.6895501812299093,0.9286958972613016,fixed-hybrid,0.2902425130208333,0.4601643880208333,0.00015914217995790145,,0,0.0,0,composition
silu,1.1060030460357666,-0.6762383778889974,-0.023350144426027935,0.6969858805338541,0.49393560489018756,fixed-hybrid,0.3083089192708333,0.5345052083333334,4.547949599024529e-05,,0,0.0,0,composition
relu,4.950122833251953,-2.925865133603414,-0.09526180848479271,2.4977787733078003,0.4722493489583333,fixed-hybrid,0.058268229166666664,0.5277506510416666,0.000228416858590208,0.00439453125,0,0.5277506510416666,2000,composition
tanh,3.9856622219085693,-1.9389863808949788,0.0019507923473914464,1.7248642047246296,0.8161889910697937,fixed-hybrid,0.19791666666666666,0.490478515625,0.0002985580504173413,,0,0.0026448567708333335,2000,composition
silu,3.015260934829712,-1.7661159435908,0.0023958596090475717,1.6852976083755493,0.5021411577860514,fixed-hybrid,0.17268880208333334,0.509765625,0.000163296453441338,,0,0.007975260416666666,2000,composition
relu,1.2713018655776978,-0.711952785650889,0.016598752699792385,0.7854395906130472,0.522216796875,calibrated,0.20206705729166666,0.477783203125,2.6199712010566145e-05,0.006591796875,0,0.477783203125,0,composition
tanh,1.1903939247131348,-0.6727069814999899,0.026077575360735256,0.6896864175796509,0.9290778835614523,calibrated,0.2930094401041667,0.460205078125,3.1391105949296616e-05,,0,0.0,0,composition
silu,1.095063328742981,-0.6848167181015015,-0.019712337292730808,0.6985438267389933,0.49480613072713214,calibrated,0.3187255859375,0.5303955078125,1.0045437951096877e-05,,0,0.0,0,composition
relu,5.710700511932373,-3.124683459599813,-0.10942065964142482,2.9648237228393555,0.4717203776041667,calibrated,0.059041341145833336,0.5282796223958334,0.00010971947873864944,0.0033365885416666665,0,0.5282796223958334,2000,composition
tanh,4.467883586883545,-1.8623673915863037,-0.0005453381066521009,1.7554012735684712,0.8139385978380839,calibrated,0.2034912109375,0.5026448567708334,0.000119721839534274,,0,0.0037841796875,2000,composition
silu,3.644179582595825,-1.7285815080006917,0.0020356066524982452,1.8682674566904705,0.4965275327364604,calibrated,0.18941243489583334,0.494384765625,4.443260513653513e-05,,0,0.007771809895833333,2000,composition
relu,1.2713018655776978,-0.711952785650889,0.016598752699792385,0.7854395906130472,0.522216796875,adaptive,0.20206705729166666,0.477783203125,2.6199712010566145e-05,0.006591796875,0,0.477783203125,0,composition
tanh,1.1903939247131348,-0.6727069814999899,0.026077575360735256,0.6896864175796509,0.9290778835614523,adaptive,0.2930094401041667,0.460205078125,3.1391105949296616e-05,,0,0.0,0,composition
silu,1.095063328742981,-0.6848167181015015,-0.019712337292730808,0.6985438267389933,0.49480613072713214,adaptive,0.3187255859375,0.5303955078125,1.0045437951096877e-05,,0,0.0,0,composition
relu,5.731645107269287,-3.088721752166748,-0.11110282875597477,2.9499926567077637,0.4717610677083333,adaptive,0.06005859375,0.5282389322916666,9.538709370341773e-05,0.0037027994791666665,0,0.5282389322916666,2000,composition
tanh,4.406765460968018,-1.8262323538462322,0.006146336595217387,1.7460111578305562,0.81936248143514,adaptive,0.2044677734375,0.4901936848958333,0.0001080699900436836,,0,0.0037434895833333335,2000,composition
silu,3.5588629245758057,-1.7336031198501587,-0.0031386918077866235,1.8190825780232747,0.49366424481074017,adaptive,0.19632975260416666,0.5030924479166666,3.965123444989634e-05,,0,0.007364908854166667,2000,composition
relu,1.052944540977478,-0.6274619301160177,-0.05651655048131943,0.7354727387428284,0.4343668619791667,fp32,0.22420247395833334,0.5656331380208334,0.0,0.0,1,0.5656331380208334,0,linear
tanh,1.2552473545074463,-0.7486324906349182,0.025952421749631565,0.8123414119084676,0.901844342549642,fp32,0.2517496744791667,0.4576009114583333,0.0,,1,0.0,0,linear
silu,1.0896464586257935,-0.822298546632131,-0.06342594449718793,0.5640403230985006,0.4660793940226237,fp32,0.26708984375,0.5912679036458334,0.0,,1,0.0,0,linear
relu,1.0468599796295166,-0.6568577090899149,-0.06206514437993368,0.7235231796900431,0.4383544921875,fp32,0.19917805989583334,0.5616455078125,0.0,0.0,1,0.5616455078125,2000,linear
tanh,1.3090574741363525,-0.7381296157836914,0.019990320938328903,0.8126657406489054,0.9019500811894735,fp32,0.24564615885416666,0.4607747395833333,0.0,,1,0.0,2000,linear
silu,1.1145607233047485,-0.8045605222384135,-0.05988706834614277,0.5748223861058553,0.4689474900563558,fp32,0.25732421875,0.5783284505208334,0.0,,1,0.0,2000,linear
relu,1.0605218410491943,-0.629904051621755,-0.05578883240620295,0.7234355409940084,0.434814453125,fixed-e4m3,0.22684733072916666,0.565185546875,8.341278468530315e-05,0.010294596354166666,1,0.565185546875,0,linear
tanh,1.2441953420639038,-0.7330608169237772,0.02783152461051941,0.8157123525937399,0.9033728639284769,fixed-e4m3,0.2532552083333333,0.4541015625,0.00012757940809630478,,1,0.0,0,linear
silu,1.1030659675598145,-0.8144363959630331,-0.06217258361478647,0.5658728380997976,0.46704067786534625,fixed-e4m3,0.271484375,0.5917154947916666,3.117851035009759e-05,,1,0.0,0,linear
relu,1.122071385383606,-0.6573987007141113,-0.05751641715566317,0.7111005385716757,0.4336751302083333,fixed-e4m3,0.21333821614583334,0.5663248697916666,7.486934070281374e-05,0.009114583333333334,1,0.5663248697916666,2000,linear
tanh,1.2836499214172363,-0.7183268070220947,0.02471662809451421,0.807786246140798,0.9049225846926371,fixed-e4m3,0.255859375,0.4547526041666667,0.0001309615715096394,,1,0.0,2000,linear
silu,1.055246114730835,-0.7955331007639567,-0.055678488686680794,0.5681544542312622,0.4701080520947774,fixed-e4m3,0.2659912109375,0.5770670572916666,2.8398383619787637e-05,,1,0.0,2000,linear
relu,1.0797275304794312,-0.6258033315340678,-0.05185035367806753,0.7345376412073771,0.438232421875,fixed-e5m2,0.23270670572916666,0.561767578125,0.0002309403062099591,0.0159912109375,1,0.561767578125,0,linear
tanh,1.259012222290039,-0.7509230971336365,0.029118106390039127,0.8082278966903687,0.9026888012886047,fixed-e5m2,0.2600504557291667,0.4546712239583333,0.0004360709572210908,,1,0.0,0,linear
silu,1.0935051441192627,-0.7996027866999308,-0.059339833756287895,0.5592503348986307,0.46861793597539264,fixed-e5m2,0.268310546875,0.5857747395833334,0.00012058040738338605,,1,0.0,0,linear
relu,1.085993766784668,-0.6675643722216288,-0.07502351701259613,0.7294840216636658,0.4267985026041667,fixed-e5m2,0.19999186197916666,0.5732014973958334,0.0002931877485631655,0.016153971354166668,1,0.5732014973958334,2000,linear
tanh,1.2983156442642212,-0.7425892551740011,0.01939520115653674,0.8116204738616943,0.9039082924524943,fixed-e5m2,0.2592366536458333,0.4599609375,0.0005020595854148269,,1,0.0,2000,linear
silu,1.1167658567428589,-0.7988462646802267,-0.06465365489323933,0.5802844564119974,0.4675428469975789,fixed-e5m2,0.2544759114583333,0.5853271484375,0.00014767032310677072,,1,0.0,2000,linear
relu,1.0605218410491943,-0.629904051621755,-0.05578883240620295,0.7234355409940084,0.434814453125,fixed-hybrid,0.22684733072916666,0.565185546875,8.341278468530315e-05,0.010294596354166666,1,0.565185546875,0,linear
tanh,1.2441953420639038,-0.7330608169237772,0.02783152461051941,0.8157123525937399,0.9033728639284769,fixed-hybrid,0.2532552083333333,0.4541015625,0.00012757940809630478,,1,0.0,0,linear
silu,1.1030659675598145,-0.8144363959630331,-0.06217258361478647,0.5658728380997976,0.46704067786534625,fixed-hybrid,0.271484375,0.5917154947916666,3.117851035009759e-05,,1,0.0,0,linear
relu,1.0875813961029053,-0.662466824054718,-0.057148598755399384,0.7135633230209351,0.4340413411458333,fixed-hybrid,0.21407063802083334,0.5659586588541666,8.37998171239936e-05,0.009033203125,1,0.5659586588541666,2000,linear
tanh,1.276663064956665,-0.719618042310079,0.02461892180144787,0.8051496148109436,0.9048274755477905,fixed-hybrid,0.2541097005208333,0.455322265625,0.00012387553821705902,,1,0.0,2000,linear
silu,1.0555405616760254,-0.7966983119646708,-0.05658650025725365,0.5694619019826254,0.46968089540799457,fixed-hybrid,0.2649739583333333,0.5784098307291666,2.743666664173361e-05,,1,0.0,2000,linear
relu,1.0453294515609741,-0.6198388735453287,-0.05525078997015953,0.7362927595774332,0.4354248046875,calibrated,0.22395833333333334,0.5645751953125,9.715630767459515e-06,0.0030924479166666665,1,0.5645751953125,0,linear
tanh,1.270159125328064,-0.7474879026412964,0.02495484674970309,0.8167662620544434,0.901928722858429,calibrated,0.2511393229166667,0.458740234375,2.722462280265366e-05,,1,0.0,0,linear
silu,1.0875164270401,-0.825239380200704,-0.06445627907911937,0.5652814507484436,0.4659003218015035,calibrated,0.2659098307291667,0.591064453125,5.976957709208364e-06,,1,0.0,0,linear
relu,1.0386148691177368,-0.648030420144399,-0.058817148208618164,0.7196371754010519,0.4394938151041667,calibrated,0.198486328125,0.5605061848958334,1.2020404634919638e-05,0.004069010416666667,1,0.5605061848958334,2000,linear
tanh,1.3059197664260864,-0.7405175566673279,0.0185438043748339,0.8100824952125549,0.9024632771809896,calibrated,0.24641927083333334,0.4617106119791667,2.8107748827702988e-05,,1,0.0,2000,linear
silu,1.0978697538375854,-0.8025945822397867,-0.06146203354001045,0.5741076668103536,0.46857595443725586,calibrated,0.2575276692708333,0.58056640625,6.7986117452771095e-06,,1,0.0,2000,linear
relu,1.0453294515609741,-0.6198388735453287,-0.05525078997015953,0.7362927595774332,0.4354248046875,adaptive,0.22395833333333334,0.5645751953125,9.715630767459515e-06,0.0030924479166666665,1,0.5645751953125,0,linear
tanh,1.270159125328064,-0.7474879026412964,0.02495484674970309,0.8167662620544434,0.901928722858429,adaptive,0.2511393229166667,0.458740234375,2.722462280265366e-05,,1,0.0,0,linear
silu,1.0875164270401,-0.825239380200704,-0.06445627907911937,0.5652814507484436,0.4659003218015035,adaptive,0.2659098307291667,0.591064453125,5.976957709208364e-06,,1,0.0,0,linear
relu,1.0386148691177368,-0.648030420144399,-0.058817148208618164,0.7196371754010519,0.4394938151041667,adaptive,0.198486328125,0.5605061848958334,1.2020404634919638e-05,0.004069010416666667,1,0.5605061848958334,2000,linear
tanh,1.3059197664260864,-0.7405175566673279,0.0185438043748339,0.8100824952125549,0.9024632771809896,adaptive,0.24641927083333334,0.4617106119791667,2.8107748827702988e-05,,1,0.0,2000,linear
silu,1.0978697538375854,-0.8025945822397867,-0.06146203354001045,0.5741076668103536,0.46857595443725586,adaptive,0.2575276692708333,0.58056640625,6.7986117452771095e-06,,1,0.0,2000,linear
relu,1.267943024635315,-0.688712994257609,-0.05153371890385946,0.8163351615269979,0.4638264973958333,fp32,0.14383951822916666,0.5361735026041666,0.0,0.0,1,0.5361735026041666,0,kink
tanh,1.4105690717697144,-0.9109173019727071,-0.022824081281820934,0.8651054501533508,0.889532228310903,fp32,0.2693684895833333,0.5203857421875,0.0,,1,0.0,0,kink
silu,1.3905258178710938,-0.938598116238912,-0.06161437649279833,0.6016719539960226,0.4645318388938904,fp32,0.228759765625,0.5740152994791666,0.0,,1,0.00048828125,0,kink
relu,1.1054314374923706,-0.6577475070953369,-0.05336339771747589,0.7783369819323221,0.457275390625,fp32,0.14798990885416666,0.542724609375,0.0,0.0,1,0.542724609375,2000,kink
tanh,1.2742284536361694,-0.7921371459960938,0.002025198812286059,0.7602304617563883,0.9041975339253744,fp32,0.2534993489583333,0.4767659505208333,0.0,,1,0.0,2000,kink
silu,1.0499683618545532,-0.7305360436439514,-0.05730966820071141,0.5295778314272562,0.4675644139448802,fp32,0.2864583333333333,0.5848388671875,0.0,,1,0.0,2000,kink
relu,1.2872474193572998,-0.6896484692891439,-0.053768073519070946,0.8203015923500061,0.4622802734375,fixed-e4m3,0.14615885416666666,0.5377197265625,7.468008698197082e-05,0.00537109375,1,0.5377197265625,0,kink
tanh,1.4211421012878418,-0.9173684120178223,-0.021818844601511955,0.8682797352472941,0.8892618417739868,fixed-e4m3,0.2676188151041667,0.5167236328125,0.00016560457879677415,,1,0.0,0,kink
silu,1.3975666761398315,-0.9480019410451254,-0.06181022649010023,0.6164481441179911,0.46505000193913776,fixed-e4m3,0.22676595052083334,0.5723063151041666,3.6934954550815746e-05,,1,0.0006917317708333334,0,kink
relu,1.0340447425842285,-0.6715719302495321,-0.06153664613763491,0.7022337118784586,0.4291585286458333,fixed-e4m3,0.2088623046875,0.5708414713541666,4.001279012300074e-05,0.0067138671875,1,0.5708414713541666,2000,kink
tanh,1.0767021179199219,-0.7408144871393839,0.00449411819378535,0.6386841535568237,0.9274560809135437,fixed-e4m3,0.3075764973958333,0.4786783854166667,0.00012341317536386973,,1,0.0,2000,kink
silu,1.0317728519439697,-0.717852254708608,-0.04610033923139175,0.47845513621966046,0.4689887464046478,fixed-e4m3,0.3373209635416667,0.5831298828125,3.0263174267020077e-05,,1,0.0,2000,kink
relu,1.2639713287353516,-0.6895036697387695,-0.041455542047818504,0.8024954001108805,0.4676920572916667,fixed-e5m2,0.15425618489583334,0.5323079427083334,0.00035194433682287735,0.013468424479166666,1,0.5323079427083334,0,kink
tanh,1.4319339990615845,-0.8911823034286499,-0.021064185226957004,0.8647330403327942,0.8910974860191345,fixed-e5m2,0.2779134114583333,0.5190836588541666,0.0004964280039227257,,1,0.0,0,kink
silu,1.3648524284362793,-0.9137763579686483,-0.061322858557105064,0.5880770683288574,0.46566319465637207,fixed-e5m2,0.23445638020833334,0.5719807942708334,0.00012061304975456248,,1,0.0002848307291666667,0,kink
relu,1.009868860244751,-0.69368976354599,-0.04978514742106199,0.6783583958943685,0.4320475260416667,fixed-e5m2,0.20857747395833334,0.5679524739583334,0.00020377007119047144,0.021728515625,1,0.5679524739583334,2000,kink
tanh,1.119193196296692,-0.7432629466056824,-0.006099555020531018,0.6181294123331705,0.9375924865404764,fixed-e5m2,0.3509114583333333,0.500244140625,0.00039469951298087835,,1,0.0,2000,kink
silu,1.1022450923919678,-0.7511749068895975,-0.0366010715564092,0.466215858856837,0.4705551266670227,fixed-e5m2,0.3755289713541667,0.5746663411458334,0.0001204753765099061,,1,0.0,2000,kink
relu,1.2872474193572998,-0.6896484692891439,-0.053768073519070946,0.8203015923500061,0.4622802734375,fixed-hybrid,0.14615885416666666,0.5377197265625,7.468008698197082e-05,0.00537109375,1,0.5377197265625,0,kink
tanh,1.4211421012878418,-0.9173684120178223,-0.021818844601511955,0.8682797352472941,0.8892618417739868,fixed-hybrid,0.2676188151041667,0.5167236328125,0.00016560457879677415,,1,0.0,0,kink
silu,1.3975666761398315,-0.9480019410451254,-0.06181022649010023,0.6164481441179911,0.46505000193913776,fixed-hybrid,0.22676595052083334,0.5723063151041666,3.6934954550815746e-05,,1,0.0006917317708333334,0,kink
relu,1.0071899890899658,-0.6624874472618103,-0.05161145950357119,0.7099092404047648,0.4467366536458333,fixed-hybrid,0.203857421875,0.5532633463541666,0.00010965956607833505,0.008626302083333334,1,0.5532633463541666,2000,kink
tanh,1.0465044975280762,-0.756170392036438,0.018160810073216755,0.6526272495587667,0.924335757891337,fixed-hybrid,0.3017578125,0.4658203125,0.00012641576176974922,,1,0.0,2000,kink
silu,1.0839776992797852,-0.7570075790087382,-0.044524612526098885,0.49376436074574787,0.46879637241363525,fixed-hybrid,0.3345540364583333,0.5825602213541666,2.9076446783922922e-05,,1,0.0,2000,kink
relu,1.2545565366744995,-0.6888976295789083,-0.051842041313648224,0.8136407335599264,0.4639485677083333,calibrated,0.1436767578125,0.5360514322916666,1.4484608982456848e-05,0.0028076171875,1,0.5360514322916666,0,kink
tanh,1.403794288635254,-0.9161758224169413,-0.022610701620578766,0.8674419522285461,0.8891113003094991,calibrated,0.2684326171875,0.5218912760416666,2.4360813161668677e-05,,1,0.0,0,kink
silu,1.3898895978927612,-0.9423737525939941,-0.0618129950016737,0.5983502467473348,0.4637492895126343,calibrated,0.22998046875,0.575439453125,9.56786667908697e-06,,1,0.0005696614583333334,0,kink
relu,0.9811376929283142,-0.6495527029037476,-0.06379833584651351,0.7059502204259237,0.4402669270833333,calibrated,0.182373046875,0.5597330729166666,1.0718038235305963e-05,0.0026448567708333335,1,0.5597330729166666,2000,kink
tanh,1.0922073125839233,-0.7369604905446371,-0.00027170653144518536,0.6407689253489176,0.9235137701034546,calibrated,0.2752685546875,0.4864908854166667,2.936918281193357e-05,,1,0.0,2000,kink
silu,1.1780996322631836,-0.7287058234214783,-0.03572524959842364,0.4977538088957469,0.4727015693982442,calibrated,0.3219401041666667,0.562255859375,7.264769616692017e-06,,1,0.0,2000,kink
relu,1.2545565366744995,-0.6888976295789083,-0.051842041313648224,0.8136407335599264,0.4639485677083333,adaptive,0.1436767578125,0.5360514322916666,1.4484608982456848e-05,0.0028076171875,1,0.5360514322916666,0,kink
tanh,1.403794288635254,-0.9161758224169413,-0.022610701620578766,0.8674419522285461,0.8891113003094991,adaptive,0.2684326171875,0.5218912760416666,2.4360813161668677e-05,,1,0.0,0,kink
silu,1.3898895978927612,-0.9423737525939941,-0.0618129950016737,0.5983502467473348,0.4637492895126343,adaptive,0.22998046875,0.575439453125,9.56786667908697e-06,,1,0.0005696614583333334,0,kink
relu,0.9811376929283142,-0.6495527029037476,-0.06379833584651351,0.7059502204259237,0.4402669270833333,adaptive,0.182373046875,0.5597330729166666,1.0718038235305963e-05,0.0026448567708333335,1,0.5597330729166666,2000,kink
tanh,1.0922073125839233,-0.7369604905446371,-0.00027170653144518536,0.6407689253489176,0.9235137701034546,adaptive,0.2752685546875,0.4864908854166667,2.936918281193357e-05,,1,0.0,2000,kink
silu,1.1780996322631836,-0.7287058234214783,-0.03572524959842364,0.4977538088957469,0.4727015693982442,adaptive,0.3219401041666667,0.562255859375,7.264769616692017e-06,,1,0.0,2000,kink
relu,1.3857738971710205,-0.6867843468983968,-0.04798181230823199,0.8199329574902853,0.4487711588541667,fp32,0.22029622395833334,0.5512288411458334,0.0,0.0,1,0.5512288411458334,0,plateau
tanh,1.4468960762023926,-0.795727550983429,0.02906796584526698,0.856129010518392,0.8926377495129904,fp32,0.24601236979166666,0.4561767578125,0.0,,1,0.0,0,plateau
silu,1.1071982383728027,-0.8731835087140402,-0.08063798646132152,0.5951837102572123,0.45971376697222394,fp32,0.2572021484375,0.6175944010416666,0.0,,1,0.0,0,plateau
relu,4.255777835845947,-1.561682681242625,-0.07426343858242035,1.8420926531155903,0.4430745442708333,fp32,0.14347330729166666,0.5569254557291666,0.0,0.0,1,0.5569254557291666,2000,plateau
tanh,5.029162883758545,-1.7706191142400105,0.014138209323088327,2.0119627515474954,0.7969316244125366,fp32,0.19950358072916666,0.4855550130208333,0.0,,1,0.009765625,2000,plateau
silu,2.7003705501556396,-1.2216616074244182,-0.06668691569939256,0.932657519976298,0.4702954987684886,fp32,0.207275390625,0.5883382161458334,0.0,,1,0.0036214192708333335,2000,plateau
relu,1.3930692672729492,-0.6920547485351562,-0.04613896273076534,0.8132146994272867,0.4508870442708333,fixed-e4m3,0.2222900390625,0.5491129557291666,6.427269666649711e-05,0.008544921875,1,0.5491129557291666,0,plateau
tanh,1.427638053894043,-0.7815648317337036,0.028860988716284435,0.8534918427467346,0.8939091761906942,fixed-e4m3,0.24702962239583334,0.4555257161458333,0.00012334765051491559,,1,0.0,0,plateau
silu,1.1233413219451904,-0.8698773185412089,-0.07524028917153676,0.5941745440165201,0.46016791462898254,fixed-e4m3,0.269287109375,0.6180826822916666,3.574176177304859e-05,,1,0.0,0,plateau
relu,4.102121353149414,-1.5380474130312602,-0.0808980589111646,1.7193023959795635,0.4366048177083333,fixed-e4m3,0.14921061197916666,0.5633951822916666,0.00012431041128972234,0.006795247395833333,1,0.5633951822916666,2000,plateau
tanh,4.787148475646973,-1.7672707835833232,0.016142156285544235,1.926466464996338,0.8032959500948588,fixed-e4m3,0.213623046875,0.4849446614583333,0.00011620194466862206,,1,0.009114583333333334,2000,plateau
silu,2.618454694747925,-1.2211089730262756,-0.07517126202583313,0.8727456529935201,0.4646238585313161,fixed-e4m3,0.2236328125,0.599365234375,5.207329559198115e-05,,1,0.004109700520833333,2000,plateau
relu,1.4104863405227661,-0.6897791028022766,-0.04892797643939654,0.824349562327067,0.44580078125,fixed-e5m2,0.22212727864583334,0.55419921875,0.00023234002340662604,0.0150146484375,1,0.55419921875,0,plateau
tanh,1.4835728406906128,-0.8038145303726196,0.02605521430571874,0.8530211051305135,0.894115666548411,fixed-e5m2,0.256103515625,0.4618733723958333,0.0003552089716928701,,1,0.0,0,plateau
silu,1.1025670766830444,-0.8672501047452291,-0.07834671065211296,0.5948383212089539,0.4596289098262787,fixed-e5m2,0.2511393229166667,0.6151123046875,0.00013678295363206416,,1,0.0,0,plateau
relu,4.092790603637695,-1.5379107395807903,-0.07108428329229355,1.7171481251716614,0.4450276692708333,fixed-e5m2,0.1512451171875,0.5549723307291666,0.0004213371187991773,0.014729817708333334,1,0.5549723307291666,2000,plateau
tanh,4.970552444458008,-1.7952188452084858,0.008134947468837103,1.9884130557378132,0.8096343080202738,fixed-e5m2,0.21431477864583334,0.493896484375,0.00033957518947621185,,1,0.0115966796875,2000,plateau
silu,2.6086301803588867,-1.1439448197682698,-0.06947358697652817,0.9327948292096456,0.46580828229586285,fixed-e5m2,0.24788411458333334,0.6012369791666666,0.00014092110601874688,,1,0.0022786458333333335,2000,plateau
relu,1.3930692672729492,-0.6920547485351562,-0.04613896273076534,0.8132146994272867,0.4508870442708333,fixed-hybrid,0.2222900390625,0.5491129557291666,6.427269666649711e-05,0.008544921875,1,0.5491129557291666,0,plateau
tanh,1.427638053894043,-0.7815648317337036,0.028860988716284435,0.8534918427467346,0.8939091761906942,fixed-hybrid,0.24702962239583334,0.4555257161458333,0.00012334765051491559,,1,0.0,0,plateau
silu,1.1233413219451904,-0.8698773185412089,-0.07524028917153676,0.5941745440165201,0.46016791462898254,fixed-hybrid,0.269287109375,0.6180826822916666,3.574176177304859e-05,,1,0.0,0,plateau
relu,4.134523391723633,-1.5410902102788289,-0.07513000691930453,1.74490487575531,0.4402669270833333,fixed-hybrid,0.15010579427083334,0.5597330729166666,0.0001319189565644289,0.005940755208333333,1,0.5597330729166666,2000,plateau
tanh,4.881775856018066,-1.7570120890935261,0.009800138572851816,1.9271217981974285,0.8033699989318848,fixed-hybrid,0.20926920572916666,0.4898681640625,0.00015339462455206862,,1,0.009358723958333334,2000,plateau
silu,2.564354181289673,-1.2048723101615906,-0.06891844297448795,0.8925617138544718,0.46853400270144147,fixed-hybrid,0.21866861979166666,0.5911051432291666,5.853946944019602e-05,,1,0.003987630208333333,2000,plateau
relu,1.3921501636505127,-0.6834243933359782,-0.04937783752878507,0.822877566019694,0.4486490885416667,calibrated,0.22078450520833334,0.5513509114583334,1.7444856590979423e-05,0.0045166015625,1,0.5513509114583334,0,plateau
tanh,1.4441758394241333,-0.796860913435618,0.0295520822207133,0.8566698829332987,0.8923642635345459,calibrated,0.24605305989583334,0.45556640625,2.5036731434132282e-05,,1,0.0,0,plateau
silu,1.0986826419830322,-0.875221312046051,-0.08009485279520352,0.599828044573466,0.4599373737970988,calibrated,0.2573649088541667,0.6160074869791666,7.110646947694477e-06,,1,0.0,0,plateau
relu,4.221683502197266,-1.542676866054535,-0.08253918339808781,1.741285781065623,0.4352213541666667,calibrated,0.1456298828125,0.5647786458333334,3.348956609746286e-05,0.0030517578125,1,0.5647786458333334,2000,plateau
tanh,4.824653148651123,-1.7492019931475322,0.016415111332510907,1.93341459830602,0.8047678073247274,calibrated,0.20808919270833334,0.4820149739583333,4.690044079325162e-05,,1,0.008748372395833334,2000,plateau
silu,2.6488003730773926,-1.2032932043075562,-0.06650427092487614,0.8920479814211527,0.46919775009155273,calibrated,0.22111002604166666,0.5887044270833334,1.5368550217923865e-05,,1,0.004109700520833333,2000,plateau
relu,1.3921501636505127,-0.6834243933359782,-0.04937783752878507,0.822877566019694,0.4486490885416667,adaptive,0.22078450520833334,0.5513509114583334,1.7444856590979423e-05,0.0045166015625,1,0.5513509114583334,0,plateau
tanh,1.4441758394241333,-0.796860913435618,0.0295520822207133,0.8566698829332987,0.8923642635345459,adaptive,0.24605305989583334,0.45556640625,2.5036731434132282e-05,,1,0.0,0,plateau
silu,1.0986826419830322,-0.875221312046051,-0.08009485279520352,0.599828044573466,0.4599373737970988,adaptive,0.2573649088541667,0.6160074869791666,7.110646947694477e-06,,1,0.0,0,plateau
relu,4.221683502197266,-1.542676866054535,-0.08253918339808781,1.741285781065623,0.4352213541666667,adaptive,0.1456298828125,0.5647786458333334,3.348956609746286e-05,0.0030517578125,1,0.5647786458333334,2000,plateau
tanh,4.824653148651123,-1.7492019931475322,0.016415111332510907,1.93341459830602,0.8047678073247274,adaptive,0.20808919270833334,0.4820149739583333,4.690044079325162e-05,,1,0.008748372395833334,2000,plateau
silu,2.6488003730773926,-1.2032932043075562,-0.06650427092487614,0.8920479814211527,0.46919775009155273,adaptive,0.22111002604166666,0.5887044270833334,1.5368550217923865e-05,,1,0.004109700520833333,2000,plateau
relu,1.0741535425186157,-0.7722273866335551,-0.08010462050636609,0.6914391915003458,0.4107666015625,fp32,0.2078857421875,0.5892333984375,0.0,0.0,1,0.5892333984375,0,detail
tanh,1.1118485927581787,-0.7286108533541361,-0.005109928548336029,0.7515844504038492,0.9050587813059489,fp32,0.2203369140625,0.5065511067708334,0.0,,1,0.0,0,detail
silu,1.071574091911316,-0.7507369915644327,-0.059631472453475,0.5507843891779581,0.46653297543525696,fp32,0.2798665364583333,0.5885416666666666,0.0,,1,0.0,0,detail
relu,5.823880195617676,-3.082654515902201,-0.17387166122595468,2.0612900257110596,0.3968912760416667,fp32,0.07303873697916667,0.6031087239583334,0.0,0.0,1,0.6031087239583334,2000,detail
tanh,4.122310638427734,-1.465972661972046,0.014811034624775251,1.7655139366785686,0.8077477812767029,fp32,0.18326822916666666,0.4937337239583333,0.0,,1,0.003662109375,2000,detail
silu,2.4107773303985596,-1.467522422472636,-0.005901463329792023,1.2138692537943523,0.4908693830172221,fp32,0.17525227864583334,0.5081380208333334,0.0,,1,0.005208333333333333,2000,detail
relu,1.0973533391952515,-0.7802051504453024,-0.07781789700190227,0.6903102000554403,0.4120686848958333,fixed-e4m3,0.20572916666666666,0.5879313151041666,5.391902474608893e-05,0.006754557291666667,1,0.5879313151041666,0,detail
tanh,1.1265206336975098,-0.7337618867556254,-0.009865211943785349,0.7595505515734354,0.90374622742335,fixed-e4m3,0.21390787760416666,0.5093994140625,0.00011987032727726425,,1,0.0,0,detail
silu,1.1063735485076904,-0.7519005338350931,-0.05893980401257674,0.5538042386372884,0.4666118423144023,fixed-e4m3,0.2834879557291667,0.5880126953125,3.251316835909771e-05,,1,0.0,0,detail
relu,5.43189811706543,-3.004526893297831,-0.1848621815443039,1.9874353806177776,0.3943684895833333,fixed-e4m3,0.07686360677083333,0.6056315104166666,8.102523315756116e-05,0.004069010416666667,1,0.6056315104166666,2000,detail
tanh,3.7757863998413086,-1.4624909162521362,0.010284733027219772,1.67094220717748,0.8154573837916056,fixed-e4m3,0.19685872395833334,0.4964192708333333,0.00016472008913600197,,1,0.0026448567708333335,2000,detail
silu,2.4915528297424316,-1.4240256150563557,-0.024242053429285686,1.130789081255595,0.483437180519104,fixed-e4m3,0.19632975260416666,0.5257161458333334,7.67689234635327e-05,,1,0.0023193359375,2000,detail
relu,1.0974836349487305,-0.7647251685460409,-0.07688739523291588,0.674040416876475,0.4029541015625,fixed-e5m2,0.22208658854166666,0.5970458984375,0.00022894024732522666,0.019449869791666668,1,0.5970458984375,0,detail
tanh,1.1222560405731201,-0.7122771541277567,0.0012673164407412212,0.7446395754814148,0.9076712131500244,fixed-e5m2,0.234619140625,0.5013427734375,0.00039210496470332146,,1,0.0,0,detail
silu,1.039846658706665,-0.7375797828038534,-0.05798720009624958,0.5425166090329488,0.4680918753147125,fixed-e5m2,0.2829182942708333,0.5896809895833334,0.00012558232992887497,,1,0.0,0,detail
relu,5.383558750152588,-3.1892388661702475,-0.19400323430697122,2.085491100947062,0.374755859375,fixed-e5m2,0.0733642578125,0.625244140625,0.0016642922710161656,0.012736002604166666,1,0.625244140625,2000,detail
tanh,4.319599151611328,-1.7882020473480225,-0.020509082823991776,1.8507380882898967,0.792601466178894,fixed-e5m2,0.20442708333333334,0.5083821614583334,0.0011121421121060848,,1,0.005289713541666667,2000,detail
silu,2.5084750652313232,-1.5821967124938965,-0.04559406234572331,1.2076056003570557,0.4722813268502553,fixed-e5m2,0.22932942708333334,0.5504964192708334,0.0004010929454428454,,1,0.002197265625,2000,detail
relu,1.0973533391952515,-0.7802051504453024,-0.07781789700190227,0.6903102000554403,0.4120686848958333,fixed-hybrid,0.20572916666666666,0.5879313151041666,5.391902474608893e-05,0.006754557291666667,1,0.5879313151041666,0,detail
tanh,1.1265206336975098,-0.7337618867556254,-0.009865211943785349,0.7595505515734354,0.90374622742335,fixed-hybrid,0.21390787760416666,0.5093994140625,0.00011987032727726425,,1,0.0,0,detail
silu,1.1063735485076904,-0.7519005338350931,-0.05893980401257674,0.5538042386372884,0.4666118423144023,fixed-hybrid,0.2834879557291667,0.5880126953125,3.251316835909771e-05,,1,0.0,0,detail
relu,5.550443649291992,-3.0183827877044678,-0.1778484284877777,2.001647472381592,0.3948160807291667,fixed-hybrid,0.07682291666666667,0.6051839192708334,0.000120860370467805,0.0040283203125,1,0.6051839192708334,2000,detail
tanh,3.8994345664978027,-1.4670062065124512,0.006567742054661115,1.712128480275472,0.8138723572095236,fixed-hybrid,0.1824951171875,0.5002848307291666,0.00016554982964104661,,1,0.0031331380208333335,2000,detail
silu,2.448852062225342,-1.460419734319051,-0.030910974368453026,1.150027374426524,0.4823727607727051,fixed-hybrid,0.183349609375,0.5271809895833334,6.964511824965787e-05,,1,0.0022786458333333335,2000,detail
relu,1.0928776264190674,-0.7742961247762045,-0.08008881782492001,0.6918187737464905,0.4117838541666667,calibrated,0.2080078125,0.5882161458333334,1.569472275756804e-05,0.003946940104166667,1,0.5882161458333334,0,detail
tanh,1.1015211343765259,-0.727240800857544,-0.0046553947031497955,0.7503933906555176,0.9055211742719015,calibrated,0.22159830729166666,0.5065511067708334,1.993247800176808e-05,,1,0.0,0,detail
silu,1.0666943788528442,-0.7509774764378866,-0.060509723921616874,0.5506513913472494,0.46643062432607013,calibrated,0.2805989583333333,0.589111328125,5.560249519476201e-06,,1,0.0,0,detail
relu,5.715132236480713,-3.107020616531372,-0.17867940664291382,2.041203816731771,0.3927408854166667,calibrated,0.07763671875,0.6072591145833334,3.8325685636664275e-05,0.0019938151041666665,1,0.6072591145833334,2000,detail
tanh,4.190817356109619,-1.4353346228599548,0.022468280512839556,1.7849555015563965,0.8176353573799133,calibrated,0.187255859375,0.4824625651041667,4.543895435441906e-05,,1,0.00390625,2000,detail
silu,2.436704635620117,-1.4382038513819377,-0.019539347539345425,1.1061283946037292,0.4840303758780162,calibrated,0.20463053385416666,0.5156656901041666,2.3565409719594754e-05,,1,0.0038248697916666665,2000,detail
relu,1.0928776264190674,-0.7742961247762045,-0.08008881782492001,0.6918187737464905,0.4117838541666667,adaptive,0.2080078125,0.5882161458333334,1.569472275756804e-05,0.003946940104166667,1,0.5882161458333334,0,detail
tanh,1.1015211343765259,-0.727240800857544,-0.0046553947031497955,0.7503933906555176,0.9055211742719015,adaptive,0.22159830729166666,0.5065511067708334,1.993247800176808e-05,,1,0.0,0,detail
silu,1.0666943788528442,-0.7509774764378866,-0.060509723921616874,0.5506513913472494,0.46643062432607013,adaptive,0.2805989583333333,0.589111328125,5.560249519476201e-06,,1,0.0,0,detail
relu,5.708808898925781,-3.1050106287002563,-0.17893041670322418,2.040507674217224,0.3922119140625,adaptive,0.0777587890625,0.6077880859375,3.962126508364842e-05,0.0020751953125,1,0.6077880859375,2000,detail
tanh,4.174148082733154,-1.436195393403371,0.022060767204190295,1.7810055613517761,0.8174287478129069,adaptive,0.187255859375,0.4829915364583333,3.5712124372366816e-05,,1,0.0038655598958333335,2000,detail
silu,2.404496669769287,-1.4373890956242878,-0.01953152132531007,1.1065758268038433,0.4839030106862386,adaptive,0.20487467447916666,0.5156656901041666,2.6545671062194742e-05,,1,0.00439453125,2000,detail
relu,1.0021623373031616,-0.6152026255925497,-0.08205335835615794,0.6762266953786215,0.3855794270833333,fp32,0.24918619791666666,0.6144205729166666,0.0,0.0,1,0.6144205729166666,0,bump
tanh,1.144008755683899,-0.7230579455693563,0.0029103639535605907,0.7297825217247009,0.9129447937011719,fp32,0.2622884114583333,0.493408203125,0.0,,1,0.0,0,bump
silu,1.0705678462982178,-0.753685196240743,-0.05925733782351017,0.514526387055715,0.46765775481859845,fp32,0.2994384765625,0.5924886067708334,0.0,,1,0.0,0,bump
relu,5.008155345916748,-3.080576181411743,-0.14851824442545572,1.5338024695714314,0.4086507161458333,fp32,0.10441080729166667,0.5913492838541666,0.0,0.0,1,0.5913492838541666,2000,bump
tanh,2.4820497035980225,-1.2431281208992004,0.02201626356691122,1.1286307573318481,0.8583767414093018,fp32,0.20320638020833334,0.4806315104166667,0.0,,1,0.0,2000,bump
silu,2.607215642929077,-1.8188159068425496,-0.08719225693494081,1.1407993634541829,0.4588181773821513,fp32,0.20878092447916666,0.5716552734375,0.0,,1,0.00341796875,2000,bump
relu,0.9879006743431091,-0.620731254418691,-0.08236578355232875,0.6725404461224874,0.3844807942708333,fixed-e4m3,0.2503662109375,0.6155192057291666,4.694248976496359e-05,0.008748372395833334,1,0.6155192057291666,0,bump
tanh,1.125065565109253,-0.7244826356569926,-0.005344158659378688,0.7346949179967245,0.9124013582865397,fixed-e4m3,0.2587890625,0.5023193359375,0.00014453607824786255,,1,0.0,0,bump
silu,1.0750113725662231,-0.75300532579422,-0.060411342730124794,0.5104858080546061,0.4669825832049052,fixed-e4m3,0.299072265625,0.5972086588541666,3.0908033295418136e-05,,1,0.0,0,bump
relu,5.099004745483398,-2.661873539288839,-0.144516259431839,1.3756304184595745,0.3995768229166667,fixed-e4m3,0.12227376302083333,0.6004231770833334,0.00010188387871797507,0.005818684895833333,1,0.6004231770833334,2000,bump
tanh,2.3929684162139893,-1.2265549699465434,0.013311550642053286,1.0611094037691753,0.871158500512441,fixed-e4m3,0.2384033203125,0.4833577473958333,0.00012179070957548295,,1,0.0,2000,bump
silu,2.229043483734131,-1.596132516860962,-0.07596288310984771,0.8724536101023356,0.4529069761435191,fixed-e4m3,0.22054036458333334,0.57568359375,5.487979554648822e-05,,1,0.003987630208333333,2000,bump
relu,0.9617893099784851,-0.6111854712168375,-0.07389513403177261,0.6701859434445699,0.3865559895833333,fixed-e5m2,0.2668863932291667,0.6134440104166666,0.00019165882258675992,0.023111979166666668,1,0.6134440104166666,0,bump
tanh,1.1239042282104492,-0.6988314390182495,0.0016484080503384273,0.7094320853551229,0.9162278175354004,fixed-e5m2,0.2657877604166667,0.4947102864583333,0.00046003953320905566,,1,0.0,0,bump
silu,1.0384372472763062,-0.7145510911941528,-0.05978368471066157,0.50565438469251,0.46848801771799725,fixed-e5m2,0.3035481770833333,0.6002197265625,0.00014019711185634756,,1,0.0,0,bump
relu,5.162133693695068,-3.104910651842753,-0.14145799726247787,1.5630253950754802,0.4070231119791667,fixed-e5m2,0.11446126302083333,0.5929768880208334,0.0006207186476482699,0.012491861979166666,1,0.5929768880208334,2000,bump
tanh,2.2486956119537354,-1.2300824324289958,0.017664340557530522,1.0696135361989338,0.8671123584111532,fixed-e5m2,0.2257080078125,0.4877522786458333,0.0006027118652127683,,1,0.0,2000,bump
silu,2.802069664001465,-1.9186505873998005,-0.07026263574759166,1.2034690181414287,0.4595443705717723,fixed-e5m2,0.2159423828125,0.5683186848958334,0.0002127022307831794,,1,0.0032552083333333335,2000,bump
relu,0.9879006743431091,-0.620731254418691,-0.08236578355232875,0.6725404461224874,0.3844807942708333,fixed-hybrid,0.2503662109375,0.6155192057291666,4.694248976496359e-05,0.008748372395833334,1,0.6155192057291666,0,bump
tanh,1.125065565109253,-0.7244826356569926,-0.005344158659378688,0.7346949179967245,0.9124013582865397,fixed-hybrid,0.2587890625,0.5023193359375,0.00014453607824786255,,1,0.0,0,bump
silu,1.0750113725662231,-0.75300532579422,-0.060411342730124794,0.5104858080546061,0.4669825832049052,fixed-hybrid,0.299072265625,0.5972086588541666,3.0908033295418136e-05,,1,0.0,0,bump
relu,4.859413146972656,-2.5597333510716758,-0.1432489405075709,1.3624887069066365,0.4012044270833333,fixed-hybrid,0.1156005859375,0.5987955729166666,0.00015116800932446495,0.006591796875,1,0.5987955729166666,2000,bump
tanh,2.3154499530792236,-1.1967118382453918,0.02349492410818736,1.0200372735659282,0.8757155537605286,fixed-hybrid,0.2242431640625,0.4769287109375,0.0001657106816613426,,1,0.0,2000,bump
silu,2.2901456356048584,-1.5912245909372966,-0.0657931378421684,0.8433365027109782,0.4576295812924703,fixed-hybrid,0.2275390625,0.5728352864583334,6.339797861680078e-05,,1,0.0028889973958333335,2000,bump
relu,1.008096694946289,-0.6170700192451477,-0.08204121390978496,0.677386999130249,0.3860677083333333,calibrated,0.24755859375,0.6139322916666666,1.394532409904059e-05,0.006510416666666667,1,0.6139322916666666,0,bump
tanh,1.1488102674484253,-0.7232985893885294,0.00281317625194788,0.7249906261761984,0.9129652976989746,calibrated,0.2626953125,0.4922688802083333,3.177823843240427e-05,,1,0.0,0,bump
silu,1.0769833326339722,-0.7579572002092997,-0.05871644119421641,0.519464353720347,0.46782414118448895,calibrated,0.2996826171875,0.5906575520833334,7.815338752455622e-06,,1,0.0,0,bump
relu,5.096158504486084,-2.741578737894694,-0.1292364845673243,1.453124721844991,0.4087727864583333,calibrated,0.12032063802083333,0.5912272135416666,2.847908308467595e-05,0.003173828125,1,0.5912272135416666,2000,bump
tanh,2.602551221847534,-1.2727584441502888,0.011533179009954134,1.0985464255015056,0.8676172693570455,calibrated,0.22733561197916666,0.4867350260416667,3.673074024845846e-05,,1,0.0,2000,bump
silu,2.430448532104492,-1.6541259288787842,-0.06344997137784958,0.9821025331815084,0.4601599673430125,calibrated,0.21903483072916666,0.5587565104166666,1.4583088159270119e-05,,1,0.004842122395833333,2000,bump
relu,1.008096694946289,-0.6170700192451477,-0.08204121390978496,0.677386999130249,0.3860677083333333,adaptive,0.24755859375,0.6139322916666666,1.394532409904059e-05,0.006510416666666667,1,0.6139322916666666,0,bump
tanh,1.1488102674484253,-0.7232985893885294,0.00281317625194788,0.7249906261761984,0.9129652976989746,adaptive,0.2626953125,0.4922688802083333,3.177823843240427e-05,,1,0.0,0,bump
silu,1.0769833326339722,-0.7579572002092997,-0.05871644119421641,0.519464353720347,0.46782414118448895,adaptive,0.2996826171875,0.5906575520833334,7.815338752455622e-06,,1,0.0,0,bump
relu,4.994630336761475,-2.715494076410929,-0.13225154081980386,1.4408404032389324,0.4069010416666667,adaptive,0.12211100260416667,0.5930989583333334,2.1310106300613068e-05,0.003662109375,1,0.5930989583333334,2000,bump
tanh,2.577590227127075,-1.2616098920504253,0.013533824433883032,1.0905851523081462,0.868217408657074,adaptive,0.22835286458333334,0.4856363932291667,3.551591180439573e-05,,1,0.0,2000,bump
silu,2.4404101371765137,-1.6663216352462769,-0.060553706561525665,0.979379673798879,0.46069252490997314,adaptive,0.22102864583333334,0.5567626953125,1.4641925796847014e-05,,1,0.0048828125,2000,bump
relu,1.7310190200805664,-1.045439879099528,0.004473163125415643,0.9522599577903748,0.498779296875,fp32,0.1663818359375,0.501220703125,0.0,0.0,1,0.501220703125,0,composition
tanh,1.628156065940857,-0.9404527346293131,0.023437879358728726,0.9423344930013021,0.8779570261637369,fp32,0.23636881510416666,0.4691569010416667,0.0,,1,0.0,0,composition
silu,1.2742496728897095,-0.9408713579177856,-0.07557573728263378,0.6368117729822794,0.4626274307568868,fp32,0.24393717447916666,0.597412109375,0.0,,1,0.000244140625,0,composition
relu,5.061135292053223,-3.035297950108846,-0.2271966909368833,2.5760558446248374,0.44775390625,fp32,0.0562744140625,0.55224609375,0.0,0.0,1,0.55224609375,2000,composition
tanh,8.87702751159668,-3.4568009773890176,0.050399678448836006,3.364892601966858,0.6925588647524515,fp32,0.1251220703125,0.4792887369791667,0.0,,1,0.029093424479166668,2000,composition
silu,4.068068981170654,-2.169116417566935,-0.08601108690102895,1.1923797130584717,0.45855175455411273,fp32,0.12418619791666667,0.5535481770833334,0.0,,1,0.009480794270833334,2000,composition
relu,1.748926043510437,-1.0322022239367168,0.005263116521139939,0.9497095346450806,0.4994303385416667,fixed-e4m3,0.1671142578125,0.5005696614583334,6.899786118689614e-05,0.00634765625,1,0.5005696614583334,0,composition
tanh,1.6020346879959106,-0.935004452864329,0.021985841915011406,0.9294971028963724,0.8809018532435099,fixed-e4m3,0.240478515625,0.4705403645833333,0.00012242501058305302,,1,0.0,0,composition
silu,1.259031891822815,-0.9351679682731628,-0.07695719723900159,0.6319749553998312,0.4622033437093099,fixed-e4m3,0.240966796875,0.6011149088541666,3.221768141277911e-05,,1,0.000244140625,0,composition
relu,4.888863563537598,-3.0343910853068032,-0.27133818839987117,2.549431641896566,0.4499918619791667,fixed-e4m3,0.053914388020833336,0.5500081380208334,0.00015314060146920383,0.0034993489583333335,1,0.5500081380208334,2000,composition
tanh,9.305947303771973,-3.636211117108663,0.005639344143370788,3.294920007387797,0.7425530354181925,fixed-e4m3,0.13956705729166666,0.4967447916666667,0.0002480826515238732,,1,0.0299072265625,2000,composition
silu,3.633924961090088,-1.990521788597107,-0.0861519764487942,1.1327906847000122,0.44686583677927655,fixed-e4m3,0.13362630208333334,0.563720703125,8.376230956249249e-05,,1,0.013346354166666666,2000,composition
relu,1.7408231496810913,-1.0534200072288513,-0.00024939739766220254,0.9389474789301554,0.4951578776041667,fixed-e5m2,0.17720540364583334,0.5048421223958334,0.0002922399532205115,0.014607747395833334,1,0.5048421223958334,0,composition
tanh,1.5960253477096558,-0.9340591033299764,0.02891891139249007,0.927758534749349,0.8795840740203857,fixed-e5m2,0.24080403645833334,0.4630533854166667,0.0004243451985530555,,1,0.0,0,composition
silu,1.285886287689209,-0.9232295751571655,-0.06837141141295433,0.6492404937744141,0.4663154681523641,fixed-e5m2,0.2542724609375,0.5886637369791666,0.00012883576224946106,,1,0.0003255208333333333,0,composition
relu,4.463573932647705,-2.699841340382894,-0.2493008573849996,2.0920754273732505,0.4366455078125,fixed-e5m2,0.0614013671875,0.5633544921875,0.0006095102289691567,0.006306966145833333,1,0.5633544921875,2000,composition
tanh,8.428360939025879,-2.887847423553467,-0.0058579637358586,2.935829480489095,0.7723337213198344,fixed-e5m2,0.16666666666666666,0.51171875,0.0007347126471965263,,1,0.024861653645833332,2000,composition
silu,2.645289182662964,-1.7692255973815918,-0.08077278609077136,1.0544912815093994,0.45622562368710834,fixed-e5m2,0.1951904296875,0.5819905598958334,0.00029408317398823175,,1,0.007080078125,2000,composition
relu,1.748926043510437,-1.0322022239367168,0.005263116521139939,0.9497095346450806,0.4994303385416667,fixed-hybrid,0.1671142578125,0.5005696614583334,6.899786118689614e-05,0.00634765625,1,0.5005696614583334,0,composition
tanh,1.6020346879959106,-0.935004452864329,0.021985841915011406,0.9294971028963724,0.8809018532435099,fixed-hybrid,0.240478515625,0.4705403645833333,0.00012242501058305302,,1,0.0,0,composition
silu,1.259031891822815,-0.9351679682731628,-0.07695719723900159,0.6319749553998312,0.4622033437093099,fixed-hybrid,0.240966796875,0.6011149088541666,3.221768141277911e-05,,1,0.000244140625,0,composition
relu,4.797544002532959,-3.030848582585653,-0.2639990970492363,2.512564778327942,0.4518229166666667,fixed-hybrid,0.055501302083333336,0.5481770833333334,0.00022285993084854758,0.0033365885416666665,1,0.5481770833333334,2000,composition
tanh,9.156373977661133,-3.5853354930877686,-0.01542763908704122,3.277763247489929,0.7404794692993164,fixed-hybrid,0.1510009765625,0.5084635416666666,0.00022905770068367323,,1,0.029947916666666668,2000,composition
silu,3.720231771469116,-2.0075004498163858,-0.0853479728102684,1.1580037871996562,0.44731947779655457,fixed-hybrid,0.14957682291666666,0.5689290364583334,0.00011392399089042253,,1,0.011962890625,2000,composition
relu,1.727702021598816,-1.0394242604573567,0.004957155945400397,0.9539420008659363,0.4997965494791667,calibrated,0.16617838541666666,0.5002034505208334,1.814949852511442e-05,0.003946940104166667,1,0.5002034505208334,0,composition
tanh,1.6308271884918213,-0.9427401026089987,0.021885088955362637,0.9422678152720133,0.8781145413716634,calibrated,0.235595703125,0.470458984375,2.5563363427257475e-05,,1,0.0,0,composition
silu,1.2702754735946655,-0.9396558801333109,-0.07362341756621997,0.634772002696991,0.4629749357700348,calibrated,0.24471028645833334,0.59765625,1.013669983270423e-05,,1,0.0003662109375,0,composition
relu,4.771636962890625,-2.912842114766439,-0.17993290225664774,2.461703101793925,0.4538167317708333,calibrated,0.054443359375,0.5461832682291666,5.510080033369983e-05,0.002197265625,1,0.5461832682291666,2000,composition
tanh,8.51379680633545,-3.2906656662623086,0.04044940322637558,3.224870244661967,0.711951732635498,calibrated,0.14680989583333334,0.4827473958333333,5.368956468979983e-05,,1,0.0277099609375,2000,composition
silu,3.78899884223938,-2.0173158645629883,-0.10749840301771958,1.1422526240348816,0.4510515332221985,calibrated,0.14119466145833334,0.5714925130208334,3.0936587033162745e-05,,1,0.0087890625,2000,composition
relu,1.727702021598816,-1.0394242604573567,0.004957155945400397,0.9539420008659363,0.4997965494791667,adaptive,0.16617838541666666,0.5002034505208334,1.814949852511442e-05,0.003946940104166667,1,0.5002034505208334,0,composition
tanh,1.6308271884918213,-0.9427401026089987,0.021885088955362637,0.9422678152720133,0.8781145413716634,adaptive,0.235595703125,0.470458984375,2.5563363427257475e-05,,1,0.0,0,composition
silu,1.2702754735946655,-0.9396558801333109,-0.07362341756621997,0.634772002696991,0.4629749357700348,adaptive,0.24471028645833334,0.59765625,1.013669983270423e-05,,1,0.0003662109375,0,composition
relu,4.812679290771484,-2.923079570134481,-0.18424677848815918,2.4808202187220254,0.4535319010416667,adaptive,0.0540771484375,0.5464680989583334,8.030922860295202e-05,0.0025227864583333335,1,0.5464680989583334,2000,composition
tanh,8.496648788452148,-3.268429239590963,0.038863840202490486,3.2215842405954995,0.7111387252807617,adaptive,0.14400227864583334,0.4830322265625,5.298878143851956e-05,,1,0.027587890625,2000,composition
silu,3.858834981918335,-2.0221689542134604,-0.11067252854506175,1.1763009031613667,0.4503687918186188,adaptive,0.13985188802083334,0.5726318359375,2.751504158974664e-05,,1,0.009562174479166666,2000,composition
relu,1.2291743755340576,-0.7626194556554159,0.05833370300630728,0.8341096440951029,0.547119140625,fp32,0.16084798177083334,0.452880859375,0.0,0.0,2,0.452880859375,0,linear
tanh,1.2278343439102173,-0.8779512047767639,-0.05299610644578934,0.6150757273038229,0.9059012730916342,fp32,0.23575846354166666,0.5648193359375,0.0,,2,0.0,0,linear
silu,1.0915309190750122,-0.5804367363452911,0.05466840788722038,0.7522765398025513,0.5259087284406027,fp32,0.2700602213541667,0.428466796875,0.0,,2,0.0,0,linear
relu,1.249887228012085,-0.7696612874666849,0.047959405928850174,0.898245096206665,0.5310465494791666,fp32,0.13753255208333334,0.4689534505208333,0.0,0.0,2,0.4689534505208333,2000,linear
tanh,1.2764203548431396,-0.8476122816403707,-0.04651967932780584,0.6110508839289347,0.9153954386711121,fp32,0.239990234375,0.5707600911458334,0.0,,2,0.0,2000,linear
silu,1.2459841966629028,-0.5850052634874979,0.05065699418385824,0.7905237873395284,0.5270326336224874,fp32,0.2565104166666667,0.436279296875,0.0,,2,0.0,2000,linear
relu,1.2337100505828857,-0.7692238291104635,0.05742661406596502,0.8351159890492758,0.5457356770833334,fixed-e4m3,0.1600341796875,0.4542643229166667,9.348905344571297e-05,0.009521484375,2,0.4542643229166667,0,linear
tanh,1.2330199480056763,-0.8753281235694885,-0.052804683024684586,0.6138653556505839,0.9064940214157104,fixed-e4m3,0.239501953125,0.5650634765625,0.00011854409482718135,,2,0.0,0,linear
silu,1.116078495979309,-0.5687667032082876,0.055610244472821556,0.7460819681485494,0.5268526077270508,fixed-e4m3,0.2755126953125,0.4285481770833333,4.555872631802534e-05,,2,0.0,0,linear
relu,1.2399232387542725,-0.748534103234609,0.04866447734336058,0.8732622464497884,0.5305582682291666,fixed-e4m3,0.1507568359375,0.4694417317708333,9.55235833923022e-05,0.007975260416666666,2,0.4694417317708333,2000,linear
tanh,1.2496904134750366,-0.8162957628568014,-0.045741649344563484,0.5829266905784607,0.9201860427856445,fixed-e4m3,0.25390625,0.5727132161458334,0.00012037643076231082,,2,0.0,2000,linear
silu,1.182399034500122,-0.5683368245760599,0.046694315969944,0.7677551110585531,0.524665633837382,fixed-e4m3,0.2946370442708333,0.4377034505208333,4.691819291717062e-05,,2,0.0,2000,linear
relu,1.2222678661346436,-0.772013247013092,0.055870842188596725,0.8367884556452433,0.5448404947916666,fixed-e5m2,0.1634521484375,0.4551595052083333,0.00034110003616660833,0.019775390625,2,0.4551595052083333,0,linear
tanh,1.265047311782837,-0.9000774820645651,-0.048803865909576416,0.6185701092084249,0.9057033260663351,fixed-e5m2,0.2386474609375,0.5616048177083334,0.0004108292778255418,,2,0.0,0,linear
silu,1.0000734329223633,-0.5749079783757528,0.054590304692586265,0.7450939218203226,0.5265792409578959,fixed-e5m2,0.2637532552083333,0.4242757161458333,0.00022696301311952993,,2,0.0,0,linear
relu,1.2131766080856323,-0.7422374884287516,0.03017602985103925,0.8576742013295492,0.5216878255208334,fixed-e5m2,0.16548665364583334,0.4783121744791667,0.0003498051567779233,0.019287109375,2,0.4783121744791667,2000,linear
tanh,1.2300302982330322,-0.7959172328313192,-0.036163496474424996,0.5789463321367899,0.9254364967346191,fixed-e5m2,0.2848714192708333,0.5600992838541666,0.0005160668321574727,,2,0.0,2000,linear
silu,1.1443473100662231,-0.5811339418093363,0.0364121583600839,0.7322029868761698,0.5206396381060282,fixed-e5m2,0.291015625,0.4476318359375,0.00014790420633895943,,2,0.0,2000,linear
relu,1.2337100505828857,-0.7692238291104635,0.05742661406596502,0.8351159890492758,0.5457356770833334,fixed-hybrid,0.1600341796875,0.4542643229166667,9.348905344571297e-05,0.009521484375,2,0.4542643229166667,0,linear
tanh,1.2330199480056763,-0.8753281235694885,-0.052804683024684586,0.6138653556505839,0.9064940214157104,fixed-hybrid,0.239501953125,0.5650634765625,0.00011854409482718135,,2,0.0,0,linear
silu,1.116078495979309,-0.5687667032082876,0.055610244472821556,0.7460819681485494,0.5268526077270508,fixed-hybrid,0.2755126953125,0.4285481770833333,4.555872631802534e-05,,2,0.0,0,linear
relu,1.2484157085418701,-0.7619482676188151,0.050042626137534775,0.8758294582366943,0.5310465494791666,fixed-hybrid,0.14021809895833334,0.4689534505208333,7.315370263919856e-05,0.005411783854166667,2,0.4689534505208333,2000,linear
tanh,1.2622406482696533,-0.8159374396006266,-0.0442009208103021,0.5925623575846354,0.9191779096921285,fixed-hybrid,0.24918619791666666,0.5690511067708334,0.00012362008904650187,,2,0.0,2000,linear
silu,1.2142539024353027,-0.5665542980035146,0.04736013834675153,0.7679428855578104,0.524872899055481,fixed-hybrid,0.2820231119791667,0.4405924479166667,3.966422506588666e-05,,2,0.0,2000,linear
relu,1.2403887510299683,-0.7624790469805399,0.05779813230037689,0.8316179712613424,0.5469156901041666,calibrated,0.1619873046875,0.4530843098958333,2.5967097826651298e-05,0.0035400390625,2,0.4530843098958333,0,linear
tanh,1.2426788806915283,-0.8821476697921753,-0.052733104676008224,0.6192540923754374,0.9057517846425375,calibrated,0.23465983072916666,0.5633951822916666,3.015709444298409e-05,,2,0.0,0,linear
silu,1.0743321180343628,-0.5852206448713938,0.055318355560302734,0.7461713155110677,0.5254949927330017,calibrated,0.2729085286458333,0.4289143880208333,1.3070264079336388e-05,,2,0.0,0,linear
relu,1.2521992921829224,-0.7627768317858378,0.04411553964018822,0.8825064500172933,0.5297037760416666,calibrated,0.14595540364583334,0.4702962239583333,2.26857573579764e-05,0.0031331380208333335,2,0.4702962239583333,2000,linear
tanh,1.282373309135437,-0.8371347188949585,-0.0451677410552899,0.6102511684099833,0.9174573222796122,calibrated,0.24947102864583334,0.5762532552083334,3.224569263693411e-05,,2,0.0,2000,linear
silu,1.2310649156570435,-0.5764570434888204,0.04996062318483988,0.7838601668675741,0.5259952942530314,calibrated,0.2693277994791667,0.4434814453125,1.1873670700879302e-05,,2,0.0,2000,linear
relu,1.2403887510299683,-0.7624790469805399,0.05779813230037689,0.8316179712613424,0.5469156901041666,adaptive,0.1619873046875,0.4530843098958333,2.5967097826651298e-05,0.0035400390625,2,0.4530843098958333,0,linear
tanh,1.2426788806915283,-0.8821476697921753,-0.052733104676008224,0.6192540923754374,0.9057517846425375,adaptive,0.23465983072916666,0.5633951822916666,3.015709444298409e-05,,2,0.0,0,linear
silu,1.0743321180343628,-0.5852206448713938,0.055318355560302734,0.7461713155110677,0.5254949927330017,adaptive,0.2729085286458333,0.4289143880208333,1.3070264079336388e-05,,2,0.0,0,linear
relu,1.2521992921829224,-0.7627768317858378,0.04411553964018822,0.8825064500172933,0.5297037760416666,adaptive,0.14595540364583334,0.4702962239583333,2.26857573579764e-05,0.0031331380208333335,2,0.4702962239583333,2000,linear
tanh,1.282373309135437,-0.8371347188949585,-0.0451677410552899,0.6102511684099833,0.9174573222796122,adaptive,0.24947102864583334,0.5762532552083334,3.224569263693411e-05,,2,0.0,2000,linear
silu,1.2310649156570435,-0.5764570434888204,0.04996062318483988,0.7838601668675741,0.5259952942530314,adaptive,0.2693277994791667,0.4434814453125,1.1873670700879302e-05,,2,0.0,2000,linear
relu,1.3010225296020508,-0.7543709178765615,-0.032878242433071136,0.7572036981582642,0.4742838541666667,fp32,0.18701171875,0.5257161458333334,0.0,0.0,2,0.5257161458333334,0,kink
tanh,1.1742291450500488,-0.7943638761838278,-0.051639510008196034,0.48919449249903363,0.9274686574935913,fp32,0.3166910807291667,0.5930582682291666,0.0,,2,0.0,0,kink
silu,1.0384842157363892,-0.5404196778933207,0.03790916005770365,0.676887571811676,0.5183049043019613,fp32,0.2548828125,0.4539388020833333,0.0,,2,0.0,0,kink
relu,1.4633865356445312,-0.8185930053393046,-0.018445129816730816,0.8661818703015646,0.4837239583333333,fp32,0.15372721354166666,0.5162760416666666,0.0,0.0,2,0.5162760416666666,2000,kink
tanh,1.3170223236083984,-0.8378777901331583,-0.050209887170543276,0.48358313242594403,0.9256557822227478,fp32,0.3210856119791667,0.6000569661458334,0.0,,2,0.0,2000,kink
silu,1.0245482921600342,-0.5401959816614786,0.04037374071776867,0.6844598650932312,0.5196712811787924,fp32,0.25732421875,0.4524739583333333,0.0,,2,0.0,2000,kink
relu,1.3050107955932617,-0.75950159629186,-0.030285298824310303,0.7573357025782267,0.4772135416666667,fixed-e4m3,0.18086751302083334,0.5227864583333334,6.298416701611131e-05,0.007893880208333334,2,0.5227864583333334,0,kink
tanh,1.1786481142044067,-0.7984293103218079,-0.05039915582165122,0.4915895164012909,0.9269747535387675,fixed-e4m3,0.3200276692708333,0.5939534505208334,0.00011663664675628145,,2,0.0,0,kink
silu,1.0409599542617798,-0.5486438075701395,0.04246741781632105,0.6700906157493591,0.5191897948582967,fixed-e4m3,0.254150390625,0.44970703125,4.190171542480433e-05,,2,0.0,0,kink
relu,1.5037667751312256,-0.841052254041036,-0.018197059631347656,0.8528387347857157,0.487060546875,fixed-e4m3,0.15010579427083334,0.512939453125,7.294956352173661e-05,0.00634765625,2,0.512939453125,2000,kink
tanh,1.325183391571045,-0.8308396140734354,-0.048984531623621784,0.4698437253634135,0.9298046231269836,fixed-e4m3,0.3288981119791667,0.5967610677083334,0.00012942816829308867,,2,0.0,2000,kink
silu,1.0194686651229858,-0.5451480448246002,0.04019188725699981,0.6665351589520773,0.5189266602198283,fixed-e4m3,0.2646891276041667,0.4532063802083333,3.882921009790152e-05,,2,0.0,2000,kink
relu,1.1927473545074463,-0.72612397869428,-0.03399455547332764,0.7653107643127441,0.4717203776041667,fixed-e5m2,0.17533365885416666,0.5282796223958334,0.00023968362074811012,0.0135498046875,2,0.5282796223958334,0,kink
tanh,1.2134273052215576,-0.7924826741218567,-0.05323047001729719,0.48452581961949664,0.929234246412913,fixed-e5m2,0.3058268229166667,0.5845133463541666,0.0004933382054635634,,2,0.0,0,kink
silu,1.0552959442138672,-0.5313244561354319,0.03219988259176413,0.691065768400828,0.519099215666453,fixed-e5m2,0.2726236979166667,0.4620768229166667,0.00015599521672508368,,2,0.0,0,kink
relu,1.5003184080123901,-0.8794109423955282,-0.029818070431550343,0.8897008697191874,0.478515625,fixed-e5m2,0.15083821614583334,0.521484375,0.00030367576497762155,0.011759440104166666,2,0.521484375,2000,kink
tanh,1.3418997526168823,-0.8022470474243164,-0.04087556399948274,0.4664331277211507,0.9330277641614279,fixed-e5m2,0.3380533854166667,0.5889485677083334,0.00044130672661898035,,2,0.0,2000,kink
silu,1.0039583444595337,-0.5302122334639231,0.03175546663502852,0.6513698498407999,0.5169268250465393,fixed-e5m2,0.2802327473958333,0.4580891927083333,0.00016276959407453737,,2,0.0,2000,kink
relu,1.3050107955932617,-0.75950159629186,-0.030285298824310303,0.7573357025782267,0.4772135416666667,fixed-hybrid,0.18086751302083334,0.5227864583333334,6.298416701611131e-05,0.007893880208333334,2,0.5227864583333334,0,kink
tanh,1.1786481142044067,-0.7984293103218079,-0.05039915582165122,0.4915895164012909,0.9269747535387675,fixed-hybrid,0.3200276692708333,0.5939534505208334,0.00011663664675628145,,2,0.0,0,kink
silu,1.0409599542617798,-0.5486438075701395,0.04246741781632105,0.6700906157493591,0.5191897948582967,fixed-hybrid,0.254150390625,0.44970703125,4.190171542480433e-05,,2,0.0,0,kink
relu,1.493629813194275,-0.8224431475003561,-0.017018817365169525,0.8559902906417847,0.487548828125,fixed-hybrid,0.14762369791666666,0.512451171875,6.688492673371609e-05,0.004923502604166667,2,0.512451171875,2000,kink
tanh,1.3236547708511353,-0.8337682286898295,-0.04972686960051457,0.47893502314885456,0.9275719324747721,fixed-hybrid,0.3284912109375,0.6002197265625,0.00014234668439409384,,2,0.0,2000,kink
silu,0.9907106161117554,-0.5450606644153595,0.041946484396855034,0.670269250869751,0.519463300704956,fixed-hybrid,0.2587076822916667,0.4521077473958333,3.3758611001151927e-05,,2,0.0,2000,kink
relu,1.2903223037719727,-0.7468299269676208,-0.031602852046489716,0.7579516768455505,0.4734293619791667,calibrated,0.18941243489583334,0.5265706380208334,1.4234459437526917e-05,0.003946940104166667,2,0.5265706380208334,0,kink
tanh,1.1770614385604858,-0.7913070321083069,-0.05188308656215668,0.4891519943873088,0.9275181293487549,calibrated,0.3181559244791667,0.5924072265625,2.829722203993394e-05,,2,0.0,0,kink
silu,1.0420855283737183,-0.5385838051637014,0.03603387872378031,0.674138347307841,0.5177382230758667,calibrated,0.2530924479166667,0.4564208984375,1.1369703922052091e-05,,2,0.0,0,kink
relu,1.4919830560684204,-0.8189692497253418,-0.022721051548918087,0.868188222249349,0.4789632161458333,calibrated,0.1566162109375,0.5210367838541666,1.9064723649838317e-05,0.0020345052083333335,2,0.5210367838541666,2000,kink
tanh,1.2991068363189697,-0.8296648462613424,-0.048202235251665115,0.485209842522939,0.9264506697654724,calibrated,0.3264973958333333,0.5962727864583334,2.7842851826183807e-05,,2,0.0,2000,kink
silu,1.010477066040039,-0.5290849407513937,0.03806500323116779,0.683063824971517,0.5192065437634786,calibrated,0.2598470052083333,0.4508463541666667,9.277075302331165e-06,,2,0.0,2000,kink
relu,1.2903223037719727,-0.7468299269676208,-0.031602852046489716,0.7579516768455505,0.4734293619791667,adaptive,0.18941243489583334,0.5265706380208334,1.4234459437526917e-05,0.003946940104166667,2,0.5265706380208334,0,kink
tanh,1.1770614385604858,-0.7913070321083069,-0.05188308656215668,0.4891519943873088,0.9275181293487549,adaptive,0.3181559244791667,0.5924072265625,2.829722203993394e-05,,2,0.0,0,kink
silu,1.0420855283737183,-0.5385838051637014,0.03603387872378031,0.674138347307841,0.5177382230758667,adaptive,0.2530924479166667,0.4564208984375,1.1369703922052091e-05,,2,0.0,0,kink
relu,1.4919830560684204,-0.8189692497253418,-0.022721051548918087,0.868188222249349,0.4789632161458333,adaptive,0.1566162109375,0.5210367838541666,1.9064723649838317e-05,0.0020345052083333335,2,0.5210367838541666,2000,kink
tanh,1.2991068363189697,-0.8296648462613424,-0.048202235251665115,0.485209842522939,0.9264506697654724,adaptive,0.3264973958333333,0.5962727864583334,2.7842851826183807e-05,,2,0.0,2000,kink
silu,1.010477066040039,-0.5290849407513937,0.03806500323116779,0.683063824971517,0.5192065437634786,adaptive,0.2598470052083333,0.4508463541666667,9.277075302331165e-06,,2,0.0,2000,kink
relu,1.2736961841583252,-0.7469871044158936,0.002399735152721405,0.8967801729838053,0.5091145833333334,fp32,0.162109375,0.4908854166666667,0.0,0.0,2,0.4908854166666667,0,plateau
tanh,1.4050958156585693,-0.909066915512085,-0.05496704396015654,0.6919261614481608,0.8986328840255737,fp32,0.24381510416666666,0.5585123697916666,0.0,,2,0.0,0,plateau
silu,1.1625155210494995,-0.6056645512580872,0.05671336439748605,0.7658843596776327,0.5292028784751892,fp32,0.2637125651041667,0.4239095052083333,0.0,,2,0.0,0,plateau
relu,5.82111120223999,-1.6181068420410156,-0.034539178013801575,2.1224294106165567,0.4932047526041667,fp32,0.09749348958333333,0.5067952473958334,0.0,0.0,2,0.5067952473958334,2000,plateau
tanh,6.328701019287109,-1.7427453796068828,-0.04171446027855078,2.033997734387716,0.8012494444847107,fp32,0.18400065104166666,0.531005859375,0.0,,2,0.010538736979166666,2000,plateau
silu,2.208226442337036,-1.09199391802152,0.061468325555324554,0.9373900095621744,0.528684655825297,fp32,0.23164876302083334,0.4240315755208333,0.0,,2,0.0021158854166666665,2000,plateau
relu,1.262226939201355,-0.741374135017395,0.0016881277163823445,0.8878206014633179,0.5088297526041666,fixed-e4m3,0.16524251302083334,0.4911702473958333,9.378315007779747e-05,0.006062825520833333,2,0.4911702473958333,0,plateau
tanh,1.3694756031036377,-0.9094363848368326,-0.05414034170098603,0.6810645858446757,0.899315337340037,fixed-e4m3,0.24833170572916666,0.55517578125,0.00011002313355371977,,2,0.0,0,plateau
silu,1.1661341190338135,-0.5969504515329996,0.057126691875358425,0.7609953880310059,0.5300564964612325,fixed-e4m3,0.2725830078125,0.4246012369791667,4.2451848761023335e-05,,2,0.0,0,plateau
relu,4.8739776611328125,-1.5790563424428303,-0.023634254932403564,2.15658171971639,0.4969482421875,fixed-e4m3,0.11258951822916667,0.5030517578125,0.00015037417324492708,0.0057373046875,2,0.5030517578125,2000,plateau
tanh,6.554011821746826,-1.6084599892298381,-0.03900964076941212,1.9359343647956848,0.8155569434165955,fixed-e4m3,0.20682779947916666,0.5362141927083334,0.00016407681202205518,,2,0.007853190104166666,2000,plateau
silu,2.8083977699279785,-1.1696365475654602,0.05885282655556997,0.8522824048995972,0.5198952158292135,fixed-e4m3,0.22334798177083334,0.4333089192708333,7.53912354412023e-05,,2,0.0009358723958333334,2000,plateau
relu,1.2563111782073975,-0.7457103033860525,0.00026465455691019696,0.8834365010261536,0.510986328125,fixed-e5m2,0.1590576171875,0.489013671875,0.00034822621576798457,0.016764322916666668,2,0.489013671875,0,plateau
tanh,1.3118325471878052,-0.9153083165486654,-0.04909099133995672,0.6863179008165995,0.8998208244641622,fixed-e5m2,0.24251302083333334,0.5561930338541666,0.0005165499751456082,,2,0.0,0,plateau
silu,1.1629520654678345,-0.6022525231043497,0.05497743251423041,0.7617917656898499,0.5284855167071024,fixed-e5m2,0.2561442057291667,0.4235026041666667,0.0001615478759049438,,2,0.0,0,plateau
relu,5.352725028991699,-1.5206252932548523,-0.0101912592848142,2.015594740708669,0.4885660807291667,fixed-e5m2,0.12284342447916667,0.5114339192708334,0.0005177615093998611,0.011311848958333334,2,0.5114339192708334,2000,plateau
tanh,6.394813060760498,-1.7306230664253235,-0.036132443230599165,2.0224464933077493,0.8184501131375631,fixed-e5m2,0.20418294270833334,0.53125,0.0004889508418273181,,2,0.010457356770833334,2000,plateau
silu,2.3517069816589355,-1.0660362541675568,0.03725289801756541,0.8455648819605509,0.5170766711235046,fixed-e5m2,0.2548014322916667,0.4507242838541667,0.00023217313476682952,,2,0.0015055338541666667,2000,plateau
relu,1.262226939201355,-0.741374135017395,0.0016881277163823445,0.8878206014633179,0.5088297526041666,fixed-hybrid,0.16524251302083334,0.4911702473958333,9.378315007779747e-05,0.006062825520833333,2,0.4911702473958333,0,plateau
tanh,1.3694756031036377,-0.9094363848368326,-0.05414034170098603,0.6810645858446757,0.899315337340037,fixed-hybrid,0.24833170572916666,0.55517578125,0.00011002313355371977,,2,0.0,0,plateau
silu,1.1661341190338135,-0.5969504515329996,0.057126691875358425,0.7609953880310059,0.5300564964612325,fixed-hybrid,0.2725830078125,0.4246012369791667,4.2451848761023335e-05,,2,0.0,0,plateau
relu,4.9543046951293945,-1.595228652159373,-0.024125441908836365,2.1829845905303955,0.4996744791666667,fixed-hybrid,0.10526529947916667,0.5003255208333334,0.00014994832357236496,0.005411783854166667,2,0.5003255208333334,2000,plateau
tanh,6.638314723968506,-1.6394113500912983,-0.0451195373510321,1.9483237465222676,0.8102505803108215,fixed-hybrid,0.2060546875,0.5383707682291666,0.00015106474165804684,,2,0.008260091145833334,2000,plateau
silu,2.795896530151367,-1.1827993988990784,0.06338007499774297,0.8755698005358378,0.5235031048456827,fixed-hybrid,0.221435546875,0.4294026692708333,7.871323881166366e-05,,2,0.0005696614583333334,2000,plateau
relu,1.276698112487793,-0.7495325009028116,0.0035132914781570435,0.8906675179799398,0.5103759765625,calibrated,0.16357421875,0.4896240234375,2.3603323522062663e-05,0.0036214192708333335,2,0.4896240234375,0,plateau
tanh,1.4110631942749023,-0.9113334616025289,-0.05438426212640479,0.6934840083122253,0.8984864552815756,calibrated,0.24324544270833334,0.55712890625,3.0509475133537006e-05,,2,0.0,0,plateau
silu,1.1584277153015137,-0.6048659880956014,0.05731933284550905,0.7655895551045736,0.5288444956143697,calibrated,0.265869140625,0.4238688151041667,8.665010379142283e-06,,2,0.0,0,plateau
relu,5.810839653015137,-1.614340603351593,-0.031830668449401855,2.1016411781311035,0.4892985026041667,calibrated,0.10274251302083333,0.5107014973958334,3.612253749452066e-05,0.0028076171875,2,0.5107014973958334,2000,plateau
tanh,6.450926303863525,-1.7375183304150899,-0.03622480994090438,2.045814553896586,0.8107372323671976,calibrated,0.19482421875,0.5298258463541666,3.98545610854247e-05,,2,0.010538736979166666,2000,plateau
silu,2.162414789199829,-1.043548971414566,0.05418542648355166,0.841762642065684,0.5223182439804077,calibrated,0.24320475260416666,0.4322509765625,2.3339869585470296e-05,,2,0.0018310546875,2000,plateau
relu,1.276698112487793,-0.7495325009028116,0.0035132914781570435,0.8906675179799398,0.5103759765625,adaptive,0.16357421875,0.4896240234375,2.3603323522062663e-05,0.0036214192708333335,2,0.4896240234375,0,plateau
tanh,1.4110631942749023,-0.9113334616025289,-0.05438426212640479,0.6934840083122253,0.8984864552815756,adaptive,0.24324544270833334,0.55712890625,3.0509475133537006e-05,,2,0.0,0,plateau
silu,1.1584277153015137,-0.6048659880956014,0.05731933284550905,0.7655895551045736,0.5288444956143697,adaptive,0.265869140625,0.4238688151041667,8.665010379142283e-06,,2,0.0,0,plateau
relu,5.757787227630615,-1.6045978665351868,-0.03337915241718292,2.0837597052256265,0.4892171223958333,adaptive,0.10506184895833333,0.5107828776041666,3.2932308082915064e-05,0.0026448567708333335,2,0.5107828776041666,2000,plateau
tanh,6.4326887130737305,-1.738107144832611,-0.03757611863935987,2.0379503766695657,0.8099318146705627,adaptive,0.1951904296875,0.5307210286458334,3.442710415887026e-05,,2,0.010498046875,2000,plateau
silu,2.183241128921509,-1.0490431189537048,0.05018167942762375,0.8403414289156595,0.5213878949483236,adaptive,0.24483235677083334,0.4363199869791667,2.3640590673797608e-05,,2,0.0018310546875,2000,plateau
relu,1.100538730621338,-0.7102103133996328,0.03864757468303045,0.6509515444437662,0.5365397135416666,fp32,0.204345703125,0.4634602864583333,0.0,0.0,2,0.4634602864583333,0,detail
tanh,1.2209619283676147,-0.7939159671465555,-0.031215957055489223,0.5347389280796051,0.9262539943059286,fp32,0.2978515625,0.5546875,0.0,,2,0.0,0,detail
silu,1.1380020380020142,-0.5674831867218018,0.019547022879123688,0.7193283240000407,0.5117955605189005,fp32,0.2959391276041667,0.4667561848958333,0.0,,2,0.0,0,detail
relu,5.198919296264648,-2.941388964653015,-0.02147376040617625,2.228236277898153,0.5345052083333334,fp32,0.09228515625,0.4654947916666667,0.0,0.0,2,0.4654947916666667,2000,detail
tanh,2.442701816558838,-1.115593413511912,0.007031469295422236,1.100638250509898,0.8672560652097067,fp32,0.20597330729166666,0.5069986979166666,0.0,,2,0.0,2000,detail
silu,2.7512240409851074,-1.638575593630473,0.02343496618171533,1.466622491677602,0.5157053669293722,fp32,0.21284993489583334,0.4670817057291667,0.0,,2,0.005208333333333333,2000,detail
relu,1.1075865030288696,-0.7181555330753326,0.038944470385710396,0.6547067562739054,0.5330403645833334,fixed-e4m3,0.19917805989583334,0.4669596354166667,0.0001116558948221306,0.01171875,2,0.4669596354166667,0,detail
tanh,1.2236522436141968,-0.7927176753679911,-0.03157658874988556,0.5392462313175201,0.9258041183153788,fixed-e4m3,0.2921549479166667,0.5567626953125,0.00011847373146641378,,2,0.0,0,detail
silu,1.1330314874649048,-0.5719983875751495,0.017584300289551418,0.7179586887359619,0.5115262468655905,fixed-e4m3,0.2991536458333333,0.4711100260416667,2.8609194487216882e-05,,2,0.0,0,detail
relu,6.077226638793945,-3.384860078493754,-0.010383476813634237,2.1575047175089517,0.5232747395833334,fixed-e4m3,0.0938720703125,0.4767252604166667,0.0005631579236554293,0.007364908854166667,2,0.4767252604166667,2000,detail
tanh,2.5686779022216797,-1.4119373957316081,-0.009139148828883966,1.1513559023539226,0.843798836072286,fixed-e4m3,0.19270833333333334,0.5142415364583334,0.0002047986393639197,,2,0.0,2000,detail
silu,3.1475727558135986,-1.8314494689305623,-0.004364232222239177,1.435784637928009,0.48824481169382733,fixed-e4m3,0.17451985677083334,0.4911295572916667,0.00025326900261764723,,2,0.01171875,2000,detail
relu,1.0998221635818481,-0.6996515989303589,0.04167896012465159,0.6482860346635183,0.5397135416666666,fixed-e5m2,0.20572916666666666,0.4602864583333333,0.00023628732014913112,0.017985026041666668,2,0.4602864583333333,0,detail
tanh,1.1955256462097168,-0.7871508797009786,-0.030239333709081013,0.5344336032867432,0.9266882141431173,fixed-e5m2,0.2832438151041667,0.5489908854166666,0.00042830232026365894,,2,0.0,0,detail
silu,1.1703357696533203,-0.556941032409668,0.013788962891946236,0.7126160462697347,0.5109491546948751,fixed-e5m2,0.3028564453125,0.4805501302083333,0.0001567463477840647,,2,0.0,0,detail
relu,5.709323406219482,-3.160035729408264,0.00619739294052124,2.200607101122538,0.54052734375,fixed-e5m2,0.08768717447916667,0.45947265625,0.0010175928085421522,0.0103759765625,2,0.45947265625,2000,detail
tanh,2.7338008880615234,-1.2308536966641743,-0.014206028853853544,1.042654037475586,0.873529056708018,fixed-e5m2,0.23291015625,0.5220947265625,0.0005887461690387378,,2,0.0,2000,detail
silu,2.529017448425293,-1.5063474973042805,0.0026263299708565078,1.483051021893819,0.5064853628476461,fixed-e5m2,0.22102864583333334,0.4894612630208333,0.0004354398309563597,,2,0.0068359375,2000,detail
relu,1.1075865030288696,-0.7181555330753326,0.038944470385710396,0.6547067562739054,0.5330403645833334,fixed-hybrid,0.19917805989583334,0.4669596354166667,0.0001116558948221306,0.01171875,2,0.4669596354166667,0,detail
tanh,1.2236522436141968,-0.7927176753679911,-0.03157658874988556,0.5392462313175201,0.9258041183153788,fixed-hybrid,0.2921549479166667,0.5567626953125,0.00011847373146641378,,2,0.0,0,detail
silu,1.1330314874649048,-0.5719983875751495,0.017584300289551418,0.7179586887359619,0.5115262468655905,fixed-hybrid,0.2991536458333333,0.4711100260416667,2.8609194487216882e-05,,2,0.0,0,detail
relu,6.218923091888428,-3.3370330731074014,-0.008543113867441813,2.2029120127360025,0.5332845052083334,fixed-hybrid,0.083251953125,0.4667154947916667,0.00040132196348470944,0.0064697265625,2,0.4667154947916667,2000,detail
tanh,2.647264003753662,-1.4310426314671834,-0.0104241364945968,1.2038666208585103,0.8370165626207987,fixed-hybrid,0.19730631510416666,0.5173746744791666,0.00021638876933138818,,2,0.0,2000,detail
silu,3.1588971614837646,-1.8706600666046143,0.01925879220167796,1.4883592526117961,0.4926261107126872,fixed-hybrid,0.16642252604166666,0.4711507161458333,0.00010422632112749852,,2,0.009358723958333334,2000,detail
relu,1.0957003831863403,-0.7102811833222707,0.03868439048528671,0.6524801452954611,0.5364583333333334,calibrated,0.20271809895833334,0.4635416666666667,1.759314121348628e-05,0.003173828125,2,0.4635416666666667,0,detail
tanh,1.225258469581604,-0.7935106952985128,-0.03216031193733215,0.5342125197251638,0.9263290564219157,calibrated,0.2961018880208333,0.5538736979166666,3.046602675264391e-05,,2,0.0,0,detail
silu,1.1298283338546753,-0.5644038518269857,0.018793343876798946,0.7179515759150187,0.511503279209137,calibrated,0.2947184244791667,0.47021484375,8.177905025756141e-06,,2,0.0,0,detail
relu,5.74733829498291,-3.1553120215733848,-0.014850795269012451,2.3191065390904746,0.5380452473958334,calibrated,0.08329264322916667,0.4619547526041667,5.792735222106179e-05,0.002197265625,2,0.4619547526041667,2000,detail
tanh,2.506284236907959,-1.1859723528226216,0.008315841356913248,1.0509418646494548,0.861722985903422,calibrated,0.20149739583333334,0.5011800130208334,4.491221989155747e-05,,2,0.0,2000,detail
silu,2.8166613578796387,-1.6919050415356953,0.01683105280001958,1.4720569650332134,0.5064869125684103,calibrated,0.19978841145833334,0.4747721354166667,3.2831007653536894e-05,,2,0.006184895833333333,2000,detail
relu,1.0957003831863403,-0.7102811833222707,0.03868439048528671,0.6524801452954611,0.5364583333333334,adaptive,0.20271809895833334,0.4635416666666667,1.759314121348628e-05,0.003173828125,2,0.4635416666666667,0,detail
tanh,1.225258469581604,-0.7935106952985128,-0.03216031193733215,0.5342125197251638,0.9263290564219157,adaptive,0.2961018880208333,0.5538736979166666,3.046602675264391e-05,,2,0.0,0,detail
silu,1.1298283338546753,-0.5644038518269857,0.018793343876798946,0.7179515759150187,0.511503279209137,adaptive,0.2947184244791667,0.47021484375,8.177905025756141e-06,,2,0.0,0,detail
relu,5.796116352081299,-3.1635915438334146,-0.0172844131787618,2.2918490171432495,0.5373128255208334,adaptive,0.08748372395833333,0.4626871744791667,5.926173798798118e-05,0.0030924479166666665,2,0.4626871744791667,2000,detail
tanh,2.4640536308288574,-1.1685803929964702,0.008311938494443893,1.0384360353151958,0.8628656466801962,adaptive,0.20402018229166666,0.5055338541666666,5.039328971179202e-05,,2,0.0,2000,detail
silu,2.8278658390045166,-1.6871280272801716,0.013387571399410566,1.4275522828102112,0.5059782663981119,adaptive,0.20682779947916666,0.4784342447916667,3.750785860271814e-05,,2,0.005777994791666667,2000,detail
relu,1.0242685079574585,-0.7021042505900065,0.010631166398525238,0.6984065572420756,0.4905192057291667,fp32,0.2342529296875,0.5094807942708334,0.0,0.0,2,0.5094807942708334,0,bump
tanh,1.106420636177063,-0.8133745988210043,-0.04036182351410389,0.5103647907574972,0.9252421855926514,fp32,0.2970784505208333,0.5712483723958334,0.0,,2,0.0,0,bump
silu,0.9629309773445129,-0.5565954744815826,0.03205177187919617,0.650317778189977,0.5141914288202921,fp32,0.3091227213541667,0.4524332682291667,0.0,,2,0.0,0,bump
relu,9.319358825683594,-3.58619753519694,-0.2643401324748993,2.321967681248983,0.4338785807291667,fp32,0.11124674479166667,0.5661214192708334,0.0,0.0,2,0.5661214192708334,2000,bump
tanh,2.76082444190979,-1.5301177501678467,-0.04970636467138926,1.2546618580818176,0.8360780874888102,fp32,0.2566324869791667,0.5732828776041666,0.0,,2,0.0,2000,bump
silu,2.1352291107177734,-1.088002602259318,0.017936105801103015,1.013733685016632,0.5062299370765686,fp32,0.3626302083333333,0.4632161458333333,0.0,,2,0.0023193359375,2000,bump
relu,1.0351332426071167,-0.6995134154955546,0.01451718807220459,0.6948506037394205,0.4966227213541667,fixed-e4m3,0.23311360677083334,0.5033772786458334,5.6726616094238125e-05,0.010009765625,2,0.5033772786458334,0,bump
tanh,1.117628574371338,-0.8216092983881632,-0.03754435603817304,0.5162745217482249,0.9245222608248392,fixed-e4m3,0.2963460286458333,0.5724283854166666,0.00013513770196974897,,2,0.0,0,bump
silu,0.9961327314376831,-0.558363527059555,0.03372245281934738,0.6565774281819662,0.5149561762809753,fixed-e4m3,0.3075764973958333,0.4492594401041667,4.5648774782118075e-05,,2,0.0,0,bump
relu,7.579563617706299,-3.434239665667216,-0.1775740534067154,1.7096080780029297,0.4141438802083333,fixed-e4m3,0.11417643229166667,0.5858561197916666,8.539689467094529e-05,0.004475911458333333,2,0.5858561197916666,2000,bump
tanh,2.1858458518981934,-1.2485958735148113,-0.014730174715320269,0.8615373571713766,0.8835092584292094,fixed-e4m3,0.321044921875,0.5561116536458334,0.0001939640787895769,,2,0.0,2000,bump
silu,1.538489818572998,-0.883733868598938,0.02867969498038292,0.8493947982788086,0.5099752942721049,fixed-e4m3,0.3929443359375,0.4370930989583333,7.10742169758305e-05,,2,0.0006917317708333334,2000,bump
relu,1.026607632637024,-0.6825111508369446,0.00704268862803777,0.7001846631368002,0.4890950520833333,fixed-e5m2,0.22509765625,0.5109049479166666,0.00023359883925877512,0.016398111979166668,2,0.5109049479166666,0,bump
tanh,1.1068556308746338,-0.8145108024279276,-0.04106904504199823,0.5118309756120046,0.9265063007672628,fixed-e5m2,0.2981770833333333,0.5703531901041666,0.0004457362520042807,,2,0.0,0,bump
silu,0.9571759700775146,-0.5344941020011902,0.028188112502296764,0.6487894256909689,0.5138309399286906,fixed-e5m2,0.3100179036458333,0.4632568359375,0.00016111612058011815,,2,0.0,0,bump
relu,7.178297519683838,-3.392402410507202,-0.12273383140563965,1.9493420918782551,0.4154866536458333,fixed-e5m2,0.10371907552083333,0.5845133463541666,0.0006804117486656954,0.012736002604166666,2,0.5845133463541666,2000,bump
tanh,2.5276875495910645,-1.0169729590415955,-0.031097509898245335,1.1865935623645782,0.8957983056704203,fixed-e5m2,0.3251546223958333,0.5645345052083334,0.0004874969890806824,,2,0.0,2000,bump
silu,1.8173863887786865,-0.8605251312255859,-0.010968840681016445,0.7856459220250448,0.4967445333798726,fixed-e5m2,0.3947347005208333,0.5249430338541666,0.0002519158539750303,,2,0.0020751953125,2000,bump
relu,1.0351332426071167,-0.6995134154955546,0.01451718807220459,0.6948506037394205,0.4966227213541667,fixed-hybrid,0.23311360677083334,0.5033772786458334,5.6726616094238125e-05,0.010009765625,2,0.5033772786458334,0,bump
tanh,1.117628574371338,-0.8216092983881632,-0.03754435603817304,0.5162745217482249,0.9245222608248392,fixed-hybrid,0.2963460286458333,0.5724283854166666,0.00013513770196974897,,2,0.0,0,bump
silu,0.9961327314376831,-0.558363527059555,0.03372245281934738,0.6565774281819662,0.5149561762809753,fixed-hybrid,0.3075764973958333,0.4492594401041667,4.5648774782118075e-05,,2,0.0,0,bump
relu,7.529699325561523,-3.4590426286061606,-0.1844806739439567,1.7395775318145752,0.4100341796875,fixed-hybrid,0.12679036458333334,0.5899658203125,8.715651953631702e-05,0.004679361979166667,2,0.5899658203125,2000,bump
tanh,2.0561554431915283,-1.149590750535329,-0.005808827622483174,0.8917421698570251,0.8884318669637045,fixed-hybrid,0.3263346354166667,0.541748046875,0.00019720143851979324,,2,0.0,2000,bump
silu,1.3815741539001465,-0.9048733115196228,0.02829936519265175,0.8080295523007711,0.5086318949858347,fixed-hybrid,0.3606770833333333,0.4457600911458333,6.625591595366132e-05,,2,0.0008138020833333334,2000,bump
relu,1.0123634338378906,-0.6996253530184428,0.00926537811756134,0.696306069691976,0.4906819661458333,calibrated,0.23177083333333334,0.5093180338541666,1.8156473743147217e-05,0.0048828125,2,0.5093180338541666,0,bump
tanh,1.1054567098617554,-0.8099551399548849,-0.04004351111749808,0.5103952785332998,0.9254347483317057,calibrated,0.2975260416666667,0.5723470052083334,3.4815090354337976e-05,,2,0.0,0,bump
silu,0.9635255336761475,-0.5546530683835348,0.03300323523581028,0.645377536614736,0.5141806403795878,calibrated,0.3091634114583333,0.4505615234375,1.2694425398270445e-05,,2,0.0,0,bump
relu,8.02245044708252,-3.2467002073923745,-0.2437997112671534,2.000248591105143,0.4167073567708333,calibrated,0.12198893229166667,0.5832926432291666,4.204956591517354e-05,0.0032552083333333335,2,0.5832926432291666,2000,bump
tanh,2.20242977142334,-1.2681301434834797,-0.03717637558778127,1.2496280272801716,0.8603333830833435,calibrated,0.2952880859375,0.565185546875,4.606763650372159e-05,,2,0.0,2000,bump
silu,1.96872079372406,-0.9182835221290588,0.01661127481687193,0.8877236048380533,0.5007390081882477,calibrated,0.4232991536458333,0.4622802734375,1.9764030184887815e-05,,2,0.0023600260416666665,2000,bump
relu,1.0123634338378906,-0.6996253530184428,0.00926537811756134,0.696306069691976,0.4906819661458333,adaptive,0.23177083333333334,0.5093180338541666,1.8156473743147217e-05,0.0048828125,2,0.5093180338541666,0,bump
tanh,1.1054567098617554,-0.8099551399548849,-0.04004351111749808,0.5103952785332998,0.9254347483317057,adaptive,0.2975260416666667,0.5723470052083334,3.4815090354337976e-05,,2,0.0,0,bump
silu,0.9635255336761475,-0.5546530683835348,0.03300323523581028,0.645377536614736,0.5141806403795878,adaptive,0.3091634114583333,0.4505615234375,1.2694425398270445e-05,,2,0.0,0,bump
relu,8.618975639343262,-3.292107343673706,-0.21710326274236044,2.119211475054423,0.417724609375,adaptive,0.1146240234375,0.582275390625,2.9912990915666644e-05,0.0019938151041666665,2,0.582275390625,2000,bump
tanh,2.3685643672943115,-1.3584880232810974,-0.03878434623281161,1.1829365193843842,0.8595376412073771,adaptive,0.3036702473958333,0.5779215494791666,4.260173166888611e-05,,2,0.0,2000,bump
silu,1.9696650505065918,-0.928350567817688,0.021668728906661272,0.9110981225967407,0.5031535724798838,adaptive,0.4013264973958333,0.4490966796875,1.904432883748086e-05,,2,0.0022786458333333335,2000,bump
relu,1.2031644582748413,-0.7268604735533396,0.008344806730747223,0.7743772069613138,0.504638671875,fp32,0.18855794270833334,0.495361328125,0.0,0.0,2,0.495361328125,0,composition
tanh,1.1207294464111328,-0.8299233118693033,-0.049119905258218445,0.564914345741272,0.9171748757362366,fp32,0.2552083333333333,0.5695393880208334,0.0,,2,0.0,0,composition
silu,1.0086743831634521,-0.5661488076051077,0.03274104682107767,0.7033453186353048,0.5150342186292013,fp32,0.3034261067708333,0.4577229817708333,0.0,,2,0.0,0,composition
relu,8.770623207092285,-4.168475151062012,0.007178639372189839,3.0474038124084473,0.4761555989583333,fp32,0.057413736979166664,0.5238444010416666,0.0,0.0,2,0.5238444010416666,2000,composition
tanh,8.139161109924316,-3.7608178853988647,-0.11964479088783264,3.3969982067743936,0.7112830678621928,fp32,0.12178548177083333,0.5739339192708334,0.0,,2,0.033935546875,2000,composition
silu,5.652686595916748,-2.94937793413798,0.048325647910436,1.4333300391832988,0.5126659770806631,fp32,0.14481608072916666,0.4488932291666667,0.0,,2,0.0072021484375,2000,composition
relu,1.23548424243927,-0.7364830275376638,0.009199035664399466,0.7722552617390951,0.5056559244791666,fixed-e4m3,0.188720703125,0.4943440755208333,6.96816520454983e-05,0.008097330729166666,2,0.4943440755208333,0,composition
tanh,1.114067554473877,-0.8263128399848938,-0.04788903581599394,0.5576757490634918,0.9186251560846964,fixed-e4m3,0.2603352864583333,0.5670166015625,0.0001119878967680658,,2,0.0,0,composition
silu,1.017379879951477,-0.5640618999799093,0.032700298354029655,0.6948416729768118,0.5153640707333883,fixed-e4m3,0.3092447916666667,0.4549560546875,3.665659338973152e-05,,2,0.0,0,composition
relu,7.449276924133301,-4.187917431195577,-0.0015709400177001953,3.0794171492258706,0.4795735677083333,fixed-e4m3,0.057698567708333336,0.5204264322916666,0.00021598538296530023,0.00390625,2,0.5204264322916666,2000,composition
tanh,7.670339584350586,-3.2391467491785684,-0.06767975290616353,3.2974385817845664,0.7683823108673096,fixed-e4m3,0.18721516927083334,0.5599365234375,0.0002428427081516323,,2,0.0313720703125,2000,composition
silu,4.6649298667907715,-2.4917234977086387,0.01587870631677409,1.4173295696576436,0.4934178988138835,fixed-e4m3,0.1806640625,0.4812825520833333,0.000154466979438439,,2,0.005533854166666667,2000,composition
relu,1.1641591787338257,-0.7159873147805532,0.0073871904363234835,0.786652942498525,0.5076090494791666,fixed-e5m2,0.17586263020833334,0.4923909505208333,0.0003208777391895031,0.0198974609375,2,0.4923909505208333,0,composition
tanh,1.2066904306411743,-0.8364303708076477,-0.047698406502604485,0.5852920015652975,0.9165536562601725,fixed-e5m2,0.2545979817708333,0.5714518229166666,0.000439324852777645,,2,0.0,0,composition
silu,0.9786055684089661,-0.570117861032486,0.030175662289063137,0.6955408255259196,0.5138867497444153,fixed-e5m2,0.3168131510416667,0.4600016276041667,0.0001729868915087233,,2,0.0,0,composition
relu,9.229276657104492,-4.022254665692647,-0.040933847427368164,3.8268624941507974,0.4607747395833333,fixed-e5m2,0.056559244791666664,0.5392252604166666,0.0016281991847790778,0.014689127604166666,2,0.5392252604166666,2000,composition
tanh,9.427428245544434,-3.960943420728048,-0.08633579810460408,3.353256583213806,0.7353384494781494,fixed-e5m2,0.15909830729166666,0.5701904296875,0.0008518847171217203,,2,0.0347900390625,2000,composition
silu,5.073461532592773,-2.063158174355825,-0.0015322274218002956,1.3278288046518962,0.490797758102417,fixed-e5m2,0.2034912109375,0.4981689453125,0.0006374447790828223,,2,0.007242838541666667,2000,composition
relu,1.23548424243927,-0.7364830275376638,0.009199035664399466,0.7722552617390951,0.5056559244791666,fixed-hybrid,0.188720703125,0.4943440755208333,6.96816520454983e-05,0.008097330729166666,2,0.4943440755208333,0,composition
tanh,1.114067554473877,-0.8263128399848938,-0.04788903581599394,0.5576757490634918,0.9186251560846964,fixed-hybrid,0.2603352864583333,0.5670166015625,0.0001119878967680658,,2,0.0,0,composition
silu,1.017379879951477,-0.5640618999799093,0.032700298354029655,0.6948416729768118,0.5153640707333883,fixed-hybrid,0.3092447916666667,0.4549560546875,3.665659338973152e-05,,2,0.0,0,composition
relu,6.964597702026367,-3.8798795541127524,-0.006519421935081482,2.9063891967137656,0.484130859375,fixed-hybrid,0.053873697916666664,0.515869140625,0.0002573661149654072,0.004109700520833333,2,0.515869140625,2000,composition
tanh,7.256246089935303,-3.321690320968628,-0.03561326550940672,3.3315720160802207,0.7644569476445516,fixed-hybrid,0.183837890625,0.5275065104166666,0.00022996278130449355,,2,0.0330810546875,2000,composition
silu,5.1476922035217285,-2.8256171345710754,0.021452450503905613,1.2951197822888691,0.49319281180699664,fixed-hybrid,0.18184407552083334,0.477294921875,0.00021055843778109798,,2,0.004638671875,2000,composition
relu,1.188420295715332,-0.7230772376060486,0.008282313744227091,0.7781186103820801,0.5041097005208334,calibrated,0.19173177083333334,0.4958902994791667,1.835871747365066e-05,0.004597981770833333,2,0.4958902994791667,0,composition
tanh,1.1314622163772583,-0.8346184492111206,-0.049398692324757576,0.5699491004149119,0.9168747067451477,calibrated,0.2536214192708333,0.5713704427083334,3.338804162922315e-05,,2,0.0,0,composition
silu,0.9977280497550964,-0.5664900441964468,0.034221566282212734,0.7028875152269999,0.5153653224309286,calibrated,0.3005777994791667,0.453857421875,1.2037146613389874e-05,,2,0.0,0,composition
relu,10.035118103027344,-4.163586298624675,0.05677621066570282,3.5672046343485513,0.4740397135416667,calibrated,0.06620279947916667,0.5259602864583334,8.41629577431983e-05,0.0027669270833333335,2,0.5259602864583334,2000,composition
tanh,8.79091739654541,-3.8945817152659097,-0.05771931385000547,3.3384180665016174,0.7306646505991617,calibrated,0.169677734375,0.5519612630208334,7.606594529837214e-05,,2,0.038126627604166664,2000,composition
silu,5.3865861892700195,-2.7454015811284385,0.032910690953334175,1.360948661963145,0.5077224175135294,calibrated,0.18896484375,0.4575602213541667,5.4697212362952996e-05,,2,0.0035807291666666665,2000,composition
relu,1.188420295715332,-0.7230772376060486,0.008282313744227091,0.7781186103820801,0.5041097005208334,adaptive,0.19173177083333334,0.4958902994791667,1.835871747365066e-05,0.004597981770833333,2,0.4958902994791667,0,composition
tanh,1.1314622163772583,-0.8346184492111206,-0.049398692324757576,0.5699491004149119,0.9168747067451477,adaptive,0.2536214192708333,0.5713704427083334,3.338804162922315e-05,,2,0.0,0,composition
silu,0.9977280497550964,-0.5664900441964468,0.034221566282212734,0.7028875152269999,0.5153653224309286,adaptive,0.3005777994791667,0.453857421875,1.2037146613389874e-05,,2,0.0,0,composition
relu,9.958443641662598,-4.1528395016988116,0.022557511925697327,3.5704488356908164,0.4757080078125,adaptive,0.053792317708333336,0.5242919921875,0.00011107281776882398,0.002197265625,2,0.5242919921875,2000,composition
tanh,8.892943382263184,-3.8846360445022583,-0.055983287592728935,3.29331636428833,0.7326601147651672,adaptive,0.173583984375,0.5515950520833334,0.00010512566829371887,,2,0.037272135416666664,2000,composition
silu,5.452061653137207,-2.471527576446533,0.023912120300034683,1.358825941880544,0.5089050928751627,adaptive,0.19051106770833334,0.4641927083333333,3.5077235528054494e-05,,2,0.003662109375,2000,composition
