bump_region_mse,detail_amplitude,detail_amplitude_error,elapsed_seconds,flat_region_mse,gradient_rounding_cosine,gradient_rounding_mse,gradient_zeroed_fraction,initial_calibration_seconds,mode,outside_bump_mse,reselection_seconds,seed,selection_seconds,step,target,total_gradient_cosine,total_gradient_mse,training_loss,transition_mse,validation_mse,weight_rounding_gradient_cosine,weight_rounding_output_mse
,,,0.0024457499384880066,,,,,0.0,fp32,,0.0,0,0.0,0,linear,,,,,0.0003291736647952348,,0.0
,,,0.07645937497727573,,0.9999999999999984,0.0,0.0,0.0,fp32,,0.0,0,0.0,100,linear,0.9999999999999984,0.0,7.991020538611338e-05,,6.610843411181122e-05,0.9999999999999984,0.0
,,,0.14459141599945724,,0.9999999999999997,0.0,0.0,0.0,fp32,,0.0,0,0.0,200,linear,0.9999999999999997,0.0,3.7707133742515e-05,,3.1488794775214046e-05,0.9999999999999997,0.0
,,,0.21462274994701147,,0.9999999999999984,0.0,0.0,0.0,fp32,,0.0,0,0.0,300,linear,0.9999999999999984,0.0,1.4592836123483721e-05,,1.6895734006538987e-05,0.9999999999999984,0.0
,,,0.28407020797021687,,0.9999999999999977,0.0,0.0,0.0,fp32,,0.0,0,0.0,400,linear,0.9999999999999977,0.0,1.0048403055407107e-05,,1.0829294296854641e-05,0.9999999999999977,0.0
,,,0.35438570799306035,,0.9999999999999989,0.0,0.0,0.0,fp32,,0.0,0,0.0,500,linear,0.9999999999999989,0.0,6.795463377784472e-06,,7.489301424357109e-06,0.9999999999999989,0.0
,,,0.42783245793543756,,0.9999999999999982,0.0,0.0,0.0,fp32,,0.0,0,0.0,600,linear,0.9999999999999982,0.0,6.0982551985944156e-06,,5.608972969639581e-06,0.9999999999999982,0.0
,,,0.49946295795962214,,0.9999999999999987,0.0,0.0,0.0,fp32,,0.0,0,0.0,700,linear,0.9999999999999987,0.0,3.2511679819435813e-06,,4.725325652543688e-06,0.9999999999999987,0.0
,,,0.5677120408508927,,0.9999999999999986,0.0,0.0,0.0,fp32,,0.0,0,0.0,800,linear,0.9999999999999986,0.0,3.440310820224113e-06,,3.2531011129321996e-06,0.9999999999999986,0.0
,,,0.6378917498514056,,0.9999999999999986,0.0,0.0,0.0,fp32,,0.0,0,0.0,900,linear,0.9999999999999986,0.0,2.0307491013227263e-06,,2.60751357927802e-06,0.9999999999999986,0.0
,,,0.707956749945879,,0.9999999999999978,0.0,0.0,0.0,fp32,,0.0,0,0.0,1000,linear,0.9999999999999978,0.0,2.0013444554933812e-06,,2.0082688934053294e-06,0.9999999999999978,0.0
,,,0.7760057910345495,,0.9999999999999991,0.0,0.0,0.0,fp32,,0.0,0,0.0,1100,linear,0.9999999999999991,0.0,2.030822315646219e-06,,1.6409987892984645e-06,0.9999999999999991,0.0
,,,0.8581488330382854,,0.9999999999999986,0.0,0.0,0.0,fp32,,0.0,0,0.0,1200,linear,0.9999999999999986,0.0,1.2585528565978166e-06,,1.4193043398336158e-06,0.9999999999999986,0.0
,,,0.9416714580729604,,0.9999999999999989,0.0,0.0,0.0,fp32,,0.0,0,0.0,1300,linear,0.9999999999999989,0.0,1.1851751651192899e-06,,1.2796330111086718e-06,0.9999999999999989,0.0
,,,1.0196886658668518,,0.999999999999998,0.0,0.0,0.0,fp32,,0.0,0,0.0,1400,linear,0.999999999999998,0.0,1.0965156889142236e-06,,1.0035839750344167e-06,0.999999999999998,0.0
,,,1.0903444159775972,,0.9999999999999984,0.0,0.0,0.0,fp32,,0.0,0,0.0,1500,linear,0.9999999999999984,0.0,1.0220779813607805e-06,,9.33606031594536e-07,0.9999999999999984,0.0
,,,1.1696720409672707,,0.9999999999999991,0.0,0.0,0.0,fp32,,0.0,0,0.0,1600,linear,0.9999999999999991,0.0,8.395779786951607e-07,,7.431599442497827e-07,0.9999999999999991,0.0
,,,1.2624488328583539,,0.9999999999999989,0.0,0.0,0.0,fp32,,0.0,0,0.0,1700,linear,0.9999999999999989,0.0,9.472031479162979e-07,,6.55484427625197e-07,0.9999999999999989,0.0
,,,1.3537624578457326,,0.9999999999999979,0.0,0.0,0.0,fp32,,0.0,0,0.0,1800,linear,0.9999999999999979,0.0,5.176489139557816e-07,,7.560650487903331e-07,0.9999999999999979,0.0
,,,1.4283891660161316,,0.9999999999999992,0.0,0.0,0.0,fp32,,0.0,0,0.0,1900,linear,0.9999999999999992,0.0,4.033718710161338e-07,,6.294651484495262e-07,0.9999999999999992,0.0
,,,1.5000384158920497,,0.9999999999999984,0.0,0.0,0.0,fp32,,0.0,0,0.0,2000,linear,0.9999999999999984,0.0,6.915431640663883e-07,,5.66776634514099e-07,0.9999999999999984,0.0
,,,0.0027076248079538345,,,,,0.0,fixed-e4m3,,0.0,0,0.0,0,linear,,,,,0.001187952235341072,,0.00040164857637137175
,,,0.42479145782999694,,0.9995405233235591,1.4163764827805503e-10,0.00010432968179447053,0.0,fixed-e4m3,,0.0,0,0.0,100,linear,-0.9044997953619021,6.05228318305144e-07,9.949458763003349e-05,,8.73847384355031e-05,-0.9047028731620633,0.00015122535114642233
,,,0.924079124815762,,0.9996176866531339,2.0678245548068466e-11,0.0,0.0,fixed-e4m3,,0.0,0,0.0,200,linear,0.14129039706422664,9.371962364066083e-07,4.7252837248379365e-05,,4.3917436414631084e-05,0.14027585421419858,0.00018320269009564072
,,,1.3836174998432398,,0.9995812927920922,8.437879567092165e-13,0.00010432968179447053,0.0,fixed-e4m3,,0.0,0,0.0,300,linear,-0.8509255995340678,9.59319932775382e-07,1.2544793207780458e-05,,1.6876243535079993e-05,-0.8513674675612934,0.000223316194023937
,,,1.8173754999879748,,0.999616621203221,3.144478775722332e-12,0.0,0.0,fixed-e4m3,,0.0,0,0.0,400,linear,-0.8606049504097404,7.685471762519017e-07,9.39774872676935e-06,,1.0166446372750215e-05,-0.8615410057739862,0.00015333267219830304
,,,2.211607832927257,,0.9996761129355568,1.7746907340305797e-12,0.0,0.0,fixed-e4m3,,0.0,0,0.0,500,linear,-0.9797888419644188,6.663064906121891e-07,7.359191386058228e-06,,8.103052095975727e-06,-0.9799887462064762,0.00013506709365174174
,,,2.622701874934137,,0.999610689742279,2.6803302561046175e-12,0.0,0.0,fixed-e4m3,,0.0,0,0.0,600,linear,-0.6166533525745351,4.2761798460299985e-07,6.05092918704031e-06,,5.473254987009568e-06,-0.6182654009842183,0.00010772825771709904
,,,3.276906249811873,,0.9996663453232506,3.4583399575064108e-12,0.00010432968179447053,0.0,fixed-e4m3,,0.0,0,0.0,700,linear,-0.4385989642207661,4.123997324931202e-07,4.594850452122046e-06,,4.508351594267879e-06,-0.439620673287345,0.00012018494453513995
,,,3.83976929099299,,0.9997926335983226,1.6244977014124178e-12,0.0,0.0,fixed-e4m3,,0.0,0,0.0,800,linear,0.8599153582876892,5.783169580804311e-07,3.9174715311673936e-06,,3.837430085695814e-06,0.8619934761531992,0.00014109975018072873
,,,4.317651415942237,,0.9997181834812854,2.0602478573478306e-12,0.0,0.0,fixed-e4m3,,0.0,0,0.0,900,linear,-0.9682618696246126,4.014968466349179e-07,2.621549356263131e-06,,7.569812623842154e-06,-0.9686340396179768,8.525638259015977e-05
,,,4.7861597498413175,,0.9996377369127321,1.727002304068274e-11,0.00010432968179447053,0.0,fixed-e4m3,,0.0,0,0.0,1000,linear,-0.9368146588369979,3.5441770612805016e-07,6.333954843285028e-06,,2.867005377993337e-06,-0.937777551774344,0.00011031730537069961
,,,5.281930249882862,,0.9996730146948688,5.780757396874433e-12,0.00020865936358894105,0.0,fixed-e4m3,,0.0,0,0.0,1100,linear,0.93053131723324,4.324381398753558e-07,3.707711584866047e-06,,1.3800432498101145e-05,0.9326171869588966,0.00016406782378908247
,,,5.84323462494649,,0.9997104616086081,3.604768778801152e-12,0.00020865936358894105,0.0,fixed-e4m3,,0.0,0,0.0,1200,linear,-0.8031028535150925,4.32936783507406e-07,4.453580913832411e-06,,1.0173994269280229e-05,-0.8021523120000824,0.00012068673822795972
,,,6.336810249835253,,0.9997024927867035,1.088516582099186e-12,0.00010432968179447053,0.0,fixed-e4m3,,0.0,0,0.0,1300,linear,0.9890018972858832,5.50842222374429e-07,1.5192230193861178e-06,,2.5547162749717245e-06,0.9888201741832583,0.0001245158928213641
,,,6.774941707961261,,0.9997202674374749,1.369567196816111e-11,0.00031298904538341156,0.0,fixed-e4m3,,0.0,0,0.0,1400,linear,0.9806658466720624,5.307360630865261e-07,5.3461608331417665e-06,,2.341777417314006e-06,0.9816518741882031,0.0001495179458288476
,,,7.243469374952838,,0.9997310866113978,3.3121067661333727e-13,0.0,0.0,fixed-e4m3,,0.0,0,0.0,1500,linear,0.18019316812848707,6.054478337080223e-07,1.817073098209221e-06,,2.4661294446559623e-06,0.1803784016279919,0.00011775466555263847
,,,7.839320165803656,,0.9995661784840097,4.861385729919568e-12,0.00020865936358894105,0.0,fixed-e4m3,,0.0,0,0.0,1600,linear,0.9543960036383419,6.08589611350868e-07,2.161787051591091e-06,,1.6061319456639467e-06,0.9530155188459988,0.00013198127271607518
,,,8.504642250016332,,0.9994678656069017,2.2709211217998518e-13,0.00020865936358894105,0.0,fixed-e4m3,,0.0,0,0.0,1700,linear,0.11269609525782578,7.638777119953457e-07,8.599861303082434e-07,,1.849229875006131e-06,0.11530428790227067,0.00015229986456688493
,,,9.11817054101266,,0.9996771747826193,8.868998810412783e-13,0.0,0.0,fixed-e4m3,,0.0,0,0.0,1800,linear,0.9643193384556997,7.616076856695395e-07,8.013242336346593e-07,,1.0556180995990871e-06,0.9649062927679833,0.00015413312939926982
,,,9.753930083010346,,0.9996605528693107,2.7269141746832884e-11,0.00031298904538341156,0.0,fixed-e4m3,,0.0,0,0.0,1900,linear,0.9712245242447226,7.779165414801372e-07,8.750097549636848e-06,,8.80606705777609e-07,0.971324932549009,0.00018868810730054975
,,,10.323738874867558,,0.9997532809267553,8.391116878613806e-12,0.0,0.0,fixed-e4m3,,0.0,0,0.0,2000,linear,-0.9432570885402115,7.581303211056491e-07,4.074229764228221e-06,,7.515487141063204e-06,-0.9450060743579758,0.00014830620784778148
,,,0.002753125037997961,,,,,0.0,fixed-e5m2,,0.0,0,0.0,0,linear,,,,,0.0014626289485022426,,0.0015213117003440857
,,,0.5649724998511374,,0.9984370952442323,7.20177822333496e-11,0.0,0.0,fixed-e5m2,,0.0,0,0.0,100,linear,0.21289406536010827,4.9097092807733e-06,8.899558451958e-05,,7.635326619492844e-05,0.21294372702217193,0.0020381358917802572
,,,1.1496592499315739,,0.9984942447489557,7.337533419239135e-12,0.0,0.0,fixed-e5m2,,0.0,0,0.0,200,linear,-0.6311174677220461,6.531943219015761e-06,3.644453681772575e-05,,3.255232877563685e-05,-0.6267270770251918,0.002573836361989379
,,,1.6705849168356508,,0.9988038163693762,1.8974220812114106e-10,0.0,0.0,fixed-e5m2,,0.0,0,0.0,300,linear,-0.5283688610452578,6.9831691144225634e-06,2.9639219064847566e-05,,2.1903339074924588e-05,-0.5293554341371212,0.0022958354093134403
,,,2.3067145838867873,,0.998552356001974,1.7192802908423313e-10,0.0,0.0,fixed-e5m2,,0.0,0,0.0,400,linear,0.8140579460611674,9.480569336213696e-06,1.8125530914403498e-05,,1.4574820852431003e-05,0.811643561752312,0.0024345042183995247
,,,2.778100333875045,,0.9988945616868551,6.1047868579295005e-12,0.0,0.0,fixed-e5m2,,0.0,0,0.0,500,linear,0.5512796086149987,7.4328504407951295e-06,6.166319508338347e-06,,7.800701496307738e-06,0.5557455329905205,0.0021934821270406246
,,,3.260195625014603,,0.9986251472986194,1.1143614097315117e-11,0.0,0.0,fixed-e5m2,,0.0,0,0.0,600,linear,-0.9696821991264193,6.390316544567473e-06,6.600377673748881e-06,,6.051775017112959e-06,-0.9719905787842402,0.002087939064949751
,,,3.939342249883339,,0.9982550323870769,3.528817672956725e-11,0.0,0.0,fixed-e5m2,,0.0,0,0.0,700,linear,-0.3499242166603312,3.4452296070820724e-06,4.085289674549131e-06,,1.2450222129700705e-05,-0.3426528342297904,0.0017977635143324733
,,,4.555426458828151,,0.9990631766203492,2.0393839895013453e-12,0.0,0.0,fixed-e5m2,,0.0,0,0.0,800,linear,0.42383083516038506,5.106777067227444e-06,3.3581254683667794e-06,,1.2677826816798188e-05,0.4207233121625405,0.0019252484198659658
,,,5.046513834036887,,0.998265220373778,3.37903362351894e-11,0.0,0.0,fixed-e5m2,,0.0,0,0.0,900,linear,0.7468439931460045,4.0959741560828645e-06,4.576047558657592e-06,,3.7822176182089606e-06,0.7499146510340732,0.0017155591631308198
,,,5.507077042013407,,0.9986973998798886,8.514185313840224e-11,0.0,0.0,fixed-e5m2,,0.0,0,0.0,1000,linear,-0.6301084928705886,4.124666501677194e-06,7.104199994500959e-06,,6.128260338300606e-06,-0.6363483928630902,0.0019380910089239478
,,,5.993382083950564,,0.99861774361768,2.5700526737336157e-11,0.0,0.0,fixed-e5m2,,0.0,0,0.0,1100,linear,0.5469491818734955,6.709083482955643e-06,3.433414804021595e-06,,2.3908380626380676e-06,0.5450556020289381,0.0019329333445057273
,,,6.545818499987945,,0.9988973689806251,5.2017888727679645e-12,0.0,0.0,fixed-e5m2,,0.0,0,0.0,1200,linear,0.858789523498953,5.943433071883247e-06,1.810398089219234e-06,,1.4312831808638293e-06,0.8591622371861385,0.0019115100149065256
,,,7.015537959057838,,0.9986587562160667,9.287197388805301e-12,0.0,0.0,fixed-e5m2,,0.0,0,0.0,1300,linear,-0.5928239072410634,5.712738538210643e-06,1.5091873137862422e-06,,2.3282491383724846e-06,-0.594434855903321,0.0018239542841911316
,,,7.450163124827668,,0.9988073349816216,7.369178826209611e-11,0.0,0.0,fixed-e5m2,,0.0,0,0.0,1400,linear,0.7149401256732092,6.744940957335852e-06,6.448247404478025e-06,,1.2337883390500792e-06,0.7156705154570141,0.0021561812609434128
,,,7.919560416834429,,0.9985356258677642,1.5297795867896447e-11,0.0,0.0,fixed-e5m2,,0.0,0,0.0,1500,linear,0.42297510206801353,5.231260103845045e-06,2.464770886945189e-06,,1.1148028988827718e-06,0.42576826842833293,0.0019983563106507063
,,,8.364224042044953,,0.9987122075000328,2.782839639495659e-11,0.0,0.0,fixed-e5m2,,0.0,0,0.0,1600,linear,0.14146367842443083,4.587397025433921e-06,3.580675183911808e-06,,1.3002584637433756e-05,0.13234134894134436,0.0019157982897013426
,,,8.800344083923846,,0.998358016201016,2.49951829692014e-12,0.0,0.0,fixed-e5m2,,0.0,0,0.0,1700,linear,0.879918996862613,3.785807381862757e-06,9.923346624418627e-07,,1.066321829057415e-06,0.8826657927998779,0.0018064901232719421
,,,9.202197291888297,,0.998647239660878,2.3119374190884454e-11,0.0,0.0,fixed-e5m2,,0.0,0,0.0,1800,linear,-0.7054601000837472,5.470300003126772e-06,2.2305064248939743e-06,,1.6795195278973551e-06,-0.7070999286951564,0.0017509169410914183
,,,9.63313225004822,,0.9984879368893395,8.807341843469218e-11,0.0,0.0,fixed-e5m2,,0.0,0,0.0,1900,linear,-0.5087282717502152,4.702909275786045e-06,5.891377441002987e-06,,5.121504273120081e-06,-0.5220585460441797,0.0016559981741011143
,,,10.134691749932244,,0.9987998170165301,1.3180240675717444e-12,0.0,0.0,fixed-e5m2,,0.0,0,0.0,2000,linear,0.6709757178689842,5.356579588485583e-06,9.750879144121427e-07,,1.2806476661353372e-06,0.6656558628601064,0.0015039429999887943
,,,0.003141457913443446,,,,,0.0,fixed-hybrid,,0.0,0,0.0,0,linear,,,,,0.001187952235341072,,0.00040164857637137175
,,,0.5475344159640372,,0.9986185454843114,1.1093740819114785e-10,0.0,0.0,fixed-hybrid,,0.0,0,0.0,100,linear,-0.37524067717003534,9.951532268807114e-08,7.856974116293713e-05,,6.25320608378388e-05,-0.3719739124628569,6.740919343428686e-05
,,,1.0651645408943295,,0.9984533529863012,1.2899603661659496e-09,0.0,0.0,fixed-hybrid,,0.0,0,0.0,200,linear,0.9518092110953312,5.740591598259479e-08,0.00011492575140437111,,5.376830085879192e-05,0.952759444194801,5.474214049172588e-05
,,,1.5731061659753323,,0.9986247058803479,1.03699920055065e-10,0.0,0.0,fixed-hybrid,,0.0,0,0.0,300,linear,-0.9497463382759042,6.059612836286844e-07,2.402276913926471e-05,,2.4956130801001564e-05,-0.9491108260251552,0.00013923292863182724
,,,2.03611470782198,,0.9986554471855782,1.5868388349808536e-12,0.0,0.0,fixed-hybrid,,0.0,0,0.0,400,linear,-0.20278227479127178,5.678184099348438e-07,8.759630873100832e-06,,1.0657346138032153e-05,-0.2009196144022639,0.00010137811477761716
,,,2.55881679081358,,0.9988584715787997,1.9952300951410396e-11,0.0,0.0,fixed-hybrid,,0.0,0,0.0,500,linear,0.9866899119809897,3.033490951193624e-07,8.47302180773113e-06,,8.216375135816634e-06,0.9872041690599477,9.30170135688968e-05
,,,2.9956684159114957,,0.9989016014159117,8.024470820398841e-13,0.0,0.0,fixed-hybrid,,0.0,0,0.0,600,linear,0.05257465633802564,2.9913172910620605e-07,5.82946086069569e-06,,5.772552867711056e-06,0.06093086895503045,6.776335794711486e-05
,,,3.4847011659294367,,0.9983991569926209,6.573705355404917e-12,0.0,0.0,fixed-hybrid,,0.0,0,0.0,700,linear,-0.9532960462220215,2.534244119166737e-07,3.6691267268906813e-06,,5.886155122425407e-06,-0.9537442563175335,9.72421548794955e-05
,,,4.058241207851097,,0.9987414537965358,2.5776877101641542e-12,0.0,0.0,fixed-hybrid,,0.0,0,0.0,800,linear,0.9443424845888777,2.546113777745793e-07,3.5788652894552797e-06,,3.861047389364103e-06,0.9457469235399604,8.179616270354018e-05
,,,4.6496965829283,,0.9989082791655929,1.5628308718950738e-11,0.0,0.0,fixed-hybrid,,0.0,0,0.0,900,linear,-0.7457872136385421,2.6704349981236265e-07,3.168102921335958e-06,,5.638454695144901e-06,-0.7457101285239353,6.0770271375076845e-05
,,,5.110851333010942,,0.9987385110036751,5.4358327997003016e-12,0.0,0.0,fixed-hybrid,,0.0,0,0.0,1000,linear,0.9285867438354938,1.774035326838101e-07,2.5273029677919112e-06,,2.5624044610594865e-06,0.9286903263015056,6.294462218647823e-05
,,,5.511142540955916,,0.9988532821367089,3.370587960615982e-12,0.0,0.0,fixed-hybrid,,0.0,0,0.0,1100,linear,-0.5340828486055158,2.386205020208583e-07,2.4854291496012593e-06,,1.8663100718185888e-06,-0.5318301765258565,6.288538861554116e-05
,,,5.9705992909148335,,0.9984989713947594,2.2890178273600366e-12,0.0,0.0,fixed-hybrid,,0.0,0,0.0,1200,linear,0.9655900068792577,2.2297056707629626e-07,1.553151719235757e-06,,1.5543899962722207e-06,0.9689932886354277,6.477026181528345e-05
,,,6.415109999943525,,0.9986271155075451,1.8115453155819263e-12,0.0,0.0,fixed-hybrid,,0.0,0,0.0,1300,linear,-0.832413224566328,4.166076212257894e-07,1.395370645695948e-06,,2.129491804225836e-06,-0.8338887177868664,8.5127328929957e-05
,,,6.8405983748380095,,0.9987427284974267,2.8384021418164287e-11,0.0,0.0,fixed-hybrid,,0.0,0,0.0,1400,linear,0.9446971446154688,2.832357246293151e-07,3.1110894269659184e-06,,2.8843487598351203e-06,0.9476732936238277,8.28382617328316e-05
,,,7.21804574993439,,0.9988157651724591,7.291224151299668e-13,0.0,0.0,fixed-hybrid,,0.0,0,0.0,1500,linear,0.3545877461938756,1.523026544722992e-07,1.1959596122324e-06,,1.0463737680765917e-06,0.34712096575239254,4.694578456110321e-05
,,,7.614797124871984,,0.9981832176253045,9.93941040023105e-13,0.0,0.0,fixed-hybrid,,0.0,0,0.0,1600,linear,-0.40636593204825433,2.4976024657611007e-07,1.1546981113497168e-06,,2.208990508734132e-06,-0.40721525247631174,6.428732012864202e-05
,,,8.038130207918584,,0.9986294141471252,1.2455360500933273e-13,0.0,0.0,fixed-hybrid,,0.0,0,0.0,1700,linear,0.004426911397394573,1.5975520593845543e-07,7.104454766704293e-07,,1.2181892543594586e-06,-0.00036982250382877423,5.2931289246771485e-05
,,,8.459594374988228,,0.9987434373748968,1.2044783341231403e-12,0.0,0.0,fixed-hybrid,,0.0,0,0.0,1800,linear,-0.380683002413531,1.7074030017492965e-07,8.650852123537334e-07,,8.820542802823184e-07,-0.3860562237757955,5.3121049859328195e-05
,,,8.848096707835793,,0.9987351280610758,1.2851475972245685e-11,0.0,0.0,fixed-hybrid,,0.0,0,0.0,1900,linear,-0.8077470062202776,1.0514475176848011e-07,1.7307686448475579e-06,,1.6916333152039442e-06,-0.8129003667485206,3.3543739846209064e-05
,,,9.241236999863759,,0.9988649664029432,6.069056077692523e-13,0.0,0.0,fixed-hybrid,,0.0,0,0.0,2000,linear,0.6844144607799765,1.2710539761331613e-07,7.365103442680265e-07,,6.951579507585848e-07,0.67987065957852,3.5734843550017104e-05
,,,0.0027144590858370066,,,,,0.009513334138318896,calibrated,,0.0,0,0.009513334138318896,0,linear,,,,,0.0003810760099440813,,3.061151073779911e-05
,,,0.46728249988518655,,0.9999188287387641,1.6909666150234666e-12,0.012310902451747522,0.009513334138318896,calibrated,,0.0,0,0.009513334138318896,100,linear,0.8479473419746122,1.9462484221119966e-07,7.870191620895639e-05,,6.506539648398757e-05,0.8474122019429238,4.4635453377850354e-05
,,,0.9288429589942098,,0.9998878824458319,1.3891841379288925e-12,0.01606677099634846,0.009513334138318896,calibrated,,0.0,0,0.009513334138318896,200,linear,-0.9053194374358179,1.4798935204932045e-07,3.5287244827486575e-05,,3.069273952860385e-05,-0.905043349023817,3.407276017242111e-05
,,,1.3259488749317825,,0.9999306911784858,4.147581110254393e-13,0.00970266040688576,0.009513334138318896,calibrated,,0.0,0,0.009513334138318896,300,linear,-0.7374289562530014,3.895347884674155e-07,1.4291870684246533e-05,,1.8180711776949465e-05,-0.7374582993783213,5.715694715036079e-05
,,,1.7260237920563668,,0.9999092272817153,2.699608029642474e-13,0.010745957224830464,0.009513334138318896,calibrated,,0.0,0,0.009513334138318896,400,linear,-0.8636885124597902,7.231222398103099e-07,1.0503172234166414e-05,,1.170907671621535e-05,-0.8633894682596115,0.00012115600111428648
,,,2.1539719998836517,,0.9999203954813534,7.304504259095606e-14,0.007511737089201878,0.009513334138318896,calibrated,,0.0,0,0.009513334138318896,500,linear,0.7043839616757949,8.086170248371247e-07,6.843526534794364e-06,,7.385381195490481e-06,0.704321994328436,0.00014175719115883112
,,,2.6133109589572996,,0.9999416621182812,2.9215748989546003e-13,0.011163275952008346,0.009513334138318896,calibrated,,0.0,0,0.009513334138318896,600,linear,0.5396049633770786,6.68927283636014e-07,6.386863333318615e-06,,5.77892114961287e-06,0.5402989166379436,0.00012063620670232922
,,,3.044419541954994,,0.9999343965913647,1.368219259695224e-13,0.016692749087115284,0.009513334138318896,calibrated,,0.0,0,0.009513334138318896,700,linear,0.0913333239736951,4.513670612108438e-07,3.703842139657354e-06,,5.0202761485707015e-06,0.09131454928767636,0.00010686372843338177
,,,3.4459771250840276,,0.9999306102802168,5.6652870791703863e-14,0.010850286906624936,0.009513334138318896,calibrated,,0.0,0,0.009513334138318896,800,linear,-0.5599907986555176,5.214701979358135e-07,3.909255610778928e-06,,3.653399744507624e-06,-0.5590192870322133,0.00012324920680839568
,,,3.8781182090751827,,0.9999088764654496,8.183459726335699e-14,0.013145539906103286,0.009513334138318896,calibrated,,0.0,0,0.009513334138318896,900,linear,0.9845219878932677,4.2343071346925463e-07,2.0946565655322047e-06,,2.807645387292723e-06,0.9846862033986762,0.00010487006511539221
,,,4.3395050840917975,,0.999932594885131,1.4622416582296088e-13,0.007094418362023996,0.009513334138318896,calibrated,,0.0,0,0.009513334138318896,1000,linear,-0.38848599782162246,5.77224177025468e-07,2.9174166229495313e-06,,2.066042725346051e-06,-0.3883636080587952,0.00011686012294376269
,,,4.773203583899885,,0.9999389783076932,1.9888916041665116e-13,0.008450704225352112,0.009513334138318896,calibrated,,0.0,0,0.009513334138318896,1100,linear,0.9650361529971695,6.519075748392688e-07,2.1104369807289913e-06,,1.718388489280187e-06,0.9648539160603343,0.0001427953684469685
,,,5.173855583881959,,0.9999200300780281,2.4627748321833063e-12,0.015232133541992697,0.009513334138318896,calibrated,,0.0,0,0.009513334138318896,1200,linear,-0.9667632813772838,7.212519228996067e-07,4.081037332070991e-06,,4.71882185593131e-06,-0.9673074921801359,0.00016220740508288145
,,,5.600979374954477,,0.9999034445494939,9.279985189179515e-14,0.014814814814814815,0.009513334138318896,calibrated,,0.0,0,0.009513334138318896,1300,linear,-0.8846895355826221,8.025140552632003e-07,1.1267012496318785e-06,,2.769902039290173e-06,-0.8843815420814339,0.00012888541095890105
,,,6.052606167038903,,0.9999168372217538,1.320584044785788e-12,0.007303077725612937,0.009513334138318896,calibrated,,0.0,0,0.009513334138318896,1400,linear,0.8909110395052378,5.106801346482188e-07,2.7039172891818453e-06,,8.895302016753703e-06,0.8909029321109959,0.00012089434312656522
,,,6.494904584018514,,0.9999292140032113,2.013651053898935e-13,0.009494001043296818,0.009513334138318896,calibrated,,0.0,0,0.009513334138318896,1500,linear,-0.8725720171722057,4.2229492311265895e-07,1.2821471955248853e-06,,9.723878520162543e-07,-0.8730121995309098,8.852804603520781e-05
,,,6.873553459066898,,0.9999225130637133,3.045116920234304e-13,0.019300991131977047,0.009513334138318896,calibrated,,0.0,0,0.009513334138318896,1600,linear,0.9941506898412563,4.2445278465645096e-07,1.2680525287578348e-06,,2.8500764983618865e-06,0.9942295851747027,0.00010830168321263045
,,,7.2910911669023335,,0.999903968259361,7.8937021983196e-14,0.012102243088158582,0.009513334138318896,calibrated,,0.0,0,0.009513334138318896,1700,linear,-0.6722969399107908,4.33935793144565e-07,7.1327366413243e-07,,8.294497320093797e-07,-0.6734222882514148,9.078529546968639e-05
,,,7.721684084041044,,0.999920733840358,6.353953677742118e-13,0.010119979134063642,0.009513334138318896,calibrated,,0.0,0,0.009513334138318896,1800,linear,0.9746947733669132,4.098821443997227e-07,1.1747874850698281e-06,,8.696845839040179e-07,0.974582194051755,8.243920456152409e-05
,,,8.158569250022992,,0.9999343142274334,2.4713863905735013e-13,0.008555033907146584,0.009513334138318896,calibrated,,0.0,0,0.009513334138318896,1900,linear,-0.9924919860653388,4.1305303321191076e-07,7.285899528142181e-07,,5.483479412760062e-07,-0.9925361021074146,7.869608816690743e-05
,,,8.570320874918252,,0.9999278641249109,1.2778101011117726e-12,0.019196661450182576,0.009513334138318896,calibrated,,0.0,0,0.009513334138318896,2000,linear,0.9605005158619973,3.103694922800139e-07,2.6304535367671633e-06,,1.130045689023973e-06,0.9599704894945611,7.18117953510955e-05
,,,0.0027141249738633633,,,,,0.009513334138318896,adaptive,,0.0,0,0.009513334138318896,0,linear,,,,,0.0003810760099440813,,3.061151073779911e-05
,,,0.4338462089654058,,0.9999188287387641,1.6909666150234666e-12,0.012310902451747522,0.009513334138318896,adaptive,,0.0,0,0.009513334138318896,100,linear,0.8479473419746122,1.9462484221119966e-07,7.870191620895639e-05,,6.506539648398757e-05,0.8474122019429238,4.4635453377850354e-05
,,,0.9337342090439051,,0.9998829535542437,1.4513738626950754e-12,0.01606677099634846,0.009513334138318896,adaptive,,0.005085376091301441,0,0.014598710229620337,200,linear,-0.9046808810730186,1.4827880650111722e-07,3.5287244827486575e-05,,3.069273952860385e-05,-0.904986491366619,3.415041646803729e-05
,,,1.3775639589875937,,0.9999306911784858,4.147581110254393e-13,0.00970266040688576,0.009513334138318896,adaptive,,0.010553920175880194,0,0.02006725431419909,300,linear,-0.7375605610545906,3.9009951404570475e-07,1.4291870684246533e-05,,1.8180711776949465e-05,-0.7375899528873975,5.7247070799348876e-05
,,,1.7798500419594347,,0.9999092272817153,2.699608029642474e-13,0.010745957224830464,0.009513334138318896,adaptive,,0.016033838968724012,0,0.02554717310704291,400,linear,-0.863676077360699,7.233568597287042e-07,1.0503172234166414e-05,,1.170907671621535e-05,-0.8633770225697908,0.00012118881568312645
,,,2.1814168749842793,,0.9999203954813534,7.304504259095606e-14,0.007511737089201878,0.009513334138318896,adaptive,,0.020960756577551365,0,0.03047409071587026,500,linear,0.7044007497152038,8.084235024056489e-07,6.843526534794364e-06,,7.385381195490481e-06,0.704338803724122,0.00014172418741509318
,,,2.6243624170310795,,0.9999416621182812,2.9215748989546003e-13,0.011163275952008346,0.009513334138318896,adaptive,,0.025938089936971664,0,0.03545142407529056,600,linear,0.5395822914555286,6.687545487859518e-07,6.386863333318615e-06,,5.77892114961287e-06,0.5402762419889268,0.00012060636800015345
,,,3.0753530838992447,,0.9999343965913647,1.368219259695224e-13,0.016692749087115284,0.009513334138318896,adaptive,,0.031042756279930472,0,0.04055609041824937,700,linear,0.09129536172036508,4.5122810531146816e-07,3.703842139657354e-06,,5.0202761485707015e-06,0.09127658995657875,0.00010683670552680269
,,,3.4842339588794857,,0.9999306102802168,5.6652870791703863e-14,0.010850286906624936,0.009513334138318896,adaptive,,0.03689225926063955,0,0.046405593398958445,800,linear,-0.5599957134446542,5.217644425851944e-07,3.909255610778928e-06,,3.653399744507624e-06,-0.5590242918933337,0.00012330799654591829
,,,3.8969535420183092,,0.9998310254486269,1.563567048695034e-13,0.013145539906103286,0.009513334138318896,adaptive,,0.04195879935286939,0,0.05147213349118829,900,linear,0.9843203697585192,4.2368742168449285e-07,2.0946565655322047e-06,,2.807645387292723e-06,0.9846858907024523,0.00010490677959751338
,,,4.332579833921045,,0.999932594885131,1.4622416582296088e-13,0.007094418362023996,0.009513334138318896,adaptive,,0.04697800357826054,0,0.05649133771657944,1000,linear,-0.38828400355759973,5.782013791225571e-07,2.9174166229495313e-06,,2.066042725346051e-06,-0.3881616318907854,0.00011703772179316729
,,,4.794141083955765,,0.9999389783076932,1.9888916041665116e-13,0.008450704225352112,0.009513334138318896,adaptive,,0.0528611287008971,0,0.062374462839215994,1100,linear,0.9651244491292281,6.531051081108559e-07,2.1104369807289913e-06,,1.718388489280187e-06,0.964942589354748,0.00014302392082754523
,,,5.218892666976899,,0.9999200300780281,2.4627748321833063e-12,0.015232133541992697,0.009513334138318896,adaptive,,0.059411255177110434,0,0.06892458931542933,1200,linear,-0.9668499459564417,7.2308372811252e-07,4.081037332070991e-06,,4.71882185593131e-06,-0.967393597258253,0.00016254618822131306
,,,5.62935349997133,,0.9999034445494939,9.279985189179515e-14,0.014814814814814815,0.009513334138318896,adaptive,,0.06442142534069717,0,0.07393475947901607,1300,linear,-0.88478412861005,8.047033208724631e-07,1.1267012496318785e-06,,2.769902039290173e-06,-0.8844763378265942,0.00012923435133416206
,,,6.110503166913986,,0.9999168372217538,1.320584044785788e-12,0.007303077725612937,0.009513334138318896,adaptive,,0.06927951495163143,0,0.07879284908995032,1400,linear,0.8911050238080799,5.12356162654531e-07,2.7039172891818453e-06,,8.895302016753703e-06,0.8910969550314055,0.00012122264161007479
,,,6.5617410419508815,,0.9999292140032113,2.013651053898935e-13,0.009494001043296818,0.009513334138318896,adaptive,,0.07432509935460985,0,0.08383843349292874,1500,linear,-0.872857486290184,4.238459723299046e-07,1.2821471955248853e-06,,9.723878520162543e-07,-0.8732972711489867,8.881703251972795e-05
,,,6.98307149996981,,0.9999225130637133,3.045116920234304e-13,0.019300991131977047,0.009513334138318896,adaptive,,0.07991684298031032,0,0.08943017711862922,1600,linear,0.9941694477156003,4.2360388148407616e-07,1.2680525287578348e-06,,2.8500764983618865e-06,0.9942485879666381,0.00010809781088028103
,,,7.386854625074193,,0.9999025134243322,8.037070967329514e-14,0.012102243088158582,0.009513334138318896,adaptive,,0.08488367637619376,0,0.09439701051451266,1700,linear,-0.6735149350586052,4.314637668070759e-07,7.1327366413243e-07,,8.294497320093797e-07,-0.6739313689834827,9.032760135596618e-05
,,,7.8228052500635386,,0.999920733840358,6.353953677742118e-13,0.010119979134063642,0.009513334138318896,adaptive,,0.08996359305456281,0,0.0994769271928817,1800,linear,0.974536789591007,4.072281825542417e-07,1.1747874850698281e-06,,8.696845839040179e-07,0.9744239604464141,8.196719136321917e-05
,,,8.276754333870485,,0.9999343142274334,2.4713863905735013e-13,0.008555033907146584,0.009513334138318896,adaptive,,0.09508292796090245,0,0.10459626209922135,1900,linear,-0.992372360541297,4.1044778337463307e-07,7.285899528142181e-07,,5.483479412760062e-07,-0.992416469006822,7.823229680070654e-05
,,,8.701244625030085,,0.9999278641249109,1.2778101011117726e-12,0.019196661450182576,0.009513334138318896,adaptive,,0.10014251247048378,0,0.10965584660880268,2000,linear,0.9607829391941581,3.0809997744971466e-07,2.6304535367671633e-06,,1.130045689023973e-06,0.9602552380907293,7.13656991138123e-05
,,,0.0020400420762598515,,,,,0.0,fp32,,0.0,0,0.0,0,kink,,,,0.02201533131301403,0.014854173175990582,,0.0
,,,0.06849512504413724,,0.9999999999999997,0.0,0.0,0.0,fp32,,0.0,0,0.0,100,kink,0.9999999999999997,0.0,0.00025926384842023253,0.0007571551250293851,0.0002699793840292841,0.9999999999999997,0.0
,,,0.13439612509682775,,0.9999999999999983,0.0,0.0,0.0,fp32,,0.0,0,0.0,200,kink,0.9999999999999983,0.0,4.932026058668271e-05,0.00021464178280439228,7.199875108199194e-05,0.9999999999999983,0.0
,,,0.19918729201890528,,0.9999999999999993,0.0,0.0,0.0,fp32,,0.0,0,0.0,300,kink,0.9999999999999993,0.0,3.238643694203347e-05,0.00011136945977341384,3.719376400113106e-05,0.9999999999999993,0.0
,,,0.26498100021854043,,0.999999999999999,0.0,0.0,0.0,fp32,,0.0,0,0.0,400,kink,0.999999999999999,0.0,2.420331657049246e-05,5.8477209677221254e-05,2.31822286878014e-05,0.999999999999999,0.0
,,,0.3307849171105772,,0.9999999999999961,0.0,0.0,0.0,fp32,,0.0,0,0.0,500,kink,0.9999999999999961,0.0,1.0838613889063708e-05,4.353450276539661e-05,1.5210836863843724e-05,0.9999999999999961,0.0
,,,0.3972203750163317,,0.9999999999999994,0.0,0.0,0.0,fp32,,0.0,0,0.0,600,kink,0.9999999999999994,0.0,1.0541094525251538e-05,3.442586603341624e-05,1.097801487048855e-05,0.9999999999999994,0.0
,,,0.4641979581210762,,0.9999999999999989,0.0,0.0,0.0,fp32,,0.0,0,0.0,700,kink,0.9999999999999989,0.0,6.729700999130728e-06,2.4486185793648474e-05,8.336093742400408e-06,0.9999999999999989,0.0
,,,0.5302612921223044,,0.9999999999999992,0.0,0.0,0.0,fp32,,0.0,0,0.0,800,kink,0.9999999999999992,0.0,5.038480594521388e-06,1.999698179133702e-05,6.7849473452952225e-06,0.9999999999999992,0.0
,,,0.5964291251730174,,0.9999999999999986,0.0,0.0,0.0,fp32,,0.0,0,0.0,900,kink,0.9999999999999986,0.0,5.431524641608121e-06,1.6915979358600453e-05,5.676290584233357e-06,0.9999999999999986,0.0
,,,0.6613237920682877,,0.9999999999999981,0.0,0.0,0.0,fp32,,0.0,0,0.0,1000,kink,0.9999999999999981,0.0,4.758587238029577e-06,1.2776077710441314e-05,4.952692052029306e-06,0.9999999999999981,0.0
,,,0.7278672081883997,,1.0,0.0,0.0,0.0,fp32,,0.0,0,0.0,1100,kink,1.0,0.0,4.3148515942448284e-06,1.145477199315792e-05,4.170995907770703e-06,1.0,0.0
,,,0.7957326672039926,,0.9999999999999984,0.0,0.0,0.0,fp32,,0.0,0,0.0,1200,kink,0.9999999999999984,0.0,2.621160092530772e-06,9.598935321264435e-06,3.878551069647074e-06,0.9999999999999984,0.0
,,,0.8608190000522882,,0.999999999999999,0.0,0.0,0.0,fp32,,0.0,0,0.0,1300,kink,0.999999999999999,0.0,1.5565344710921636e-06,9.642051736591384e-06,3.486055220491835e-06,0.999999999999999,0.0
,,,0.9416327921207994,,0.999999999999998,0.0,0.0,0.0,fp32,,0.0,0,0.0,1400,kink,0.999999999999998,0.0,2.939003024948761e-06,8.037204679567367e-06,3.0192359190550633e-06,0.999999999999998,0.0
,,,1.0149136672262102,,0.9999999999999983,0.0,0.0,0.0,fp32,,0.0,0,0.0,1500,kink,0.9999999999999983,0.0,2.0770366973010823e-06,8.263380550488364e-06,2.805533767968882e-06,0.9999999999999983,0.0
,,,1.0895185831468552,,0.9999999999999984,0.0,0.0,0.0,fp32,,0.0,0,0.0,1600,kink,0.9999999999999984,0.0,1.5711520973127335e-06,7.388105132122291e-06,2.7554556254472118e-06,0.9999999999999984,0.0
,,,1.158770500216633,,0.9999999999999986,0.0,0.0,0.0,fp32,,0.0,0,0.0,1700,kink,0.9999999999999986,0.0,1.2175401025160681e-06,5.484439498104621e-06,2.2718156742485007e-06,0.9999999999999986,0.0
,,,1.224767625099048,,0.9999999999999984,0.0,0.0,0.0,fp32,,0.0,0,0.0,1800,kink,0.9999999999999984,0.0,2.0478867099882336e-06,5.446777777251555e-06,1.936788521561539e-06,0.9999999999999984,0.0
,,,1.291858125012368,,0.9999999999999987,0.0,0.0,0.0,fp32,,0.0,0,0.0,1900,kink,0.9999999999999987,0.0,1.2483997124945745e-06,4.832201284443727e-06,1.7276619246331393e-06,0.9999999999999987,0.0
,,,1.3562335001770407,,0.9999999999999993,0.0,0.0,0.0,fp32,,0.0,0,0.0,2000,kink,0.9999999999999993,0.0,1.9815468021988636e-06,4.700093086285051e-06,1.5754601463413564e-06,0.9999999999999993,0.0
,,,0.002894667210057378,,,,,0.0,fixed-e4m3,,0.0,0,0.0,0,kink,,,,0.02561934106051922,0.014770880341529846,,0.0006280892412178218
,,,0.4250567501876503,,0.9997636746021413,3.346775059433629e-11,0.0,0.0,fixed-e4m3,,0.0,0,0.0,100,kink,0.628587851032383,3.988814059170383e-07,0.0002507984754629433,0.0006898966967128217,0.00027020619018003345,0.6274467045328529,0.00041163197602145374
,,,0.8481397081632167,,0.9996805031260614,1.2816109937070295e-11,0.0,0.0,fixed-e4m3,,0.0,0,0.0,200,kink,-0.26794251008319675,7.919465503661076e-07,5.3168685553828254e-05,0.00022230466129258275,7.307533815037459e-05,-0.2706813670751002,0.00040733584319241345
,,,1.2903959171380848,,0.9996331377701552,8.533732200258156e-12,0.0,0.0,fixed-e4m3,,0.0,0,0.0,300,kink,0.40787568063553725,1.363885128750277e-06,3.4797179978340864e-05,0.00013850074901711196,4.435624214238487e-05,0.4118587701693295,0.0006471118540503085
,,,1.738307333085686,,0.9997271352512679,4.009678404523747e-12,0.00020865936358894105,0.0,fixed-e4m3,,0.0,0,0.0,400,kink,0.36287823017218845,1.6974651327953396e-06,2.3882252207840793e-05,5.867521031177603e-05,2.2064938093535602e-05,0.36212239254127315,0.0008608933421783149
,,,2.1192736672237515,,0.9996361557571378,1.9549528748332515e-12,0.00010432968179447053,0.0,fixed-e4m3,,0.0,0,0.0,500,kink,-0.2419844236074893,2.2878824482634743e-06,1.1648463441815693e-05,4.5389180741040036e-05,1.5096667993930168e-05,-0.24016877216334062,0.0009005468455143273
,,,2.59492520801723,,0.999725533300317,2.5907429847279638e-11,0.0,0.0,fixed-e4m3,,0.0,0,0.0,600,kink,0.6800596289383021,1.3470838405968088e-06,1.9095419702352956e-05,2.8015107091050595e-05,1.168581820820691e-05,0.6813460416716383,0.0007867324748076499
,,,2.976964000146836,,0.9996930153452607,1.0960080343539863e-12,0.0,0.0,fixed-e4m3,,0.0,0,0.0,700,kink,0.022374396422309407,1.7866037481224136e-06,7.705765710852575e-06,1.893522494356148e-05,1.2138432794017717e-05,0.02321801862298144,0.000668225169647485
,,,3.4015066670253873,,0.9997027880977576,4.154284388540937e-12,0.00010432968179447053,0.0,fixed-e4m3,,0.0,0,0.0,800,kink,0.7215072203745204,2.365514189225509e-06,7.222113708849065e-06,2.1384186766226776e-05,1.0312257472833153e-05,0.7215650566897154,0.0007766893832013011
,,,3.818781292065978,,0.9997323670044517,9.26184993367067e-12,0.0,0.0,fixed-e4m3,,0.0,0,0.0,900,kink,-0.873114195314588,2.190403473209068e-06,8.741919373278506e-06,2.375401345489081e-05,1.8489863577997312e-05,-0.8738644159852834,0.000706183142028749
,,,4.244756500003859,,0.9996970576743263,1.0854866631893152e-12,0.00010432968179447053,0.0,fixed-e4m3,,0.0,0,0.0,1000,kink,0.3499828282909763,1.226032819153675e-06,4.996294137527002e-06,1.5794907085364684e-05,5.858134500158485e-06,0.34549740401121587,0.0008642449975013733
,,,4.662861417047679,,0.999437406719207,2.2450825963622312e-11,0.00010432968179447053,0.0,fixed-e4m3,,0.0,0,0.0,1100,kink,-0.8233083035782245,1.5209575463911684e-06,8.323855581693351e-06,2.0719191525131464e-05,8.068846909736749e-06,-0.8254419321068824,0.0008208120125345886
,,,5.0680027501657605,,0.9997039000033896,1.6597308657676368e-12,0.0,0.0,fixed-e4m3,,0.0,0,0.0,1200,kink,-0.28985799133233364,1.3539579858207068e-06,4.011045348306652e-06,1.0734454008343164e-05,4.364944288681727e-06,-0.28855342927682526,0.0008699455647729337
,,,5.521314167184755,,0.9996842743129922,3.1244179078836077e-12,0.0,0.0,fixed-e4m3,,0.0,0,0.0,1300,kink,-0.957473639668414,2.5949451851297526e-06,3.0675878406327683e-06,8.195839654945303e-06,4.966962478647474e-06,-0.9579718188886684,0.000893516989890486
,,,5.927385250106454,,0.9996756822589493,1.7694956755612867e-12,0.00010432968179447053,0.0,fixed-e4m3,,0.0,0,0.0,1400,kink,-0.09157531183806207,1.5343088426527015e-06,3.63823642146599e-06,1.2575100299727637e-05,6.156079052743735e-06,-0.09656923004003325,0.0009410576894879341
,,,6.387805125210434,,0.9996658263783346,5.147776119979913e-13,0.00010432968179447053,0.0,fixed-e4m3,,0.0,0,0.0,1500,kink,-0.8216613609625961,2.700959313342594e-06,1.9500398593663704e-06,9.47386070038192e-06,3.7288634757715045e-06,-0.8221896214565941,0.0009030639193952084
,,,6.77519620815292,,0.99966467229024,2.1035450669080816e-11,0.00010432968179447053,0.0,fixed-e4m3,,0.0,0,0.0,1600,kink,-0.2797191659333273,2.8840080703544817e-06,1.426855396857718e-05,2.5205323254340328e-05,2.1412770365714096e-05,-0.27893539987068755,0.0009595190640538931
,,,7.250053542200476,,0.9996592096338384,2.2854162056723538e-11,0.00010432968179447053,0.0,fixed-e4m3,,0.0,0,0.0,1700,kink,-0.7562355272037055,2.419090596311746e-06,1.3840600331604946e-05,6.572756774403388e-06,3.2988193652272457e-06,-0.7557514953763792,0.0008491265471093357
,,,7.6503102499991655,,0.9997004607511666,6.340147834400074e-13,0.0,0.0,fixed-e4m3,,0.0,0,0.0,1800,kink,0.5351648821842313,1.0577470726470143e-06,1.6244404150711489e-06,1.1030228051822633e-05,6.887314157211222e-06,0.5326240434191748,0.0009060873417183757
,,,8.096852000104263,,0.9995011019399246,2.2391833840309805e-11,0.0,0.0,fixed-e4m3,,0.0,0,0.0,1900,kink,-0.7582628899860702,2.2137319050857812e-06,1.0546399607846979e-05,5.037139999330975e-06,2.6516088382777525e-06,-0.7570757731213674,0.0009051521774381399
,,,8.508299167035148,,0.9996267438302558,7.864056568317096e-13,0.00010432968179447053,0.0,fixed-e4m3,,0.0,0,0.0,2000,kink,-0.28471211147993664,2.837940806088122e-06,2.6857728698814753e-06,8.586785043007694e-06,3.7427503229992e-06,-0.28650461419201384,0.000981727265752852
,,,0.0026016670744866133,,,,,0.0,fixed-e5m2,,0.0,0,0.0,0,kink,,,,0.020704690366983414,0.01717752031981945,,0.0005911814514547586
,,,0.4753609581384808,,0.9986619411518184,3.612386614621595e-10,0.0,0.0,fixed-e5m2,,0.0,0,0.0,100,kink,-0.2989323814202627,2.924671650523583e-06,0.00033455301309004426,0.0009482996538281441,0.0003435774124227464,-0.2974037710206327,0.0011863555992022157
,,,0.9043434581253678,,0.9984313976380566,9.351442074300231e-11,0.0,0.0,fixed-e5m2,,0.0,0,0.0,200,kink,0.8201162125562769,5.227275461929325e-06,6.034125544829294e-05,0.00026990260812453926,8.675841672811657e-05,0.8233779151125137,0.0016732411459088326
,,,1.333919083001092,,0.9987761510550706,1.0855669104681195e-11,0.0,0.0,fixed-e5m2,,0.0,0,0.0,300,kink,0.2952597360963804,3.81209575490587e-06,3.3319050999125466e-05,0.00011163413728354499,3.957764056394808e-05,0.29940995037699036,0.0012933217221871018
,,,1.757450875127688,,0.9986033909194477,8.453594180988385e-11,0.0,0.0,fixed-e5m2,,0.0,0,0.0,400,kink,-0.9563564484135514,3.2933538875258882e-06,3.0643175705336034e-05,6.489174120360985e-05,2.35968800552655e-05,-0.954047529211027,0.0010757717536762357
,,,2.150288833072409,,0.9987065653038377,5.7386261335691815e-11,0.0,0.0,fixed-e5m2,,0.0,0,0.0,500,kink,-0.8906338972773827,3.947550333833417e-06,1.7865730114863254e-05,5.187888746149838e-05,1.803623490559403e-05,-0.895800889885243,0.0011291177943348885
,,,2.5731807921547443,,0.9983658750768148,3.596476957080337e-11,0.0,0.0,fixed-e5m2,,0.0,0,0.0,600,kink,0.5687275989742333,2.5556042480417556e-06,1.8193983123637736e-05,2.877359656849876e-05,2.0213992684148252e-05,0.5719620040408048,0.0013367022620514035
,,,2.95350041706115,,0.9987864475550323,1.574863682854497e-11,0.0,0.0,fixed-e5m2,,0.0,0,0.0,700,kink,-0.8757563628967463,4.548352255950045e-06,9.493338438915089e-06,2.419749398541171e-05,8.989976777229458e-06,-0.8760276529660025,0.0013119579525664449
,,,3.4072020831517875,,0.9985479257245256,1.6127260414803393e-10,0.0,0.0,fixed-e5m2,,0.0,0,0.0,800,kink,0.8731001395529794,4.330013548190903e-06,2.4034503439906985e-05,3.379870759090409e-05,1.5741234165034257e-05,0.873077752500076,0.001214330899529159
,,,3.822538583073765,,0.9987170700862444,8.525049098419954e-11,0.0,0.0,fixed-e5m2,,0.0,0,0.0,900,kink,0.8466154064743018,3.843245334461228e-06,1.5507015632465482e-05,3.7927882658550516e-05,1.9134631656925194e-05,0.8504366632592163,0.0011461189715191722
,,,4.243503708159551,,0.9986498510466177,1.9315702519693586e-11,0.0,0.0,fixed-e5m2,,0.0,0,0.0,1000,kink,-0.5285724484846459,2.693575960571846e-06,9.826249879552051e-06,1.6534833775949664e-05,6.439053322537802e-06,-0.5307463109248429,0.0012361981207504869
,,,4.683227875037119,,0.9986883583783196,1.5497253819799988e-10,0.0,0.0,fixed-e5m2,,0.0,0,0.0,1100,kink,-0.8516786503121448,3.778585362433552e-06,3.0086555852903984e-05,2.0525169020402245e-05,1.545471604913473e-05,-0.852624493265531,0.0013304251478984952
,,,5.070761542068794,,0.9983762429159965,1.105542459838094e-10,0.0,0.0,fixed-e5m2,,0.0,0,0.0,1200,kink,0.49825939639834466,1.9881498799298675e-06,1.4607529010390863e-05,1.574717134644743e-05,2.0535080693662167e-05,0.49201406012064397,0.0014586206525564194
,,,5.522325833095238,,0.9976696445984595,5.271079089087898e-10,0.0,0.0,fixed-e5m2,,0.0,0,0.0,1300,kink,-0.6875423422529373,3.442954100203872e-06,3.8189795304788277e-05,3.747922892216593e-05,4.286399780539796e-05,-0.686676910375531,0.001097442233003676
,,,5.902356625068933,,0.9987040173211971,2.408878246177673e-10,0.0,0.0,fixed-e5m2,,0.0,0,0.0,1400,kink,-0.8198382974760983,1.1459131522214269e-06,6.107054650783539e-05,5.226294160820544e-05,5.987125769024715e-05,-0.8210397208912669,0.0006065341294743121
,,,6.386763249989599,,0.9988389393854087,1.4382437240801272e-10,0.0,0.0,fixed-e5m2,,0.0,0,0.0,1500,kink,-0.7486065039817547,1.6870521104236501e-06,3.961346374126151e-05,5.4287291277432814e-05,6.791914347559214e-05,-0.7471904871204545,0.0005483304266817868
,,,6.771726750070229,,0.9984198597721387,4.58688674183813e-10,0.0,0.0,fixed-e5m2,,0.0,0,0.0,1600,kink,0.7849792126453544,1.1910665088050063e-06,4.194806388113648e-05,2.359994687139988e-05,3.387653123354539e-05,0.7825286912733742,0.0005987614276818931
,,,7.164095292100683,,0.9985919328205005,1.2392807295232537e-10,0.0,0.0,fixed-e5m2,,0.0,0,0.0,1700,kink,0.01800353886535225,1.2584050534135887e-06,3.7830286601092666e-05,1.1519346116983797e-05,1.076288663170999e-05,0.011797031870062527,0.0005111019709147513
,,,7.584375458071008,,0.9985504048570366,8.795811762202323e-11,0.0,0.0,fixed-e5m2,,0.0,0,0.0,1800,kink,-0.36865477884687264,9.02924667359689e-07,1.476394299970707e-05,1.220932972501032e-05,5.68107861909084e-06,-0.37676855309154084,0.0005746344686485827
,,,7.980639458168298,,0.9984263343337076,1.2082470252864285e-10,0.0,0.0,fixed-e5m2,,0.0,0,0.0,1900,kink,-0.5928828077675028,1.182508205201858e-06,1.1306416126899421e-05,1.175797478936147e-05,1.5349012755905278e-05,-0.5921048312315349,0.0005530639318749309
,,,8.40619729203172,,0.9987409102096891,1.3542174684030877e-10,0.0,0.0,fixed-e5m2,,0.0,0,0.0,2000,kink,-0.6005046397138586,2.54733291955169e-06,2.0121035049669445e-05,2.3387598048429936e-05,2.506474447727669e-05,-0.6042841591116109,0.0008872305625118315
,,,0.0028669999446719885,,,,,0.0,fixed-hybrid,,0.0,0,0.0,0,kink,,,,0.02561934106051922,0.014770880341529846,,0.0006280892412178218
,,,0.46939333295449615,,0.9986749902767019,2.715559839944908e-10,0.0,0.0,fixed-hybrid,,0.0,0,0.0,100,kink,0.6646894456048613,3.7998189963796414e-07,0.00026327811065129936,0.0006737763178534806,0.0002666676009539515,0.6696827114481577,0.0004200077091809362
,,,0.8759379577822983,,0.9984679150602951,5.105604598568258e-11,0.0,0.0,fixed-hybrid,,0.0,0,0.0,200,kink,-0.31869379020824334,7.42227499275724e-07,5.323213918018155e-05,0.00022818426077719778,7.188727613538504e-05,-0.3115213254030649,0.0004090933653060347
,,,1.3034022499341518,,0.9987479133303174,1.2772295060813302e-11,0.0,0.0,fixed-hybrid,,0.0,0,0.0,300,kink,0.6748506298983032,1.4866896102228509e-06,3.179240593453869e-05,0.0001267081534024328,4.1010440327227116e-05,0.6793981814395869,0.0007384269847534597
,,,1.7723396248184144,,0.9991091388943737,4.777896426229947e-11,0.0,0.0,fixed-hybrid,,0.0,0,0.0,400,kink,-0.8290454710107729,2.127665571699668e-06,3.3375803468516096e-05,9.183927613776177e-05,3.1311730708694085e-05,-0.8280352509615394,0.0009845198364928365
,,,2.1685867498163134,,0.9984915981878448,1.9830531026417946e-11,0.0,0.0,fixed-hybrid,,0.0,0,0.0,500,kink,-0.34277657242300813,2.133752194002136e-06,1.3128291357134003e-05,3.575147638912313e-05,1.6619571397313848e-05,-0.34617541060515095,0.0008658152655698359
,,,2.635097207967192,,0.9986582402137973,3.369596749032173e-12,0.0,0.0,fixed-hybrid,,0.0,0,0.0,600,kink,0.49895980988220723,1.4567038289269358e-06,1.1482156878628302e-05,3.201630534022115e-05,1.1939038813579828e-05,0.4989210714209692,0.0007632871274836361
,,,3.0416716658510268,,0.9982417111663136,1.9736045390590878e-11,0.0,0.0,fixed-hybrid,,0.0,0,0.0,700,kink,0.6527250983103122,1.595340929260769e-06,7.510115210607182e-06,2.1238529370748438e-05,9.056176168087404e-06,0.6471454217629078,0.0007607535808347166
,,,3.4236292908899486,,0.9987892890652302,9.425365906304057e-12,0.0,0.0,fixed-hybrid,,0.0,0,0.0,800,kink,-0.12592333596005392,2.3749382488922062e-06,6.318708983599208e-06,3.0332423193613067e-05,1.0260348062729463e-05,-0.11899058022461763,0.000834830105304718
,,,3.8632062079850584,,0.9986495100680788,4.339722893402756e-12,0.0,0.0,fixed-hybrid,,0.0,0,0.0,900,kink,0.25557797024384515,2.196740934299556e-06,5.646129920933163e-06,1.6643085473333485e-05,6.816267159592826e-06,0.24417778305096885,0.0008764534723013639
,,,4.304107082774863,,0.9986047818211357,2.361093997101206e-12,0.0,0.0,fixed-hybrid,,0.0,0,0.0,1000,kink,-0.8563074959628348,1.324073748305309e-06,4.63922106064274e-06,1.6537953342776746e-05,5.555741154239513e-06,-0.8552815178061776,0.0008746079402044415
,,,4.685921832919121,,0.9987377951858512,2.4856831880961636e-11,0.0,0.0,fixed-hybrid,,0.0,0,0.0,1100,kink,-0.7388449331972463,1.6115860398754552e-06,6.344168468785938e-06,1.66323716257466e-05,7.165606803027913e-06,-0.7409818671945064,0.0009355511865578592
,,,5.1371510829776525,,0.9982681348902439,2.2493653089510226e-11,0.0,0.0,fixed-hybrid,,0.0,0,0.0,1200,kink,0.7945539832647717,1.3036713741206243e-06,4.87660736325779e-06,9.579014658811502e-06,1.1741504749807063e-05,0.7938879753497927,0.0008294620201922953
,,,5.534818165935576,,0.9989197914497426,9.507492046009629e-13,0.0,0.0,fixed-hybrid,,0.0,0,0.0,1300,kink,-0.8936979682134936,2.342314388031339e-06,1.553160245748586e-06,1.1502397683216259e-05,5.091339517093729e-06,-0.8950417544559417,0.0009559958707541227
,,,5.921463582897559,,0.998613872362636,5.648678989484478e-11,0.0,0.0,fixed-hybrid,,0.0,0,0.0,1400,kink,-0.5648518455922563,1.5769942626534557e-06,8.614640137238894e-06,1.29272484628018e-05,6.694125659123529e-06,-0.5665190961066808,0.0009815491503104568
,,,6.369528374867514,,0.9986203306416271,5.456735660037518e-12,0.0,0.0,fixed-hybrid,,0.0,0,0.0,1500,kink,-0.5399574851045067,2.708973111314697e-06,3.0498579235427314e-06,9.177344509225804e-06,3.549243274392211e-06,-0.5341785973741756,0.0009946878999471664
,,,6.7817480829544365,,0.9988336043313666,1.8427031202375582e-11,0.0,0.0,fixed-hybrid,,0.0,0,0.0,1600,kink,0.6696768718216829,2.9209585725351966e-06,3.0583109946746845e-06,6.487952305178624e-06,5.143294856679859e-06,0.6735017830100277,0.0009780112886801362
,,,7.230169207789004,,0.998738739142585,7.25668966618727e-11,0.0,0.0,fixed-hybrid,,0.0,0,0.0,1700,kink,-0.6633151021482948,2.542067152895386e-06,8.68109600560274e-06,7.345134690694977e-06,3.087296818193863e-06,-0.6712435880378104,0.0010825949721038342
,,,7.668812332907692,,0.998477329751481,2.4491417769209428e-11,0.0,0.0,fixed-hybrid,,0.0,0,0.0,1800,kink,0.5232220018445768,1.1558008478318956e-06,3.4085887818946503e-06,6.75198634780827e-06,3.7291342778189573e-06,0.5300100074778639,0.0010333474492654204
,,,8.081593124894425,,0.9990702185059606,3.284479026169333e-11,0.0,0.0,fixed-hybrid,,0.0,0,0.0,1900,kink,0.9355655842788634,1.9746032513243905e-06,6.744752681697719e-06,7.924761121103074e-06,4.836474090552656e-06,0.9360473894572114,0.001088614808395505
,,,8.556295624934137,,0.9984526071194535,2.666435917227965e-12,0.0,0.0,fixed-hybrid,,0.0,0,0.0,2000,kink,0.353272163963754,2.9610220024736486e-06,2.054609012702713e-06,4.173665274720406e-06,2.1089033452881267e-06,0.35278484709927205,0.0010431889677420259
,,,0.002919791964814067,,,,,0.005409125005826354,calibrated,,0.0,0,0.005409125005826354,0,kink,,,,0.021428147330880165,0.014893067069351673,,2.8336340619716793e-05
,,,0.4457390420138836,,0.9998816371712792,2.7124323666089777e-11,0.010119979134063642,0.005409125005826354,calibrated,,0.0,0,0.005409125005826354,100,kink,0.9461262566539049,1.670428636097454e-07,0.00027314480394124985,0.0007859746692702174,0.0002821398084051907,0.9459289259322561,5.4282649216474965e-05
,,,0.9365414590574801,,0.9999286545486428,3.5765292203067e-13,0.012415232133541993,0.005409125005826354,calibrated,,0.0,0,0.005409125005826354,200,kink,-0.8128266807143815,2.563177278194687e-07,4.982819518772885e-05,0.00021990652021486312,7.370689127128571e-05,-0.8125761659794091,8.186753984773532e-05
,,,1.3496410839725286,,0.9999138702529557,1.4807864934685017e-12,0.01178925404277517,0.005409125005826354,calibrated,,0.0,0,0.005409125005826354,300,kink,0.7677049216971059,3.261962267035138e-07,3.3707256079651415e-05,0.000128667161334306,4.0805494791129604e-05,0.7686013704545036,9.906636114465073e-05
,,,1.8112294590100646,,0.9999119169815008,1.493829902402329e-13,0.009494001043296818,0.005409125005826354,calibrated,,0.0,0,0.005409125005826354,400,kink,-0.2070726046148874,4.1955649999511526e-07,2.3416610929416493e-05,6.169987318571657e-05,2.722394492593594e-05,-0.2078287413185189,8.580300345784053e-05
,,,2.207681459141895,,0.9999073305298224,2.856648281289496e-13,0.008763693270735524,0.005409125005826354,calibrated,,0.0,0,0.005409125005826354,500,kink,0.8991885024709003,5.534902197859975e-07,1.1409200851630885e-05,4.617810554918833e-05,1.587123733770568e-05,0.8992982334032775,0.00015562769840471447
,,,2.6743418341502547,,0.999941580594875,7.405575651272579e-12,0.015127803860198226,0.005409125005826354,calibrated,,0.0,0,0.005409125005826354,600,kink,0.992857409166665,3.3693721735727475e-07,2.498061439837329e-05,3.6786099371965975e-05,1.234289629792329e-05,0.9931470989444133,0.00016444608627352864
,,,3.085494166938588,,0.9998644385101599,4.2272135571740225e-14,0.020239958268127283,0.005409125005826354,calibrated,,0.0,0,0.005409125005826354,700,kink,-0.8622592887871907,1.9619388000427556e-07,6.143179689388489e-06,2.6433737730258144e-05,8.745351806282997e-06,-0.8629115406092783,7.764602196402848e-05
,,,3.5494409590028226,,0.9999206741451898,1.3046435205883858e-13,0.01617110067814293,0.005409125005826354,calibrated,,0.0,0,0.005409125005826354,800,kink,0.1782826028463698,1.1711155067973467e-07,5.211899406276643e-06,2.2396387066692114e-05,7.919614290585741e-06,0.17622054607675483,7.428303069900721e-05
,,,3.946678667096421,,0.9999053545006701,2.2358549908013918e-12,0.017318727177882107,0.005409125005826354,calibrated,,0.0,0,0.005409125005826354,900,kink,0.12914593405810362,3.569685879124543e-07,1.330063878413057e-05,1.6784342733444646e-05,6.045437658031005e-06,0.12604495477181243,0.00013432398554868996
,,,4.415333749959245,,0.9998933995663069,6.839251625161745e-12,0.023161189358372455,0.005409125005826354,calibrated,,0.0,0,0.005409125005826354,1000,kink,0.06379806914240325,4.131391230916582e-07,1.986937968467828e-05,2.0507948647718877e-05,1.708350464468822e-05,0.06576135281872715,0.00013915270392317325
,,,4.811586583964527,,0.9999132789697597,4.577472678920905e-13,0.01585811163275952,0.005409125005826354,calibrated,,0.0,0,0.005409125005826354,1100,kink,0.07585999751217286,3.28853420131258e-07,4.9148202379001305e-06,3.527562876115553e-05,5.526778841158375e-05,0.07526754993692553,9.39375240704976e-05
,,,5.32745616696775,,0.9999086472706415,1.297734960689128e-11,0.018883672404799167,0.005409125005826354,calibrated,,0.0,0,0.005409125005826354,1200,kink,-0.6766851048342135,4.1367390982480227e-07,1.8848440959118307e-05,4.486936086323112e-05,2.8123928132117726e-05,-0.6782271835858319,0.00012942630564793944
,,,5.724974249955267,,0.9998487136356036,7.84615536607741e-11,0.021178925404277515,0.005409125005826354,calibrated,,0.0,0,0.005409125005826354,1300,kink,-0.5902150213071718,4.190272117914464e-07,6.341828702716157e-05,2.0699544620583765e-05,2.777845111268107e-05,-0.5921757285285815,5.276545198285021e-05
,,,6.17557437508367,,0.9998714423501444,1.4958170281150948e-12,0.019092331768388107,0.005409125005826354,calibrated,,0.0,0,0.005409125005826354,1400,kink,-0.6412940270026704,1.3033895293145746e-07,3.912491592927836e-06,7.911864486231934e-06,3.5142288652423304e-06,-0.640776114818975,5.68524919799529e-05
,,,6.580112708965316,,0.9998658288108699,6.596845106281625e-12,0.024517475221700575,0.005409125005826354,calibrated,,0.0,0,0.005409125005826354,1500,kink,-0.23695389925612664,9.05873306318884e-08,1.094339313567616e-05,6.598355685127899e-05,5.397368295234628e-05,-0.23696481219586812,7.350109081016853e-05
,,,7.065803042147309,,0.9998891441085982,1.1899708260185584e-11,0.020239958268127283,0.005409125005826354,calibrated,,0.0,0,0.005409125005826354,1600,kink,0.5706178904221216,9.213809077595492e-08,1.5257774975907523e-05,7.428008757415228e-06,3.849679160339292e-06,0.5701486412079084,5.283810605760664e-05
,,,7.460324125131592,,0.9999083557509865,1.2207244499507058e-13,0.023995826812728223,0.005409125005826354,calibrated,,0.0,0,0.005409125005826354,1700,kink,-0.4905402148540824,6.580028547730149e-08,1.667542164796032e-06,5.725937626266386e-06,4.275411811249796e-06,-0.48859004915048315,4.067684858455323e-05
,,,7.924374584108591,,0.9999244661964031,9.110152638237995e-12,0.015440792905581638,0.005409125005826354,calibrated,,0.0,0,0.005409125005826354,1800,kink,0.11865598406435343,1.1507180685391809e-07,3.395016392460093e-05,1.3698240763915237e-05,1.9074803276453167e-05,0.1199220248526789,4.976146010449156e-05
,,,8.351971833966672,,0.9998384565905467,2.5238198332424438e-11,0.012832550860719875,0.005409125005826354,calibrated,,0.0,0,0.005409125005826354,1900,kink,0.7762091946877676,9.47284523332743e-08,1.8961251043947414e-05,2.7548087018658407e-05,3.6524172173812985e-05,0.7762447970048274,4.436961899045855e-05
,,,8.848898333963007,,0.9998587679192349,2.856487395885687e-13,0.019092331768388107,0.005409125005826354,calibrated,,0.0,0,0.005409125005826354,2000,kink,0.12929155270261847,1.9071158997571868e-07,2.1599164483632194e-06,4.685043677454814e-06,4.16066313846386e-06,0.1275211942168278,6.093966294429265e-05
,,,0.002913333009928465,,,,,0.005409125005826354,adaptive,,0.0,0,0.005409125005826354,0,kink,,,,0.021428147330880165,0.014893067069351673,,2.8336340619716793e-05
,,,0.41257837507873774,,0.9998816371712792,2.7124323666089777e-11,0.010119979134063642,0.005409125005826354,adaptive,,0.0,0,0.005409125005826354,100,kink,0.9461262566539049,1.670428636097454e-07,0.00027314480394124985,0.0007859746692702174,0.0002821398084051907,0.9459289259322561,5.4282649216474965e-05
,,,0.8852035000454634,,0.9999046031784674,1.85779141941356e-12,0.01773604590505999,0.005409125005826354,adaptive,,0.004904992878437042,0,0.010314117884263396,200,kink,0.13745318156507325,1.839933099619316e-08,5.10606259922497e-05,0.0001940637012012303,7.263674342539161e-05,0.13490396748626837,9.280896847485565e-06
,,,1.2788984579965472,,0.9998616340452323,2.8300194354840116e-12,0.01387584767866458,0.005409125005826354,adaptive,,0.01008978532627225,0,0.015498910332098603,300,kink,0.346991613812618,2.7593935730768002e-08,3.6384022678248584e-05,0.00013340525038074702,4.66471683466807e-05,0.34775389564027837,1.8471360817784443e-05
,,,1.7637538749258965,,0.9999332585437308,2.1760549267275653e-12,0.016588419405320815,0.005409125005826354,adaptive,,0.015275741461664438,0,0.020684866467490792,400,kink,-0.163963029727941,5.3240599146323494e-08,2.8202466637594625e-05,8.000962407095358e-05,2.5071092750295065e-05,-0.16380014757799927,2.6083996999659576e-05
,,,2.1772886670660228,,0.9999212153168523,6.1458722491853e-13,0.01387584767866458,0.005409125005826354,adaptive,,0.02033544983714819,0,0.025744574842974544,500,kink,0.6756181184929241,3.6976268189905044e-08,1.1915654795302544e-05,4.964460458722897e-05,1.8220976926386356e-05,0.6753198240803128,3.7015262932982296e-05
,,,2.6893609170801938,,0.9999320517165097,1.1923749031227895e-13,0.012936880542514346,0.005409125005826354,adaptive,,0.025322451256215572,0,0.030731576262041926,600,kink,-0.35129962972756823,7.718639381155151e-08,1.0403232408862095e-05,3.11847215925809e-05,1.0771512279461604e-05,-0.35043480501313923,4.140269447816536e-05
,,,3.114387833047658,,0.9999211261318569,2.5471141262169853e-13,0.017110067814293167,0.005409125005826354,adaptive,,0.03055465780198574,0,0.035963782807812095,700,kink,0.6492676703329058,6.626503842281881e-08,7.068642844387796e-06,2.459004463162273e-05,8.476550647174008e-06,0.6498818320186032,4.5569500798592344e-05
,,,3.6218799999915063,,0.9999365328776968,2.4840241960242766e-13,0.018466353677621283,0.005409125005826354,adaptive,,0.035646409494802356,0,0.04105553450062871,800,kink,0.22547042729019492,6.682470349584299e-08,6.197832590260077e-06,1.9435814465396106e-05,8.743943908484653e-06,0.22479115245387582,4.1198625694960356e-05
,,,4.021924500120804,,0.999910899713402,1.5763698913320075e-12,0.017214397496087636,0.005409125005826354,adaptive,,0.04076016042381525,0,0.046169285429641604,900,kink,0.41596020824475455,7.034159292562856e-08,8.941428859543521e-06,1.96616801986238e-05,9.912673704093322e-06,0.4155461428763849,5.0345752242719755e-05
,,,4.454953707987443,,0.9998846761682495,2.504338552308488e-12,0.017214397496087636,0.005409125005826354,adaptive,,0.0457622017711401,0,0.05117132677696645,1000,kink,-0.6211263016283936,9.059159076995069e-08,1.0316985026292969e-05,1.7366761312587187e-05,1.410270942869829e-05,-0.619623113209993,6.700214726151899e-05
,,,4.861740667140111,,0.9998496530514992,1.0091932738834563e-11,0.01387584767866458,0.005409125005826354,adaptive,,0.051143413642421365,0,0.05655253864824772,1100,kink,0.08288083055920388,1.2193004144919795e-07,1.2252737178641837e-05,9.387244972458575e-06,6.465393198595848e-06,0.08527083935679368,4.299903230275959e-05
,,,5.336548916995525,,0.9999040707345905,2.2719850586794974e-12,0.020239958268127283,0.005409125005826354,adaptive,,0.05642428761348128,0,0.06183341261930764,1200,kink,0.434613710527884,8.014702479212634e-08,5.190971478441497e-06,2.186642086599022e-05,9.89153249975061e-06,0.4354697503052931,5.9926362155238166e-05
,,,5.7422482499387115,,0.9999106528393905,7.511524780906513e-12,0.022430881585811163,0.005409125005826354,adaptive,,0.06143603823147714,0,0.0668451632373035,1300,kink,0.5865094178557708,6.134263387139527e-08,1.1263107808190398e-05,7.541669674537843e-06,7.066977104841499e-06,0.5865721929021275,6.443313759518787e-05
,,,6.206091542029753,,0.9999057813474826,4.257544191745201e-12,0.01992696922274387,0.005409125005826354,adaptive,,0.0667035011574626,0,0.07211262616328895,1400,kink,-0.5400013595046049,1.511365078774883e-07,1.4910472600604407e-05,9.10947892407421e-06,3.217047378711868e-06,-0.5368859917916885,5.961772330920212e-05
,,,6.615013000089675,,0.999921734479185,5.2967447758588145e-11,0.012728221178925404,0.005409125005826354,adaptive,,0.071890500606969,0,0.07729962561279535,1500,kink,0.8341870934065224,1.059135040303452e-07,7.98163382569328e-05,2.0487372239585966e-05,1.4621693480876274e-05,0.8342315809973854,3.824272062047385e-05
,,,7.0811326671391726,,0.9999038071273391,2.827607978264995e-13,0.015232133541992697,0.005409125005826354,adaptive,,0.07695566746406257,0,0.08236479246988893,1600,kink,0.6869921656307589,9.733338546835776e-08,1.6163922964551602e-06,7.508037924708333e-06,2.368782816120074e-06,0.6848672104997185,3.7655612686648965e-05
,,,7.512525083031505,,0.9999254357083623,3.14785491834894e-13,0.01784037558685446,0.005409125005826354,adaptive,,0.08364941878244281,0,0.08905854378826916,1700,kink,-0.6636072813462507,9.70306267266787e-08,1.683335540292319e-06,6.20770379100577e-06,2.092053364322055e-06,-0.6643418797666368,3.6158460716251284e-05
,,,7.945367750013247,,0.9999039256474525,1.4409993500658805e-11,0.02034428794992175,0.005409125005826354,adaptive,,0.08881587511859834,0,0.0942250001244247,1800,kink,0.4158441346346876,9.042472556890597e-08,2.257701453345362e-05,7.367389116552658e-06,3.6761741739610443e-06,0.41500511180453187,3.331980042275973e-05
,,,8.362815417116508,,0.9999133805423099,9.20543412184889e-13,0.01773604590505999,0.005409125005826354,adaptive,,0.09435841627418995,0,0.0997675412800163,1900,kink,-0.672111990324022,9.253285033808925e-08,2.8647496037592646e-06,7.000239293120103e-06,7.507800091843819e-06,-0.671607227288068,3.393539373064414e-05
,,,8.784541707951576,,0.9998939901937474,2.5960764685638544e-11,0.015336463223787167,0.005409125005826354,adaptive,,0.09945229161530733,0,0.10486141662113369,2000,kink,0.2746922050971575,1.6775345848483187e-07,3.098849265370518e-05,6.069660230423324e-06,7.738109161437023e-06,0.27308822934064103,5.3743049647891894e-05
,,,0.0020316250156611204,0.1131010577082634,,,,0.0,fp32,,0.0,0,0.0,0,plateau,,,,0.13931286334991455,0.11814489215612411,,0.0
,,,0.07837516604922712,0.0007293878588825464,0.9999999999999971,0.0,0.0,0.0,fp32,,0.0,0,0.0,100,plateau,0.9999999999999971,0.0,0.001442102831788361,0.003090533195063472,0.0011837336933240294,0.9999999999999971,0.0
,,,0.14895512512885034,0.00014005838602315634,0.9999999999999983,0.0,0.0,0.0,fp32,,0.0,0,0.0,200,plateau,0.9999999999999983,0.0,0.00019602822430897504,0.00028610884328372777,0.00016816229617688805,0.9999999999999983,0.0
,,,0.2180697910953313,6.594690785277635e-05,0.9999999999999984,0.0,0.0,0.0,fp32,,0.0,0,0.0,300,plateau,0.9999999999999984,0.0,8.89606453711167e-05,0.00012636354949790984,7.757263665553182e-05,0.9999999999999984,0.0
,,,0.28417008300311863,5.3910469432594255e-05,0.999999999999998,0.0,0.0,0.0,fp32,,0.0,0,0.0,400,plateau,0.999999999999998,0.0,5.60761327506043e-05,7.316211849683896e-05,5.7614986872067675e-05,0.999999999999998,0.0
,,,0.3497916250489652,2.5577235646778718e-05,0.999999999999999,0.0,0.0,0.0,fp32,,0.0,0,0.0,500,plateau,0.999999999999999,0.0,2.543077789596282e-05,4.3630028812913224e-05,2.905106157413684e-05,0.999999999999999,0.0
,,,0.4162865411490202,1.8089924196829088e-05,0.9999999999999987,0.0,0.0,0.0,fp32,,0.0,0,0.0,600,plateau,0.9999999999999987,0.0,2.2142594389151782e-05,3.425814429647289e-05,2.1201110939728096e-05,0.9999999999999987,0.0
,,,0.48379862518049777,1.3239467079984024e-05,0.9999999999999983,0.0,0.0,0.0,fp32,,0.0,0,0.0,700,plateau,0.9999999999999983,0.0,2.1251065845717676e-05,2.7434554795036092e-05,1.5970970707712695e-05,0.9999999999999983,0.0
,,,0.5524814580567181,9.214880265062675e-06,0.9999999999999991,0.0,0.0,0.0,fp32,,0.0,0,0.0,800,plateau,0.9999999999999991,0.0,1.1332263966323808e-05,2.256350671814289e-05,1.1783503396145534e-05,0.9999999999999991,0.0
,,,0.6192095000296831,7.030263532215031e-06,0.9999999999999996,0.0,0.0,0.0,fp32,,0.0,0,0.0,900,plateau,0.9999999999999996,0.0,1.2331522157182917e-05,3.25600994983688e-05,1.1942869605263695e-05,0.9999999999999996,0.0
,,,0.6871803330723196,7.215219739009626e-06,0.9999999999999991,0.0,0.0,0.0,fp32,,0.0,0,0.0,1000,plateau,0.9999999999999991,0.0,1.1090471161878668e-05,1.9553888705559075e-05,9.589500223228242e-06,0.9999999999999991,0.0
,,,0.7601289160083979,5.764567049482139e-06,0.9999999999999987,0.0,0.0,0.0,fp32,,0.0,0,0.0,1100,plateau,0.9999999999999987,0.0,1.1401855772419367e-05,1.7300066247116774e-05,7.98429664428113e-06,0.9999999999999987,0.0
,,,0.8311147501226515,2.966124884551391e-05,0.9999999999999997,0.0,0.0,0.0,fp32,,0.0,0,0.0,1200,plateau,0.9999999999999997,0.0,1.9848277588607743e-05,2.123133890563622e-05,2.803911229420919e-05,0.9999999999999997,0.0
,,,0.9030032081063837,2.1301579181454144e-05,0.999999999999999,0.0,0.0,0.0,fp32,,0.0,0,0.0,1300,plateau,0.999999999999999,0.0,1.7343958461424336e-05,1.969884760910645e-05,2.0993169528082944e-05,0.999999999999999,0.0
,,,0.9742153331171721,4.720277047454147e-06,0.9999999999999988,0.0,0.0,0.0,fp32,,0.0,0,0.0,1400,plateau,0.9999999999999988,0.0,1.790261740097776e-05,3.773679054575041e-05,1.1073514542658813e-05,0.9999999999999988,0.0
,,,1.0475531660486013,8.85257850313792e-06,0.9999999999999988,0.0,0.0,0.0,fp32,,0.0,0,0.0,1500,plateau,0.9999999999999988,0.0,1.3207960364525206e-05,2.4173199562937953e-05,1.1800664651673287e-05,0.9999999999999988,0.0
,,,1.1145223751664162,4.937992343911901e-05,0.9999999999999987,0.0,0.0,0.0,fp32,,0.0,0,0.0,1600,plateau,0.9999999999999987,0.0,7.523555541411042e-05,5.952987339696847e-05,5.1333037845324725e-05,0.9999999999999987,0.0
,,,1.1813833331689239,7.579989869554993e-06,0.999999999999999,0.0,0.0,0.0,fp32,,0.0,0,0.0,1700,plateau,0.999999999999999,0.0,5.829085239383858e-06,3.08411217702087e-05,1.2056036212015897e-05,0.999999999999999,0.0
,,,1.2472286249976605,8.419824553129729e-06,0.9999999999999992,0.0,0.0,0.0,fp32,,0.0,0,0.0,1800,plateau,0.9999999999999992,0.0,8.549850463168696e-06,1.4411035408556927e-05,9.572690032655373e-06,0.9999999999999992,0.0
,,,1.3143896250985563,2.290357770107221e-06,0.9999999999999979,0.0,0.0,0.0,fp32,,0.0,0,0.0,1900,plateau,0.9999999999999979,0.0,4.765785433846759e-06,1.2995581528230105e-05,4.350321887613973e-06,0.9999999999999979,0.0
,,,1.381804833188653,8.403059473494068e-05,0.9999999999999993,0.0,0.0,0.0,fp32,,0.0,0,0.0,2000,plateau,0.9999999999999993,0.0,6.915853737154976e-05,3.311036198283546e-05,7.423220085911453e-05,0.9999999999999993,0.0
,,,0.002724624937400222,0.11441362649202347,,,,0.0,fixed-e4m3,,0.0,0,0.0,0,plateau,,,,0.1381034255027771,0.11897215992212296,,0.00015859138511586934
,,,0.5016695829108357,0.0011694695567712188,0.9995757607812925,4.125511689162165e-09,0.00010432968179447053,0.0,fixed-e4m3,,0.0,0,0.0,100,plateau,0.8585559410732195,2.39545901127351e-06,0.0019709295593202114,0.003812996670603752,0.0016781528247520328,0.8595513351801304,0.00025230576284229755
,,,0.9420645828358829,0.0001489285787101835,0.9997031991174877,8.238006534195292e-11,0.00031298904538341156,0.0,fixed-e4m3,,0.0,0,0.0,200,plateau,0.32543003992023933,1.8733310518520425e-06,0.00022814315161667764,0.0003546284278854728,0.00018851060303859413,0.3243981975236856,0.00026209294446744025
,,,1.4120728329289705,8.450001041637734e-05,0.9996654996810684,1.7564293557836297e-10,0.00020865936358894105,0.0,fixed-e4m3,,0.0,0,0.0,300,plateau,-0.23987640658107895,3.3664345370989435e-06,0.00011219061707379296,0.00021399908291641623,0.0001094190010917373,-0.23938503657593443,0.00034914998104795814
,,,1.7991277079563588,0.00023447511193808168,0.9996477857851143,6.970132736906829e-10,0.0006259780907668231,0.0,fixed-e4m3,,0.0,0,0.0,400,plateau,0.660964054251976,3.4238905430934727e-06,0.0001408043026458472,0.00011401127994759008,0.00021129475499037653,0.6624500066779053,0.0003853277594316751
,,,2.2151081659831107,4.144024569541216e-05,0.9996112985729881,1.126962641733659e-10,0.0,0.0,fixed-e4m3,,0.0,0,0.0,500,plateau,-0.6162680324645055,9.670293521734837e-06,4.334904588176869e-05,7.146423740778118e-05,4.721764344139956e-05,-0.6141076784609273,0.0006724686245433986
,,,2.6187329159583896,7.564564293716103e-05,0.9995967341557785,2.2327264294535428e-10,0.00031298904538341156,0.0,fixed-e4m3,,0.0,0,0.0,600,plateau,-0.763846374986065,6.301128540132813e-06,5.760820204159245e-05,4.497679037740454e-05,6.974415009608492e-05,-0.7664449148419836,0.0005602655000984669
,,,3.028734999941662,8.153593080351129e-05,0.9995509144126361,1.3176891680277126e-10,0.0009389671361502347,0.0,fixed-e4m3,,0.0,0,0.0,700,plateau,-0.7555073403117635,5.37030314899261e-06,3.446160553721711e-05,0.0001494605967309326,9.460640285396948e-05,-0.7565726087687737,0.0004773736000061035
,,,3.4466329580172896,1.2588830031745601e-05,0.9996303833965955,2.1551941410456957e-10,0.0,0.0,fixed-e4m3,,0.0,0,0.0,800,plateau,0.5439743923842445,6.090587239951554e-06,2.7915775717701763e-05,4.519933645497076e-05,1.8863942386815324e-05,0.548724466821129,0.0007276805699802935
,,,3.822183124953881,0.00010425889922771603,0.9997168596028893,4.5435730204724595e-10,0.00020865936358894105,0.0,fixed-e4m3,,0.0,0,0.0,900,plateau,-0.9686449941151829,7.357689175066105e-06,8.945523586589843e-05,5.2320960094220936e-05,9.426468750461936e-05,-0.9692642569008008,0.0005614100373350084
,,,4.3060446658637375,1.5973027984728105e-05,0.9995472586520904,3.624538726319707e-10,0.0,0.0,fixed-e4m3,,0.0,0,0.0,1000,plateau,0.8021601467695896,6.249183581586403e-06,5.984239760437049e-05,3.886923150275834e-05,2.0378853150759824e-05,0.8020939702327896,0.0009094708366319537
,,,4.716363708022982,0.0006347722955979407,0.9995916701721671,2.2478541210516055e-10,0.0,0.0,fixed-e4m3,,0.0,0,0.0,1100,plateau,0.8211960186926504,3.933718870545496e-06,5.139899076311849e-05,8.179788710549474e-05,0.0005283656064420938,0.8240120409284305,0.0004884646623395383
,,,5.123839624924585,8.257797890109941e-05,0.9997375209130307,1.490322257359696e-10,0.00010432968179447053,0.0,fixed-e4m3,,0.0,0,0.0,1200,plateau,0.07865765972059945,4.393525308113876e-06,8.49212083267048e-05,2.5311950594186783e-05,7.155849743867293e-05,0.07999166706792281,0.0008061164407990873
,,,5.556454624980688,0.0001837802556110546,0.9997114955527082,1.6469751486511153e-10,0.00010432968179447053,0.0,fixed-e4m3,,0.0,0,0.0,1300,plateau,0.6903579140273874,4.900831401216619e-06,7.608483429066837e-05,0.000118565461889375,0.00017123120778705925,0.6893674005767342,0.0011170207289978862
,,,5.932253582868725,3.528552770148963e-05,0.9996044451923916,1.4877917815874077e-10,0.00010432968179447053,0.0,fixed-e4m3,,0.0,0,0.0,1400,plateau,0.8216407091614204,6.537504582482627e-06,4.864289076067507e-05,0.00010196475341217592,4.8116347898030654e-05,0.8213015152384737,0.0008047199808061123
,,,6.3672723330091685,3.133887003059499e-05,0.9996920530610804,1.9559881232403003e-10,0.0,0.0,fixed-e4m3,,0.0,0,0.0,1500,plateau,-0.9164894165630846,7.976961960157465e-06,7.223648572107777e-05,2.8413824111339636e-05,3.0776020139455795e-05,-0.9175235726831604,0.001139656058512628
,,,6.757107499986887,1.6797706848592497e-05,0.9996573840983581,3.000493457754615e-10,0.00010432968179447053,0.0,fixed-e4m3,,0.0,0,0.0,1600,plateau,0.4507168986983977,7.207235541518993e-06,4.019130574306473e-05,2.2903350327396765e-05,1.7972590285353363e-05,0.448859252012845,0.0010295495158061385
,,,7.186355165904388,4.760557567351498e-05,0.9996610270807248,7.812751892782318e-11,0.0,0.0,fixed-e4m3,,0.0,0,0.0,1700,plateau,0.79937324849355,4.7225934308111895e-06,2.460465293552261e-05,2.4773287805146538e-05,4.3212050513830036e-05,0.7972239774814018,0.0009221142390742898
,,,7.579891749890521,0.00015179056208580732,0.9997512676996306,9.231022095757358e-11,0.00020865936358894105,0.0,fixed-e4m3,,0.0,0,0.0,1800,plateau,0.3249861819150329,2.334982638444689e-06,2.4548828150727786e-05,3.336633380968124e-05,0.00012900268484372646,0.3270093687392688,0.000642401457298547
,,,8.004755707923323,7.164299313444644e-05,0.9996923939706782,4.5254032098766254e-10,0.00010432968179447053,0.0,fixed-e4m3,,0.0,0,0.0,1900,plateau,-0.8021574211464104,3.916514069078969e-06,8.420617086812854e-05,3.6331421142676845e-05,6.484812183771282e-05,-0.8024972671653997,0.0005237456643953919
,,,8.407944957958534,6.819287227699533e-05,0.9997057211756782,3.552103714792857e-11,0.0,0.0,fixed-e4m3,,0.0,0,0.0,2000,plateau,0.11841006313360522,1.9238693469225594e-06,1.8469187125447206e-05,4.0384951716987416e-05,6.284190021688119e-05,0.12076930736784648,0.00037203787360340357
,,,0.0026865829713642597,0.11576344817876816,,,,0.0,fixed-e5m2,,0.0,0,0.0,0,plateau,,,,0.1467297226190567,0.12172217667102814,,0.0025586197152733803
,,,0.46100058290176094,0.0010060673812404275,0.9989518855499917,2.0669943322484644e-08,0.0,0.0,fixed-e5m2,,0.0,0,0.0,100,plateau,0.9610844159171312,3.2733860028704514e-06,0.0027089642826467752,0.005604137666523457,0.0018908556085079908,0.9620468570903753,0.0008956005913205445
,,,0.8939739998895675,0.00024148587544914335,0.9984699109958801,5.14349912640695e-10,0.0,0.0,fixed-e5m2,,0.0,0,0.0,200,plateau,-0.42286387591781005,8.135577143618977e-07,0.00024812103947624564,0.00042890312033705413,0.00027754984330385923,-0.4190075331392281,0.00031136078177951276
,,,1.3132207500748336,0.00010589548764983192,0.9986806357246272,1.938822082495934e-10,0.0,0.0,fixed-e5m2,,0.0,0,0.0,300,plateau,0.0712941557298382,5.645151964408344e-06,0.0001301816664636135,0.0001770933740772307,0.00011959581024711952,0.06607386712564386,0.0011041279649361968
,,,1.7395940420683473,0.0001145884016295895,0.9984027081580342,5.210459603355805e-10,0.0,0.0,fixed-e5m2,,0.0,0,0.0,400,plateau,-0.23096912374077727,9.165345265544107e-06,8.653610711917281e-05,0.00024634686997160316,0.0001399421744281426,-0.22967680511096442,0.0009759985259734094
,,,2.1520614998880774,4.354743941803463e-05,0.9986122709560885,4.08896996949841e-10,0.0,0.0,fixed-e5m2,,0.0,0,0.0,500,plateau,0.8834185357384838,7.641106845955764e-06,5.326072277966887e-05,7.876372546888888e-05,5.032396802562289e-05,0.8840865644765113,0.001858225092291832
,,,2.588952832855284,0.00016697171668056399,0.9986262991998691,8.842898792945819e-10,0.0,0.0,fixed-e5m2,,0.0,0,0.0,600,plateau,0.4473733522791527,7.318595068183507e-06,5.41962799616158e-05,6.72969181323424e-05,0.00014779168122913688,0.4467933597672417,0.0015553130069747567
,,,3.007481375010684,7.828030356904492e-05,0.9986195801744853,4.487492637607059e-10,0.0,0.0,fixed-e5m2,,0.0,0,0.0,700,plateau,0.9128987943974565,1.2059284579433035e-05,3.3743570384103805e-05,0.00016757547564338893,9.546300861984491e-05,0.9145619502293021,0.0014236412243917584
,,,3.4421382918953896,3.365537850186229e-05,0.998844892487151,3.4643290352581177e-09,0.0,0.0,fixed-e5m2,,0.0,0,0.0,800,plateau,0.2666406464789896,1.0553538686415948e-05,0.00014787324471399188,9.205345122609288e-05,4.4892691221321e-05,0.26348723941221797,0.001500587211921811
,,,3.8815181250683963,2.2107962649897672e-05,0.998383927361239,8.546299004171485e-09,0.0,0.0,fixed-e5m2,,0.0,0,0.0,900,plateau,-0.22686133048734997,9.300081731999228e-06,0.0002441568940412253,0.00018975754210259765,5.436810533865355e-05,-0.23400030149406595,0.001650771009735763
,,,4.31857604207471,1.6947082258411683e-05,0.9986575017234288,4.617836914833534e-10,0.0,0.0,fixed-e5m2,,0.0,0,0.0,1000,plateau,0.6588904510430158,3.8048939199312113e-06,3.480975647107698e-05,9.05762572074309e-05,3.1115250749280676e-05,0.660722729495966,0.0013501797802746296
,,,4.728634666884318,0.0001596192450961098,0.9983121476704545,9.666658007236796e-09,0.0,0.0,fixed-e5m2,,0.0,0,0.0,1100,plateau,0.3729377735023714,4.897168053316099e-06,0.00026492757024243474,7.525840192101896e-05,0.0001433860306860879,0.37976789610222317,0.0011327130487188697
,,,5.190837082918733,3.53305040334817e-05,0.9987605357436771,2.141136940004219e-10,0.0,0.0,fixed-e5m2,,0.0,0,0.0,1200,plateau,-0.6239454887695801,5.000442438352278e-06,2.655363641679287e-05,4.1164814319927245e-05,3.645317701739259e-05,-0.6248838956366908,0.0010858275927603245
,,,5.599485999904573,0.0002119652199326083,0.9989627375527468,3.5608714862413894e-10,0.0,0.0,fixed-e5m2,,0.0,0,0.0,1300,plateau,0.18031253410682258,6.245823023482082e-06,3.255681076552719e-05,5.1756782340817153e-05,0.00018113695841748267,0.18020424332445462,0.00103473209310323
,,,6.061801207950339,6.0743739595636725e-05,0.9987659745372481,7.491708204858958e-10,0.0,0.0,fixed-e5m2,,0.0,0,0.0,1400,plateau,0.4029532644850365,1.7368939652106254e-06,4.075758624821901e-05,0.0003162384673487395,0.0001099075743695721,0.401711831134606,0.0007946599507704377
,,,6.44902537507005,4.006566450698301e-05,0.9986793767927337,3.185451260457182e-09,0.0,0.0,fixed-e5m2,,0.0,0,0.0,1500,plateau,0.72991817866971,1.3876470162135795e-06,0.00013714612578041852,5.9206518926657736e-05,4.374885611468926e-05,0.7233529368630384,0.0007813291740603745
,,,6.8865414168685675,7.599865057272837e-05,0.9986579239677944,4.978011178643144e-09,0.0,0.0,fixed-e5m2,,0.0,0,0.0,1600,plateau,0.8045993854411176,2.024910304091192e-06,0.00014033581828698516,5.870980385225266e-05,7.267181354109198e-05,0.8069537772662031,0.0009703097748570144
,,,7.270048541948199,0.004433153197169304,0.998779434705621,1.8617651247413068e-07,0.0,0.0,fixed-e5m2,,0.0,0,0.0,1700,plateau,0.7268537189916359,4.4235484111930156e-05,0.0066173868253827095,0.0031743538565933704,0.004190927371382713,0.7272149848419927,0.002141663571819663
,,,7.736448667012155,5.2025636250618845e-05,0.9988285372309786,1.756052940037271e-10,0.0,0.0,fixed-e5m2,,0.0,0,0.0,1800,plateau,0.04204433204771963,3.4039048116463902e-06,2.105431485688314e-05,0.00016078380576800555,7.295353861991316e-05,0.041016116078769246,0.00045461440458893776
,,,8.155775042017922,0.00014114982332102954,0.9988641141642297,1.2075971594483274e-09,0.0,0.0,fixed-e5m2,,0.0,0,0.0,1900,plateau,-0.9151475273725406,3.861121367918339e-06,0.00011279575119260699,5.210313975112513e-05,0.00012401492858771235,-0.9172513099494577,0.0004129782901145518
,,,8.548532417044044,1.7179108908749186e-05,0.9984970055915151,3.496567874347909e-10,0.0,0.0,fixed-e5m2,,0.0,0,0.0,2000,plateau,0.523851235262608,7.958579081315683e-06,6.584257789654657e-05,0.00023747561499476433,5.9569883887888864e-05,0.519444633431839,0.0009347370942123234
,,,0.0031613751780241728,0.11441362649202347,,,,0.0,fixed-hybrid,,0.0,0,0.0,0,plateau,,,,0.1381034255027771,0.11897215992212296,,0.00015859138511586934
,,,0.48721404117532074,0.0011157910339534283,0.9987416063160992,9.586293289262152e-09,0.0,0.0,fixed-hybrid,,0.0,0,0.0,100,plateau,0.8979148276644757,6.760109332214959e-06,0.0017965552397072315,0.004341088235378265,0.0017364221857860684,0.8987950645687759,0.0005831812741234899
,,,0.9324314161203802,0.0002427051222184673,0.9988270565100893,2.601174927332658e-10,0.0,0.0,fixed-hybrid,,0.0,0,0.0,200,plateau,-0.8170391144005007,3.5242289516757038e-06,0.00022148525749798864,0.0003103265189565718,0.00025571725564077497,-0.8154797924729192,0.0005595492548309267
,,,1.3368005831725895,0.00010051546269096434,0.9990580003445764,7.369642077797042e-10,0.0,0.0,fixed-hybrid,,0.0,0,0.0,300,plateau,-0.2751693308801572,3.360455559580704e-06,0.0001549609296489507,0.00013781696907244623,0.00010769323853310198,-0.27853206965095373,0.0004383894265629351
,,,1.7796372910961509,8.046505536185578e-05,0.998660555875185,1.359612930455801e-10,0.0,0.0,fixed-hybrid,,0.0,0,0.0,400,plateau,-0.44790782437457044,4.916656115082529e-06,5.397452332545072e-05,8.117876132018864e-05,8.060238906182349e-05,-0.44735507911075184,0.0005393888568505645
,,,2.2035980001091957,0.00022443622583523393,0.9989585310997424,1.0350535083006517e-09,0.0,0.0,fixed-hybrid,,0.0,0,0.0,500,plateau,0.6984308181430008,5.610603072867958e-06,6.968660454731435e-05,8.390768925892189e-05,0.00019739486742764711,0.7014411898506764,0.0005466460133902729
,,,2.608039541170001,9.165646770270541e-05,0.9987922048492943,4.623752322969301e-10,0.0,0.0,fixed-hybrid,,0.0,0,0.0,600,plateau,0.9864572672138979,5.198622595747667e-06,3.768839087570086e-05,9.598499309504405e-05,9.248938295058906e-05,0.9864589616206783,0.0005618837894871831
,,,3.072020791005343,8.798950875643641e-05,0.9983928965376773,2.4507774348385707e-09,0.0,0.0,fixed-hybrid,,0.0,0,0.0,700,plateau,0.8783122610520084,1.9228534651132575e-06,8.711817645234987e-05,6.282049434958026e-05,8.314633305417374e-05,0.8808912660712597,0.0003722237888723612
,,,3.65730445808731,3.9127524360083044e-05,0.9984821444179889,4.5553407368948745e-10,0.0,0.0,fixed-hybrid,,0.0,0,0.0,800,plateau,0.9417287440941864,2.134736109207257e-06,2.639892409206368e-05,5.7615663536125794e-05,4.268511838745326e-05,0.9406081350984853,0.0003734503989107907
,,,4.1021095411852,2.5496510716038756e-05,0.9987058587423593,6.029347436379833e-10,0.0,0.0,fixed-hybrid,,0.0,0,0.0,900,plateau,0.2712264649661687,2.5199134718498574e-06,2.8351556466077454e-05,0.0004351353272795677,0.00010432168346596882,0.2651077293249741,0.0003697017964441329
,,,4.552800208097324,0.00027393948403187096,0.9987509856671954,2.0490162439897978e-10,0.0,0.0,fixed-hybrid,,0.0,0,0.0,1000,plateau,-0.9952730383246294,1.3483724337526503e-06,2.4077928173937835e-05,5.972982762614265e-05,0.0002327199763385579,-0.9964064564723877,0.0004099819634575397
,,,4.999833208043128,0.00014141647261567414,0.9980429877788832,2.5303667693443168e-09,0.0,0.0,fixed-hybrid,,0.0,0,0.0,1100,plateau,0.45008459984946625,1.8145156366544578e-06,7.58591340854764e-05,0.00019712315406650305,0.00015213587903417647,0.45617635262682515,0.0004445776285137981
,,,5.468806958058849,8.114042429951951e-05,0.9984434310163618,1.4000658805045792e-10,0.0,0.0,fixed-hybrid,,0.0,0,0.0,1200,plateau,-0.4931566753682084,2.123850157330893e-06,5.185882037039846e-05,3.7190940929576755e-05,7.268339686561376e-05,-0.4936972759030328,0.0003064980264753103
,,,5.897436666069552,5.850768866366707e-05,0.9985162422138297,6.701487257048581e-09,0.0,0.0,fixed-hybrid,,0.0,0,0.0,1300,plateau,-0.09833628073832128,3.907901398268437e-06,0.00019321103172842413,0.00013616224168799818,7.34504428692162e-05,-0.09343005454110427,0.0002985030587296933
,,,6.295842125080526,6.250353180803359e-05,0.9987680546313668,2.7531887179809722e-09,0.0,0.0,fixed-hybrid,,0.0,0,0.0,1400,plateau,0.5291882565357026,3.7905757230669528e-06,9.080201562028378e-05,8.5677151218988e-05,6.696273339912295e-05,0.5347339485193429,0.0005202593165449798
,,,6.750233250204474,0.00015787123993504792,0.9986457081037844,1.2620280505495391e-09,0.0,0.0,fixed-hybrid,,0.0,0,0.0,1500,plateau,-0.6510376143901895,4.0040908357530235e-06,4.734937829198316e-05,0.00018543000624049455,0.00016317424888256937,-0.6540957650885229,0.0004460992640815675
,,,7.166444750037044,7.52377018216066e-05,0.9988535395591808,2.058019585674961e-09,0.0,0.0,fixed-hybrid,,0.0,0,0.0,1600,plateau,0.07235948078048433,3.791882677402734e-06,0.00016800229786895216,3.358267713338137e-05,6.722218677168712e-05,0.0717157711208493,0.00041593899368308485
,,,7.575722625013441,1.2469603461795487e-05,0.9990784119632756,1.3174187440573133e-10,0.0,0.0,fixed-hybrid,,0.0,0,0.0,1700,plateau,-0.6981000999514957,2.086257758151504e-06,1.595118192199152e-05,3.488175570964813e-05,1.6782283637439832e-05,-0.7004647920660398,0.0004044035158585757
,,,7.983033833093941,4.609482130035758e-05,0.9984997754494681,1.0882813245452332e-10,0.0,0.0,fixed-hybrid,,0.0,0,0.0,1800,plateau,0.3707406579075477,1.6922491009839686e-06,2.6519099264987744e-05,0.0007791384123265743,0.00018715148326009512,0.37348262105170943,0.00040884947520680726
,,,8.417379833059385,9.216872422257438e-05,0.9989797743156592,2.6828425566697353e-09,0.0,0.0,fixed-hybrid,,0.0,0,0.0,1900,plateau,-0.368067709290419,2.1569780912164327e-06,0.00012124017666792497,3.078608642681502e-05,8.035710925469175e-05,-0.36840682220190096,0.00038540587411262095
,,,8.828923833090812,5.136438267072663e-05,0.9989281526073468,7.830728864931099e-10,0.0,0.0,fixed-hybrid,,0.0,0,0.0,2000,plateau,-0.6968136747254825,3.4034841482607047e-06,3.6281897337175906e-05,2.6311055989935994e-05,4.654347139876336e-05,-0.6992278140174033,0.00039057323010638356
,,,0.0026962498668581247,0.11279740184545517,,,,0.0052729579620063305,calibrated,,0.0,0,0.0052729579620063305,0,plateau,,,,0.140426367521286,0.1181139424443245,,0.00013556155317928642
,,,0.44293879182077944,0.0006986873340792954,0.9998883549964557,6.896746038542826e-10,0.02576943140323422,0.0052729579620063305,calibrated,,0.0,0,0.0052729579620063305,100,plateau,0.8781032350340665,8.746871877563275e-07,0.0015112668043002486,0.003100286005064845,0.0011608173372223973,0.877406381537552,0.00016576329653616995
,,,0.8813925827853382,0.00016003940254449844,0.999928865048038,6.182927644453607e-12,0.01742305685967658,0.0052729579620063305,calibrated,,0.0,0,0.0052729579620063305,200,plateau,0.8796892216814756,3.9148612398674625e-07,0.0002225425123469904,0.00034730578772723675,0.0001960743247764185,0.8796329251586148,6.640546780545264e-05
,,,1.3211573748849332,7.012507558101788e-05,0.9999050176661936,1.2516619217695426e-11,0.01992696922274387,0.0052729579620063305,calibrated,,0.0,0,0.0052729579620063305,300,plateau,0.8971445217753564,6.133562445641031e-07,9.155536099569872e-05,0.00016301320283673704,8.799916395219043e-05,0.89810095513717,0.0001221568090841174
,,,1.7712263748981059,5.6212076742667705e-05,0.9999454088048275,2.076428325567199e-10,0.014919144496609285,0.0052729579620063305,calibrated,,0.0,0,0.0052729579620063305,400,plateau,0.9831813595818913,8.400180919427559e-07,0.0001708909112494439,8.58991697896272e-05,6.192464934429154e-05,0.9831675697472219,9.509758820058778e-05
,,,2.1732394169084728,2.6151530619245023e-05,0.9999091850100049,2.745519866645904e-12,0.015440792905581638,0.0052729579620063305,calibrated,,0.0,0,0.0052729579620063305,500,plateau,-0.904889041604159,1.3994510634482409e-06,2.7357798899174668e-05,4.3976790038868785e-05,2.95815771096386e-05,-0.9051144553174244,0.00011982453725067899
,,,2.6406823329161853,2.2439908207161352e-05,0.9998849144897006,6.185578510808626e-12,0.016901408450704224,0.0052729579620063305,calibrated,,0.0,0,0.0052729579620063305,600,plateau,0.0677527935212318,1.6682686486312381e-06,2.3864989998401143e-05,4.117903517908417e-05,2.6045805498142727e-05,0.06896880545252838,0.00013842621410731226
,,,3.0628509169910103,1.2457684533728752e-05,0.9999064783885612,7.40027402371642e-11,0.020865936358894107,0.0052729579620063305,calibrated,,0.0,0,0.0052729579620063305,700,plateau,-0.8821469181102888,1.271115112988355e-06,5.024037091061473e-05,5.290255285217427e-05,2.0240329831722192e-05,-0.8819771754080857,0.00017111307533923537
,,,3.4953748749103397,8.555549720767885e-05,0.9999103547021425,1.0553745190703203e-11,0.01794470526864893,0.0052729579620063305,calibrated,,0.0,0,0.0052729579620063305,800,plateau,0.420926372316514,1.8871752653215672e-06,1.5762856492074206e-05,2.3763841454638168e-05,7.36651782062836e-05,0.42070658264440924,0.00035419416963122785
,,,3.947447207989171,1.603464988875203e-05,0.9999072045562273,1.5460688377796242e-10,0.016901408450704224,0.0052729579620063305,calibrated,,0.0,0,0.0052729579620063305,900,plateau,0.9981543961574809,2.4660556995791926e-06,8.179034193744883e-05,2.1625086446874775e-05,1.7110394765040837e-05,0.9982891992485017,0.0003598942421376705
,,,4.338248124811798,9.367427264805883e-05,0.9999068360146446,1.0361664793605682e-10,0.012832550860719875,0.0052729579620063305,calibrated,,0.0,0,0.0052729579620063305,1000,plateau,0.6625891429737003,1.975780514167566e-06,7.257615652633831e-05,0.00016430103278253227,0.0001072646991815418,0.6635384438896914,0.00017531272897031158
,,,4.851986832916737,4.202372292638756e-05,0.9999116796630866,1.5052774192426298e-10,0.013354199269692228,0.0052729579620063305,calibrated,,0.0,0,0.0052729579620063305,1100,plateau,0.6982482578622694,2.2078165940334922e-06,8.066199370659888e-05,2.7416646844358183e-05,3.9212947740452364e-05,0.6984813119861928,0.00015194494335446507
,,,5.288728999905288,0.00010161397949559614,0.9999222274898447,1.1179467713095047e-10,0.016692749087115284,0.0052729579620063305,calibrated,,0.0,0,0.0052729579620063305,1200,plateau,0.8846775283641148,2.826747546519271e-06,7.800812454661354e-05,5.8582696510711685e-05,9.333364869235083e-05,0.8853178497438002,0.00029549203463830054
,,,5.688002249924466,4.335659832577221e-05,0.9999007455238282,1.0917604478420331e-10,0.017318727177882107,0.0052729579620063305,calibrated,,0.0,0,0.0052729579620063305,1300,plateau,0.591924775367335,1.873428030336911e-06,8.237043221015483e-05,3.7305937439668924e-05,4.2192292312392965e-05,0.5915270043132008,0.00021383749844972044
,,,6.09070024988614,0.00011760819324990734,0.9999180974570439,6.11719092256672e-11,0.010745957224830464,0.0052729579620063305,calibrated,,0.0,0,0.0052729579620063305,1400,plateau,0.8786443252819442,3.2873843685460645e-06,4.554932456812821e-05,5.2724015404237434e-05,0.00010512278822716326,0.8786880698597037,0.0002661227190401405
,,,6.571785082807764,5.018477531848475e-05,0.9999122155351623,9.801317926504391e-12,0.0198226395409494,0.0052729579620063305,calibrated,,0.0,0,0.0052729579620063305,1500,plateau,-0.08443086882512292,1.9381303074120227e-06,3.404357630643062e-05,5.9660411352524534e-05,5.200813393457793e-05,-0.08421748758870656,0.00020961862173862755
,,,6.993353958008811,7.4895747275149915e-06,0.9999179965796194,8.023219164780707e-11,0.02201356285863328,0.0052729579620063305,calibrated,,0.0,0,0.0052729579620063305,1600,plateau,0.67009096574647,3.0218622177487444e-06,5.098763358546421e-05,3.6383047699928284e-05,1.3049431800027378e-05,0.6714935191918268,0.00023953005438670516
,,,7.409617041936144,0.00033083674497902393,0.9998852378043335,7.449970385551727e-11,0.015232133541992697,0.0052729579620063305,calibrated,,0.0,0,0.0052729579620063305,1700,plateau,-0.8161154434622346,1.424643226094488e-06,5.626415804727003e-05,0.00029616564279422164,0.0003241651284042746,-0.8167386821169631,4.714494207291864e-05
,,,7.839607416884974,0.00034988016705028713,0.9998927755574543,1.3896597592341826e-10,0.014293166405842462,0.0052729579620063305,calibrated,,0.0,0,0.0052729579620063305,1800,plateau,0.9289247649400952,6.309690031961949e-07,6.2893821450416e-05,9.919103467836976e-05,0.00030164109193719923,0.9288419337779867,0.00011906082363566384
,,,8.288004041882232,6.207315163919702e-05,0.9999052472443292,1.6957826331425972e-11,0.012832550860719875,0.0052729579620063305,calibrated,,0.0,0,0.0052729579620063305,1900,plateau,0.10579680271963153,8.276066113833743e-07,4.4196371163707227e-05,0.00020369108824525028,8.932413766160607e-05,0.10556080502854215,9.078425500774756e-05
,,,8.772040541982278,0.00018777159857563674,0.9998989675564139,1.6317438166549263e-10,0.012832550860719875,0.0052729579620063305,calibrated,,0.0,0,0.0052729579620063305,2000,plateau,0.7509086322205869,4.624429677304982e-07,6.058487997506745e-05,0.00018690920842345804,0.00018760564853437245,0.7516164463462455,0.00010489831038285047
,,,0.002853584010154009,0.11279740184545517,,,,0.0052729579620063305,adaptive,,0.0,0,0.0052729579620063305,0,plateau,,,,0.140426367521286,0.1181139424443245,,0.00013556155317928642
,,,0.6174274170771241,0.0006986873340792954,0.9998883549964557,6.896746038542826e-10,0.02576943140323422,0.0052729579620063305,adaptive,,0.0,0,0.0052729579620063305,100,plateau,0.8781032350340665,8.746871877563275e-07,0.0015112668043002486,0.003100286005064845,0.0011608173372223973,0.877406381537552,0.00016576329653616995
,,,1.0849308751057833,0.00016003940254449844,0.999928865048038,6.182927644453607e-12,0.01742305685967658,0.0052729579620063305,adaptive,,0.005476666148751974,0,0.010749624110758305,200,plateau,0.8796892216814756,3.9148612398674625e-07,0.0002225425123469904,0.00034730578772723675,0.0001960743247764185,0.8796329251586148,6.640546780545264e-05
,,,1.488664292031899,7.012507558101788e-05,0.9999163876879067,1.1119184403913036e-11,0.01992696922274387,0.0052729579620063305,adaptive,,0.010618500411510468,0,0.015891458373516798,300,plateau,0.8973822358039236,6.152742310575811e-07,9.155536099569872e-05,0.00016301320283673704,8.799916395219043e-05,0.8983285590527282,0.00012236234033480287
,,,1.9740384169854224,5.6212076742667705e-05,0.9999454088048275,2.076428325567199e-10,0.014919144496609285,0.0052729579620063305,adaptive,,0.016038706758990884,0,0.021311664720997214,400,plateau,0.9830828215168581,8.425323902577083e-07,0.0001708909112494439,8.58991697896272e-05,6.192464934429154e-05,0.9830686340674938,9.532226977171376e-05
,,,2.4159367501270026,2.6151530619245023e-05,0.9999091850100049,2.745519866645904e-12,0.015440792905581638,0.0052729579620063305,adaptive,,0.021239205496385694,0,0.026512163458392024,500,plateau,-0.9051938469784253,1.4028846804402024e-06,2.7357798899174668e-05,4.3976790038868785e-05,2.95815771096386e-05,-0.9054187374671473,0.00012016033724648878
,,,2.828555125044659,2.2439908207161352e-05,0.999906618025059,5.00531105803447e-12,0.016901408450704224,0.0052729579620063305,adaptive,,0.026253747520968318,0,0.03152670548297465,600,plateau,0.07077622427945833,1.6760470247005662e-06,2.3864989998401143e-05,4.117903517908417e-05,2.6045805498142727e-05,0.07094370976409858,0.00013909047993365675
,,,3.307077875128016,1.2457684533728752e-05,0.9999064783885612,7.40027402371642e-11,0.020865936358894107,0.0052729579620063305,adaptive,,0.03140254458412528,0,0.03667550254613161,700,plateau,-0.884728578488613,1.2773434189654113e-06,5.024037091061473e-05,5.290255285217427e-05,2.0240329831722192e-05,-0.8845628830132057,0.00017197267152369022
,,,3.714398375013843,8.555549720767885e-05,0.9999103547021425,1.0553745190703203e-11,0.01794470526864893,0.0052729579620063305,adaptive,,0.03650525282137096,0,0.04177821078337729,800,plateau,0.4189049959788241,1.8963954327090705e-06,1.5762856492074206e-05,2.3763841454638168e-05,7.36651782062836e-05,0.41868501939587544,0.0003556376905180514
,,,4.166149917058647,1.603464988875203e-05,0.9999072045562273,1.5460688377796242e-10,0.016901408450704224,0.0052729579620063305,adaptive,,0.04152466566301882,0,0.04679762362502515,900,plateau,0.9981061159722475,2.4730633176739552e-06,8.179034193744883e-05,2.1625086446874775e-05,1.7110394765040837e-05,0.9982437013960691,0.0003610377898439765
,,,4.567139792023227,9.367427264805883e-05,0.9999068360146446,1.0361664793605682e-10,0.012832550860719875,0.0052729579620063305,adaptive,,0.04737303778529167,0,0.052645995747298,1000,plateau,0.6633676886495631,1.9835193660152016e-06,7.257615652633831e-05,0.00016430103278253227,0.0001072646991815418,0.6643162853358582,0.00017613447562325746
,,,5.003180334111676,4.202372292638756e-05,0.9999116796630866,1.5052774192426298e-10,0.013354199269692228,0.0052729579620063305,adaptive,,0.05233007995411754,0,0.05760303791612387,1100,plateau,0.6967590559787425,2.2157542954938286e-06,8.066199370659888e-05,2.7416646844358183e-05,3.9212947740452364e-05,0.6969924717624597,0.00015270164294634014
,,,5.4429375000763685,0.00010161397949559614,0.9999222274898447,1.1179467713095047e-10,0.016692749087115284,0.0052729579620063305,adaptive,,0.057680453872308135,0,0.06295341183431447,1200,plateau,0.8856269671831475,2.8403111071999594e-06,7.800812454661354e-05,5.8582696510711685e-05,9.333364869235083e-05,0.8862653797547502,0.0002971177455037832
,,,5.864969500107691,4.335659832577221e-05,0.999922866794509,8.60437563271228e-11,0.017318727177882107,0.0052729579620063305,adaptive,,0.06288774707354605,0,0.06816070503555238,1300,plateau,0.593441670123891,1.8830104487004897e-06,8.237043221015483e-05,3.7305937439668924e-05,4.2192292312392965e-05,0.5925791918647322,0.00021524612384382635
,,,6.319740042090416,0.00011760819324990734,0.9999182587345772,6.102568939003056e-11,0.010745957224830464,0.0052729579620063305,adaptive,,0.06823553727008402,0,0.07350849523209035,1400,plateau,0.8786097761835072,3.2865209590249783e-06,4.554932456812821e-05,5.2724015404237434e-05,0.00010512278822716326,0.8787506690216268,0.00026604015147313476
,,,6.740767459152266,5.018477531848475e-05,0.9999122155351623,9.801317926504391e-12,0.0198226395409494,0.0052729579620063305,adaptive,,0.07353099482133985,0,0.07880395278334618,1500,plateau,-0.08451840942546615,1.93902713849824e-06,3.404357630643062e-05,5.9660411352524534e-05,5.200813393457793e-05,-0.08430519867771133,0.00020972389029338956
,,,7.205400167033076,7.4895747275149915e-06,0.9999179965796194,8.023219164780707e-11,0.02201356285863328,0.0052729579620063305,adaptive,,0.07873383001424372,0,0.08400678797625005,1600,plateau,0.669900938548624,3.022589538915253e-06,5.098763358546421e-05,3.6383047699928284e-05,1.3049431800027378e-05,0.6713038392235866,0.00023962522391229868
,,,7.687931959051639,0.00033083674497902393,0.9998852378043335,7.449970385551727e-11,0.015232133541992697,0.0052729579620063305,adaptive,,0.08483995706774294,0,0.09011291502974927,1700,plateau,-0.8161545258206339,1.425664881066793e-06,5.626415804727003e-05,0.00029616564279422164,0.0003241651284042746,-0.8167778271024361,4.717537376563996e-05
,,,8.09721012506634,0.00034988016705028713,0.9998953007878674,1.352409617469785e-10,0.014293166405842462,0.0052729579620063305,adaptive,,0.09024612279608846,0,0.09551908075809479,1800,plateau,0.9382051030229589,5.902874728701536e-07,6.2893821450416e-05,9.919103467836976e-05,0.00030164109193719923,0.9383536425823561,0.00011795108730439097
,,,8.755149667151272,6.207315163919702e-05,0.9999052472443292,1.6957826331425972e-11,0.012832550860719875,0.0052729579620063305,adaptive,,0.09557874826714396,0,0.1008517062291503,1900,plateau,0.12599131275142322,7.833545355493824e-07,4.4196371163707227e-05,0.00020369108824525028,8.932413766160607e-05,0.12574466335100468,8.56517581269145e-05
,,,9.202484625158831,0.00018777159857563674,0.9998993221430983,1.629326325651857e-10,0.012832550860719875,0.0052729579620063305,adaptive,,0.10151350172236562,0,0.10678645968437195,2000,plateau,0.7265487267353955,4.497223369945862e-07,6.058487997506745e-05,0.00018690920842345804,0.00018760564853437245,0.7273292458139128,0.00010295295942341909
,0.005857831332832575,0.004142168667167425,0.001968124881386757,,,,,0.0,fp32,,0.0,0,0.0,0,detail,,,,,0.42669907212257385,,0.0
,0.0015557212755084038,0.008444278724491596,0.07154383300803602,,0.9999999999999958,0.0,0.0,0.0,fp32,,0.0,0,0.0,100,detail,0.9999999999999958,0.0,0.16662919521331787,,0.17339953780174255,0.9999999999999958,0.0
,-0.0034219922963529825,0.013421992296352983,0.13977587479166687,,0.9999999999999988,0.0,0.0,0.0,fp32,,0.0,0,0.0,200,detail,0.9999999999999988,0.0,0.11625948548316956,,0.11580447852611542,0.9999999999999988,0.0
,-0.00048297690227627754,0.010482976902276278,0.22319358284585178,,0.9999999999999994,0.0,0.0,0.0,fp32,,0.0,0,0.0,300,detail,0.9999999999999994,0.0,0.027996156364679337,,0.03423479199409485,0.9999999999999994,0.0
,-0.00029162169084884226,0.010291621690848842,0.3180084580089897,,0.9999999999999979,0.0,0.0,0.0,fp32,,0.0,0,0.0,400,detail,0.9999999999999979,0.0,0.003945439122617245,,0.0040745544247329235,0.9999999999999979,0.0
,0.0003930057864636183,0.009606994213536382,0.39796187495812774,,0.9999999999999962,0.0,0.0,0.0,fp32,,0.0,0,0.0,500,detail,0.9999999999999962,0.0,0.0016963854432106018,,0.0016623993869870901,0.9999999999999962,0.0
,-0.0002840993693098426,0.010284099369309843,0.4751108749769628,,0.9999999999999963,0.0,0.0,0.0,fp32,,0.0,0,0.0,600,detail,0.9999999999999963,0.0,0.0013306461041793227,,0.0014364497037604451,0.9999999999999963,0.0
,-0.00032272672979161143,0.010322726729791612,0.5671197918709368,,1.0000000000000004,0.0,0.0,0.0,fp32,,0.0,0,0.0,700,detail,1.0000000000000004,0.0,0.0007688505575060844,,0.0010495004244148731,1.0000000000000004,0.0
,0.00012671650620177388,0.009873283493798226,0.6403079167939723,,0.9999999999999954,0.0,0.0,0.0,fp32,,0.0,0,0.0,800,detail,0.9999999999999954,0.0,0.0007275515235960484,,0.0009979077149182558,0.9999999999999954,0.0
,0.0006058458820916712,0.009394154117908329,0.7091033749748021,,0.9999999999999979,0.0,0.0,0.0,fp32,,0.0,0,0.0,900,detail,0.9999999999999979,0.0,0.0006442870944738388,,0.001596237882040441,0.9999999999999979,0.0
,5.513221913133748e-05,0.009944867780868663,0.7767877918668091,,0.9999999999999972,0.0,0.0,0.0,fp32,,0.0,0,0.0,1000,detail,0.9999999999999972,0.0,0.0007345902267843485,,0.0015702128876000643,0.9999999999999972,0.0
,-0.00026995677035301924,0.01026995677035302,0.8486426249146461,,0.9999999999999988,0.0,0.0,0.0,fp32,,0.0,0,0.0,1100,detail,0.9999999999999988,0.0,0.0009367858292534947,,0.0013344810577109456,0.9999999999999988,0.0
,-0.00039724548696540296,0.010397245486965403,0.9167600418440998,,0.9999999999999992,0.0,0.0,0.0,fp32,,0.0,0,0.0,1200,detail,0.9999999999999992,0.0,0.0011702002957463264,,0.0006787964957766235,0.9999999999999992,0.0
,0.00013404870696831495,0.009865951293031685,0.9892059578560293,,0.9999999999999978,0.0,0.0,0.0,fp32,,0.0,0,0.0,1300,detail,0.9999999999999978,0.0,0.00068134895991534,,0.0006949711823835969,0.9999999999999978,0.0
,-0.0002467941085342318,0.010246794108534232,1.059704499784857,,0.9999999999999986,0.0,0.0,0.0,fp32,,0.0,0,0.0,1400,detail,0.9999999999999986,0.0,0.0009095048299059272,,0.0006922341999597847,0.9999999999999986,0.0
,-0.00017387799744028598,0.010173877997440286,1.1326050418429077,,0.9999999999999976,0.0,0.0,0.0,fp32,,0.0,0,0.0,1500,detail,0.9999999999999976,0.0,0.0004770444647874683,,0.0011318159522488713,0.9999999999999976,0.0
,-0.0003087741497438401,0.01030877414974384,1.1969909579493105,,0.9999999999999978,0.0,0.0,0.0,fp32,,0.0,0,0.0,1600,detail,0.9999999999999978,0.0,0.0013749552890658379,,0.0005617114948108792,0.9999999999999978,0.0
,0.00014573831867892295,0.009854261681321077,1.2793023330159485,,0.9999999999999949,0.0,0.0,0.0,fp32,,0.0,0,0.0,1700,detail,0.9999999999999949,0.0,0.0005274283466860652,,0.0005762621876783669,0.9999999999999949,0.0
,-0.0005007853615097702,0.01050078536150977,1.3577017078641802,,0.9999999999999983,0.0,0.0,0.0,fp32,,0.0,0,0.0,1800,detail,0.9999999999999983,0.0,0.0004651363706216216,,0.0005895128124393523,0.9999999999999983,0.0
,-0.00047001050552353263,0.010470010505523533,1.423307916847989,,0.9999999999999973,0.0,0.0,0.0,fp32,,0.0,0,0.0,1900,detail,0.9999999999999973,0.0,0.0015318664954975247,,0.0009418210829608142,0.9999999999999973,0.0
,1.338208676315844e-05,0.009986617913236842,1.496738666901365,,0.9999999999999992,0.0,0.0,0.0,fp32,,0.0,0,0.0,2000,detail,0.9999999999999992,0.0,0.0005826061824336648,,0.0006469099898822606,0.9999999999999992,0.0
,0.004658576101064682,0.005341423898935318,0.0032120828982442617,,,,,0.0,fixed-e4m3,,0.0,0,0.0,0,detail,,,,,0.4240739345550537,,0.00022723156143911183
,0.0007034344598650932,0.009296565540134907,0.427347166929394,,0.9996598452533065,8.182808898677234e-09,0.00020865936358894105,0.0,fixed-e4m3,,0.0,0,0.0,100,detail,0.6606546270697695,9.902063942482735e-06,0.16456842422485352,,0.17410187423229218,0.6615047486363488,0.0008774047018960118
,-0.005640594754368067,0.01564059475436807,0.9093754580244422,,0.9997022538348376,1.5921558458163792e-07,0.00010432968179447053,0.0,fixed-e4m3,,0.0,0,0.0,200,detail,0.997300104616617,1.4440138716016103e-06,0.11435393244028091,,0.10426363348960876,0.9975294057359043,0.0007803929620422423
,-0.00017430349544156343,0.010174303495441564,1.3532049579080194,,0.9996680702526353,7.044298989216984e-08,0.0,0.0,fixed-e4m3,,0.0,0,0.0,300,detail,0.9933853369288106,1.7942750858335171e-06,0.027386128902435303,,0.03277461975812912,0.9937615351783387,0.0007948989514261484
,-0.0006504940101876855,0.010650494010187686,1.8123937498312443,,0.9996983576827398,1.9474600977147242e-08,0.0,0.0,fixed-e4m3,,0.0,0,0.0,400,detail,0.6088251491803974,0.00011299146433224033,0.003916637040674686,,0.005650149192661047,0.608874773119956,0.004307495430111885
,-0.0004979276563972235,0.010497927656397224,2.272652374813333,,0.9996273514331934,3.571872758006562e-09,0.0,0.0,fixed-e4m3,,0.0,0,0.0,500,detail,-0.534520891706239,0.00010935170648061762,0.0011706022778525949,,0.0015522028552368283,-0.5343762215702949,0.005294086877256632
,-0.0007119246874935925,0.010711924687493593,2.6907881249208003,,0.9996544977249844,8.940104828346896e-08,0.00020865936358894105,0.0,fixed-e4m3,,0.0,0,0.0,600,detail,0.13044061082122121,0.00038370663376374617,0.0034462432377040386,,0.0017654028488323092,0.13076492295379644,0.009629124775528908
,-5.045678335591219e-06,0.010005045678335591,3.14303670800291,,0.9996483397043211,6.0818659316697394e-09,0.0,0.0,fixed-e4m3,,0.0,0,0.0,700,detail,0.9282485525183318,0.00031125882413413867,0.0009475837578065693,,0.0017735327128320932,0.9286175109658,0.009586253203451633
,-0.00046467402717098594,0.010464674027170986,3.656393124954775,,0.9996533978044653,3.937603164717108e-08,0.00010432968179447053,0.0,fixed-e4m3,,0.0,0,0.0,800,detail,0.8955153544092359,0.0002561914467424186,0.0017556364182382822,,0.0011365216923877597,0.8955495973055762,0.008286945521831512
,0.0017592457588762045,0.008240754241123796,4.068336207885295,,0.9996961029976911,1.6405837475333058e-08,0.00010432968179447053,0.0,fixed-e4m3,,0.0,0,0.0,900,detail,0.6165590649507706,0.00010140534257415491,0.0013446991797536612,,0.006162357982248068,0.615942567388255,0.002946956316009164
,-0.001215551164932549,0.01121555116493255,4.529907499905676,,0.9996943890511699,2.754387432771155e-09,0.0,0.0,fixed-e4m3,,0.0,0,0.0,1000,detail,0.49156166279964125,8.701567001923528e-05,0.0008722281199879944,,0.005249606445431709,0.4932820253307591,0.004561182577162981
,0.00020647334167733788,0.009793526658322662,4.948826874839142,,0.9996116230051547,6.137115084088581e-09,0.0008346374543557642,0.0,fixed-e4m3,,0.0,0,0.0,1100,detail,0.07750149450970985,0.00014209102543682992,0.0009838276309892535,,0.0008692509145475924,0.07973261191828022,0.00490426504984498
,5.936322486377321e-05,0.009940636775136227,5.328210582956672,,0.9996247328485204,1.3750618718973187e-08,0.0,0.0,fixed-e4m3,,0.0,0,0.0,1200,detail,0.6552021544025509,4.529789722477741e-05,0.0015112662222236395,,0.0010393194388598204,0.6560433068902543,0.00288641219958663
,0.000488615594804287,0.009511384405195713,5.701164999976754,,0.9996686239227615,2.103389439378005e-09,0.00010432968179447053,0.0,fixed-e4m3,,0.0,0,0.0,1300,detail,0.6359484599422902,6.968701076075308e-06,0.0008823707466945052,,0.001252077054232359,0.6365833563010744,0.001532022375613451
,0.0008925354923121631,0.009107464507687837,6.093635957920924,,0.9996122513253644,7.0795211486643e-08,0.0,0.0,fixed-e4m3,,0.0,0,0.0,1400,detail,0.8114154006840332,3.444487310119454e-05,0.003304507117718458,,0.004405403044074774,0.8116423577145283,0.0021518589928746223
,-0.0009317909716628492,0.01093179097166285,6.5348199578002095,,0.9996114557302154,1.1103743147155963e-08,0.00010432968179447053,0.0,fixed-e4m3,,0.0,0,0.0,1500,detail,0.8423707694381344,0.00010490087397953138,0.0010237329406663775,,0.0012972300173714757,0.8441034453647769,0.005776195786893368
,0.0006911742384545505,0.00930882576154545,6.938590792007744,,0.9997009205557029,4.987324119017582e-09,0.00020865936358894105,0.0,fixed-e4m3,,0.0,0,0.0,1600,detail,0.9467747199308683,0.00017124762089182482,0.0009698808426037431,,0.000998347532004118,0.9469018410133307,0.004442347213625908
,-0.0012858283007517457,0.011285828300751746,7.357348291901872,,0.9996792866121564,2.1645640738003235e-08,0.0,0.0,fixed-e4m3,,0.0,0,0.0,1700,detail,0.7626589300654906,3.729160783254681e-05,0.0015380519907921553,,0.0019449827959761024,0.7629502158677846,0.00308978371322155
,-4.527221972239204e-05,0.010045272219722392,7.776321416953579,,0.9996491678703291,6.511749543899196e-08,0.0,0.0,fixed-e4m3,,0.0,0,0.0,1800,detail,0.6461339198086183,5.813092767846254e-05,0.0027548810467123985,,0.0009638798655942082,0.6450180165727156,0.0030758606735616922
,-0.00013015377044212073,0.010130153770442121,8.190536916954443,,0.999605291152216,3.205824546086169e-08,0.00010432968179447053,0.0,fixed-e4m3,,0.0,0,0.0,1900,detail,0.3431505886085346,7.36745098780618e-05,0.0017691911198198795,,0.0025277750100940466,0.34532173816958567,0.0030531915836036205
,-0.0004284218593966216,0.010428421859396622,8.571808457840234,,0.9995422051590204,9.470482990743983e-09,0.00020865936358894105,0.0,fixed-e4m3,,0.0,0,0.0,2000,detail,0.547713692023237,2.902627809198134e-05,0.0014968735631555319,,0.0016180971870198846,0.5482568409492007,0.002979016164317727
,0.006227779667824507,0.0037722203321754934,0.002583333058282733,,,,,0.0,fixed-e5m2,,0.0,0,0.0,0,detail,,,,,0.43034225702285767,,0.0001668987824814394
,0.0010873002465814352,0.008912699753418565,0.39032316696830094,,0.998680482612698,3.4783610851776415e-08,0.0,0.0,fixed-e5m2,,0.0,0,0.0,100,detail,0.19332940675901725,0.00016122108004503057,0.17639747262001038,,0.1849551945924759,0.19634817993302023,0.011758897453546524
,-0.002336564939469099,0.0123365649394691,0.7709447499364614,,0.9985528012731585,1.117307581627427e-06,0.0,0.0,fixed-e5m2,,0.0,0,0.0,200,detail,0.8148665529712292,0.000162386529107805,0.14406390488147736,,0.1414288431406021,0.8132577235742774,0.015627380460500717
,-0.0017017360078170896,0.01170173600781709,1.1386817500460893,,0.9986304857577106,6.567172710356611e-07,0.0,0.0,fixed-e5m2,,0.0,0,0.0,300,detail,0.3057089053783287,0.00022492806642516292,0.04302839934825897,,0.04265643656253815,0.30677596115157996,0.01025250181555748
,-0.0008453453192487359,0.010845345319248736,1.5084294169209898,,0.9985440757600385,5.571124966366437e-07,0.0,0.0,fixed-e5m2,,0.0,0,0.0,400,detail,0.2950865792193295,0.00029406826343143083,0.007477378472685814,,0.005866485182195902,0.29494803408031106,0.012566705234348774
,0.001800508238375187,0.008199491761624813,1.8722672499716282,,0.9985097234533868,1.325051414397988e-07,0.0,0.0,fixed-e5m2,,0.0,0,0.0,500,detail,-0.12535181390542913,0.00019274859169004979,0.0023960131220519543,,0.002701219404116273,-0.12565064456556382,0.007654452230781317
,0.0014008503640070558,0.008599149635992944,2.2353419170249254,,0.9986035719604184,1.395001829794938e-07,0.0,0.0,fixed-e5m2,,0.0,0,0.0,600,detail,0.9755597376837836,0.00033930910748917895,0.0034783987794071436,,0.00243063154630363,0.9776194197300208,0.014234188012778759
,-0.0014696411089971662,0.011469641108997166,2.602622666861862,,0.9986452917532112,2.386436191406152e-08,0.0,0.0,fixed-e5m2,,0.0,0,0.0,700,detail,-0.47440571989051955,0.0002993002285437759,0.0015377441886812449,,0.0017849095165729523,-0.4766442235248686,0.013636266812682152
,-6.497156573459506e-05,0.010064971565734595,2.9608771249186248,,0.9985260358441068,3.966685189724078e-08,0.0,0.0,fixed-e5m2,,0.0,0,0.0,800,detail,-0.9180585930596282,0.0005490430693923674,0.0008657239377498627,,0.0010955887846648693,-0.9168448712966829,0.016998138278722763
,-0.00041061281808651984,0.01041061281808652,3.336943208007142,,0.998701824137662,7.09485836266715e-08,0.0,0.0,fixed-e5m2,,0.0,0,0.0,900,detail,-0.17392284925623244,0.00027921684108790786,0.0014164046151563525,,0.0015311581082642078,-0.17817521565410832,0.015377755276858807
,-0.0007310269866138697,0.01073102698661387,3.7232495830394328,,0.9986654522034981,2.4577779159690026e-08,0.0,0.0,fixed-e5m2,,0.0,0,0.0,1000,detail,0.05723459166917505,0.0001005022895149074,0.00111942901276052,,0.0011840221704915166,0.060386614659859936,0.010307621210813522
,-0.0002711210981942713,0.010271121098194272,4.117650500033051,,0.9984485076310414,5.280837796712566e-08,0.0,0.0,fixed-e5m2,,0.0,0,0.0,1100,detail,0.44717967344390186,0.00018638788489037535,0.0011027655564248562,,0.00144228246062994,0.4511347894837778,0.010144769214093685
,0.00030816002981737256,0.009691839970182628,4.515339375007898,,0.9985771205780754,5.480224939244048e-08,0.0,0.0,fixed-e5m2,,0.0,0,0.0,1200,detail,0.3698640738090017,8.473782380664916e-05,0.0012095012934878469,,0.001873728004284203,0.3689049531963009,0.008686291985213757
,7.880905468482524e-05,0.009921190945315175,4.903147291857749,,0.9985346886472123,5.845175940503591e-09,0.0,0.0,fixed-e5m2,,0.0,0,0.0,1300,detail,0.7978616095847231,4.6960396769437954e-05,0.0007348061772063375,,0.001166120171546936,0.7989481978339664,0.008085979148745537
,-0.00039577332790941,0.01039577332790941,5.29797083302401,,0.9985719477980786,1.0608053882437813e-08,0.0,0.0,fixed-e5m2,,0.0,0,0.0,1400,detail,-0.526545771875412,6.530622416226837e-05,0.0008579191053286195,,0.0008874066988937557,-0.5248532729097838,0.00927052740007639
,0.001248335582204163,0.008751664417795837,5.689498167019337,,0.9987689531069501,2.488975321914228e-08,0.0,0.0,fixed-e5m2,,0.0,0,0.0,1500,detail,0.2826443601001494,3.741894530622772e-05,0.000725356861948967,,0.0006159588228911161,0.2829059878678716,0.006945746019482613
,0.0003797403769567609,0.00962025962304324,6.085419500013813,,0.9987923880994364,7.175166347733062e-08,0.0,0.0,fixed-e5m2,,0.0,0,0.0,1600,detail,0.7037089204783658,2.625691740781718e-05,0.0011551396455615759,,0.000781091395765543,0.7034537515517133,0.005158979911357164
,0.0002076171076623723,0.009792382892337628,6.493883125018328,,0.9986193115710652,2.8827002830928267e-07,0.0,0.0,fixed-e5m2,,0.0,0,0.0,1700,detail,0.31851872756834104,0.00010344097078836715,0.004261595197021961,,0.001435034559108317,0.3202964811984604,0.007524701301008463
,0.0003777296806219965,0.009622270319378004,6.933886166894808,,0.9986636172260906,2.385143169514483e-08,0.0,0.0,fixed-e5m2,,0.0,0,0.0,1800,detail,0.29717656868978465,9.880671298381012e-05,0.000713654444552958,,0.0007547439308837056,0.29556831790490135,0.007330781780183315
,0.00013652569032274187,0.009863474309677258,7.391491582849994,,0.9988647282014977,1.5631419185787696e-07,0.0,0.0,fixed-e5m2,,0.0,0,0.0,1900,detail,0.4240975579897916,6.287455254356066e-05,0.00287447776645422,,0.002917338628321886,0.42628473054454186,0.0048189046792685986
,0.00020303981727920473,0.009796960182720795,7.785324499942362,,0.9985475573326219,2.998836098982323e-08,0.0,0.0,fixed-e5m2,,0.0,0,0.0,2000,detail,0.794783273877735,0.0001502677049302255,0.0006868471391499043,,0.0008706428925506771,0.7950549385239433,0.0075364927761256695
,0.004658576101064682,0.005341423898935318,0.0027128339279443026,,,,,0.0,fixed-hybrid,,0.0,0,0.0,0,detail,,,,,0.4240739345550537,,0.00022723156143911183
,0.0013305896427482367,0.008669410357251764,0.38818162493407726,,0.9986028532793109,5.474431972892355e-08,0.0,0.0,fixed-hybrid,,0.0,0,0.0,100,detail,0.8324033489340998,8.375957033113504e-06,0.16427290439605713,,0.17348746955394745,0.8344052882367528,0.0003797430545091629
,-0.004626289010047913,0.014626289010047913,0.7707549170590937,,0.9987414512700341,6.274272345677151e-07,0.0,0.0,fixed-hybrid,,0.0,0,0.0,200,detail,0.9961233849043989,1.990111633969825e-06,0.11257654428482056,,0.11035706847906113,0.9975608041187992,0.0006527245859615505
,-0.0007053260924294591,0.01070532609242946,1.1839926668908447,,0.9988043451709228,2.704372945066894e-07,0.0,0.0,fixed-hybrid,,0.0,0,0.0,300,detail,0.9612192523858265,1.5696858230172015e-05,0.02556394413113594,,0.0332467146217823,0.9613626162680656,0.0012054485268890858
,0.0004393547715153545,0.009560645228484646,1.5946663338690996,,0.998534657172608,1.6079598603110295e-07,0.0,0.0,fixed-hybrid,,0.0,0,0.0,400,detail,0.9488233733409385,0.0001248666271050942,0.003794914111495018,,0.006396171171218157,0.9502197658576865,0.005059454124420881
,0.00018287761486135423,0.009817122385138646,2.0396100420039147,,0.998550844400441,3.391445292700501e-07,0.0,0.0,fixed-hybrid,,0.0,0,0.0,500,detail,0.9399968206584538,7.311530225356683e-05,0.003796282224357128,,0.0014170226640999317,0.9415663967768887,0.00472203828394413
,-0.0010378092993050814,0.011037809299305082,2.503052416956052,,0.9985503507220875,3.282708699874443e-08,0.0,0.0,fixed-hybrid,,0.0,0,0.0,600,detail,-0.5545918116552785,8.29842730892264e-05,0.0011608665809035301,,0.001774449716322124,-0.5581310006252185,0.004574301652610302
,-0.0009488330688327551,0.010948833068832755,3.125774584012106,,0.9987520454699407,2.8473683889180432e-08,0.0,0.0,fixed-hybrid,,0.0,0,0.0,700,detail,0.7366694885993402,8.784542046330828e-05,0.0013885446824133396,,0.003015869529917836,0.7377790550655934,0.004188677296042442
,-0.0002303554501850158,0.010230355450185016,3.5987665420398116,,0.9983742409868847,1.3535976924147824e-07,0.0,0.0,fixed-hybrid,,0.0,0,0.0,800,detail,0.11053031443028988,0.00015271446298369855,0.0018002570141106844,,0.00246819737367332,0.11498705411433528,0.003235827898606658
,0.0011690600076690316,0.008830939992330969,4.063900916837156,,0.9985208819049473,5.949571092770092e-08,0.0,0.0,fixed-hybrid,,0.0,0,0.0,900,detail,0.5836863182033636,0.00012243015928568114,0.0012537306174635887,,0.0014898882945999503,0.5883320656723615,0.004014241974800825
,-0.00020592832879628986,0.01020592832879629,4.486261541955173,,0.99877436002046,4.397674168795881e-08,0.0,0.0,fixed-hybrid,,0.0,0,0.0,1000,detail,-0.3922798465967305,3.80676218247032e-05,0.0009781576227396727,,0.0034520872868597507,-0.3899612569481791,0.0029198029078543186
,0.00019444806093815714,0.009805551939061843,4.9797473340295255,,0.9985189593475698,6.821735093169099e-08,0.0,0.0,fixed-hybrid,,0.0,0,0.0,1100,detail,0.9788172105688383,3.334838232458224e-05,0.0011999527923762798,,0.0029473931062966585,0.9805673281032458,0.002249056240543723
,-0.00041870190761983395,0.010418701907619834,5.424083709018305,,0.9986871290416791,5.019175741061753e-07,0.0,0.0,fixed-hybrid,,0.0,0,0.0,1200,detail,0.9903755047744252,1.5124513740514522e-05,0.005611537490040064,,0.0010631582699716091,0.991604908095334,0.0012618349865078926
,0.0004803623305633664,0.009519637669436634,5.844765166984871,,0.9987959797385445,6.229367172251016e-08,0.0,0.0,fixed-hybrid,,0.0,0,0.0,1300,detail,0.9686602279442023,7.687053405823427e-05,0.0014171095099300146,,0.0014271950349211693,0.9697377108477268,0.0036505707539618015
,-0.00024342436518054456,0.010243424365180545,6.262783959042281,,0.9984570118534382,1.2577137429881687e-07,0.0,0.0,fixed-hybrid,,0.0,0,0.0,1400,detail,-0.636614007048975,0.0001925775200257896,0.0016973168822005391,,0.0008145517786033452,-0.6419678113555667,0.004960753954946995
,-0.0004940475337207317,0.010494047533720732,6.778033041860908,,0.9985735523443322,5.7881656153719756e-09,0.0,0.0,fixed-hybrid,,0.0,0,0.0,1500,detail,0.4284782373332581,0.000159990944995033,0.0006046425551176071,,0.000763765478041023,0.431775011360645,0.005623898934572935
,-0.00040053753764368594,0.010400537537643686,7.220545124961063,,0.9984982391913291,4.178531866316371e-08,0.0,0.0,fixed-hybrid,,0.0,0,0.0,1600,detail,0.5323559872271505,0.00017755135446429946,0.0015042326413094997,,0.0008666279027238488,0.5350219452650972,0.006219242233783007
,-0.0006611091666854918,0.010661109166685492,7.656829499872401,,0.9987405877571941,2.922976004902168e-09,0.0,0.0,fixed-hybrid,,0.0,0,0.0,1700,detail,-0.9278707034586675,0.00016059697509070576,0.0004944630200043321,,0.0011256275465711951,-0.9302928274323922,0.00447543989866972
,-0.0012417201651260257,0.011241720165126026,8.09397375001572,,0.9986504265186873,1.88422676132487e-08,0.0,0.0,fixed-hybrid,,0.0,0,0.0,1800,detail,0.8767659429664264,0.00020736521603709963,0.0006349331233650446,,0.0007226584712043405,0.8777350046406222,0.005282637197524309
,-0.00016607729776296765,0.010166077297762968,8.556316708913073,,0.9986551016167554,1.564020358864595e-09,0.0,0.0,fixed-hybrid,,0.0,0,0.0,1900,detail,-0.049177152741845497,0.00012994931961782152,0.0005545800668187439,,0.0008481552358716726,-0.050513706208832165,0.004622220527380705
,-0.0014684706693515182,0.011468470669351518,8.98309229197912,,0.9987006317718135,1.658866464193086e-08,0.0,0.0,fixed-hybrid,,0.0,0,0.0,2000,detail,0.6733058484349365,0.00014614317464260008,0.0010266881436109543,,0.0010930044809356332,0.6742410392905501,0.005154751241207123
,0.0059060812927782536,0.004093918707221747,0.002835082821547985,,,,,0.005373750114813447,calibrated,,0.0,0,0.005373750114813447,0,detail,,,,,0.42649170756340027,,1.4123015716904774e-05
,0.0015770148020237684,0.008422985197976232,0.4841289578471333,,0.9999173567581146,2.86959367596676e-09,0.021491914449660927,0.005373750114813447,calibrated,,0.0,0,0.005373750114813447,100,detail,0.9807900033926361,6.758017621308619e-07,0.16424474120140076,,0.17054907977581024,0.980702665225772,0.00018048968922812492
,-0.003493937198072672,0.013493937198072672,0.9672399999108166,,0.9999037783310302,2.303739898389088e-08,0.01763171622326552,0.005373750114813447,calibrated,,0.0,0,0.005373750114813447,200,detail,0.982046720536721,4.2338480541193606e-06,0.10659795999526978,,0.11388441920280457,0.9821786627277402,0.00034756562672555447
,-0.000686031358782202,0.010686031358782202,1.4538310000207275,,0.9999081558403524,2.806478121157663e-08,0.009598330725091288,0.005373750114813447,calibrated,,0.0,0,0.005373750114813447,300,detail,0.9925343354903229,1.339431588446598e-05,0.02601206675171852,,0.03706417232751846,0.9925462776973439,0.00019068839901592582
,0.00018803156854119152,0.009811968431458809,1.8860953329131007,,0.9999145510065565,8.58588975482735e-10,0.008868022952529996,0.005373750114813447,calibrated,,0.0,0,0.005373750114813447,400,detail,0.24473018190472406,4.734844815616034e-05,0.002943100407719612,,0.005492482800036669,0.24489283325627756,0.0018113328842446208
,-0.00011505959992064163,0.010115059599920642,2.419384416891262,,0.999895720883017,3.154615516659926e-09,0.013562858633281168,0.005373750114813447,calibrated,,0.0,0,0.005373750114813447,500,detail,-0.42536013557982366,7.02096283111415e-05,0.0017125443555414677,,0.002165512414649129,-0.42600384688350923,0.002186061814427376
,0.00017191245569847524,0.009828087544301525,2.8143274169415236,,0.9999094983870281,6.601282483594902e-09,0.012206572769953052,0.005373750114813447,calibrated,,0.0,0,0.005373750114813447,600,detail,0.9174325986437013,1.063902153896801e-05,0.0017035874770954251,,0.0013894670410081744,0.9175348949022786,0.0005518204416148365
,0.00012334379425738007,0.00987665620574262,3.191370332846418,,0.99989934320997,2.8822918348562807e-09,0.011580594679186228,0.005373750114813447,calibrated,,0.0,0,0.005373750114813447,700,detail,0.9519883680356841,1.3036077134837524e-06,0.0010206613223999739,,0.001038032816722989,0.9521186424120676,0.0003709693264681846
,0.0008839990478008986,0.009116000952199102,3.59425854193978,,0.9999202224196151,7.673641175620699e-09,0.02138758476786646,0.005373750114813447,calibrated,,0.0,0,0.005373750114813447,800,detail,0.935905725742082,6.136134358472615e-06,0.0015427814796566963,,0.005456536076962948,0.9358196013139031,0.0012822166318073869
,-0.0004578371881507337,0.010457837188150734,4.01681370800361,,0.9999167573815854,2.0334964951031747e-08,0.012936880542514346,0.005373750114813447,calibrated,,0.0,0,0.005373750114813447,900,detail,0.9882201207349042,1.0862551262215662e-05,0.003344920463860035,,0.0031695798970758915,0.9883229548366399,0.0012910589575767517
,0.0001880656200228259,0.009811934379977174,4.4459579170215875,,0.9999216085739017,1.313354543436513e-09,0.010328638497652582,0.005373750114813447,calibrated,,0.0,0,0.005373750114813447,1000,detail,0.39162573300354864,1.6444363146115684e-05,0.0006847671465948224,,0.0022558830678462982,0.39133802850669336,0.0008940519765019417
,-7.786401511111762e-06,0.010007786401511112,4.852953332941979,,0.9999190692326495,1.2247309386972247e-09,0.012102243088158582,0.005373750114813447,calibrated,,0.0,0,0.005373750114813447,1100,detail,0.8857270152132375,4.116676280900033e-05,0.0008185399929061532,,0.0010270983912050724,0.8857718737269004,0.000968507956713438
,-0.0005685383221134543,0.010568538322113455,5.246395707828924,,0.9998973088588631,8.949300631591051e-10,0.018257694314032343,0.005373750114813447,calibrated,,0.0,0,0.005373750114813447,1200,detail,0.8664235869244667,1.3752046044356973e-05,0.0009442165028303862,,0.0008831430459395051,0.8662456733618308,0.0011139103444293141
,-0.0002909804170485586,0.010290980417048559,5.630776667036116,,0.9999063931029643,4.657182503672511e-09,0.014293166405842462,0.005373750114813447,calibrated,,0.0,0,0.005373750114813447,1300,detail,0.23839195645928585,2.7655397495348535e-05,0.0013193812919780612,,0.0009805274894461036,0.23929414551667705,0.0009407597244717181
,-0.00047285042819567025,0.01047285042819567,6.042112416820601,,0.9999252858567801,3.671804579567424e-09,0.010224308815858112,0.005373750114813447,calibrated,,0.0,0,0.005373750114813447,1400,detail,0.8605221012666362,7.226013137719393e-06,0.001201992854475975,,0.0008028146694414318,0.8605172903672034,0.0006218170165084302
,2.3859631255618297e-05,0.009976140368744382,6.464587250025943,,0.9999168236165673,2.1566140183374427e-10,0.012519561815336464,0.005373750114813447,calibrated,,0.0,0,0.005373750114813447,1500,detail,-0.14129592648672087,2.0003951146494253e-05,0.0005301232449710369,,0.001062745344825089,-0.1409411200064694,0.0007097286288626492
,-0.0013478636974468827,0.011347863697446883,6.88942312495783,,0.9999147774029659,7.769261725407375e-10,0.026812728221178927,0.005373750114813447,calibrated,,0.0,0,0.005373750114813447,1600,detail,-0.05226600998923096,1.3362107652031566e-05,0.0007747497293166816,,0.0011886373395100236,-0.051138995893566984,0.0004301278095226735
,-0.00037493559648282826,0.010374935596482828,7.377778082853183,,0.9999086521724092,5.578133245660181e-10,0.01178925404277517,0.005373750114813447,calibrated,,0.0,0,0.005373750114813447,1700,detail,0.6900578545442554,2.3092407653563943e-05,0.0005491286865435541,,0.0006480684387497604,0.6904555535905279,0.0005197757272981107
,-0.00010749571811174974,0.01010749571811175,7.820726874982938,,0.9999173531223764,8.366302060903431e-10,0.02587376108502869,0.005373750114813447,calibrated,,0.0,0,0.005373750114813447,1800,detail,0.09558868986687422,1.4098453272072468e-05,0.000422942714067176,,0.0012695783516392112,0.09587772322862277,0.001329132355749607
,-2.6434352548676543e-05,0.010026434352548677,8.283936416963115,,0.9999068660811511,2.6091049866118965e-09,0.03870631194574856,0.005373750114813447,calibrated,,0.0,0,0.005373750114813447,1900,detail,0.7925969621819419,5.167920817877714e-06,0.0008375188917852938,,0.0011895913630723953,0.7924079494890626,0.001009215135127306
,7.372150139417499e-05,0.009926278498605825,8.673723499989137,,0.9999090638901755,5.161856465737481e-09,0.020448617631716223,0.005373750114813447,calibrated,,0.0,0,0.005373750114813447,2000,detail,0.942399758279175,8.571356749701091e-06,0.0014486294239759445,,0.0017676453571766615,0.9421710977922958,0.0010092239826917648
,0.0059060812927782536,0.004093918707221747,0.0026541671250015497,,,,,0.005373750114813447,adaptive,,0.0,0,0.005373750114813447,0,detail,,,,,0.42649170756340027,,1.4123015716904774e-05
,0.0015770148020237684,0.008422985197976232,0.39077375014312565,,0.9999173567581146,2.86959367596676e-09,0.021491914449660927,0.005373750114813447,adaptive,,0.0,0,0.005373750114813447,100,detail,0.9807900033926361,6.758017621308619e-07,0.16424474120140076,,0.17054907977581024,0.980702665225772,0.00018048968922812492
,-0.003493937198072672,0.013493937198072672,0.7988072501029819,,0.9999037783310302,2.303739898389088e-08,0.01763171622326552,0.005373750114813447,adaptive,,0.005060626193881035,0,0.010434376308694482,200,detail,0.982046720536721,4.2338480541193606e-06,0.10659795999526978,,0.11388441920280457,0.9821786627277402,0.00034756562672555447
,-0.0003762529813684523,0.010376252981368453,1.1822635841090232,,0.9999138853957554,4.8067009111037866e-09,0.015232133541992697,0.005373750114813447,adaptive,,0.010403666645288467,0,0.015777416760101914,300,detail,0.797288726993308,1.511140692189136e-05,0.0227360762655735,,0.02803526073694229,0.7976193101065568,0.0005522416322492063
,8.869787416188046e-05,0.00991130212583812,1.5530401249416173,,0.9998937136094092,2.2110260319780216e-09,0.022535211267605635,0.005373750114813447,adaptive,,0.015275708632543683,0,0.02064945874735713,400,detail,0.19785409636917597,9.661862803359674e-05,0.00343553489074111,,0.005071979481726885,0.19754435685414268,0.0025438577868044376
,0.000647059001494199,0.009352940998505801,1.9351972921285778,,0.9999307527058516,2.4919158111141395e-09,0.0180490349504434,0.005373750114813447,adaptive,,0.020377290667966008,0,0.025751040782779455,500,detail,-0.4572512475641277,8.487105896339858e-05,0.002225288888439536,,0.003744755871593952,-0.4567548609497872,0.002327607711777091
,-0.000600697472691536,0.010600697472691536,2.356402833946049,,0.9999181138318165,1.7966248438283461e-09,0.014606155451225874,0.005373750114813447,adaptive,,0.025325957918539643,0,0.03069970803335309,600,detail,0.29678200308112374,2.3919710632070854e-05,0.001260940684005618,,0.0015323131810873747,0.2967254308574971,0.0005656947614625096
,0.00029858635389246047,0.00970141364610754,2.728981542168185,,0.999916737121466,5.48585759322038e-09,0.0116849243609807,0.005373750114813447,adaptive,,0.03026833152398467,0,0.03564208163879812,700,detail,0.9349686444216218,7.805468905644177e-06,0.001420763786882162,,0.001314545632340014,0.9350459979680087,0.0005080414703115821
,-0.00013399439922068268,0.010133994399220683,3.1140469170641154,,0.9999130631813313,2.911449578224669e-10,0.01992696922274387,0.005373750114813447,adaptive,,0.03526095603592694,0,0.040634706150740385,800,detail,-0.6795920476314932,1.7693774370243152e-05,0.0006384184816852212,,0.0016885362565517426,-0.6801669026957362,0.0008303179056383669
,0.0004532142193056643,0.009546785780694336,3.4976319591514766,,0.9999031810445207,1.251980438328662e-09,0.010119979134063642,0.005373750114813447,adaptive,,0.040128707652911544,0,0.04550245776772499,900,detail,0.31120658830989467,2.4740241586155232e-05,0.0008058531675487757,,0.0009581876220181584,0.3114959432208323,0.0012852378422394395
,0.0010662330314517021,0.008933766968548298,3.8799482921604067,,0.9999159627857502,1.3158547657977644e-08,0.01763171622326552,0.005373750114813447,adaptive,,0.045076875714585185,0,0.05045062582939863,1000,detail,0.5883660870494186,5.2003649744750716e-05,0.002310386626049876,,0.0009940257295966148,0.5876009030425063,0.0010615871287882328
,-1.1581390936044045e-05,0.010011581390936044,4.257200125139207,,0.9999080148849812,3.1105836185014525e-10,0.01637976004173187,0.005373750114813447,adaptive,,0.050121833104640245,0,0.05549558321945369,1100,detail,0.9165910534066245,3.614207233687439e-05,0.0006410678615793586,,0.0007777768769301474,0.9164215282800935,0.0010903521906584501
,-0.0005380070651881397,0.01053800706518814,4.634325874969363,,0.9999128591991905,3.312476681010388e-09,0.01606677099634846,0.005373750114813447,adaptive,,0.05498591437935829,0,0.06035966449417174,1200,detail,0.9555168010017452,2.000196145289857e-05,0.001214193063788116,,0.0007735810941085219,0.9557709438505859,0.0008824333781376481
,0.0003119208849966526,0.009688079115003348,5.013095959089696,,0.9998958186248367,1.9941499764415903e-09,0.010850286906624936,0.005373750114813447,adaptive,,0.059726749546825886,0,0.06510049966163933,1300,detail,0.5037852733361752,1.3208415609688376e-05,0.0007860333425924182,,0.0007746032788418233,0.5034854869259417,0.0005273829447105527
,0.0006499830051325262,0.009350016994867474,5.3918083750177175,,0.9999061030038633,4.768769755562365e-09,0.015023474178403756,0.005373750114813447,adaptive,,0.0646056670229882,0,0.06997941713780165,1400,detail,0.21721097929274139,4.008061363258371e-05,0.0014176118420436978,,0.0016700115520507097,0.2189766434549384,0.001398381544277072
,-0.0005865705315954983,0.010586570531595499,5.778745042160153,,0.9999135885583694,5.234083206298774e-09,0.017527386541471048,0.005373750114813447,adaptive,,0.0693945805542171,0,0.07476833066903055,1500,detail,0.49422541946720105,2.8553799864318784e-05,0.001250728266313672,,0.0008125892491079867,0.49420711626881336,0.0008601357694715261
,0.0003017385024577379,0.009698261497542262,6.160442459164187,,0.9999247735264774,7.79725735054897e-09,0.007616066770996349,0.005373750114813447,adaptive,,0.07439516251906753,0,0.07976891263388097,1600,detail,0.9308065066328163,1.615290451170647e-05,0.0015963055193424225,,0.0010444163344800472,0.9307749826145811,0.0005223104963079095
,0.0008404665859416127,0.009159533414058387,6.551680792123079,,0.9999100149380123,8.719636488260205e-10,0.015127803860198226,0.005373750114813447,adaptive,,0.07932191411964595,0,0.0846956642344594,1700,detail,-0.6768131729982597,1.7598373195097858e-05,0.0006274582701735198,,0.0012890392681583762,-0.6768340093729831,0.0008939164108596742
,0.00015988135419320315,0.009840118645806797,6.9385753341484815,,0.9999096645496295,7.674359005076448e-10,0.01794470526864893,0.005373750114813447,adaptive,,0.08430712413974106,0,0.08968087425455451,1800,detail,0.8577913931791116,6.0409020071595025e-06,0.0004494405584409833,,0.0010961341904476285,0.8576312194921892,0.00037638956564478576
,-0.00033044099109247327,0.010330440991092473,7.318537625018507,,0.9999049162489902,2.6288106814167522e-09,0.017110067814293167,0.005373750114813447,adaptive,,0.08929824829101562,0,0.09467199840582907,1900,detail,-0.0012389066272188172,2.8852794847657068e-05,0.0010775228729471564,,0.0018197294557467103,-0.001285371146460381,0.0007239746628329158
,0.0006079254671931267,0.009392074532806874,7.698516834061593,,0.9999112430707757,7.142734596187069e-09,0.01992696922274387,0.005373750114813447,adaptive,,0.09439370897598565,0,0.0997674590907991,2000,detail,0.85703896712562,1.291286414446666e-05,0.0014886150602251291,,0.001301734708249569,0.8563124167461439,0.0005833238246850669
0.22286908328533173,,,0.0019307499751448631,,,,,0.0,fp32,0.000721173535566777,0.0,0,0.0,0,bump,,,,,0.0045068892650306225,,0.0
0.2215714156627655,,,0.06681587500497699,,0.9999999999999988,0.0,0.0,0.0,fp32,0.0003193871525581926,0.0,0,0.0,100,bump,0.9999999999999988,0.0,0.0011373594170436263,,0.004089836031198502,0.9999999999999988,0.0
0.22603590786457062,,,0.13065004185773432,,0.9999999999999984,0.0,0.0,0.0,fp32,0.00020917120855301619,0.0,0,0.0,200,bump,0.9999999999999984,0.0,0.0018943200120702386,,0.0040575796738266945,0.9999999999999984,0.0
0.20475271344184875,,,0.1951470000203699,,0.9999999999999993,0.0,0.0,0.0,fp32,0.00029837319743819535,0.0,0,0.0,300,bump,0.9999999999999993,0.0,0.0064608147367835045,,0.003782565239816904,0.9999999999999993,0.0
0.16920965909957886,,,0.258390124887228,,0.999999999999998,0.0,0.0,0.0,fp32,0.0005469655152410269,0.0,0,0.0,400,bump,0.999999999999998,0.0,0.00039783568354323506,,0.003421217203140259,0.999999999999998,0.0
0.1389184147119522,,,0.32132012490183115,,0.9999999999999989,0.0,0.0,0.0,fp32,0.0007825378561392426,0.0,0,0.0,500,bump,0.9999999999999989,0.0,0.0033612195402383804,,0.0031365694012492895,0.9999999999999989,0.0
0.12650972604751587,,,0.38602329208515584,,0.999999999999999,0.0,0.0,0.0,fp32,0.0003868324856739491,0.0,0,0.0,600,bump,0.999999999999999,0.0,0.0003597942995838821,,0.0025361457373946905,0.999999999999999,0.0
0.08585531264543533,,,0.45026516704820096,,0.9999999999999976,0.0,0.0,0.0,fp32,0.0010679579572752118,0.0,0,0.0,700,bump,0.9999999999999976,0.0,0.003622532356530428,,0.0025128547567874193,0.9999999999999976,0.0
0.07544896751642227,,,0.5152503750286996,,0.9999999999999987,0.0,0.0,0.0,fp32,0.0005398975335992873,0.0,0,0.0,800,bump,0.9999999999999987,0.0,0.0024862338323146105,,0.0018164545763283968,0.9999999999999987,0.0
0.07721830159425735,,,0.5782603749539703,,0.9999999999999992,0.0,0.0,0.0,fp32,0.0007629867177456617,0.0,0,0.0,900,bump,0.9999999999999992,0.0,0.0010464343940839171,,0.0020658934954553843,0.9999999999999992,0.0
0.05590585246682167,,,0.6415418749675155,,0.9999999999999989,0.0,0.0,0.0,fp32,0.0005877935327589512,0.0,0,0.0,1000,bump,0.9999999999999989,0.0,0.00043989677214995027,,0.0015304917469620705,0.9999999999999989,0.0
0.044235408306121826,,,0.7048891668673605,,0.999999999999999,0.0,0.0,0.0,fp32,0.0006771883345209062,0.0,0,0.0,1100,bump,0.999999999999999,0.0,0.0018298975192010403,,0.0014194821706041694,0.999999999999999,0.0
0.034956011921167374,,,0.7677302500233054,,0.9999999999999967,0.0,0.0,0.0,fp32,0.0006662012892775238,0.0,0,0.0,1200,bump,0.9999999999999967,0.0,0.0002934183576144278,,0.0012505482882261276,0.9999999999999967,0.0
0.02580833062529564,,,0.8302628749515861,,0.9999999999999988,0.0,0.0,0.0,fp32,0.0009117424488067627,0.0,0,0.0,1300,bump,0.9999999999999988,0.0,0.0014682140899822116,,0.00133601576089859,0.9999999999999988,0.0
0.03079230897128582,,,0.8944129589945078,,0.9999999999999996,0.0,0.0,0.0,fp32,0.000660583027638495,0.0,0,0.0,1400,bump,0.9999999999999996,0.0,0.0008430150337517262,,0.001174070406705141,0.9999999999999996,0.0
0.025983158499002457,,,0.9583561669569463,,0.999999999999998,0.0,0.0,0.0,fp32,0.0005992529331706464,0.0,0,0.0,1500,bump,0.999999999999998,0.0,0.0014996789395809174,,0.001031830906867981,0.999999999999998,0.0
0.021066229790449142,,,1.0214055420365185,,0.9999999999999976,0.0,0.0,0.0,fp32,0.0004727612540591508,0.0,0,0.0,1600,bump,0.9999999999999976,0.0,0.0007305023609660566,,0.0008237032452598214,0.9999999999999976,0.0
0.02202259935438633,,,1.0846985839307308,,0.9999999999999998,0.0,0.0,0.0,fp32,0.0002537636610213667,0.0,0,0.0,1700,bump,0.9999999999999998,0.0,0.0006953983684070408,,0.0006247355486266315,0.9999999999999998,0.0
0.01779053919017315,,,1.1493914590682834,,0.9999999999999986,0.0,0.0,0.0,fp32,0.0006677296478301287,0.0,0,0.0,1800,bump,0.9999999999999986,0.0,0.0008040328393690288,,0.0009595266310498118,0.9999999999999986,0.0
0.008924993686378002,,,1.214284166926518,,0.9999999999999984,0.0,0.0,0.0,fp32,0.00032233414822258055,0.0,0,0.0,1900,bump,0.9999999999999984,0.0,0.00021578701853286475,,0.00046893564285710454,0.9999999999999984,0.0
0.00694580702111125,,,1.2786563748959452,,0.9999999999999987,0.0,0.0,0.0,fp32,0.0003106495423708111,0.0,0,0.0,2000,bump,0.9999999999999987,0.0,0.00021306576672941446,,0.00042372196912765503,0.9999999999999987,0.0
0.22058075666427612,,,0.0026515419594943523,,,,,0.0,fixed-e4m3,0.0008601025328971446,0.0,0,0.0,0,bump,,,,,0.00460445461794734,,1.904946839204058e-05
0.2196827530860901,,,0.37808829196728766,,0.9996660986061318,1.9990090225313453e-11,0.0,0.0,fixed-e4m3,0.00035381974885240197,0.0,0,0.0,100,bump,-0.867752708642015,1.5190528123172187e-07,0.0011441464303061366,,0.004091496113687754,-0.8684363084578289,6.505598139483482e-05
0.2229570746421814,,,0.7570012919604778,,0.9995650813603351,1.2841712667068237e-10,0.0004173187271778821,0.0,fixed-e4m3,0.0002071038179565221,0.0,0,0.0,200,bump,0.9527758921205831,1.48771168246922e-07,0.0018442881992086768,,0.004003080073744059,0.9529474260612583,7.88098041084595e-05
0.20165038108825684,,,1.1265825419686735,,0.999620000026605,1.3810410784930066e-10,0.0,0.0,fixed-e4m3,0.00032344137434847653,0.0,0,0.0,300,bump,0.7942898386871424,2.8805988699233156e-07,0.006500201765447855,,0.0037543384823948145,0.7920182279246661,0.00023575991508550942
0.16964420676231384,,,1.4934100001119077,,0.9996992412162948,1.7660129058366096e-10,0.00010432968179447053,0.0,fixed-e4m3,0.0005889621679671109,0.0,0,0.0,400,bump,0.680431687833926,5.162919286869504e-07,0.0004566208808682859,,0.003469903953373432,0.6824191751042442,0.00020294358546379954
0.14264361560344696,,,1.8546188331674784,,0.9996540195981274,4.0930177975228235e-10,0.00031298904538341156,0.0,fixed-e4m3,0.0007513060118071735,0.0,0,0.0,500,bump,0.9740628781859936,3.0182699716991294e-08,0.0035228454507887363,,0.003169352188706398,0.974079071045045,6.128174572950229e-05
0.12966662645339966,,,2.223421375034377,,0.9995973812055221,8.725946284787401e-11,0.00010432968179447053,0.0,fixed-e4m3,0.0003781345149036497,0.0,0,0.0,600,bump,0.9449880582261843,6.144241681377293e-08,0.0003475826815702021,,0.00258139381185174,0.9460858928361134,6.466505874413997e-05
0.08953075110912323,,,2.618422667030245,,0.9997212266628737,8.567159612776173e-10,0.00010432968179447053,0.0,fixed-e4m3,0.0014501165132969618,0.0,0,0.0,700,bump,0.9018817412568523,2.819810445032196e-07,0.003805367276072502,,0.0029511358588933945,0.900959787651114,0.00016315720858983696
0.08307820558547974,,,3.0136604169383645,,0.9996446304430465,1.8614240605790486e-10,0.0,0.0,fixed-e4m3,0.0005663267220370471,0.0,0,0.0,800,bump,0.5412876037126324,1.0995049881457046e-06,0.0027033372316509485,,0.0019724462181329727,0.5429124432409664,0.00041778857121244073
0.08168922364711761,,,3.398621750064194,,0.9996094236276769,5.798015119803125e-10,0.0,0.0,fixed-e4m3,0.0008956046658568084,0.0,0,0.0,900,bump,0.7482721031926333,4.333590744335484e-07,0.0009684975375421345,,0.0022724426817148924,0.7490105146074665,0.0002367637789575383
0.06445937603712082,,,3.773603667039424,,0.9997031195253303,1.2237311973646067e-09,0.0,0.0,fixed-e4m3,0.0005939067341387272,0.0,0,0.0,1000,bump,0.8935672731474004,5.784106016864709e-07,0.000770722224842757,,0.0016822649631649256,0.8919861473362155,0.00033265494857914746
0.05669556185603142,,,4.142020292114466,,0.9996580742684512,6.259492372732165e-09,0.0,0.0,fixed-e4m3,0.0007719593122601509,0.0,0,0.0,1100,bump,0.9633708925201055,6.423713044120435e-07,0.003291607368737459,,0.0017249769298359752,0.9632797969721881,0.00029430276481434703
0.047653570771217346,,,4.523297833045945,,0.9997031017268768,2.8043829269691025e-10,0.00031298904538341156,0.0,fixed-e4m3,0.0006101418985053897,0.0,0,0.0,1200,bump,0.8687196129450888,1.1516876715409516e-06,0.00031094628502614796,,0.0014118286781013012,0.8710980096857345,0.0005195112898945808
0.02952699549496174,,,4.90567108313553,,0.9995930456794494,6.030753737247637e-10,0.0,0.0,fixed-e4m3,0.0008749106200411916,0.0,0,0.0,1300,bump,0.8175248234404355,2.4560246303110566e-07,0.0015927060740068555,,0.001363182906061411,0.8179194392034775,0.00016128139395732433
0.03748178109526634,,,5.340040458133444,,0.9996437034574068,1.1314844210817899e-09,0.00010432968179447053,0.0,fixed-e4m3,0.0005876094801351428,0.0,0,0.0,1400,bump,0.7324102810293389,7.356990238653863e-07,0.0011875899508595467,,0.0012163387145847082,0.7322432159803898,0.00034044927451759577
0.032954972237348557,,,5.7310291670728475,,0.9996685770383591,6.024970882537933e-10,0.0004173187271778821,0.0,fixed-e4m3,0.0005489300237968564,0.0,0,0.0,1500,bump,0.7874008159858208,1.8215582952629363e-06,0.001906464109197259,,0.001101174857467413,0.7870494573058886,0.000418768817326054
0.024234410375356674,,,6.118118125014007,,0.9996710213358827,1.6374475081343192e-09,0.00010432968179447053,0.0,fixed-e4m3,0.0013904108200222254,0.0,0,0.0,1600,bump,0.7629315314278732,1.1942737173994715e-06,0.0009740981622599065,,0.0017797049367800355,0.7640382468547567,0.00044429535046219826
0.025059033185243607,,,6.482207875000313,,0.9996344764184814,3.047852793008651e-10,0.00031298904538341156,0.0,fixed-e4m3,0.0004737858544103801,0.0,0,0.0,1700,bump,0.6951245614617937,3.8843271460206963e-07,0.0010391207179054618,,0.0008927533635869622,0.6952765275101255,0.00010264110460411757
0.026543550193309784,,,6.861670792102814,,0.9996793143615483,3.3939293336548025e-10,0.0,0.0,fixed-e4m3,0.0007615673821419477,0.0,0,0.0,1800,bump,0.5176374383530791,1.9049486108502977e-06,0.0008440017700195312,,0.0012009291676804423,0.5187623864765607,0.0002261856570839882
0.011049402877688408,,,7.232762624975294,,0.9995786931080729,4.4995477433716757e-10,0.00031298904538341156,0.0,fixed-e4m3,0.0006192506407387555,0.0,0,0.0,1900,bump,0.49308111215323297,4.129941209038271e-07,0.0005038180388510227,,0.0007969953003339469,0.49216786732843915,0.0001268840132979676
0.011450500227510929,,,7.599626792129129,,0.9996516078555437,4.941387092740382e-10,0.0004173187271778821,0.0,fixed-e4m3,0.0005490833427757025,0.0,0,0.0,2000,bump,0.7060104650235324,7.546667587152861e-07,0.000214024301385507,,0.000734858971554786,0.7097152076090876,0.0002884610730689019
0.2188667207956314,,,0.0026332500856369734,,,,,0.0,fixed-e5m2,0.001335362670943141,0.0,0,0.0,0,bump,,,,,0.005042405799031258,,0.00040222000097855926
0.22138486802577972,,,0.38605912518687546,,0.998914980039818,4.035127508921054e-11,0.0,0.0,fixed-e5m2,0.00033164481283165514,0.0,0,0.0,100,bump,0.9459093449383128,4.473814796335024e-07,0.0011450672755017877,,0.004098705481737852,0.9467783960730305,0.00020133455109316856
0.21659411489963531,,,0.7659513750113547,,0.9987278124802317,3.91875619492921e-10,0.0,0.0,fixed-e5m2,0.0002647602232173085,0.0,0,0.0,200,bump,0.9104920516482644,6.188051476899796e-07,0.0018548545194789767,,0.003951319493353367,0.9106984431390359,0.00023176697141025215
0.19625237584114075,,,1.1536044171079993,,0.9987138348857095,3.363951234021465e-10,0.0,0.0,fixed-e5m2,0.0005647902726195753,0.0,0,0.0,300,bump,0.3710657208376019,5.01370082523672e-07,0.006477228365838528,,0.0038995849899947643,0.37524030243863066,6.296423816820607e-05
0.1766999065876007,,,1.6721113750245422,,0.9988066981545135,3.1673345192913327e-10,0.0,0.0,fixed-e5m2,0.0005049092578701675,0.0,0,0.0,400,bump,0.6597635708774635,1.2057839890132243e-06,0.0003520352765917778,,0.0035075219348073006,0.6652556607573622,0.0007543679676018655
0.14776331186294556,,,2.0564262920524925,,0.9986430811658988,2.9686791313636674e-09,0.0,0.0,fixed-e5m2,0.000799687928520143,0.0,0,0.0,500,bump,0.04419878788949926,2.0661465929688452e-06,0.0037170443683862686,,0.003304156707599759,0.044368296566399734,0.0011318285251036286
0.13387680053710938,,,2.5725046670995653,,0.9981379473289228,5.954633575044887e-10,0.0,0.0,fixed-e5m2,0.00044888854608871043,0.0,0,0.0,600,bump,0.9356855593683369,1.973942342199106e-06,0.00037871580570936203,,0.002722689416259527,0.9344137873058431,0.0010756049305200577
0.09201163798570633,,,3.0105062080547214,,0.998620076734591,1.062623789295978e-09,0.0,0.0,fixed-e5m2,0.000991256907582283,0.0,0,0.0,700,bump,0.7999357249445271,1.0629940360779238e-06,0.003647856879979372,,0.002542373724281788,0.7964285335903177,0.0006907888455316424
0.0888446569442749,,,3.3799385000020266,,0.9988460338993307,3.6876678100701184e-10,0.0,0.0,fixed-e5m2,0.0005286293453536928,0.0,0,0.0,800,bump,0.44700605847239455,8.593075743623369e-07,0.0027602354530245066,,0.0020336597226560116,0.4468197257781312,0.000679969263728708
0.08678856492042542,,,3.7518788331653923,,0.9985158098209844,8.148898342969971e-10,0.0,0.0,fixed-e5m2,0.0004845875082537532,0.0,0,0.0,900,bump,0.6264598283766392,3.3580240253835074e-06,0.0007331614615395665,,0.0019553296733647585,0.6189411163787322,0.0009887530468404293
0.0730067789554596,,,4.155644542071968,,0.998601507736988,2.995901582504436e-09,0.0,0.0,fixed-e5m2,0.0008063882123678923,0.0,0,0.0,1000,bump,0.16158305211858442,1.4950690671389073e-06,0.0007018590113148093,,0.0020367857068777084,0.17057318556515283,0.0004555499763227999
0.04706735163927078,,,4.532210750039667,,0.998648317708935,8.81048924138868e-10,0.0,0.0,fixed-e5m2,0.0007981047383509576,0.0,0,0.0,1100,bump,-0.06873800062862502,2.0511110387808036e-06,0.0019408868392929435,,0.0015865983441472054,-0.06680953335887542,0.000827048032078892
0.04540960490703583,,,4.90316874999553,,0.9990265140338657,9.978220562931796e-10,0.0,0.0,fixed-e5m2,0.0008359565399587154,0.0,0,0.0,1200,bump,0.12336133023734444,5.205720230426084e-06,0.00048241030890494585,,0.0015955546405166388,0.12385090269555495,0.000956654199399054
0.032370250672101974,,,5.272641000105068,,0.998729327035528,7.854292785421114e-10,0.0,0.0,fixed-e5m2,0.0007899212650954723,0.0,0,0.0,1300,bump,-0.5760581550186391,4.659910365716843e-06,0.001685413415543735,,0.0013280949788168073,-0.5828554111152241,0.001098407432436943
0.03479670733213425,,,5.633435333147645,,0.9985412964141469,8.098060491461599e-09,0.0,0.0,fixed-e5m2,0.0005962182185612619,0.0,0,0.0,1400,bump,0.5392898981089636,5.136614156759738e-06,0.0011594846146181226,,0.0011790432035923004,0.5376595870045178,0.0016636541113257408
0.03541894629597664,,,5.992486333008856,,0.9987394042521479,1.9569204866140502e-08,0.0,0.0,fixed-e5m2,0.0006173381116241217,0.0,0,0.0,1500,bump,-0.9385141411715313,1.810652366467673e-05,0.003180289873853326,,0.0012104067718610168,-0.9409741710499053,0.001728388830088079
0.029223164543509483,,,6.362879833206534,,0.9982759860226552,2.2873561142335697e-08,0.0,0.0,fixed-e5m2,0.0007896272582001984,0.0,0,0.0,1600,bump,-0.8524961581651057,2.03481615119355e-05,0.0017284576315432787,,0.0012741751270368695,-0.8547768294221012,0.0012079376028850675
0.03281668573617935,,,6.725222832988948,,0.9982621049358359,1.577932209349525e-08,0.0,0.0,fixed-e5m2,0.001597309485077858,0.0,0,0.0,1700,bump,0.8740371092635011,2.5314396644984547e-06,0.001863245852291584,,0.0021293319296091795,0.8731698049059542,0.0007041954668238759
0.03574739396572113,,,7.102769542019814,,0.9986694253529601,1.6685853224207437e-10,0.0,0.0,fixed-e5m2,0.0007860236219130456,0.0,0,0.0,1800,bump,0.49532501095300335,2.5629813021620116e-06,0.0008460195967927575,,0.0013818149454891682,0.4954677884590875,0.0011691675754263997
0.019673071801662445,,,7.482403458096087,,0.9988725043838234,3.4399750744847914e-09,0.0,0.0,fixed-e5m2,0.0006472041714005172,0.0,0,0.0,1900,bump,0.6440680017703273,1.01146156242821e-05,0.0008323657675646245,,0.0009714319603517652,0.6416017011085782,0.0028254289645701647
0.015151272527873516,,,7.865105458069593,,0.9985206741452396,1.521867692926522e-08,0.0,0.0,fixed-e5m2,0.0005643784534186125,0.0,0,0.0,2000,bump,0.46226487167182845,1.3259206648994506e-05,0.0018635656451806426,,0.0008129598572850227,0.45634708296203996,0.0031661672983318567
0.22058075666427612,,,0.002761624986305833,,,,,0.0,fixed-hybrid,0.0008601025328971446,0.0,0,0.0,0,bump,,,,,0.00460445461794734,,1.904946839204058e-05
0.2213534414768219,,,0.38498579198494554,,0.9984086469358211,4.4930983276449195e-11,0.0,0.0,fixed-hybrid,0.00032594025833532214,0.0,0,0.0,100,bump,0.5127460567689961,1.9058030420296838e-07,0.0011416645720601082,,0.004092562478035688,0.5013843356853951,7.290532812476158e-05
0.2219521552324295,,,0.7568772500380874,,0.998701524489515,3.410132540578576e-10,0.0,0.0,fixed-hybrid,0.00021264393581077456,0.0,0,0.0,200,bump,0.9394912306067967,1.7732431726426572e-07,0.001834128168411553,,0.003991400357335806,0.9387039049261974,8.027656440390274e-05
0.20625299215316772,,,1.1437429580837488,,0.9982757032812212,1.955451025184392e-09,0.0,0.0,fixed-hybrid,0.00030930613866075873,0.0,0,0.0,300,bump,0.8934745438589592,2.8399460797206864e-07,0.006571929436177015,,0.0038188789039850235,0.8963325296391691,0.00021918784477747977
0.17146065831184387,,,1.5123634580522776,,0.998864579557933,6.292946238012697e-10,0.0,0.0,fixed-hybrid,0.000534037419129163,0.0,0,0.0,400,bump,0.8258242134764945,4.0328920724873714e-07,0.00037261153920553625,,0.003446869784966111,0.8308750685676443,0.00015429694030899554
0.14486095309257507,,,1.882034125039354,,0.9987995453818265,1.0774765847997349e-09,0.0,0.0,fixed-hybrid,0.0006681581726297736,0.0,0,0.0,500,bump,0.7538863014720567,1.8574810193677394e-07,0.0033742862287908792,,0.003125408198684454,0.7569466010879281,0.00010685990855563432
0.1315130591392517,,,2.247106249909848,,0.9985460867799251,4.590394880248408e-10,0.0,0.0,fixed-hybrid,0.0005059622344560921,0.0,0,0.0,600,bump,0.9826766266196182,1.7600272359798797e-07,0.0003394576779101044,,0.002738509327173233,0.9842935733478125,4.877143874182366e-05
0.09477034211158752,,,2.6169436669442803,,0.9983307879045521,2.0192598242097e-09,0.0,0.0,fixed-hybrid,0.0016667048912495375,0.0,0,0.0,700,bump,0.916176692373586,2.9001071980645954e-07,0.0037156175822019577,,0.003253323258832097,0.9187993026591375,0.0007296082330867648
0.07992947101593018,,,2.99523829203099,,0.9988700866329048,1.2608137956498806e-09,0.0,0.0,fixed-hybrid,0.000539033324457705,0.0,0,0.0,800,bump,0.936830811002903,1.475842311684272e-06,0.0026957644149661064,,0.0018919591093435884,0.9350169214164521,0.0006417362601496279
0.07871011644601822,,,3.3944184579886496,,0.9985201342798355,2.0536362397993144e-10,0.0,0.0,fixed-hybrid,0.0005711625562980771,0.0,0,0.0,900,bump,0.16083251121259617,1.1841136791231474e-06,0.0008777022012509406,,0.0019027615198865533,0.160437303732922,0.00041902944212779403
0.06158638000488281,,,3.769021457992494,,0.998338773404671,1.3610980693426634e-09,0.0,0.0,fixed-hybrid,0.0006454531103372574,0.0,0,0.0,1000,bump,0.9838433860045511,1.3070452961680845e-06,0.0004403036436997354,,0.0016839730087667704,0.9845588199138997,0.0003348648897372186
0.05120638757944107,,,4.149427500087768,,0.9987775365576662,2.1764701719487426e-10,0.0,0.0,fixed-hybrid,0.001504728221334517,0.0,0,0.0,1100,bump,0.7049765171274963,1.221526407698489e-06,0.001929405378177762,,0.0023517152294516563,0.7047210567120833,0.001132048200815916
0.04510164633393288,,,4.533525625010952,,0.9990363778966733,1.6771674384313902e-09,0.0,0.0,fixed-hybrid,0.0007751776720397174,0.0,0,0.0,1200,bump,0.6792760298722404,1.1327027880742174e-06,0.0005195237463340163,,0.0015305638080462813,0.6796959818123794,0.00054032081970945
0.03492236137390137,,,4.927876666886732,,0.9986400944664486,1.3920458183552985e-09,0.0,0.0,fixed-hybrid,0.0008239387534558773,0.0,0,0.0,1300,bump,0.9694950953060534,6.240604447817235e-07,0.0018203768413513899,,0.0014050242025405169,0.9713392535999903,0.00022606173297390342
0.036862242966890335,,,5.310855207964778,,0.9981320162382262,1.0850383329405024e-08,0.0,0.0,fixed-hybrid,0.0007932192529551685,0.0,0,0.0,1400,bump,0.7954543811736186,1.174748616646272e-06,0.0012375923106446862,,0.0014078867388889194,0.7928810882039632,0.00047878321493044496
0.03252199664711952,,,5.693954749964178,,0.9987363085585328,1.0457032350633087e-09,0.0,0.0,fixed-hybrid,0.0005265686195343733,0.0,0,0.0,1500,bump,0.5112479480182288,8.574622917401929e-07,0.0017502970295026898,,0.001071816310286522,0.5055953666845471,0.0002711427805479616
0.02282891795039177,,,6.1472753749694675,,0.9987673420222963,2.721514077688807e-09,0.0,0.0,fixed-hybrid,0.0007235920056700706,0.0,0,0.0,1600,bump,0.33728394541889084,2.51616905094684e-06,0.0013234821381047368,,0.0011002981336787343,0.3346837434911988,0.00031603252864442766
0.028984367847442627,,,6.545175042003393,,0.9985493608702204,7.754436982112997e-10,0.0,0.0,fixed-hybrid,0.00046605721581727266,0.0,0,0.0,1700,bump,0.5576649601447933,5.274278595831301e-07,0.001105529605410993,,0.000952049798797816,0.5521996534616659,0.00019192055333405733
0.03552631661295891,,,7.008879916975275,,0.9983173434859876,3.970476819319418e-09,0.0,0.0,fixed-hybrid,0.0016734228702262044,0.0,0,0.0,1800,bump,0.8173167383108695,7.092915823932308e-07,0.0014366108225658536,,0.002250324236229062,0.8117665409435264,9.803033026400954e-05
0.01747448928654194,,,7.407899291953072,,0.9984243104591991,2.710510527258897e-10,0.0,0.0,fixed-hybrid,0.00045110133942216635,0.0,0,0.0,1900,bump,0.28622374673876844,5.20714972174597e-07,0.00043016314157284796,,0.0007412040140479803,0.28449296362777915,8.874764898791909e-05
0.0161293875426054,,,7.78728049993515,,0.9984845994058221,4.36508415330232e-08,0.0,0.0,fixed-hybrid,0.0005756744649261236,0.0,0,0.0,2000,bump,0.9554792020438945,1.2631466031291037e-06,0.0016752271912992,,0.0008407318382523954,0.9576300229733609,0.00036311938310973346
0.22175323963165283,,,0.0027413328643888235,,,,,0.005301416851580143,calibrated,0.0008387239649891853,0.0,0,0.005301416851580143,0,bump,,,,,0.004603421315550804,,3.273279435234144e-05
0.22162185609340668,,,0.43526016687974334,,0.9999089624808485,2.05058400364698e-12,0.01178925404277517,0.005301416851580143,calibrated,0.0003215529432054609,0.0,0,0.005301416851580143,100,bump,0.4541716664154168,4.779170313685417e-08,0.0011414566542953253,,0.004092824179679155,0.45530602422154903,1.8194490621681325e-05
0.22479639947414398,,,0.8324080419261009,,0.9999122468405589,9.942417211511531e-11,0.0180490349504434,0.005301416851580143,calibrated,0.00020218155987095088,0.0,0,0.005301416851580143,200,bump,0.9803827175061309,3.73084301481201e-08,0.0019476991146802902,,0.00402958644554019,0.9805516988539295,1.936003718583379e-05
0.20879410207271576,,,1.219230332877487,,0.9999003488698843,1.221071747992543e-10,0.0198226395409494,0.005301416851580143,calibrated,0.00030098247225396335,0.0,0,0.005301416851580143,300,bump,0.9863275972807609,1.5138200370092167e-08,0.006575801409780979,,0.0038540016394108534,0.9864108565150606,1.622009585844353e-05
0.172499880194664,,,1.6019829579163343,,0.9999290866220882,4.1935964248674606e-11,0.010641627543035994,0.005301416851580143,calibrated,0.0005085779703222215,0.0,0,0.005301416851580143,400,bump,0.9712463390511514,1.6438196775893437e-08,0.0004315809637773782,,0.0034395542461425066,0.9708409891394942,9.707526260172017e-06
0.14516061544418335,,,2.0039830829482526,,0.9999236750294626,3.24520860425316e-11,0.015232133541992697,0.005301416851580143,calibrated,0.0006812100764364004,0.0,0,0.005301416851580143,500,bump,0.912912874328043,3.563912368779477e-08,0.003311402862891555,,0.003143344074487686,0.9134013022545086,1.599052848177962e-05
0.12795042991638184,,,2.4111467078328133,,0.9999275922789964,2.435872575637994e-11,0.009285341679707878,0.005301416851580143,calibrated,0.00040717131923884153,0.0,0,0.005301416851580143,600,bump,-0.8485541304090223,7.079892395221189e-07,0.00034524183138273656,,0.002580689499154687,-0.847375993500535,0.00013344261969905347
0.08419904112815857,,,2.7948292079381645,,0.9999228585173225,9.175895316775268e-11,0.013145539906103286,0.005301416851580143,calibrated,0.0011910389875993133,0.0,0,0.005301416851580143,700,bump,0.9957863180725359,6.28686886784618e-09,0.003721035085618496,,0.0026056133210659027,0.9959064401627947,7.285456376848742e-06
0.07530545443296432,,,3.169823542004451,,0.9998921262266626,1.31313116518138e-10,0.00970266040688576,0.005301416851580143,calibrated,0.0005451346514746547,0.0,0,0.005301416851580143,800,bump,0.930407093314934,1.1459825687823275e-07,0.0025789004284888506,,0.0018191569251939654,0.9307487029118345,3.149787517031655e-05
0.07663687318563461,,,3.557825124822557,,0.9998958835596723,1.2442664859069982e-10,0.008450704225352112,0.005301416851580143,calibrated,0.0006824434385634959,0.0,0,0.005301416851580143,900,bump,0.9776821006619557,3.854239686200762e-08,0.0010356639977544546,,0.0019768148194998503,0.9777867657406686,2.1356278011808172e-05
0.05734952911734581,,,3.9250557080376893,,0.9999162968102853,4.610800838607933e-11,0.0198226395409494,0.005301416851580143,calibrated,0.0006481731543317437,0.0,0,0.005301416851580143,1000,bump,0.77726408379999,1.2884706217489464e-06,0.0004164536949247122,,0.0016144446562975645,0.778151161659248,0.00021960929734632373
0.045774511992931366,,,4.307027332950383,,0.9999296613337599,3.94026409045254e-11,0.017110067814293167,0.005301416851580143,calibrated,0.0006265525589697063,0.0,0,0.005301416851580143,1100,bump,0.005900468812556113,1.6866545072228204e-06,0.0017914521740749478,,0.001395937753841281,0.004037830575526244,0.000225873664021492
0.03710000962018967,,,4.685836999909952,,0.9999177591883166,1.089497474255418e-10,0.02368283776734481,0.005301416851580143,calibrated,0.0006622208165936172,0.0,0,0.005301416851580143,1200,bump,0.9858392470413665,7.900638084602894e-07,0.00029553272179327905,,0.0012831725180149078,0.9862114569989585,6.084160850150511e-05
0.02570820227265358,,,5.0628217498306185,,0.9998956842471055,4.1898239186165225e-10,0.014606155451225874,0.005301416851580143,calibrated,0.0009240270592272282,0.0,0,0.005301416851580143,1300,bump,0.9801942285552686,8.545926402493256e-08,0.001617891015484929,,0.0013463847571983933,0.980739757863991,3.225618274882436e-05
0.031432315707206726,,,5.444182749837637,,0.9999142107206995,2.2611792515263e-11,0.021178925404277515,0.005301416851580143,calibrated,0.0009772340999916196,0.0,0,0.005301416851580143,1400,bump,0.5958218573823831,4.0744959341498184e-07,0.0007951394654810429,,0.0014962318819016218,0.5972520091915227,0.00010011535050580278
0.0282590314745903,,,5.824700291967019,,0.999916314995469,2.4224295654058637e-10,0.032655190401669275,0.005301416851580143,calibrated,0.0008370509603992105,0.0,0,0.005301416851580143,1500,bump,0.9860444200720276,9.537832643513758e-08,0.0016319318674504757,,0.0013043603394180536,0.9862547369466955,0.00012172574497526512
0.023124171420931816,,,6.194662666879594,,0.9999060236984508,2.644706103744914e-10,0.028586332811684923,0.005301416851580143,calibrated,0.0006451065419241786,0.0,0,0.005301416851580143,1600,bump,0.6103798774599738,1.0788253247925775e-06,0.0010778515134006739,,0.001028181635774672,0.6104868220886893,0.00013719360867980868
0.02149067260324955,,,6.570685624843463,,0.9999112363274654,1.3973920625569023e-10,0.04934793948878456,0.005301416851580143,calibrated,0.0006809359765611589,0.0,0,0.005301416851580143,1700,bump,0.636355507987894,8.309208461912098e-07,0.0012437646510079503,,0.0010355634149163961,0.6371594403200828,0.00015026674373075366
0.03221350163221359,,,6.947213707957417,,0.9999355607407827,4.6078766523058694e-10,0.02357850808555034,0.005301416851580143,calibrated,0.0013345771003514528,0.0,0,0.005301416851580143,1800,bump,0.9849178778008516,1.1042643130700227e-07,0.0013348322827368975,,0.0018607978709042072,0.9849833429868204,0.00012837415852118284
0.015108476392924786,,,7.325151291908696,,0.9999239508575941,3.924466530289513e-11,0.030151278038601983,0.005301416851580143,calibrated,0.00046982677304185927,0.0,0,0.005301416851580143,1900,bump,0.8788702131218443,6.409726370148513e-08,0.0004791156970895827,,0.0007192902266979218,0.8796229879710282,4.235530286678113e-05
0.012608095072209835,,,7.711925166891888,,0.9999089365974483,1.47270036600736e-10,0.030985915492957747,0.005301416851580143,calibrated,0.00034410523949190974,0.0,0,0.005301416851580143,2000,bump,0.5734182434893185,6.585504232785129e-07,0.0003590160340536386,,0.0005531010101549327,0.5730534438099038,0.00017068770830519497
0.22175323963165283,,,0.002664749976247549,,,,,0.005301416851580143,adaptive,0.0008387239649891853,0.0,0,0.005301416851580143,0,bump,,,,,0.004603421315550804,,3.273279435234144e-05
0.22162185609340668,,,0.39317812491208315,,0.9999089624808485,2.05058400364698e-12,0.01178925404277517,0.005301416851580143,adaptive,0.0003215529432054609,0.0,0,0.005301416851580143,100,bump,0.4541716664154168,4.779170313685417e-08,0.0011414566542953253,,0.004092824179679155,0.45530602422154903,1.8194490621681325e-05
0.22479639947414398,,,0.7940510839689523,,0.9999122468405589,9.942417211511531e-11,0.0180490349504434,0.005301416851580143,adaptive,0.00020218155987095088,0.004736913600936532,0,0.010038330452516675,200,bump,0.9803827175061309,3.73084301481201e-08,0.0019476991146802902,,0.00402958644554019,0.9805516988539295,1.936003718583379e-05
0.20879410207271576,,,1.1729764589108527,,0.9999003488698843,1.221071747992543e-10,0.0198226395409494,0.005301416851580143,adaptive,0.00030098247225396335,0.009616498602554202,0,0.014917915454134345,300,bump,0.9863275972807609,1.5138200370092167e-08,0.006575801409780979,,0.0038540016394108534,0.9864108565150606,1.622009585844353e-05
0.172499880194664,,,1.5469649999868125,,0.9999290866220882,4.1935964248674606e-11,0.010641627543035994,0.005301416851580143,adaptive,0.0005085779703222215,0.01446687406860292,0,0.019768290920183063,400,bump,0.9712463390511514,1.6438196775893437e-08,0.0004315809637773782,,0.0034395542461425066,0.9708409891394942,9.707526260172017e-06
0.14516061544418335,,,2.009318958967924,,0.9998965210138517,4.577815233483122e-11,0.015232133541992697,0.005301416851580143,adaptive,0.0006812100764364004,0.019566870061680675,0,0.024868286913260818,500,bump,0.9090854915712945,3.695656557984319e-08,0.003311402862891555,,0.003143344074487686,0.9093320005530825,1.6203632185352035e-05
0.12795042991638184,,,2.429837750038132,,0.9999275922789964,2.435872575637994e-11,0.009285341679707878,0.005301416851580143,adaptive,0.00040717131923884153,0.025903950445353985,0,0.031205367296934128,600,bump,-0.8500948075541211,7.20834270277993e-07,0.00034524183138273656,,0.002580689499154687,-0.8489186405072887,0.00013592779578175396
0.08419904112815857,,,2.797681292053312,,0.999922587025867,9.317011698671638e-11,0.013145539906103286,0.005301416851580143,adaptive,0.0011910389875993133,0.030708202393725514,0,0.03600961924530566,700,bump,0.9967931303452459,4.805012952482694e-09,0.003721035085618496,,0.0026056133210659027,0.9969724590952427,7.145940344344126e-06
0.07530545443296432,,,3.1708264590706676,,0.9998921262266626,1.31313116518138e-10,0.00970266040688576,0.005301416851580143,adaptive,0.0005451346514746547,0.035517492797225714,0,0.04081890964880586,800,bump,0.9258519003064158,1.2186852856847489e-07,0.0025789004284888506,,0.0018191569251939654,0.9261972026520642,3.285273487563245e-05
0.07663687318563461,,,3.5418413339648396,,0.9998958835596723,1.2442664859069982e-10,0.008450704225352112,0.005301416851580143,adaptive,0.0006824434385634959,0.04029511730186641,0,0.045596534153446555,900,bump,0.9749465064865398,4.112320481527001e-08,0.0010356639977544546,,0.0019768148194998503,0.9750453192583235,2.1437614122987725e-05
0.05734952911734581,,,3.940066708950326,,0.9999162968102853,4.610800838607933e-11,0.0198226395409494,0.005301416851580143,adaptive,0.0006481731543317437,0.04535682825371623,0,0.05065824510529637,1000,bump,0.7764164165274636,1.3097455260350417e-06,0.0004164536949247122,,0.0016144446562975645,0.7773053832557991,0.00022264137805905193
0.045774511992931366,,,4.328819249989465,,0.9999296613337599,3.94026409045254e-11,0.017110067814293167,0.005301416851580143,adaptive,0.0006265525589697063,0.05039728619158268,0,0.05569870304316282,1100,bump,0.0013858101669870263,1.7003480848568227e-06,0.0017914521740749478,,0.001395937753841281,-0.0004788475650448475,0.00022728581097908318
0.03710000962018967,,,4.731201499933377,,0.9999177591883166,1.089497474255418e-10,0.02368283776734481,0.005301416851580143,adaptive,0.0006622208165936172,0.055465581361204386,0,0.06076699821278453,1200,bump,0.9855922974992125,8.133063554525301e-07,0.00029553272179327905,,0.0012831725180149078,0.9859618019328532,6.312357436399907e-05
0.02570820227265358,,,5.146139292046428,,0.9998956842471055,4.1898239186165225e-10,0.014606155451225874,0.005301416851580143,adaptive,0.0009240270592272282,0.0606085832696408,0,0.06591000012122095,1300,bump,0.9796489381356541,8.90602801923439e-08,0.001617891015484929,,0.0013463847571983933,0.9802012828663645,3.287744038971141e-05
0.031432315707206726,,,5.6335925839375705,,0.9999113040267373,2.3342661888283968e-11,0.021178925404277515,0.005301416851580143,adaptive,0.0009772340999916196,0.06774179101921618,0,0.07304320787079632,1400,bump,0.5890384232996673,4.196783518030172e-07,0.0007951394654810429,,0.0014962318819016218,0.5896487843849623,0.00010139968799194321
0.0282590314745903,,,6.104041416896507,,0.999916314995469,2.4224295654058637e-10,0.032655190401669275,0.005301416851580143,adaptive,0.0008370509603992105,0.0737890840973705,0,0.07909050094895065,1500,bump,0.9862444397378801,9.863364756100849e-08,0.0016319318674504757,,0.0013043603394180536,0.9864576840909072,0.00012328357843216509
0.023124171420931816,,,6.534794166916981,,0.9999060236984508,2.644706103744914e-10,0.028586332811684923,0.005301416851580143,adaptive,0.0006451065419241786,0.07877503940835595,0,0.0840764562599361,1600,bump,0.603630338640632,1.0982266999665754e-06,0.0010778515134006739,,0.001028181635774672,0.603735362018416,0.00013934847083874047
0.02149067260324955,,,6.970503958873451,,0.9999112363274654,1.3973920625569023e-10,0.04934793948878456,0.005301416851580143,adaptive,0.0006809359765611589,0.0845551264937967,0,0.08985654334537685,1700,bump,0.6305139702363762,8.483883058714096e-07,0.0012437646510079503,,0.0010355634149163961,0.6313207311809659,0.00015245212125591934
0.03221350163221359,,,7.396930249873549,,0.9999355607407827,4.6078766523058694e-10,0.02357850808555034,0.005301416851580143,adaptive,0.0013345771003514528,0.08975354069843888,0,0.09505495755001903,1800,bump,0.9848384173076008,1.1224145985034433e-07,0.0013348322827368975,,0.0018607978709042072,0.9849033333651102,0.00012806474114768207
0.015108476392924786,,,7.773088542046025,,0.9999239508575941,3.924466530289513e-11,0.030151278038601983,0.005301416851580143,adaptive,0.00046982677304185927,0.09485641424544156,0,0.1001578310970217,1900,bump,0.8733815322399062,6.749520849287506e-08,0.0004791156970895827,,0.0007192902266979218,0.8741567153800944,4.2858795495703816e-05
0.012608095072209835,,,8.145162584027275,,0.9999089365974483,1.47270036600736e-10,0.030985915492957747,0.005301416851580143,adaptive,0.00034410523949190974,0.09991312213242054,0,0.10521453898400068,2000,bump,0.5639278555542993,6.723421753125499e-07,0.0003590160340536386,,0.0005531010101549327,0.5635596132353631,0.00017201053560711443
,,,0.0019139167852699757,,,,,0.0,fp32,,0.0,0,0.0,0,composition,,,,,0.5589556097984314,,0.0
,,,0.06599058280698955,,0.9999999999999951,0.0,0.0,0.0,fp32,,0.0,0,0.0,100,composition,0.9999999999999951,0.0,0.055211782455444336,,0.068025141954422,0.9999999999999951,0.0
,,,0.12931370781734586,,0.9999999999999983,0.0,0.0,0.0,fp32,,0.0,0,0.0,200,composition,0.9999999999999983,0.0,0.03648136928677559,,0.02973712980747223,0.9999999999999983,0.0
,,,0.19207712495699525,,0.9999999999999956,0.0,0.0,0.0,fp32,,0.0,0,0.0,300,composition,0.9999999999999956,0.0,0.028833985328674316,,0.026168450713157654,0.9999999999999956,0.0
,,,0.2547219998668879,,0.9999999999999956,0.0,0.0,0.0,fp32,,0.0,0,0.0,400,composition,0.9999999999999956,0.0,0.017005618661642075,,0.025241194292902946,0.9999999999999956,0.0
,,,0.3173238327726722,,0.9999999999999977,0.0,0.0,0.0,fp32,,0.0,0,0.0,500,composition,0.9999999999999977,0.0,0.018003739416599274,,0.02299022488296032,0.9999999999999977,0.0
,,,0.3807357919868082,,0.999999999999997,0.0,0.0,0.0,fp32,,0.0,0,0.0,600,composition,0.999999999999997,0.0,0.027049023658037186,,0.0225919671356678,0.999999999999997,0.0
,,,0.4436360828112811,,0.9999999999999958,0.0,0.0,0.0,fp32,,0.0,0,0.0,700,composition,0.9999999999999958,0.0,0.019530266523361206,,0.017816446721553802,0.9999999999999958,0.0
,,,0.5059824578929693,,0.9999999999999971,0.0,0.0,0.0,fp32,,0.0,0,0.0,800,composition,0.9999999999999971,0.0,0.014585924334824085,,0.01619989424943924,0.9999999999999971,0.0
,,,0.5694240417797118,,0.999999999999996,0.0,0.0,0.0,fp32,,0.0,0,0.0,900,composition,0.999999999999996,0.0,0.009014643728733063,,0.01435524970293045,0.999999999999996,0.0
,,,0.6326924997847527,,0.9999999999999979,0.0,0.0,0.0,fp32,,0.0,0,0.0,1000,composition,0.9999999999999979,0.0,0.01424320787191391,,0.02098831720650196,0.9999999999999979,0.0
,,,0.6954048329498619,,0.9999999999999963,0.0,0.0,0.0,fp32,,0.0,0,0.0,1100,composition,0.9999999999999963,0.0,0.006560978014022112,,0.009851489216089249,0.9999999999999963,0.0
,,,0.7590602079872042,,0.999999999999995,0.0,0.0,0.0,fp32,,0.0,0,0.0,1200,composition,0.999999999999995,0.0,0.006994770374149084,,0.010035478509962559,0.999999999999995,0.0
,,,0.8238864578306675,,0.9999999999999982,0.0,0.0,0.0,fp32,,0.0,0,0.0,1300,composition,0.9999999999999982,0.0,0.0039195287972688675,,0.006714606191962957,0.9999999999999982,0.0
,,,0.8889694579411298,,0.9999999999999973,0.0,0.0,0.0,fp32,,0.0,0,0.0,1400,composition,0.9999999999999973,0.0,0.004888698924332857,,0.005459035746753216,0.9999999999999973,0.0
,,,0.9523182918783277,,0.9999999999999983,0.0,0.0,0.0,fp32,,0.0,0,0.0,1500,composition,0.9999999999999983,0.0,0.0023779254406690598,,0.004948044661432505,0.9999999999999983,0.0
,,,1.017308124806732,,0.9999999999999957,0.0,0.0,0.0,fp32,,0.0,0,0.0,1600,composition,0.9999999999999957,0.0,0.0032785076182335615,,0.003436815459281206,0.9999999999999957,0.0
,,,1.0806850418448448,,0.9999999999999963,0.0,0.0,0.0,fp32,,0.0,0,0.0,1700,composition,0.9999999999999963,0.0,0.002122118603438139,,0.004225782118737698,0.9999999999999963,0.0
,,,1.1431210418231785,,0.9999999999999929,0.0,0.0,0.0,fp32,,0.0,0,0.0,1800,composition,0.9999999999999929,0.0,0.0017358639743179083,,0.00211585545912385,0.9999999999999929,0.0
,,,1.2070004169363528,,0.9999999999999977,0.0,0.0,0.0,fp32,,0.0,0,0.0,1900,composition,0.9999999999999977,0.0,0.002371658803895116,,0.002420929027721286,0.9999999999999977,0.0
,,,1.2715908328536898,,0.9999999999999983,0.0,0.0,0.0,fp32,,0.0,0,0.0,2000,composition,0.9999999999999983,0.0,0.0007256100652739406,,0.0010761329904198647,0.9999999999999983,0.0
,,,0.0026365420781075954,,,,,0.0,fixed-e4m3,,0.0,0,0.0,0,composition,,,,,0.5609800219535828,,0.0002647548681125045
,,,0.3890042919665575,,0.9996110463957656,8.404341608621966e-08,0.0,0.0,fixed-e4m3,,0.0,0,0.0,100,composition,0.7790200657843667,5.0850727675543834e-05,0.05350717902183533,,0.06776628643274307,0.7801849917140398,0.0031367402989417315
,,,0.7647377499379218,,0.9996428282299612,7.437146186987168e-08,0.00010432968179447053,0.0,fixed-e4m3,,0.0,0,0.0,200,composition,0.9344691868705656,4.7517325044310416e-05,0.03341236710548401,,0.02927980199456215,0.9347628891957552,0.0027685235254466534
,,,1.13496799999848,,0.9996186187918529,3.4182210258040987e-07,0.0,0.0,fixed-e4m3,,0.0,0,0.0,300,composition,0.9075700814195035,7.908246282512276e-05,0.041978999972343445,,0.03005177155137062,0.9071686596552657,0.0035848880652338266
,,,1.4911740000825375,,0.9996379057431326,7.452680667523797e-09,0.0,0.0,fixed-e4m3,,0.0,0,0.0,400,composition,0.9131131483452077,9.643191233619044e-05,0.016246583312749863,,0.025831013917922974,0.9137901229295186,0.0031760516576468945
,,,1.857062750030309,,0.9996664939622457,3.663515303453116e-08,0.0,0.0,fixed-e4m3,,0.0,0,0.0,500,composition,-0.7262092304235693,0.0001748303766752424,0.019130969420075417,,0.023766309022903442,-0.7262894178527539,0.005643774289637804
,,,2.222701916936785,,0.9996378065314637,2.985790194752751e-07,0.0,0.0,fixed-e4m3,,0.0,0,0.0,600,composition,0.9368811548339515,9.524227334897793e-05,0.029902569949626923,,0.019946787506341934,0.9372469858533118,0.004014480859041214
,,,2.584729041904211,,0.999647069004786,6.509903249312591e-07,0.0,0.0,fixed-e4m3,,0.0,0,0.0,700,composition,0.9291845438463973,0.00012364420168996647,0.04052818939089775,,0.019307196140289307,0.9287691303679865,0.0052275764755904675
,,,2.952592708868906,,0.9996629687353003,1.6068003719577725e-07,0.0,0.0,fixed-e4m3,,0.0,0,0.0,800,composition,0.9224574500763912,5.9379493944314956e-05,0.017260931432247162,,0.01777166873216629,0.9227058432506274,0.004957308527082205
,,,3.3231977089308202,,0.999660617786181,2.736173733645172e-08,0.0,0.0,fixed-e4m3,,0.0,0,0.0,900,composition,0.006343844190010326,5.924178891214304e-05,0.010916322469711304,,0.01590787060558796,0.004793222212960341,0.00245674722827971
,,,3.6993226250633597,,0.9996669144449013,5.9425348998931056e-09,0.00010432968179447053,0.0,fixed-e4m3,,0.0,0,0.0,1000,composition,-0.3149098936935704,5.571794269240636e-05,0.011888040229678154,,0.022848358377814293,-0.31588262285969776,0.0024654262233525515
,,,4.065711125032976,,0.9996617984044416,2.5148140224595744e-09,0.00010432968179447053,0.0,fixed-e4m3,,0.0,0,0.0,1100,composition,0.31022280521043427,3.342074830522532e-05,0.007878120988607407,,0.012236718088388443,0.3105027055671534,0.0026742201298475266
,,,4.444289000006393,,0.9996582875280231,6.321872186595758e-08,0.00031298904538341156,0.0,fixed-e4m3,,0.0,0,0.0,1200,composition,0.6391007366827473,5.554753141432894e-05,0.011281481944024563,,0.013550255447626114,0.6383783357069798,0.003176300786435604
,,,4.840673000086099,,0.9996332840265446,9.443195093432181e-09,0.0,0.0,fixed-e4m3,,0.0,0,0.0,1300,composition,0.8958062563175242,3.8979215479124765e-05,0.005079347640275955,,0.009759413078427315,0.8969678068369487,0.0030500360298901796
,,,5.202678124886006,,0.9996697312445231,4.849485865207669e-09,0.0,0.0,fixed-e4m3,,0.0,0,0.0,1400,composition,0.7027726032507725,9.994617074511512e-05,0.006623573135584593,,0.007695116568356752,0.7032329134064172,0.004283743444830179
,,,5.604874917073175,,0.9996146248355265,4.774686921136402e-08,0.00031298904538341156,0.0,fixed-e4m3,,0.0,0,0.0,1500,composition,0.722620319714794,3.160071710113637e-05,0.005234572105109692,,0.007079065777361393,0.7217378907518952,0.0014541023410856724
,,,5.965840458869934,,0.9996604505723429,4.955370190283061e-08,0.0,0.0,fixed-e4m3,,0.0,0,0.0,1600,composition,0.7000206015291711,4.095290099479681e-05,0.006178855895996094,,0.007584947161376476,0.6992783613788106,0.0018073901301249862
,,,6.355551999993622,,0.9996461165025762,1.8980613151761552e-08,0.0,0.0,fixed-e4m3,,0.0,0,0.0,1700,composition,0.9533920973621463,5.86140582903413e-05,0.0034656727220863104,,0.003148223040625453,0.9532590345775445,0.00198118737898767
,,,6.744984624907374,,0.9996455369740617,4.530822219707102e-08,0.00010432968179447053,0.0,fixed-e4m3,,0.0,0,0.0,1800,composition,0.8464509330023482,2.057734470001029e-05,0.0032172692008316517,,0.0025073217693716288,0.8459068318582552,0.0019686343148350716
,,,7.146520624868572,,0.9996030356312353,4.342052327123644e-08,0.00010432968179447053,0.0,fixed-e4m3,,0.0,0,0.0,1900,composition,0.6043459917343883,7.395178998332426e-05,0.0029670116491615772,,0.001615489716641605,0.604186527216753,0.002301400527358055
,,,7.5532459588721395,,0.9996146886666825,3.1079137841934296e-08,0.0,0.0,fixed-e4m3,,0.0,0,0.0,2000,composition,-0.5410083299419803,8.453208589767672e-05,0.0022430764511227608,,0.006911804433912039,-0.54053499503728,0.0016294346423819661
,,,0.0026651250664144754,,,,,0.0,fixed-e5m2,,0.0,0,0.0,0,composition,,,,,0.558377206325531,,0.00041183861321769655
,,,0.45440899999812245,,0.9984383253424387,5.750668835018495e-07,0.0,0.0,fixed-e5m2,,0.0,0,0.0,100,composition,0.8354439550159917,7.622579784370408e-05,0.06035789102315903,,0.06723862141370773,0.8372213261199606,0.008777615614235401
,,,0.8919585419353098,,0.9985414735857753,3.7225575886638785e-07,0.0,0.0,fixed-e5m2,,0.0,0,0.0,200,composition,0.8309865861354493,0.00024426368264715125,0.035656075924634933,,0.029904283583164215,0.833825527811917,0.01024525985121727
,,,1.2933997090440243,,0.9987263447918407,2.231905851968574e-07,0.0,0.0,fixed-e5m2,,0.0,0,0.0,300,composition,0.9669958020385047,6.0185403501513974e-05,0.027822401374578476,,0.03372296690940857,0.9680813872379789,0.002507916186004877
,,,1.6720515000633895,,0.9985298407790968,1.024856058002805e-07,0.0,0.0,fixed-e5m2,,0.0,0,0.0,400,composition,0.35059494790419826,0.0001628206759142505,0.01863124966621399,,0.02957697957754135,0.3503071130795092,0.013314703479409218
,,,2.066719084046781,,0.9986874967496904,1.4727180104112905e-07,0.0,0.0,fixed-e5m2,,0.0,0,0.0,500,composition,0.7831034699527116,0.00028796206200311483,0.01884770579636097,,0.02585558593273163,0.7843706183980371,0.02346072532236576
,,,2.4561014170758426,,0.9986212539171778,2.617984934778239e-07,0.0,0.0,fixed-e5m2,,0.0,0,0.0,600,composition,0.4737917062826421,0.0006749744574120145,0.02056051418185234,,0.02315422147512436,0.4726763150103958,0.0263016689568758
,,,2.8909479998983443,,0.9987683610222553,9.151885477100892e-08,0.0,0.0,fixed-e5m2,,0.0,0,0.0,700,composition,0.9668025827846306,0.00010474314723270993,0.01722644455730915,,0.021819746121764183,0.9672516093474167,0.009429030120372772
,,,3.3827252918854356,,0.9986074687695481,1.9949313746747411e-07,0.0,0.0,fixed-e5m2,,0.0,0,0.0,800,composition,0.5643630961358053,6.669464386837956e-05,0.012411782518029213,,0.017992382869124413,0.5669043195606428,0.011923383921384811
,,,3.8267936250194907,,0.9985513942509823,4.4586036999015154e-08,0.0,0.0,fixed-e5m2,,0.0,0,0.0,900,composition,-0.6287587496945367,0.00029352981315528866,0.009409059770405293,,0.016457287594676018,-0.6286734511679012,0.01970052160322666
,,,4.235058374935761,,0.9986533476977195,1.2412047669666997e-07,0.0,0.0,fixed-e5m2,,0.0,0,0.0,1000,composition,0.5885087745325389,0.00011184465369369689,0.013819783926010132,,0.018210796639323235,0.5913844425691395,0.020229004323482513
,,,4.66055833408609,,0.9985508480152775,1.1477484295709834e-07,0.0,0.0,fixed-e5m2,,0.0,0,0.0,1100,composition,0.04722730972958886,0.0002598567547586393,0.008295789361000061,,0.010313970036804676,0.04607443353354019,0.02351319044828415
,,,5.062178875086829,,0.9984323149448648,1.7635900780523184e-07,0.0,0.0,fixed-e5m2,,0.0,0,0.0,1200,composition,-0.24646664788266912,0.0004454568017143274,0.009310954250395298,,0.010530777275562286,-0.24401977061159952,0.03254721686244011
,,,5.474047041963786,,0.9986153209446836,2.1305709945298443e-08,0.0,0.0,fixed-e5m2,,0.0,0,0.0,1300,composition,-0.27417340451216976,0.00020227923991944643,0.004893899895250797,,0.008580932393670082,-0.2744243376587286,0.033578600734472275
,,,5.917658583959565,,0.9986245773994565,1.195212702431657e-07,0.0,0.0,fixed-e5m2,,0.0,0,0.0,1400,composition,-0.09244148882288233,0.0005022115096313703,0.006533483043313026,,0.006580439396202564,-0.09541713762201413,0.03546467795968056
,,,6.400805916870013,,0.9986456224058681,1.1167331109953487e-07,0.0,0.0,fixed-e5m2,,0.0,0,0.0,1500,composition,-0.6147519316369395,0.0006107408676434891,0.0038783084601163864,,0.006291726138442755,-0.6131552355922268,0.038949377834796906
,,,6.863986624870449,,0.9986471091467872,1.899200772943154e-07,0.0,0.0,fixed-e5m2,,0.0,0,0.0,1600,composition,-0.40343359136002477,0.001026059947299121,0.004433383233845234,,0.004402887541800737,-0.40524193388754903,0.04241648316383362
,,,7.297475416911766,,0.9987145073905817,2.828615091226964e-08,0.0,0.0,fixed-e5m2,,0.0,0,0.0,1700,composition,-0.6308292616999834,0.000656555257804371,0.0017925857100635767,,0.0032551526091992855,-0.6327518888358752,0.03460985794663429
,,,7.7628035000525415,,0.9987811430075577,5.024469605957877e-09,0.0,0.0,fixed-e5m2,,0.0,0,0.0,1800,composition,-0.25383966979565453,0.000571637195692549,0.0013069394044578075,,0.0014393589226529002,-0.25527452105946674,0.043033916503190994
,,,8.199511999962851,,0.9985910245118169,1.583836439844544e-08,0.0,0.0,fixed-e5m2,,0.0,0,0.0,1900,composition,-0.5942804498382317,0.0007708350569750714,0.0007590670720674098,,0.0011716455919668078,-0.5949216964402028,0.04248141124844551
,,,8.575210874900222,,0.998707208622397,1.183239658461042e-06,0.0,0.0,fixed-e5m2,,0.0,0,0.0,2000,composition,0.6194057066767178,0.0007406752550639668,0.012776153162121773,,0.007077046204358339,0.6210941934751569,0.04355097562074661
,,,0.0026348750106990337,,,,,0.0,fixed-hybrid,,0.0,0,0.0,0,composition,,,,,0.5609800219535828,,0.0002647548681125045
,,,0.4740428749937564,,0.9986420866282975,4.0654649040208095e-07,0.0,0.0,fixed-hybrid,,0.0,0,0.0,100,composition,0.9321670984497591,2.500990293596217e-05,0.05521904304623604,,0.0664866492152214,0.9330070141573117,0.0031981102656573057
,,,0.8986178329214454,,0.9986059100240369,4.5570881668389513e-07,0.0,0.0,fixed-hybrid,,0.0,0,0.0,200,composition,0.9086473814383416,0.0001248462967068934,0.035281434655189514,,0.02932598628103733,0.9093163458400532,0.00430992990732193
,,,1.3686920409090817,,0.9985882320236587,5.259381906736713e-07,0.0,0.0,fixed-hybrid,,0.0,0,0.0,300,composition,0.7315814801439745,0.0002549683644667378,0.03076188825070858,,0.032601919025182724,0.7333291728541621,0.009621339850127697
,,,1.8096344580408186,,0.9986322961206694,3.3666870865015044e-08,0.0,0.0,fixed-hybrid,,0.0,0,0.0,400,composition,0.7883238904225601,0.0001524140310221769,0.016573229804635048,,0.035749901086091995,0.7895477412504844,0.007857884280383587
,,,2.265735791064799,,0.998750403371343,1.3597910218059592e-07,0.0,0.0,fixed-hybrid,,0.0,0,0.0,500,composition,0.9608527676143133,1.6296901283117672e-05,0.018276818096637726,,0.02345726639032364,0.962426181031469,0.0009339737589471042
,,,2.706517165992409,,0.9986009069347691,2.1566050810531209e-07,0.0,0.0,fixed-hybrid,,0.0,0,0.0,600,composition,0.9292061270187881,3.1117036719085956e-05,0.01932237297296524,,0.021249717101454735,0.9296349553458013,0.0024948527570813894
,,,3.1638187910430133,,0.9987617774190359,2.0369994661365795e-06,0.0,0.0,fixed-hybrid,,0.0,0,0.0,700,composition,0.9466224725192772,0.00014982676927440244,0.037809643894433975,,0.03082728199660778,0.9482671814132798,0.006313742604106665
,,,3.6628736660350114,,0.9985774361071098,4.456632439494257e-08,0.0,0.0,fixed-hybrid,,0.0,0,0.0,800,composition,0.8276431354292062,0.00011781207556672893,0.011935616843402386,,0.018050702288746834,0.8276452693210234,0.0031318343244493008
,,,4.085221416084096,,0.9984847808047235,1.4216768499065384e-07,0.0,0.0,fixed-hybrid,,0.0,0,0.0,900,composition,0.6851559177678036,5.104279536086863e-05,0.01048693060874939,,0.0156802199780941,0.6848831610709383,0.001933578634634614
,,,4.4877849579788744,,0.9987470089744734,6.627290007096304e-08,0.0,0.0,fixed-hybrid,,0.0,0,0.0,1000,composition,0.4338539671881336,5.775571439937958e-05,0.012915099039673805,,0.0175201166421175,0.43112791067354533,0.004395061172544956
,,,4.910927958087996,,0.99861982049011,3.51144452953297e-08,0.0,0.0,fixed-hybrid,,0.0,0,0.0,1100,composition,0.22369216020450403,7.306855617146823e-05,0.007846028544008732,,0.011691355146467686,0.2242799896974328,0.005510030779987574
,,,5.352086541010067,,0.9987396934736176,1.3253853620331475e-07,0.0,0.0,fixed-hybrid,,0.0,0,0.0,1200,composition,0.4979099616801088,9.028846800379869e-05,0.009461144916713238,,0.015225032344460487,0.5001840759576672,0.002469500293955207
,,,5.778545083012432,,0.9985349378194271,7.799041128473954e-08,0.0,0.0,fixed-hybrid,,0.0,0,0.0,1300,composition,0.8105490485960914,3.518649360206691e-05,0.005253861658275127,,0.009677369147539139,0.8124136832861921,0.003029643790796399
,,,6.184664458036423,,0.9985437035767109,5.30085515496749e-08,0.0,0.0,fixed-hybrid,,0.0,0,0.0,1400,composition,-0.4560466439633716,3.798091090541344e-05,0.0070801787078380585,,0.007895173504948616,-0.45880128243198376,0.001186560606583953
,,,6.779266583034769,,0.9986139920952304,2.1788636605218124e-08,0.0,0.0,fixed-hybrid,,0.0,0,0.0,1500,composition,-0.4740703046836376,6.950966699535309e-05,0.0035220482386648655,,0.006382550112903118,-0.4741125789646345,0.0031279558315873146
,,,7.19555633305572,,0.9985401020937126,1.3081201171874995e-07,0.0,0.0,fixed-hybrid,,0.0,0,0.0,1600,composition,-0.5047313710701492,9.440174791301561e-05,0.005367370788007975,,0.0051978351548314095,-0.5070860668575244,0.0018915393156930804
,,,7.619022041093558,,0.9987608626686312,2.5870632580550098e-08,0.0,0.0,fixed-hybrid,,0.0,0,0.0,1700,composition,-0.2322830766728333,2.2934342745411104e-05,0.003081643022596836,,0.003473237855359912,-0.23055028714211492,0.00167031807359308
,,,8.022833625087515,,0.9986649817033718,1.114194084391495e-08,0.0,0.0,fixed-hybrid,,0.0,0,0.0,1800,composition,0.14571996592887976,4.254613106672057e-05,0.0018329399172216654,,0.002400470431894064,0.1456932681968129,0.0024292648304253817
,,,8.44063741597347,,0.9987268929267411,1.1540988450093734e-07,0.0,0.0,fixed-hybrid,,0.0,0,0.0,1900,composition,0.4165971025565479,3.7555336051513984e-05,0.0023327646777033806,,0.001956343650817871,0.42080033950116374,0.002103582490235567
,,,8.83749191602692,,0.9986011865457018,1.5267792887467318e-07,0.0,0.0,fixed-hybrid,,0.0,0,0.0,2000,composition,0.2708627784035708,0.00014747674940400221,0.002261238871142268,,0.0008808689890429378,0.2763349641689935,0.0027023940347135067
,,,0.0030307921115309,,,,,0.0052529999520629644,calibrated,,0.0,0,0.0052529999520629644,0,composition,,,,,0.559700071811676,,2.250848956464324e-05
,,,0.4156544581055641,,0.9998939725239797,3.173833939222907e-08,0.01815336463223787,0.0052529999520629644,calibrated,,0.0,0,0.0052529999520629644,100,composition,0.9981568441001103,9.397542000481988e-07,0.05950567126274109,,0.06904150545597076,0.9982916960816507,0.000453976565040648
,,,0.9478365830145776,,0.999909166578919,7.915412753219744e-09,0.022535211267605635,0.0052529999520629644,calibrated,,0.0,0,0.0052529999520629644,200,composition,0.9234567056402571,6.399309683276549e-06,0.03267170488834381,,0.03397323936223984,0.9235480672937365,0.0005603393074125051
,,,1.3601236671674997,,0.9999060858421315,2.5550345498828553e-08,0.016275430359937403,0.0052529999520629644,calibrated,,0.0,0,0.0052529999520629644,300,composition,0.9898888083361934,1.0880352404049477e-05,0.029810477048158646,,0.026671363040804863,0.9899272050875955,0.0017519730608910322
,,,1.7673027920536697,,0.9999145130378668,1.0080129731602364e-09,0.025247782994261867,0.0052529999520629644,calibrated,,0.0,0,0.0052529999520629644,400,composition,-0.3565460382363442,3.7214080777060076e-05,0.01650044322013855,,0.02752794697880745,-0.35609712454680975,0.001352064311504364
,,,2.1748779581394047,,0.9999117841033209,2.6169972216875733e-09,0.022430881585811163,0.0052529999520629644,calibrated,,0.0,0,0.0052529999520629644,500,composition,0.878129859918701,6.451843005036893e-06,0.017435386776924133,,0.02475908398628235,0.8779735156003458,0.0012623794609680772
,,,2.589490333106369,,0.9999144614914972,2.5844355629850937e-08,0.018466353677621283,0.0052529999520629644,calibrated,,0.0,0,0.0052529999520629644,600,composition,0.9812905288610643,1.1713798717380171e-05,0.021371208131313324,,0.025149822235107422,0.9813766929757469,0.0010510107968002558
,,,3.0070215000305325,,0.9999125734365747,1.469077048133534e-08,0.026708398539384455,0.0052529999520629644,calibrated,,0.0,0,0.0052529999520629644,700,composition,0.9254605384205603,1.7123286126574523e-05,0.018337588757276535,,0.019301556050777435,0.9250909692369194,0.0011625896440818906
,,,3.449571292148903,,0.9999186858093323,5.4213750859791683e-08,0.026812728221178927,0.0052529999520629644,calibrated,,0.0,0,0.0052529999520629644,800,composition,0.9828875591274264,1.5458529452219205e-05,0.019288675859570503,,0.016821280121803284,0.982944983892914,0.0008088093600235879
,,,3.901183750014752,,0.9999078262752721,6.755112344467116e-09,0.019509650495565987,0.0052529999520629644,calibrated,,0.0,0,0.0052529999520629644,900,composition,0.9057376453173628,3.1833937642592914e-05,0.009758668020367622,,0.015540280379354954,0.9057889506530926,0.0015339780366048217
,,,4.324460667092353,,0.9999090086308703,4.7476244317116115e-09,0.01763171622326552,0.0052529999520629644,calibrated,,0.0,0,0.0052529999520629644,1000,composition,0.8545607345144488,8.244060154459917e-06,0.012801706790924072,,0.015427784062922001,0.8545019918094205,0.001180762192234397
,,,4.72893137508072,,0.999907081125931,3.895780247150758e-09,0.02587376108502869,0.0052529999520629644,calibrated,,0.0,0,0.0052529999520629644,1100,composition,-0.17203176076771898,7.071522833185591e-05,0.006951115559786558,,0.010273688472807407,-0.17237430614581462,0.0022109802812337875
,,,5.146107708103955,,0.9999121062054469,9.904876465758697e-09,0.016275430359937403,0.0052529999520629644,calibrated,,0.0,0,0.0052529999520629644,1200,composition,0.9716224961033583,5.563476415887048e-05,0.007726127747446299,,0.008910208940505981,0.9718141475518509,0.0015611612470820546
,,,5.547799542080611,,0.9999142249372927,1.8405525599657893e-09,0.0378716744913928,0.0052529999520629644,calibrated,,0.0,0,0.0052529999520629644,1300,composition,0.7076561829439478,5.786782643924213e-06,0.004119700752198696,,0.007718592416495085,0.7076402140678633,0.0010593868792057037
,,,5.963454500073567,,0.9999113110814457,1.8725588463876978e-09,0.03943661971830986,0.0052529999520629644,calibrated,,0.0,0,0.0052529999520629644,1400,composition,0.4747278084408949,1.5217496715919362e-05,0.005280087236315012,,0.005822756793349981,0.47472491283801777,0.0009626045357435942
,,,6.376870207954198,,0.9999177311066895,6.858888231403065e-09,0.02764736567553469,0.0052529999520629644,calibrated,,0.0,0,0.0052529999520629644,1500,composition,0.8600767842883604,1.0971873606284873e-05,0.003917880356311798,,0.006834445055574179,0.8603088808965846,0.0009591593407094479
,,,6.788520083064213,,0.9999142899866839,7.52425051929542e-09,0.03401147626499739,0.0052529999520629644,calibrated,,0.0,0,0.0052529999520629644,1600,composition,0.9566761520984993,7.36878113993534e-06,0.004007003270089626,,0.003259682562202215,0.9566656113559652,0.0003609147679526359
,,,7.21478654211387,,0.9999081279205588,4.985124324955921e-09,0.02785602503912363,0.0052529999520629644,calibrated,,0.0,0,0.0052529999520629644,1700,composition,0.6076068462807103,1.7155511580862505e-05,0.00265667587518692,,0.00270697008818388,0.606948712824588,0.0005824119434691966
,,,7.6471719581168145,,0.9999049243605218,4.110636535798478e-09,0.018988002086593635,0.0052529999520629644,calibrated,,0.0,0,0.0052529999520629644,1800,composition,-0.07341962024478095,3.264395472942867e-05,0.002106818836182356,,0.004821740556508303,-0.07257718474147748,0.0007576291100122035
,,,8.07249666703865,,0.9998967995010786,2.6709264757449664e-09,0.03839332290036515,0.0052529999520629644,calibrated,,0.0,0,0.0052529999520629644,1900,composition,0.3404020063500174,1.4726772188731202e-05,0.0013358484720811248,,0.002364003797993064,0.34107409339773237,0.000773116888012737
,,,8.534922583028674,,0.9999047695712804,3.359479424690342e-09,0.038601982263954095,0.0052529999520629644,calibrated,,0.0,0,0.0052529999520629644,2000,composition,0.28316030997555874,2.984338400702357e-05,0.001686237519606948,,0.004745549522340298,0.2840535858097512,0.0018236038740724325
,,,0.003108625067397952,,,,,0.0052529999520629644,adaptive,,0.0,0,0.0052529999520629644,0,composition,,,,,0.559700071811676,,2.250848956464324e-05
,,,0.4351089580450207,,0.9998939725239797,3.173833939222907e-08,0.01815336463223787,0.0052529999520629644,adaptive,,0.0,0,0.0052529999520629644,100,composition,0.9981568441001103,9.397542000481988e-07,0.05950567126274109,,0.06904150545597076,0.9982916960816507,0.000453976565040648
,,,0.8716364160645753,,0.9999074894918243,8.053936055177663e-09,0.022535211267605635,0.0052529999520629644,adaptive,,0.005232042632997036,0,0.01048504258506,200,composition,0.923546671999464,6.398385576285294e-06,0.03267170488834381,,0.03397323936223984,0.9235707651729798,0.0005583532038144767
,,,1.307944665895775,,0.9999060858421315,2.5550345498828553e-08,0.016275430359937403,0.0052529999520629644,adaptive,,0.010512423235923052,0,0.015765423187986016,300,composition,0.9898701762008602,1.084833242686453e-05,0.029810477048158646,,0.026671363040804863,0.9899059511846563,0.0017501568654552102
,,,1.7425737499725074,,0.9999100447232148,9.338588609170207e-10,0.021074595722483047,0.0052529999520629644,adaptive,,0.01590051013045013,0,0.021153510082513094,400,composition,-0.27435248119433353,3.678720572707791e-05,0.01644650660455227,,0.027836132794618607,-0.2743890405406566,0.0014411924639716744
,,,2.1846433749888092,,0.999919628943887,4.538432300814976e-09,0.01961398017736046,0.0052529999520629644,adaptive,,0.021290428703650832,0,0.026543428655713797,500,composition,0.9358279907824228,5.931820772014764e-06,0.01809895969927311,,0.02545696124434471,0.936000570596889,0.0011676998110488057
,,,2.6165917909238487,,0.9999105985800878,6.102109241071383e-08,0.01773604590505999,0.0052529999520629644,adaptive,,0.027086599031463265,0,0.03233959898352623,600,composition,0.9889258458368486,8.322927017351284e-06,0.027756240218877792,,0.021888313814997673,0.9889767315400418,0.0007783323526382446
,,,3.0530485000927,,0.9999120154314055,1.7483806443921005e-08,0.026186750130412103,0.0052529999520629644,adaptive,,0.032302016858011484,0,0.03755501681007445,700,composition,0.9766577900803383,4.681112051048298e-06,0.018051594495773315,,0.019521841779351234,0.9767658360183772,0.0005557520198635757
,,,3.523591124918312,,0.9999134263183935,4.6602768164404274e-08,0.017110067814293167,0.0052529999520629644,adaptive,,0.03734122356399894,0,0.0425942235160619,800,composition,0.9843954649100506,8.523378708035745e-06,0.017611635848879814,,0.016357652842998505,0.9843909694656773,0.0009540708852000535
,,,4.01938945800066,,0.999912061036561,4.839121283378166e-09,0.029003651538862807,0.0052529999520629644,adaptive,,0.04259934462606907,0,0.04785234457813203,900,composition,0.7763582797683085,3.999039006672027e-05,0.009512548334896564,,0.016222849488258362,0.7760215921749296,0.001685107359662652
,,,4.454237041063607,,0.9999054403703705,9.074383305648564e-09,0.013458528951486698,0.0052529999520629644,adaptive,,0.04798621637746692,0,0.05323921632952988,1000,composition,0.8859441577698874,1.030059702753771e-05,0.013712849467992783,,0.01933005452156067,0.8859828052947416,0.0017514654900878668
,,,4.985426791012287,,0.9999175154665473,1.6082324568509188e-09,0.020761606677099635,0.0052529999520629644,adaptive,,0.05352825974114239,0,0.05878125969320536,1100,composition,0.8378874365968463,6.709827355477359e-06,0.006885322276502848,,0.010419856756925583,0.8380684539652273,0.001143273082561791
,,,5.467197291087359,,0.9999118559205614,6.89820709053804e-10,0.013562858633281168,0.0052529999520629644,adaptive,,0.05947526078671217,0,0.06472826073877513,1200,composition,0.633274432651294,6.293559970890475e-06,0.006652464158833027,,0.01264199335128069,0.6337914610219112,0.0005126554169692099
,,,5.915609790943563,,0.999911247555571,2.4373893800177196e-09,0.029003651538862807,0.0052529999520629644,adaptive,,0.06574626290239394,0,0.0709992628544569,1300,composition,0.8706492977682849,3.3303209154066866e-06,0.004238429479300976,,0.007863838225603104,0.8706391681444072,0.00036224955692887306
,,,6.322203041054308,,0.9999008796400133,6.773567257126953e-09,0.02180490349504434,0.0052529999520629644,adaptive,,0.07081442326307297,0,0.07606742321513593,1400,composition,0.7197848472626578,1.8037094723791687e-05,0.0059955185279250145,,0.0061976127326488495,0.719535448799853,0.0009245980181731284
,,,6.7393098750617355,,0.9999159717916557,5.7336588278513365e-09,0.036515388628064686,0.0052529999520629644,adaptive,,0.07583471713587642,0,0.08108771708793938,1500,composition,0.9499080176101854,4.054596291096946e-06,0.0034650799352675676,,0.00733564980328083,0.9498699944790667,0.00048043392598629
,,,7.205778582952917,,0.9999117897814793,1.4128845611359909e-08,0.052060511215440794,0.0052529999520629644,adaptive,,0.08091992628760636,0,0.08617292623966932,1600,composition,0.9015486758801915,1.9203263071689425e-05,0.005556276999413967,,0.007229923736304045,0.9014006941238409,0.0008640658925287426
,,,7.6260457909666,,0.9999053149619248,7.1183952113838745e-09,0.02952529994783516,0.0052529999520629644,adaptive,,0.08601513458415866,0,0.09126813453622162,1700,composition,0.8991831778677457,7.343381004684466e-06,0.0033815070055425167,,0.003338951850309968,0.8995972615599754,0.000601288047619164
,,,8.052347833057866,,0.9999097954192798,1.569601296848165e-09,0.0343244653103808,0.0052529999520629644,adaptive,,0.09110663132742047,0,0.09635963127948344,1800,composition,0.9616548376384912,3.751638580992804e-05,0.0016688145697116852,,0.0021213365253061056,0.9617071035282155,0.0013697711983695626
,,,8.449132374953479,,0.9999065170347251,8.829574504083114e-09,0.03286384976525822,0.0052529999520629644,adaptive,,0.09615800227038562,0,0.10141100222244859,1900,composition,0.9536639116218715,1.6489914875509983e-05,0.002604604233056307,,0.0024756495840847492,0.953545051229603,0.0016713922377675772
,,,8.866164958104491,,0.9998977743024927,2.391000459507924e-09,0.034533124673969746,0.0052529999520629644,adaptive,,0.10113204643130302,0,0.10638504638336599,2000,composition,0.644005811397592,1.7759815407547836e-05,0.0011237552389502525,,0.0016655093058943748,0.6431732826661537,0.0009516913560219109
,,,0.002412125002592802,,,,,0.0,fp32,,0.0,1,0.0,0,linear,,,,,0.000490562291815877,,0.0
,,,0.07581408298574388,,0.9999999999999984,0.0,0.0,0.0,fp32,,0.0,1,0.0,100,linear,0.9999999999999984,0.0,0.00014605042815674096,,0.0001401706103933975,0.9999999999999984,0.0
,,,0.14280475000850856,,0.9999999999999993,0.0,0.0,0.0,fp32,,0.0,1,0.0,200,linear,0.9999999999999993,0.0,6.0268372180871665e-05,,6.442892481572926e-05,0.9999999999999993,0.0
,,,0.21278908313252032,,0.999999999999999,0.0,0.0,0.0,fp32,,0.0,1,0.0,300,linear,0.999999999999999,0.0,3.0790066375629976e-05,,3.711148747242987e-05,0.999999999999999,0.0
,,,0.2818857079837471,,0.9999999999999987,0.0,0.0,0.0,fp32,,0.0,1,0.0,400,linear,0.9999999999999987,0.0,2.4074441171251237e-05,,2.2913834982318804e-05,0.9999999999999987,0.0
,,,0.3500335831195116,,0.999999999999998,0.0,0.0,0.0,fp32,,0.0,1,0.0,500,linear,0.999999999999998,0.0,1.839311698859092e-05,,1.5062102647789288e-05,0.999999999999998,0.0
,,,0.4235357081051916,,1.0000000000000002,0.0,0.0,0.0,fp32,,0.0,1,0.0,600,linear,1.0000000000000002,0.0,9.73512123891851e-06,,1.0615965948090889e-05,1.0000000000000002,0.0
,,,0.4964104159735143,,0.9999999999999982,0.0,0.0,0.0,fp32,,0.0,1,0.0,700,linear,0.9999999999999982,0.0,7.49947957956465e-06,,7.470551736332709e-06,0.9999999999999982,0.0
,,,0.5641775829717517,,0.9999999999999986,0.0,0.0,0.0,fp32,,0.0,1,0.0,800,linear,0.9999999999999986,0.0,5.450476237456314e-06,,5.5648633860982955e-06,0.9999999999999986,0.0
,,,0.6341214999556541,,0.9999999999999967,0.0,0.0,0.0,fp32,,0.0,1,0.0,900,linear,0.9999999999999967,0.0,3.6051578717888333e-06,,4.434582024259726e-06,0.9999999999999967,0.0
,,,0.7040525411721319,,0.9999999999999989,0.0,0.0,0.0,fp32,,0.0,1,0.0,1000,linear,0.9999999999999989,0.0,3.3825604077719618e-06,,3.797546924033668e-06,0.9999999999999989,0.0
,,,0.7717054581735283,,0.9999999999999986,0.0,0.0,0.0,fp32,,0.0,1,0.0,1100,linear,0.9999999999999986,0.0,3.157196715619648e-06,,3.195236558894976e-06,0.9999999999999986,0.0
,,,0.8544494579546154,,0.9999999999999989,0.0,0.0,0.0,fp32,,0.0,1,0.0,1200,linear,0.9999999999999989,0.0,2.0369034245959483e-06,,2.7434709863882745e-06,0.9999999999999989,0.0
,,,0.9369728751480579,,0.9999999999999986,0.0,0.0,0.0,fp32,,0.0,1,0.0,1300,linear,0.9999999999999986,0.0,2.235924512206111e-06,,2.561325345595833e-06,0.9999999999999986,0.0
,,,1.014710416086018,,0.9999999999999998,0.0,0.0,0.0,fp32,,0.0,1,0.0,1400,linear,0.9999999999999998,0.0,2.3057546059135348e-06,,2.44951252170722e-06,0.9999999999999998,0.0
,,,1.0863249159883708,,0.999999999999999,0.0,0.0,0.0,fp32,,0.0,1,0.0,1500,linear,0.999999999999999,0.0,1.972497784663574e-06,,2.1205398752499605e-06,0.999999999999999,0.0
,,,1.161543166032061,,0.9999999999999993,0.0,0.0,0.0,fp32,,0.0,1,0.0,1600,linear,0.9999999999999993,0.0,1.662740032770671e-06,,1.932307668539579e-06,0.9999999999999993,0.0
,,,1.255032500019297,,0.9999999999999987,0.0,0.0,0.0,fp32,,0.0,1,0.0,1700,linear,0.9999999999999987,0.0,1.6379827911805478e-06,,1.936248509082361e-06,0.9999999999999987,0.0
,,,1.3489211660344154,,0.9999999999999976,0.0,0.0,0.0,fp32,,0.0,1,0.0,1800,linear,0.9999999999999976,0.0,1.2990822142455727e-06,,1.8344265981795616e-06,0.9999999999999976,0.0
,,,1.4233583330642432,,0.9999999999999992,0.0,0.0,0.0,fp32,,0.0,1,0.0,1900,linear,0.9999999999999992,0.0,1.7044903870555572e-06,,1.6205246993195033e-06,0.9999999999999992,0.0
,,,1.4941016661468893,,0.9999999999999989,0.0,0.0,0.0,fp32,,0.0,1,0.0,2000,linear,0.9999999999999989,0.0,1.4953932350181276e-06,,1.5612827155564446e-06,0.9999999999999989,0.0
,,,0.0029195419047027826,,,,,0.0,fixed-e4m3,,0.0,1,0.0,0,linear,,,,,0.0006793132633902133,,0.00021532805112656206
,,,0.42220854200422764,,0.9997265489449277,2.6725708186765396e-11,0.0,0.0,fixed-e4m3,,0.0,1,0.0,100,linear,-0.8483257069455995,2.043096982412566e-06,0.00014121514686848968,,0.00013587166904471815,-0.8479162336050132,0.0003505863423924893
,,,0.9112601669039577,,0.9997096470911143,3.5903693765595736e-11,0.0004173187271778821,0.0,fixed-e4m3,,0.0,1,0.0,200,linear,-0.9912134397525919,3.1673979200223587e-06,6.47160122753121e-05,,6.174013105919585e-05,-0.9921004398828246,0.00044083272223360837
,,,1.368120125029236,,0.9995388850027985,2.4056386763449285e-12,0.00010432968179447053,0.0,fixed-e4m3,,0.0,1,0.0,300,linear,-0.32608792831257816,1.67470923260779e-06,2.229308483947534e-05,,2.430977110634558e-05,-0.32818095217051446,0.0003448146744631231
,,,1.7970660419669002,,0.9996702304979582,1.6223363218305302e-13,0.0,0.0,fixed-e4m3,,0.0,1,0.0,400,linear,0.06636062758942801,1.2527869535748765e-06,1.0785064660012722e-05,,1.2562881238409318e-05,0.06908147472872654,0.000235756000620313
,,,2.1901897499337792,,0.9996823626017081,4.2974776498185714e-12,0.00031298904538341156,0.0,fixed-e4m3,,0.0,1,0.0,500,linear,0.8144094948791301,8.016501117262802e-07,9.133600542554632e-06,,8.34468755783746e-06,0.8162120075351591,0.00020559492986649275
,,,2.5743707090150565,,0.9996810464047863,1.2532712472880432e-12,0.00010432968179447053,0.0,fixed-e4m3,,0.0,1,0.0,600,linear,-0.7832198281033435,8.496054201302752e-07,7.2603784246894065e-06,,6.545499218191253e-06,-0.7835001278525554,0.00017516092339064926
,,,3.230825916863978,,0.999640223502163,1.031352445127351e-11,0.0,0.0,fixed-e4m3,,0.0,1,0.0,700,linear,0.42238988714917564,2.2790602917313322e-07,1.0968051356030628e-05,,1.6361545931431465e-05,0.42252879488947087,9.660895011620596e-05
,,,3.775461249984801,,0.9996889172775424,1.6729180957428605e-12,0.00020865936358894105,0.0,fixed-e4m3,,0.0,1,0.0,800,linear,-0.6043711033960827,2.1687962956301488e-07,4.423689460963942e-06,,4.935831384500489e-06,-0.6072843907874598,5.6817101722117513e-05
,,,4.2761362919118255,,0.9995900115996647,1.6072314638909792e-12,0.0,0.0,fixed-e4m3,,0.0,1,0.0,900,linear,0.973355722418643,2.658605829539046e-07,3.74172691408603e-06,,4.0621716834721155e-06,0.9742166284102352,6.707147986162454e-05
,,,4.736333834007382,,0.9996602008810659,8.374494439463992e-13,0.0,0.0,fixed-e4m3,,0.0,1,0.0,1000,linear,0.753394987177412,3.983973734309831e-07,3.1170868624030845e-06,,4.8977130973071326e-06,0.7541821071185639,0.00011023253318853676
,,,5.216080334037542,,0.9996688350506464,3.6614148070605635e-12,0.0,0.0,fixed-e4m3,,0.0,1,0.0,1100,linear,-0.8781496409359906,7.105569703812543e-07,3.562630809028633e-06,,4.169978183199419e-06,-0.8785091998828165,0.0001544869737699628
,,,5.743273959029466,,0.9996777594334784,7.938968473057202e-12,0.0,0.0,fixed-e4m3,,0.0,1,0.0,1200,linear,-0.9234911847620109,1.0497507066050469e-06,5.3874555305810645e-06,,6.536171895277221e-06,-0.9237663571699227,0.0002026442816713825
,,,6.271096916869283,,0.9995831877312092,4.11971505442466e-12,0.00020865936358894105,0.0,fixed-e4m3,,0.0,1,0.0,1300,linear,0.7369934419125607,9.240669207645419e-07,4.739137239084812e-06,,5.300925295159686e-06,0.73525370836118,0.00017459252558182925
,,,6.7112017089966685,,0.9996588917507946,5.821579232607219e-13,0.0,0.0,fixed-e4m3,,0.0,1,0.0,1400,linear,-0.18810502359023332,8.867308592761455e-07,3.154696059937123e-06,,2.690222800083575e-06,-0.1876326412971594,0.0001998955267481506
,,,7.1390331669244915,,0.9997048223800614,1.282331914890299e-11,0.00020865936358894105,0.0,fixed-e4m3,,0.0,1,0.0,1500,linear,-0.9578647597428005,1.212412580497397e-06,6.002196641929913e-06,,3.6570556858350756e-06,-0.9587924379613794,0.0002649111265782267
,,,7.712006292073056,,0.999750414654107,2.396296520837595e-12,0.0004173187271778821,0.0,fixed-e4m3,,0.0,1,0.0,1600,linear,0.9724191542739088,9.910451116628157e-07,3.1972015221981565e-06,,2.8957788344996516e-06,0.9737847165171919,0.00019156732014380395
,,,8.408356917090714,,0.9995939929434984,3.7644550953439757e-13,0.0,0.0,fixed-e4m3,,0.0,1,0.0,1700,linear,-0.2390156574840973,9.471806220612175e-07,2.263163196403184e-06,,4.505240667640464e-06,-0.23498826300625267,0.00018231902504339814
,,,8.9714847500436,,0.9997391677955253,6.469320320980848e-12,0.0004173187271778821,0.0,fixed-e4m3,,0.0,1,0.0,1800,linear,-0.9529491668958038,8.48770596244721e-07,3.871979970426764e-06,,4.557791726256255e-06,-0.9530071108373572,0.00018573070701677352
,,,9.657671625027433,,0.9996616510468063,3.30155617683341e-11,0.0,0.0,fixed-e4m3,,0.0,1,0.0,1900,linear,0.9777266642985372,9.289190856671352e-07,1.1047512089135125e-05,,1.3287849469634239e-05,0.9784448390318795,0.00020832690643146634
,,,10.197559542022645,,0.9996794512874202,1.9448774250909586e-12,0.00031298904538341156,0.0,fixed-e4m3,,0.0,1,0.0,2000,linear,-0.8819951167714303,8.651218648888618e-07,2.3816035081836162e-06,,1.9384362531127408e-05,-0.8815487508691027,0.0001501544757047668
,,,0.0032030409201979637,,,,,0.0,fixed-e5m2,,0.0,1,0.0,0,linear,,,,,0.0006944530177861452,,0.00012953738041687757
,,,0.5888886249158531,,0.9988395551423305,9.918441502145149e-10,0.0,0.0,fixed-e5m2,,0.0,1,0.0,100,linear,0.7816049036095765,2.0071707100040168e-07,0.00020988480537198484,,0.00021802526316605508,0.7882052920954591,0.00015584874199703336
,,,1.1508237498346716,,0.9989927069078272,6.720574945242902e-11,0.0,0.0,fixed-e5m2,,0.0,1,0.0,200,linear,0.9788606439936375,4.540148135347376e-06,6.864574970677495e-05,,6.6744840296451e-05,0.9798206864750089,0.0010836214059963822
,,,1.683197750011459,,0.9982582435910451,1.0375143399215716e-10,0.0,0.0,fixed-e5m2,,0.0,1,0.0,300,linear,0.9542515867405025,4.782110694497908e-06,3.841437501250766e-05,,4.0051076211966574e-05,0.955601689179291,0.0012036461848765612
,,,2.26213933294639,,0.9985622242047973,1.0284172389377035e-11,0.0,0.0,fixed-e5m2,,0.0,1,0.0,400,linear,0.04942302891661851,2.8440586933767306e-06,2.5664767235866748e-05,,2.8701198971248232e-05,0.04019523668401209,0.000714196590706706
,,,2.7961198328994215,,0.998807535448376,1.0701765939117826e-10,0.0,0.0,fixed-e5m2,,0.0,1,0.0,500,linear,0.9448386346292275,2.441570007261215e-06,2.8183967515360564e-05,,3.1579009373672307e-05,0.9466234418954496,0.0006134211434982717
,,,3.22534216591157,,0.9980288336699632,6.281469503701672e-11,0.0,0.0,fixed-e5m2,,0.0,1,0.0,600,linear,0.849834832186222,3.0495343076077582e-06,1.4220236153050791e-05,,1.6499714547535405e-05,0.8555843059680722,0.0009392172796651721
,,,3.836973707890138,,0.9981111805544526,1.1789147884084068e-10,0.0,0.0,fixed-e5m2,,0.0,1,0.0,700,linear,0.45752958273433436,4.20747111036354e-06,2.326104549865704e-05,,8.446710126008838e-06,0.4546398608183946,0.000959548749960959
,,,4.493671499891207,,0.9987904043326402,6.157342532840622e-12,0.0,0.0,fixed-e5m2,,0.0,1,0.0,800,linear,-0.8830189622266394,4.3539649403752056e-06,5.420152774604503e-06,,6.427223524951842e-06,-0.8876959213473027,0.0010853915009647608
,,,5.032832499826327,,0.9988644455399921,1.1189913504059878e-12,0.0,0.0,fixed-e5m2,,0.0,1,0.0,900,linear,-0.15802781257109755,4.818105231491875e-06,3.492552878014976e-06,,1.023731329041766e-05,-0.15431970572770265,0.0010432812850922346
,,,5.485098499804735,,0.9989079058850693,2.62423469930599e-12,0.0,0.0,fixed-e5m2,,0.0,1,0.0,1000,linear,-0.8292831592593758,6.061239186475225e-06,3.52174401996308e-06,,4.062233983859187e-06,-0.8246581272708267,0.0014334031147882342
,,,5.957126915920526,,0.9991609793115234,1.1815809212358038e-12,0.0,0.0,fixed-e5m2,,0.0,1,0.0,1100,linear,0.180228573156259,6.356887850253517e-06,3.0016999517101794e-06,,3.481493195067742e-06,0.1794059908595357,0.0014226852217689157
,,,6.484688165830448,,0.9985142510940672,6.300117725216493e-11,0.0,0.0,fixed-e5m2,,0.0,1,0.0,1200,linear,-0.9652133551637458,7.472975660750574e-06,6.277208285609959e-06,,7.746056326141115e-06,-0.9666879853749998,0.0015707997372373939
,,,7.00687470799312,,0.9989437184259834,7.709178401281799e-10,0.0,0.0,fixed-e5m2,,0.0,1,0.0,1300,linear,0.9816405702089407,4.240816777055494e-06,6.884035974508151e-05,,3.1764891446073307e-06,0.9824568274667796,0.0011889050947502255
,,,7.444684374844655,,0.9986760071101891,1.2848390317430473e-10,0.0,0.0,fixed-e5m2,,0.0,1,0.0,1400,linear,0.9428980440606497,5.990741303457239e-06,1.3633271009894088e-05,,2.850536930054659e-06,0.9480150574635283,0.0012296990025788546
,,,7.904812415828928,,0.9987466556747624,4.988498829613085e-11,0.0,0.0,fixed-e5m2,,0.0,1,0.0,1500,linear,0.9731736352022946,5.0880926070891185e-06,6.169402695377357e-06,,6.984750143601559e-06,0.9728619693742991,0.0013658965472131968
,,,8.349261124851182,,0.998367903489,7.03816648770577e-11,0.0,0.0,fixed-e5m2,,0.0,1,0.0,1600,linear,0.9775713736282208,5.700989912883076e-06,6.7929177021142095e-06,,3.8994917304080445e-06,0.9791801206983973,0.0011864679399877787
,,,8.776810416020453,,0.9984261564479201,5.863850568688222e-10,0.0,0.0,fixed-e5m2,,0.0,1,0.0,1700,linear,-0.9078792416711503,3.343683054966283e-06,3.5809083783533424e-05,,3.5866278267349117e-06,-0.9043796045675913,0.0009600791963748634
,,,9.191951707936823,,0.9988244176844141,9.138740681746387e-11,0.0,0.0,fixed-e5m2,,0.0,1,0.0,1800,linear,-0.8989430691691185,5.119794335890853e-06,9.982795745600015e-06,,8.362524567928631e-06,-0.9017753327796154,0.0010644244030117989
,,,9.590969499899074,,0.9989623415788349,7.397179857907206e-13,0.0,0.0,fixed-e5m2,,0.0,1,0.0,1900,linear,-0.31524561275055507,3.348159790058845e-06,2.36771620620857e-06,,5.684210009349044e-06,-0.31960958688633345,0.0010553994216024876
,,,10.084934582933784,,0.9989692715155825,8.312949675283793e-13,0.0,0.0,fixed-e5m2,,0.0,1,0.0,2000,linear,-0.007280478090253148,3.198503259694746e-06,1.972206518985331e-06,,2.134556098098983e-06,-0.008941817877798484,0.0009020759025588632
,,,0.003040249925106764,,,,,0.0,fixed-hybrid,,0.0,1,0.0,0,linear,,,,,0.0006793132633902133,,0.00021532805112656206
,,,0.5259900419041514,,0.9988822219105044,2.248259696512413e-10,0.0,0.0,fixed-hybrid,,0.0,1,0.0,100,linear,-0.8785814477990881,1.7290545568036085e-06,0.000151511951116845,,0.00013883711653761566,-0.8832118581155805,0.0003104122879449278
,,,1.030460833804682,,0.9989639002179246,2.813591535590069e-12,0.0,0.0,fixed-hybrid,,0.0,1,0.0,200,linear,-0.919962454399338,2.3361658018018494e-06,5.321489879861474e-05,,5.77720784349367e-05,-0.9205747628114853,0.00044434028677642345
,,,1.5268707498908043,,0.9990407921053458,2.730777785271643e-10,0.0,0.0,fixed-hybrid,,0.0,1,0.0,300,linear,0.9869561208635438,6.747259970697429e-07,4.881689164903946e-05,,2.966831743833609e-05,0.9886611637715177,0.0002657191944308579
,,,1.998468624893576,,0.9988898023043422,2.7859150032832054e-11,0.0,0.0,fixed-hybrid,,0.0,1,0.0,400,linear,0.907831953993304,7.93649713218403e-07,1.3105180187267251e-05,,1.6298135960823856e-05,0.9118581576178516,0.00015487504424527287
,,,2.4899098339956254,,0.998580345965848,8.733925876134883e-13,0.0,0.0,fixed-hybrid,,0.0,1,0.0,500,linear,0.4744409972697132,4.3637231655141487e-07,8.34102957014693e-06,,1.0661729902494699e-05,0.47278452525518205,0.0001248126500286162
,,,2.9680949167814106,,0.9988012269595874,3.073550026549241e-11,0.0,0.0,fixed-hybrid,,0.0,1,0.0,600,linear,0.9458620310385201,3.9152441864230004e-07,1.0016457963502035e-05,,6.434099304897245e-06,0.9482002299419471,0.00010571693564997986
,,,3.422275124816224,,0.998777048794675,8.230732093611296e-12,0.0,0.0,fixed-hybrid,,0.0,1,0.0,700,linear,-0.9522494393941167,1.4389350515988203e-07,5.923960543441353e-06,,4.8800416152516846e-06,-0.9531384619803484,5.445323040476069e-05
,,,3.98443516693078,,0.9986642921218916,1.2030965009758593e-11,0.0,0.0,fixed-hybrid,,0.0,1,0.0,800,linear,-0.9631722654645217,9.20388205157798e-08,4.478907612792682e-06,,5.199681709200377e-06,-0.9643057510045043,3.787929017562419e-05
,,,4.5860382919199765,,0.9986320306264455,3.714625627851169e-13,0.0,0.0,fixed-hybrid,,0.0,1,0.0,900,linear,0.3510255409549175,1.363239955483342e-07,3.4131048778363038e-06,,5.348714694264345e-06,0.3494212558839927,4.44389006588608e-05
,,,5.097574458923191,,0.9986868715726099,7.128502641921814e-13,0.0,0.0,fixed-hybrid,,0.0,1,0.0,1000,linear,-0.6032097996344058,1.7339794015348745e-07,2.8539413960970705e-06,,3.7011054700997192e-06,-0.6106342258948104,4.603755587595515e-05
,,,5.517252458957955,,0.9987533763213753,7.395796450616883e-12,0.0,0.0,fixed-hybrid,,0.0,1,0.0,1100,linear,-0.8207829051351752,1.9469479252207648e-07,3.248413577239262e-06,,3.819923676928738e-06,-0.8183030304692369,4.150288805249147e-05
,,,5.968418624950573,,0.9986713328882416,9.27813531487616e-12,0.0,0.0,fixed-hybrid,,0.0,1,0.0,1200,linear,-0.9823957727375421,2.3230777008296662e-07,3.4218005566799548e-06,,3.198634658474475e-06,-0.9837881543614497,5.801453153253533e-05
,,,6.421392041957006,,0.9986844198807171,7.139046311964942e-13,0.0,0.0,fixed-hybrid,,0.0,1,0.0,1300,linear,-0.21543763559280218,5.748301443109452e-07,2.5620643100410234e-06,,5.454606707644416e-06,-0.2150476743927997,9.747616422828287e-05
,,,6.8619367917999625,,0.9987629312807597,1.0550310395251078e-11,0.0,0.0,fixed-hybrid,,0.0,1,0.0,1400,linear,-0.7745079200763731,5.772012573049271e-07,3.827999535133131e-06,,3.582043518690625e-06,-0.7765006719126154,0.00011996039393125102
,,,7.261960749980062,,0.9984343950538068,9.64753850775527e-13,0.0,0.0,fixed-hybrid,,0.0,1,0.0,1500,linear,-0.05416501931527705,7.850434327801736e-07,1.990840246435255e-06,,2.7078965558757773e-06,-0.05790782708601062,0.0001734379184199497
,,,7.64948849985376,,0.9989866043936123,6.414950707909084e-12,0.0,0.0,fixed-hybrid,,0.0,1,0.0,1600,linear,0.9434907760240101,8.937319261321875e-07,2.696852334338473e-06,,5.716888608731097e-06,0.9471127703382163,0.00019846366194542497
,,,8.073075374821201,,0.998848040575134,2.4975310872682316e-11,0.0,0.0,fixed-hybrid,,0.0,1,0.0,1700,linear,-0.9510890023137362,1.2874430271810212e-06,4.584025191434193e-06,,4.229002570355078e-06,-0.9544448371801129,0.0002613381075207144
,,,8.499419124796987,,0.9985614090117628,4.049907979936902e-11,0.0,0.0,fixed-hybrid,,0.0,1,0.0,1800,linear,0.9877857870164422,1.1416878478235819e-06,4.090031325176824e-06,,5.148161108081695e-06,0.9888971601770866,0.00025638434453867376
,,,8.913838791893795,,0.9986981650393429,5.219020140698557e-13,0.0,0.0,fixed-hybrid,,0.0,1,0.0,1900,linear,-0.9035868884329281,1.3419884798228445e-06,2.104349732690025e-06,,2.2039253053662833e-06,-0.9086778525104456,0.00030236749444156885
,,,9.315217333845794,,0.9986489603489519,4.870327147698718e-12,0.0,0.0,fixed-hybrid,,0.0,1,0.0,2000,linear,0.8736450563357935,1.5339393567224468e-06,2.1480930172401713e-06,,3.549519306034199e-06,0.8729639792092401,0.00030627314117737114
,,,0.0026670419611036777,,,,,0.00977170909754932,calibrated,,0.0,1,0.00977170909754932,0,linear,,,,,0.0006290413439273834,,9.001655416795984e-05
,,,0.4408398747909814,,0.9999060081687337,1.3899412516190532e-11,0.022743870631194575,0.00977170909754932,calibrated,,0.0,1,0.00977170909754932,100,linear,0.9190382048871171,4.825304500387406e-07,0.00015142989286687225,,0.00013710747589357197,0.9192600740496912,9.13045514607802e-05
,,,0.8975187088362873,,0.9998789376474457,6.67922224348997e-13,0.024517475221700575,0.00977170909754932,calibrated,,0.0,1,0.00977170909754932,200,linear,0.7757954184491029,3.1451118578044227e-07,6.041563756298274e-05,,6.575109728146344e-05,0.7757133060980199,7.753626414341852e-05
,,,1.3145567087922245,,0.9999190385354451,1.881115929115327e-12,0.022430881585811163,0.00977170909754932,calibrated,,0.0,1,0.00977170909754932,300,linear,0.9469745836116388,2.63904415765366e-07,3.0959901778260246e-05,,3.811786518781446e-05,0.9469027609633053,5.759414125350304e-05
,,,1.7069251670036465,,0.9999187378526684,1.1297200561137548e-13,0.02013562858633281,0.00977170909754932,calibrated,,0.0,1,0.00977170909754932,400,linear,-0.7412328352398794,1.8468548303614562e-07,2.3768703613313846e-05,,2.3717640942777507e-05,-0.7409625240820221,3.6249875847715884e-05
,,,2.128149541793391,,0.999943438684425,6.902878830129997e-14,0.018466353677621283,0.00977170909754932,calibrated,,0.0,1,0.00977170909754932,500,linear,-0.12178908946751119,1.7379972160331574e-07,1.979627995751798e-05,,1.6687165043549612e-05,-0.12122363801715619,3.147301686112769e-05
,,,2.572045958833769,,0.9999043256201355,3.241734889787394e-13,0.013249869587897757,0.00977170909754932,calibrated,,0.0,1,0.00977170909754932,600,linear,0.9846432465814883,2.4059110944839077e-07,9.037440577230882e-06,,1.061945476976689e-05,0.9845794514034031,5.213970871409401e-05
,,,2.9920211248099804,,0.999914141938624,5.132623163237394e-13,0.016588419405320815,0.00977170909754932,calibrated,,0.0,1,0.00977170909754932,700,linear,-0.7197918186180184,3.0510420954492776e-07,7.2252842073794454e-06,,7.802686923241708e-06,-0.7188670356340575,5.169698488316499e-05
,,,3.3896176249254495,,0.9998963136189619,1.1963394714267785e-13,0.01554512258737611,0.00977170909754932,calibrated,,0.0,1,0.00977170909754932,800,linear,0.7449982991300554,5.225112199787363e-07,5.4904644457565155e-06,,5.720874924008967e-06,0.7457907005425851,9.188639523927122e-05
,,,3.792525416938588,,0.9999044930517493,1.7553530159164533e-13,0.016692749087115284,0.00977170909754932,calibrated,,0.0,1,0.00977170909754932,900,linear,-0.9187403620849087,5.103196410384555e-07,3.3500941754027735e-06,,4.755531790578971e-06,-0.9179581065718554,8.830850129015744e-05
,,,4.24913208396174,,0.999882137523239,7.347271369738319e-13,0.017318727177882107,0.00977170909754932,calibrated,,0.0,1,0.00977170909754932,1000,linear,-0.9973072426420142,4.967801846106992e-07,3.70934958482394e-06,,3.671787453640718e-06,-0.9974555949719321,8.646414789836854e-05
,,,4.676874291850254,,0.9999403566617281,2.662343031350817e-13,0.02138758476786646,0.00977170909754932,calibrated,,0.0,1,0.00977170909754932,1100,linear,-0.607506465982878,4.875873878310496e-07,3.999467026005732e-06,,3.36564107783488e-06,-0.6087191316935089,8.678143058205023e-05
,,,5.066480916924775,,0.9999349347477203,3.6259122896677474e-14,0.027021387584767867,0.00977170909754932,calibrated,,0.0,1,0.00977170909754932,1200,linear,-0.7310827200220641,5.656993446767083e-07,1.9889646409865236e-06,,2.8207211926201126e-06,-0.7310499713624478,9.823908476391807e-05
,,,5.457100708968937,,0.9998851340032392,2.3846153461077475e-13,0.021074595722483047,0.00977170909754932,calibrated,,0.0,1,0.00977170909754932,1300,linear,0.7874401378897735,4.051941752722449e-07,2.6357886326877633e-06,,2.517137545510195e-06,0.7872885078516835,8.296976739075035e-05
,,,5.873004416935146,,0.9999016182232123,1.0511792503281427e-12,0.020448617631716223,0.00977170909754932,calibrated,,0.0,1,0.00977170909754932,1400,linear,0.9761703788344038,2.726336423936768e-07,2.99852740681672e-06,,2.7590028821578017e-06,0.9765291800686848,5.839769801241346e-05
,,,6.290742083918303,,0.9999127352264655,2.1783958420663827e-13,0.017527386541471048,0.00977170909754932,calibrated,,0.0,1,0.00977170909754932,1500,linear,-0.9774138866180068,4.4193544051418513e-07,1.801758344299742e-06,,2.4628916435176507e-06,-0.9771072984958508,6.981866317801178e-05
,,,6.699113250011578,,0.9999141165422027,6.758702905290402e-14,0.01366718831507564,0.00977170909754932,calibrated,,0.0,1,0.00977170909754932,1600,linear,-0.27603698337274485,3.8922576290454683e-07,1.8119085325452033e-06,,2.415037442915491e-06,-0.27671042151374636,8.464197890134528e-05
,,,7.0717231668531895,,0.9999335086988912,6.681637896128801e-13,0.014606155451225874,0.00977170909754932,calibrated,,0.0,1,0.00977170909754932,1700,linear,-0.9694499619907488,5.191505511957824e-07,2.48293372351327e-06,,2.6831828563445015e-06,-0.9692064693611261,8.41508008306846e-05
,,,7.489762749988586,,0.999900905616233,3.1117668610613433e-13,0.0180490349504434,0.00977170909754932,calibrated,,0.0,1,0.00977170909754932,1800,linear,0.9902539204478267,3.630228166520674e-07,1.6085850802483037e-06,,1.8577462697066949e-06,0.9905629311744237,7.807469228282571e-05
,,,7.92983974982053,,0.9999262283298034,1.1960037241174176e-12,0.028690662493479395,0.00977170909754932,calibrated,,0.0,1,0.00977170909754932,1900,linear,-0.9405813126703026,5.703301764071087e-07,3.4788263292284682e-06,,2.633947815411375e-06,-0.9411679297034526,8.421600796282291e-05
,,,8.373145624995232,,0.999935072746847,4.7112844224437434e-14,0.013980177360459051,0.00977170909754932,calibrated,,0.0,1,0.00977170909754932,2000,linear,0.8454808841450326,5.856961632149026e-07,1.5289667771867244e-06,,1.6952329815467237e-06,0.845550865681482,0.00010164913692278787
,,,0.002768165897578001,,,,,0.00977170909754932,adaptive,,0.0,1,0.00977170909754932,0,linear,,,,,0.0006290413439273834,,9.001655416795984e-05
,,,0.43295254092663527,,0.9999060081687337,1.3899412516190532e-11,0.022743870631194575,0.00977170909754932,adaptive,,0.0,1,0.00977170909754932,100,linear,0.9190382048871171,4.825304500387406e-07,0.00015142989286687225,,0.00013710747589357197,0.9192600740496912,9.13045514607802e-05
,,,0.8725939160212874,,0.9999037191783643,5.395975390944452e-13,0.024517475221700575,0.00977170909754932,adaptive,,0.005208832444623113,1,0.014980541542172432,200,linear,0.7760949766697234,3.13681076945587e-07,6.041563756298274e-05,,6.575109728146344e-05,0.7755267954099515,7.742652087472379e-05
,,,1.3185687500517815,,0.9999190385354451,1.881115929115327e-12,0.022430881585811163,0.00977170909754932,adaptive,,0.010205247905105352,1,0.01997695700265467,300,linear,0.9469715261009801,2.6344135061060806e-07,3.0959901778260246e-05,,3.811786518781446e-05,0.9468993352543317,5.750972923124209e-05
,,,1.7484401250258088,,0.9999187378526684,1.1297200561137548e-13,0.02013562858633281,0.00977170909754932,adaptive,,0.015011162031441927,1,0.024782871128991246,400,linear,-0.7412405541646576,1.847689741110126e-07,2.3768703613313846e-05,,2.3717640942777507e-05,-0.7409702133688665,3.626249963417649e-05
,,,2.132621082942933,,0.999943438684425,6.902878830129997e-14,0.018466353677621283,0.00977170909754932,adaptive,,0.02004204038530588,1,0.0298137494828552,500,linear,-0.12178981548279533,1.7378398756569667e-07,1.979627995751798e-05,,1.6687165043549612e-05,-0.12122437757345769,3.1470808607991785e-05
,,,2.519076749915257,,0.9999043256201355,3.241734889787394e-13,0.013249869587897757,0.00977170909754932,adaptive,,0.02516474504955113,1,0.03493645414710045,600,linear,0.9846473733511526,2.405310124767168e-07,9.037440577230882e-06,,1.061945476976689e-05,0.9845836093605494,5.2131450502201915e-05
,,,2.9639450409449637,,0.999923592443453,4.777878123309759e-13,0.016588419405320815,0.00977170909754932,adaptive,,0.030150702688843012,1,0.03992241178639233,700,linear,-0.7189482737253332,3.051924661630045e-07,7.2252842073794454e-06,,7.802686923241708e-06,-0.7188646032450922,5.172583041712642e-05
,,,3.3992807080503553,,0.9998963136189619,1.1963394714267785e-13,0.01554512258737611,0.00977170909754932,adaptive,,0.035451995208859444,1,0.04522370430640876,800,linear,0.7449983640361012,5.227763655929498e-07,5.4904644457565155e-06,,5.720874924008967e-06,0.7457907567175316,9.193192090606317e-05
,,,3.7931445410940796,,0.9999044930517493,1.7553530159164533e-13,0.016692749087115284,0.00977170909754932,adaptive,,0.040890118572860956,1,0.050661827670410275,900,linear,-0.9187556415398002,5.108496179213988e-07,3.3500941754027735e-06,,4.755531790578971e-06,-0.9179732240312125,8.839700603857636e-05
,,,4.192954665981233,,0.999882137523239,7.347271369738319e-13,0.017318727177882107,0.00977170909754932,adaptive,,0.04588357429020107,1,0.05565528338775039,1000,linear,-0.9973041787168514,4.97173641091707e-07,3.70934958482394e-06,,3.671787453640718e-06,-0.9974525662481667,8.652992983115837e-05
,,,4.626035915920511,,0.999952973707471,2.1236611981936827e-13,0.02138758476786646,0.00977170909754932,adaptive,,0.050797323463484645,1,0.060569032561033964,1100,linear,-0.6083933819476819,4.871912598164754e-07,3.999467026005732e-06,,3.36564107783488e-06,-0.6086407214659991,8.66915870574303e-05
,,,5.0785725000314415,,0.9999349347477203,3.6259122896677474e-14,0.027021387584767867,0.00977170909754932,adaptive,,0.056268952088430524,1,0.06604066118597984,1200,linear,-0.7310613375134057,5.661643249264745e-07,1.9889646409865236e-06,,2.8207211926201126e-06,-0.7310285873746498,9.831596980802715e-05
,,,5.505761166103184,,0.999896191907259,2.2664769599998613e-13,0.021074595722483047,0.00977170909754932,adaptive,,0.06306624738499522,1,0.07283795648254454,1300,linear,0.7863389246842408,4.036929988649749e-07,2.6357886326877633e-06,,2.517137545510195e-06,0.7874813678715437,8.26719551696442e-05
,,,5.9118357500992715,,0.9999016182232123,1.0511792503281427e-12,0.020448617631716223,0.00977170909754932,adaptive,,0.06813195673748851,1,0.07790366583503783,1400,linear,0.9760928100300703,2.713843148341968e-07,2.99852740681672e-06,,2.7590028821578017e-06,0.9764518271348667,5.817260898766108e-05
,,,6.385965457884595,,0.9999127352264655,2.1783958420663827e-13,0.017527386541471048,0.00977170909754932,adaptive,,0.07320032874122262,1,0.08297203783877194,1500,linear,-0.9774068416831554,4.4029653079446656e-07,1.801758344299742e-06,,2.4628916435176507e-06,-0.9771004308684179,6.957612640690058e-05
,,,6.8428740000817925,,0.9999141165422027,6.758702905290402e-14,0.01366718831507564,0.00977170909754932,adaptive,,0.07788799307309091,1,0.08765970217064023,1600,linear,-0.27633456238536264,3.8775141496215394e-07,1.8119085325452033e-06,,2.415037442915491e-06,-0.27700816906408976,8.436575444648042e-05
,,,7.254411000059918,,0.9999335086988912,6.681637896128801e-13,0.014606155451225874,0.00977170909754932,adaptive,,0.08292999281547964,1,0.09270170191302896,1700,linear,-0.9693745151554853,5.171969537755807e-07,2.48293372351327e-06,,2.6831828563445015e-06,-0.969130576890807,8.383118984056637e-05
,,,7.640204374911264,,0.9999221801349731,2.2987903274636526e-13,0.0180490349504434,0.00977170909754932,adaptive,,0.08794132620096207,1,0.09771303529851139,1800,linear,0.9902554408629404,3.5822591478796786e-07,1.6085850802483037e-06,,1.8577462697066949e-06,0.990606674501736,7.719480345258489e-05
,,,8.057805750053376,,0.9999262283298034,1.1960037241174176e-12,0.028690662493479395,0.00977170909754932,adaptive,,0.09293324570171535,1,0.10270495479926467,1900,linear,-0.9406567132646019,5.645712502991324e-07,3.4788263292284682e-06,,2.633947815411375e-06,-0.9412432679480592,8.337373583344743e-05
,,,8.491520040901378,,0.999935072746847,4.7112844224437434e-14,0.013980177360459051,0.00977170909754932,adaptive,,0.09802132658660412,1,0.10779303568415344,2000,linear,0.8457432820327676,5.798678661738685e-07,1.5289667771867244e-06,,1.6952329815467237e-06,0.8458130114121707,0.00010072800068883225
,,,0.006864041788503528,,,,,0.0,fp32,,0.0,1,0.0,0,kink,,,,0.0013373104156926274,0.0006360395927913487,,0.0
,,,0.07058870792388916,,0.9999999999999984,0.0,0.0,0.0,fp32,,0.0,1,0.0,100,kink,0.9999999999999984,0.0,0.00010469550034031272,0.00022552338487002999,0.00010703519365051761,0.9999999999999984,0.0
,,,0.14184037479571998,,0.9999999999999987,0.0,0.0,0.0,fp32,,0.0,1,0.0,200,kink,0.9999999999999987,0.0,5.888345913263038e-05,7.417143933707848e-05,8.40883658383973e-05,0.9999999999999987,0.0
,,,0.20993862487375736,,0.9999999999999988,0.0,0.0,0.0,fp32,,0.0,1,0.0,300,kink,0.9999999999999988,0.0,4.187902231933549e-05,7.062705117277801e-05,3.3155847631860524e-05,0.9999999999999988,0.0
,,,0.27834370778873563,,0.9999999999999981,0.0,0.0,0.0,fp32,,0.0,1,0.0,400,kink,0.9999999999999981,0.0,2.18023378693033e-05,3.4605029213707894e-05,2.494852196832653e-05,0.9999999999999981,0.0
,,,0.341504291864112,,0.999999999999998,0.0,0.0,0.0,fp32,,0.0,1,0.0,500,kink,0.999999999999998,0.0,5.367679841583595e-05,3.248760913265869e-05,1.6658927052048966e-05,0.999999999999998,0.0
,,,0.4053852919023484,,0.9999999999999979,0.0,0.0,0.0,fp32,,0.0,1,0.0,600,kink,0.9999999999999979,0.0,2.2780319341109134e-05,4.4213498767931014e-05,1.882759534055367e-05,0.9999999999999979,0.0
,,,0.4692170419730246,,0.9999999999999988,0.0,0.0,0.0,fp32,,0.0,1,0.0,700,kink,0.9999999999999988,0.0,4.0713453927310184e-05,5.206948844715953e-05,2.4552715331083164e-05,0.9999999999999988,0.0
,,,0.534316249890253,,0.9999999999999979,0.0,0.0,0.0,fp32,,0.0,1,0.0,800,kink,0.9999999999999979,0.0,8.051325494307093e-06,7.840526450308971e-06,6.716850748489378e-06,0.9999999999999979,0.0
,,,0.6005957080051303,,0.9999999999999988,0.0,0.0,0.0,fp32,,0.0,1,0.0,900,kink,0.9999999999999988,0.0,9.169584700430278e-06,6.124526862549828e-06,7.563979124824982e-06,0.9999999999999988,0.0
,,,0.6646875829901546,,0.9999999999999979,0.0,0.0,0.0,fp32,,0.0,1,0.0,1000,kink,0.9999999999999979,0.0,1.547336796647869e-05,9.517721991869621e-06,1.352851450064918e-05,0.9999999999999979,0.0
,,,0.7289132918231189,,0.9999999999999988,0.0,0.0,0.0,fp32,,0.0,1,0.0,1100,kink,0.9999999999999988,0.0,6.093982847232837e-06,1.571214488649275e-05,6.384292191796703e-06,0.9999999999999988,0.0
,,,0.7946400418877602,,0.999999999999999,0.0,0.0,0.0,fp32,,0.0,1,0.0,1200,kink,0.999999999999999,0.0,5.8355908549856395e-05,2.2276946765487082e-05,3.627080513979308e-05,0.999999999999999,0.0
,,,0.8606433749664575,,0.9999999999999991,0.0,0.0,0.0,fp32,,0.0,1,0.0,1300,kink,0.9999999999999991,0.0,2.9856382752768695e-06,4.56715633845306e-06,5.539637186302571e-06,0.9999999999999991,0.0
,,,0.9253011248074472,,0.9999999999999987,0.0,0.0,0.0,fp32,,0.0,1,0.0,1400,kink,0.9999999999999987,0.0,3.927492343791528e-06,1.0599406778055709e-05,4.924523182125995e-06,0.9999999999999987,0.0
,,,0.9908994999714196,,0.9999999999999969,0.0,0.0,0.0,fp32,,0.0,1,0.0,1500,kink,0.9999999999999969,0.0,2.2731410354026593e-06,6.06790899837506e-06,3.3498124594188994e-06,0.9999999999999969,0.0
,,,1.0565115418285131,,0.9999999999999981,0.0,0.0,0.0,fp32,,0.0,1,0.0,1600,kink,0.9999999999999981,0.0,2.0677487555076368e-05,3.444889807724394e-05,2.5345849280711263e-05,0.9999999999999981,0.0
,,,1.1221680419985205,,0.9999999999999984,0.0,0.0,0.0,fp32,,0.0,1,0.0,1700,kink,0.9999999999999984,0.0,1.7395980194123695e-06,6.886899882374564e-06,3.837508302240167e-06,0.9999999999999984,0.0
,,,1.1866889998782426,,0.9999999999999997,0.0,0.0,0.0,fp32,,0.0,1,0.0,1800,kink,0.9999999999999997,0.0,2.8195339837111533e-05,2.099608173011802e-05,3.08746202790644e-05,0.9999999999999997,0.0
,,,1.2528531248681247,,0.9999999999999987,0.0,0.0,0.0,fp32,,0.0,1,0.0,1900,kink,0.9999999999999987,0.0,1.37319766508881e-05,4.885306680080248e-06,7.627771992702037e-06,0.9999999999999987,0.0
,,,1.3203882498200983,,0.9999999999999993,0.0,0.0,0.0,fp32,,0.0,1,0.0,2000,kink,0.9999999999999993,0.0,1.0491196007933468e-05,6.816570476075867e-06,4.0542331589676905e-06,0.9999999999999993,0.0
,,,0.0027736248448491096,,,,,0.0,fixed-e4m3,,0.0,1,0.0,0,kink,,,,0.002502491232007742,0.0011249406961724162,,0.000333243515342474
,,,0.45707920799031854,,0.9996424016433381,3.72642843224383e-11,0.0,0.0,fixed-e4m3,,0.0,1,0.0,100,kink,-0.0035410658018526515,6.195974699212818e-07,0.00013726524775847793,0.00020365245291031897,0.00011941181583097205,-0.003995072787455224,7.446177914971486e-05
,,,0.8779290409293026,,0.9996726819802906,7.606080601313887e-11,0.0,0.0,fixed-e4m3,,0.0,1,0.0,200,kink,0.8954882636523958,9.230501222329184e-07,9.014305396704003e-05,0.00011284169886494055,0.00017434258188586682,0.8959742013085589,0.00015675810573156923
,,,1.2823716248385608,,0.9997517808985833,1.3681376599838765e-10,0.0,0.0,fixed-e4m3,,0.0,1,0.0,300,kink,-0.9516426470866356,1.5359850267187355e-06,8.670467650517821e-05,7.394485146505758e-05,0.00017897463112603873,-0.9513312469981248,0.00018622489005792886
,,,1.6718098749406636,,0.9996284714056489,1.8872605894334633e-10,0.0,0.0,fixed-e4m3,,0.0,1,0.0,400,kink,0.941549232523915,1.183284047911202e-06,8.964120206655934e-05,9.181009227177128e-05,3.2107993320096284e-05,0.9417753423836323,0.00027857584063895047
,,,2.144885790999979,,0.9996322903167865,3.433441695697081e-11,0.00020865936358894105,0.0,fixed-e4m3,,0.0,1,0.0,500,kink,0.7373725835667945,1.829077713383548e-06,3.6276371247367933e-05,4.9119720642920583e-05,2.287290226377081e-05,0.7384729460049072,0.00033314269967377186
,,,2.5504808749537915,,0.999706890441938,2.6605783294251523e-10,0.0,0.0,fixed-e4m3,,0.0,1,0.0,600,kink,0.9979702216976114,4.985244005326472e-07,9.427094482816756e-05,5.578120908467099e-05,2.266122100991197e-05,0.9983241045351228,0.00011015761992894113
,,,3.0138904580380768,,0.9997143646432065,2.3125014513521974e-13,0.0,0.0,fixed-e4m3,,0.0,1,0.0,700,kink,-0.5395109955004203,9.482025384841591e-07,7.0530595621676184e-06,2.7437132303020917e-05,1.537006210128311e-05,-0.5406476745883888,0.00020736582519020885
,,,3.4275345830246806,,0.9996676106574314,5.609146739405346e-11,0.0,0.0,fixed-e4m3,,0.0,1,0.0,800,kink,0.9670640815403139,1.9300970812437183e-06,2.3695072741247714e-05,3.431586446822621e-05,1.3540060535888188e-05,0.96788137194928,0.00036963948514312506
,,,3.8514112909324467,,0.9995875340619924,3.540547142529825e-11,0.00010432968179447053,0.0,fixed-e4m3,,0.0,1,0.0,900,kink,-0.46015528007986434,7.477359753690246e-07,2.157891503884457e-05,4.379954771138728e-05,8.241698378697038e-05,-0.46455748768443555,0.00014312494022306055
,,,4.274758165935054,,0.999535827896613,1.3916653801132447e-10,0.0,0.0,fixed-e4m3,,0.0,1,0.0,1000,kink,0.985606395931018,2.0330678071954036e-07,4.326089401729405e-05,0.00013636380026582628,8.655203419039026e-05,0.9865570990293335,0.00014669184747617692
,,,4.684389832895249,,0.9997033068598496,1.6986227188196334e-11,0.00020865936358894105,0.0,fixed-e4m3,,0.0,1,0.0,1100,kink,0.6520129735902105,9.911307524258203e-07,1.5474353858735412e-05,9.394487278768793e-06,1.2769823115377221e-05,0.6536328711900705,0.0002697864838410169
,,,5.12574145803228,,0.9997011911066035,2.0958047169656984e-10,0.0008346374543557642,0.0,fixed-e4m3,,0.0,1,0.0,1200,kink,0.8665469407766108,1.0818218688053533e-06,0.00014687927614431828,0.00011056417861254886,0.00020749159739352763,0.866456497254774,0.0002504553704056889
,,,5.521311457967386,,0.9996792674177568,5.4095331988455356e-11,0.00010432968179447053,0.0,fixed-e4m3,,0.0,1,0.0,1300,kink,0.9790303649611996,1.032157990992289e-06,2.5058492610696703e-05,4.418080789037049e-05,2.277180101373233e-05,0.979701380172044,0.00029262612224556506
,,,5.998345165979117,,0.9996422464026293,2.2587597840217393e-12,0.0,0.0,fixed-e4m3,,0.0,1,0.0,1400,kink,0.8472052740885065,1.789823960963885e-06,3.6794219795410754e-06,1.0763495083665475e-05,4.717868250736501e-06,0.8470852174648978,0.00038642549770884216
,,,6.404460666002706,,0.9996369682023055,1.8997539624004165e-11,0.00010432968179447053,0.0,fixed-e4m3,,0.0,1,0.0,1500,kink,-0.9941519777278741,1.5202946622473279e-06,1.0837489753612317e-05,2.956543175969273e-05,5.1453760534059256e-05,-0.9946730379976462,0.0004518269852269441
,,,6.854874124983326,,0.9996860051915045,1.7152081086550253e-10,0.0,0.0,fixed-e4m3,,0.0,1,0.0,1600,kink,-0.9563162649529795,2.2032124595050636e-06,7.279597775777802e-05,0.0001913844171212986,0.00021834910148754716,-0.9560833902215714,0.0005454607889987528
,,,7.254191915970296,,0.9996958549893115,2.8388245498782393e-12,0.0,0.0,fixed-e4m3,,0.0,1,0.0,1700,kink,0.47222675231290356,3.563056993064412e-06,5.086917099106358e-06,9.951040738087613e-06,6.454577942349715e-06,0.4755297981231769,0.0008562340517528355
,,,7.717014957917854,,0.9996462303591938,8.982218813124025e-11,0.0,0.0,fixed-e4m3,,0.0,1,0.0,1800,kink,-0.7897369208328053,2.716261066140423e-06,4.2142492020502687e-05,2.3760858312016353e-05,3.731064134626649e-05,-0.7895155094528935,0.0006770926993340254
,,,8.139533249894157,,0.9996286561909923,2.6395401320339995e-11,0.0007303077725612937,0.0,fixed-e4m3,,0.0,1,0.0,1900,kink,0.5776049766928874,3.0804415664784604e-07,2.4355445930268615e-05,1.749410694174003e-05,8.573038940085098e-06,0.5763804333782294,0.00017349582049064338
,,,8.584383665816858,,0.9996292668574026,2.5412596877158495e-12,0.0004173187271778821,0.0,fixed-e4m3,,0.0,1,0.0,2000,kink,0.8187881428157461,2.753705666483395e-07,4.501321200223174e-06,6.725819275743561e-06,3.631961362771108e-06,0.8149994036328055,0.00010341920278733596
,,,0.0025625410489737988,,,,,0.0,fixed-e5m2,,0.0,1,0.0,0,kink,,,,0.0011924414429813623,0.0005826851120218635,,0.00016940906061790884
,,,0.41779895802028477,,0.9981943750351889,1.422490248467635e-10,0.0,0.0,fixed-e5m2,,0.0,1,0.0,100,kink,0.5521538688409259,4.451313666250426e-06,0.00010803645272972062,0.00027159127057529986,0.00011637773422989994,0.5554218007335824,0.000883109460119158
,,,0.8555623330175877,,0.9986409321425579,1.5506181571137962e-10,0.0,0.0,fixed-e5m2,,0.0,1,0.0,200,kink,0.7317255660350286,2.853220516586749e-06,6.802284042350948e-05,0.00010874363943003118,8.494671783410013e-05,0.7300755100113154,0.0006928549846634269
,,,1.3149288329295814,,0.9985272714678347,1.1003298058956605e-10,0.0,0.0,fixed-e5m2,,0.0,1,0.0,300,kink,0.7564327123583323,6.4916588300354e-06,3.4919616155093536e-05,5.268319000606425e-05,2.5498244212940335e-05,0.7571576140862416,0.0013644517166540027
,,,1.7269092078786343,,0.9987196429178504,1.345871617195148e-09,0.0,0.0,fixed-e5m2,,0.0,1,0.0,400,kink,-0.8440174625379082,7.005528213408947e-06,0.00011473718041088432,5.496376979863271e-05,0.00011717664892785251,-0.8451581825635736,0.0015686487313359976
,,,2.1675166659988463,,0.9988252524501102,7.580855752402534e-12,0.0,0.0,fixed-e5m2,,0.0,1,0.0,500,kink,-0.09661941603267032,9.29823663207598e-06,9.873438102658838e-06,3.3138421713374555e-05,1.5167731362453196e-05,-0.09428934448482666,0.0014679246814921498
,,,2.5545384159777313,,0.9987486251678278,8.845430570130429e-11,0.0,0.0,fixed-e5m2,,0.0,1,0.0,600,kink,-0.20901280132260433,4.1933018008399415e-06,3.115290019195527e-05,4.440481279743835e-05,2.1248977645882405e-05,-0.20936305404238137,0.0009403025032952428
,,,2.991343499859795,,0.9984865791908475,9.08826861382481e-10,0.0,0.0,fixed-e5m2,,0.0,1,0.0,700,kink,-0.9130423928570509,5.673485050261402e-06,0.00011269144306425005,4.617434024112299e-05,0.00010015259613282979,-0.9149964337689976,0.0010924451053142548
,,,3.3773154579102993,,0.9983254997102321,1.3402290894234682e-10,0.0005216484089723526,0.0,fixed-e5m2,,0.0,1,0.0,800,kink,0.6306170799588358,1.0109139208896429e-05,2.3675991542404518e-05,3.333109270897694e-05,1.556151983095333e-05,0.6298576352034491,0.0024505602195858955
,,,3.829940415918827,,0.9984478207844726,5.28903706978797e-09,0.0,0.0,fixed-e5m2,,0.0,1,0.0,900,kink,0.9563170137169366,2.3680638355015287e-06,0.00043399404967203736,6.800644041504711e-05,0.00011710176477208734,0.9590175648432971,0.001464631175622344
,,,4.244142457842827,,0.9982712522772534,1.9077808707708313e-10,0.0,0.0,fixed-e5m2,,0.0,1,0.0,1000,kink,-0.9166323977790678,3.6166235462736292e-06,2.6319921744288877e-05,7.913743320386857e-05,5.2415729442145675e-05,-0.920844606463263,0.0007234855438582599
,,,4.63928349991329,,0.9987776847161309,1.0182647397180094e-09,0.0,0.0,fixed-e5m2,,0.0,1,0.0,1100,kink,0.9504162846030428,2.975195895275232e-06,0.00011205505870748311,2.188367216149345e-05,4.264528615749441e-05,0.9498892890865919,0.0011069024913012981
,,,5.101628749864176,,0.9987869326379848,1.0472514681191006e-10,0.0,0.0,fixed-e5m2,,0.0,1,0.0,1200,kink,0.5129619420051769,3.4387648500878744e-06,3.0064707971177995e-05,2.6735890060081147e-05,1.9449340470600873e-05,0.508828450003981,0.00108657858800143
,,,5.501614165958017,,0.9987172315513811,3.7558303209448166e-10,0.0,0.0,fixed-e5m2,,0.0,1,0.0,1300,kink,-0.8726679035801328,3.4215658435690243e-06,4.493011874728836e-05,1.7337648387183435e-05,1.3187659533286933e-05,-0.8720754784458602,0.0009769551688805223
,,,5.951496375026181,,0.9984303276399379,3.205117794335857e-10,0.0,0.0,fixed-e5m2,,0.0,1,0.0,1400,kink,0.5461961008760686,1.1148447376227317e-05,6.114951975177974e-05,3.662614108179696e-05,2.4482396838720888e-05,0.5460952977561879,0.002884797751903534
,,,6.344377874862403,,0.9986470006351889,4.4260421296532254e-10,0.0,0.0,fixed-e5m2,,0.0,1,0.0,1500,kink,0.8649631591757917,1.2728261756522181e-05,6.936612771824002e-05,2.695793409657199e-05,3.0913593946024776e-05,0.8669637137079302,0.003131891367956996
,,,6.827509874943644,,0.9989216014967489,2.629215666908011e-10,0.0,0.0,fixed-e5m2,,0.0,1,0.0,1600,kink,0.5256116105917994,8.390773588701316e-06,8.261207403847948e-05,0.0001244510494871065,0.00018981372704729438,0.5238353071617631,0.002266008174046874
,,,7.2212541659828275,,0.998193690790016,1.003390225083684e-09,0.0,0.0,fixed-e5m2,,0.0,1,0.0,1700,kink,-0.9287441740070164,5.840017616576185e-06,0.00010710860078688711,0.00014761438069399446,0.00028339106938801706,-0.9335328108531247,0.002030027098953724
,,,7.626440332969651,,0.9982730711858712,5.952820088095683e-11,0.0,0.0,fixed-e5m2,,0.0,1,0.0,1800,kink,0.940880437822427,3.181035568539275e-06,1.2770963621733245e-05,1.322219213761855e-05,1.1546266250661574e-05,0.9415941059594758,0.0011182043235749006
,,,8.055803790921345,,0.9987007444702679,1.4196985178725884e-11,0.0,0.0,fixed-e5m2,,0.0,1,0.0,1900,kink,-0.0557403766571299,3.870611596013319e-06,7.747578820271883e-06,1.2618923392437864e-05,7.553055638709338e-06,-0.05658908295395672,0.0012008225312456489
,,,8.46111241588369,,0.9988862754744242,3.255421746946526e-10,0.0,0.0,fixed-e5m2,,0.0,1,0.0,2000,kink,0.6755654813767774,9.529655922646702e-07,0.00010021005437010899,8.363725646631792e-05,7.743549213046208e-05,0.6700395203875771,0.00038676103577017784
,,,0.002662583952769637,,,,,0.0,fixed-hybrid,,0.0,1,0.0,0,kink,,,,0.002502491232007742,0.0011249406961724162,,0.000333243515342474
,,,0.4421394590754062,,0.998835823403698,8.018299826207391e-11,0.0,0.0,fixed-hybrid,,0.0,1,0.0,100,kink,-0.41048806938281246,2.9403107452402935e-07,0.00010597010987112299,0.000282537832390517,0.00013094540918245912,-0.4105407274485574,7.459803600795567e-05
,,,0.8986914590932429,,0.9986033573555524,2.1203189271512773e-10,0.0,0.0,fixed-hybrid,,0.0,1,0.0,200,kink,0.7281075864637193,3.848638330587848e-08,7.211614865809679e-05,7.242418359965086e-05,0.00014396398910321295,0.7259303344415133,3.644821481429972e-05
,,,1.2922009169124067,,0.9985184987630551,4.304099448199973e-10,0.0,0.0,fixed-hybrid,,0.0,1,0.0,300,kink,-0.8361586724882535,8.795117996643264e-07,6.534594285767525e-05,0.00013171571481507272,5.999026325298473e-05,-0.835674503070573,0.00019962065562140197
,,,1.7292912090197206,,0.9986489790809051,4.998554529983067e-10,0.0,0.0,fixed-hybrid,,0.0,1,0.0,400,kink,-0.8996723325816932,3.21665492178794e-06,5.979827983537689e-05,0.00018720008665695786,7.977760105859488e-05,-0.9023249838332809,0.0005646223435178399
,,,2.2116922920104116,,0.9986305566374686,2.2830336872753964e-11,0.0,0.0,fixed-hybrid,,0.0,1,0.0,500,kink,0.9474232960600725,1.004186670685594e-06,2.026442416536156e-05,3.157853279844858e-05,4.631380215869285e-05,0.9501738837706835,0.0001687841140665114
,,,2.615398583933711,,0.998769127754315,4.428685167563155e-11,0.0,0.0,fixed-hybrid,,0.0,1,0.0,600,kink,0.09092296307382919,1.8571297478435465e-06,2.929044967459049e-05,3.412545993342064e-05,1.4315642147266772e-05,0.08952051809170776,0.00042687953100539744
,,,3.0814558749552816,,0.9986524963511468,1.66405153150176e-10,0.0,0.0,fixed-hybrid,,0.0,1,0.0,700,kink,-0.9735813123027113,9.870697184118127e-07,1.7851372831501067e-05,1.8896542314905673e-05,7.145843483158387e-06,-0.9752482553237396,0.00021536473650485277
,,,3.4904677919112146,,0.9986765391501209,6.290126350498364e-11,0.0,0.0,fixed-hybrid,,0.0,1,0.0,800,kink,0.6262523394916301,8.013874756894436e-07,1.5429555787704885e-05,3.937334258807823e-05,1.4899579582561273e-05,0.6258406818221607,0.00024902704171836376
,,,3.877614709082991,,0.9983897040746901,3.443659876481441e-12,0.0,0.0,fixed-hybrid,,0.0,1,0.0,900,kink,-0.9066800168432465,9.711788358308208e-07,2.9679488307010615e-06,1.6483565559610724e-05,9.319763194071129e-06,-0.9086398174676823,0.0002497226232662797
,,,4.328765999991447,,0.9989878462762479,4.6729548630570535e-11,0.0,0.0,fixed-hybrid,,0.0,1,0.0,1000,kink,-0.9665006677687675,9.227353369169736e-07,9.335992217529565e-06,1.3523757843358908e-05,8.214048648369499e-06,-0.9670379038617084,0.0002979828277602792
,,,4.765805583912879,,0.9988481432474431,1.7536198574205446e-11,0.0,0.0,fixed-hybrid,,0.0,1,0.0,1100,kink,-0.4720194469832975,1.3270345362703974e-06,5.74694149690913e-06,1.2905556104669813e-05,1.1241649190196767e-05,-0.47357406800837337,0.00035169764305464923
,,,5.149886209052056,,0.9986451687631962,1.7121029519522563e-09,0.0,0.0,fixed-hybrid,,0.0,1,0.0,1200,kink,0.9797196847704623,7.559358067760109e-07,0.00014317972818389535,9.120571121457033e-06,7.99741883383831e-06,0.9814448812288687,0.00018248354899697006
,,,5.610235499916598,,0.9987015743485732,1.4953253776042924e-09,0.0,0.0,fixed-hybrid,,0.0,1,0.0,1300,kink,0.9716451783299858,8.22229198597704e-07,0.00014982122229412198,0.00018408027244731784,0.00014205207116901875,0.9739913034585846,0.0003965579380746931
,,,6.009016459109262,,0.9985303086388718,6.900136136698257e-10,0.0,0.0,fixed-hybrid,,0.0,1,0.0,1400,kink,0.29892131594365695,3.3950334018702226e-06,0.00014195528638083488,4.796802022610791e-05,6.298475636867806e-05,0.2951374326769524,0.0009190637501887977
,,,6.4300167500041425,,0.9985501289920558,3.6779660007796504e-10,0.0,0.0,fixed-hybrid,,0.0,1,0.0,1500,kink,-0.8924752697534133,4.119701366790425e-06,3.663081588456407e-05,4.431524939718656e-05,5.415327541413717e-05,-0.8911382639758827,0.0009468025527894497
,,,6.849179083947092,,0.998569549253108,2.7318276523685802e-11,0.0,0.0,fixed-hybrid,,0.0,1,0.0,1600,kink,-0.9078717966233213,2.46340874149979e-06,5.817952114739455e-06,1.4164481399348006e-05,1.078792138287099e-05,-0.9084967637891599,0.0006987574161030352
,,,7.267117667011917,,0.9988931701874193,1.3745845883340413e-11,0.0,0.0,fixed-hybrid,,0.0,1,0.0,1700,kink,-0.26122901636235096,2.718383913801032e-06,7.2906786954263225e-06,1.5281213563866913e-05,8.757432624406647e-06,-0.2650734389937119,0.0006888233474455774
,,,7.724196000024676,,0.998812405835053,7.694937483227938e-10,0.0,0.0,fixed-hybrid,,0.0,1,0.0,1800,kink,0.9868778457777442,1.2922827195245497e-06,8.633620745968074e-05,3.8502847019117326e-05,7.794848352205008e-05,0.9878257442427967,0.000363001978257671
,,,8.149764874950051,,0.9988877441926292,3.3620540157580585e-12,0.0,0.0,fixed-hybrid,,0.0,1,0.0,1900,kink,-0.3294240933723773,1.437849982468485e-06,3.3913297556864563e-06,9.393228538101539e-06,1.623498428671155e-05,-0.32549685252778726,0.0004035783640574664
,,,8.60601079207845,,0.9984648946844762,1.0540057429174632e-10,0.0,0.0,fixed-hybrid,,0.0,1,0.0,2000,kink,-0.5643097291850616,1.5619675693689508e-06,1.8956905478262343e-05,7.1808808570494875e-06,2.588214329080074e-06,-0.5615521710854318,0.0004491320869419724
,,,0.0027318750508129597,,,,,0.005735999904572964,calibrated,,0.0,1,0.005735999904572964,0,kink,,,,0.001086916890926659,0.0008046527509577572,,8.722337224753574e-05
,,,0.4401097500231117,,0.9999250784388335,5.155590393705344e-12,0.015023474178403756,0.005735999904572964,calibrated,,0.0,1,0.005735999904572964,100,kink,0.9378558619068507,2.996479576545866e-08,0.0001089332508854568,0.0003525869396980852,0.00012599036563187838,0.9380163512220193,2.7017049433197826e-05
,,,0.8952104581985623,,0.9999152230070238,6.875701814214596e-12,0.007198748043818467,0.005735999904572964,calibrated,,0.0,1,0.005735999904572964,200,kink,-0.8329762052767627,9.277203176322494e-08,6.126481457613409e-05,0.00011336831812513992,5.9917107137152925e-05,-0.8328444580036583,1.3879458492738195e-05
,,,1.3573295420501381,,0.999923180333299,2.3873882606500353e-11,0.005320813771517997,0.005735999904572964,calibrated,,0.0,1,0.005735999904572964,300,kink,0.9824001422824754,7.095598810243759e-09,6.647440022788942e-05,4.2211242543999106e-05,8.366857946384698e-05,0.9824731745834108,4.633581283997046e-06
,,,1.7762262499891222,,0.9999152273548862,1.2239829623575481e-11,0.011163275952008346,0.005735999904572964,calibrated,,0.0,1,0.005735999904572964,400,kink,0.961882044421377,6.280462260133632e-09,3.8506812416017056e-05,8.948308095568791e-05,3.9565700717503205e-05,0.9623091127451997,1.0996303899446502e-05
,,,2.217251333175227,,0.9999165876129646,6.88363472113226e-13,0.010328638497652582,0.005735999904572964,calibrated,,0.0,1,0.005735999904572964,500,kink,0.5491702163935388,7.878069359803526e-08,2.051951378234662e-05,8.273811545222998e-05,3.598438706831075e-05,0.5478862399323694,6.467088496719953e-06
,,,2.619335083058104,,0.9999007992294698,9.974218434595543e-11,0.00980699008868023,0.005735999904572964,calibrated,,0.0,1,0.005735999904572964,600,kink,0.9674930050858722,3.26714172477509e-08,0.000113449823402334,2.199387199652847e-05,2.579133797553368e-05,0.9670768331848341,1.5142462871153839e-05
,,,3.0776184170972556,,0.9999207724654517,2.51821996878174e-11,0.00803338549817423,0.005735999904572964,calibrated,,0.0,1,0.005735999904572964,700,kink,0.5666924942980432,1.2637803000440925e-07,4.636935409507714e-05,7.044379162834957e-05,4.054250166518614e-05,0.5652227178798914,5.0918315537273884e-05
,,,3.486068375175819,,0.999923434267891,6.882817713355074e-13,0.014710485133020344,0.005735999904572964,calibrated,,0.0,1,0.005735999904572964,800,kink,0.9519830966568523,3.8018491611279965e-08,1.004408022708958e-05,1.6860296454979107e-05,9.411146493221167e-06,0.9518502437852616,2.962024518637918e-05
,,,3.9407849172130227,,0.9999227289653421,1.2172970592299436e-12,0.011267605633802818,0.005735999904572964,calibrated,,0.0,1,0.005735999904572964,900,kink,0.9848543427884847,3.242882891333159e-07,7.923274097265676e-06,1.0648349416442215e-05,1.5022578736534342e-05,0.9849317595371707,8.514647197443992e-05
,,,4.340396917192265,,0.9999317222988428,1.7100146570858462e-12,0.010641627543035994,0.005735999904572964,calibrated,,0.0,1,0.005735999904572964,1000,kink,0.790497817693954,3.54328550774288e-07,1.106988565879874e-05,3.1258117815013975e-05,1.9892760974471457e-05,0.7906802918548641,8.265165524790064e-05
,,,4.811876833206043,,0.9999058939972226,3.536608234022709e-11,0.008450704225352112,0.005735999904572964,calibrated,,0.0,1,0.005735999904572964,1100,kink,-0.32114435361961735,3.3111365383605643e-07,4.550329322228208e-05,3.979903340223245e-05,2.0694526028819382e-05,-0.3220267768237891,7.074993482092395e-05
,,,5.205403208034113,,0.9998916152567157,3.413784488171563e-13,0.014188836724047992,0.005735999904572964,calibrated,,0.0,1,0.005735999904572964,1200,kink,-0.05486812393397413,5.181484658998501e-07,4.3222935346420854e-06,5.9787730606331024e-06,3.84801069230889e-06,-0.0545801023788622,0.00010931828728644177
,,,5.722428833134472,,0.9999020608849117,4.1286808122505106e-11,0.010432968179447054,0.005735999904572964,calibrated,,0.0,1,0.005735999904572964,1300,kink,0.3066041523504938,1.9525395433840724e-07,4.740346048492938e-05,2.0984443835914135e-05,1.0900996130658314e-05,0.3065603068453581,7.714911043876782e-05
,,,6.120459792204201,,0.9999129672463721,4.546870777699536e-13,0.01564945226917058,0.005735999904572964,calibrated,,0.0,1,0.005735999904572964,1400,kink,0.7867075790561133,1.462691269006954e-07,2.538627086323686e-06,1.1876380085595883e-05,6.184899120853515e-06,0.787597383896527,5.762889486504719e-05
,,,6.572113208007067,,0.9998889585027512,3.368145369915321e-11,0.01564945226917058,0.005735999904572964,calibrated,,0.0,1,0.005735999904572964,1500,kink,0.31466705479228335,1.3309274286212237e-07,3.5738055885303766e-05,1.8059619833366014e-05,2.8431240934878588e-05,0.3128236627291753,2.9241224183351733e-05
,,,6.975985000142828,,0.9999068903182133,1.0859955953793997e-13,0.013145539906103286,0.005735999904572964,calibrated,,0.0,1,0.005735999904572964,1600,kink,0.7905568271759212,3.6868572241704855e-08,1.7417166873201495e-06,7.610694410686847e-06,3.552440375642618e-06,0.7913653967277684,3.759768878808245e-05
,,,7.458566833054647,,0.999908033761064,2.1010442008808485e-11,0.015336463223787167,0.005735999904572964,calibrated,,0.0,1,0.005735999904572964,1700,kink,0.8174111625020323,3.8308608020772983e-08,6.481760647147894e-05,1.5549814634141512e-05,1.4576811736333184e-05,0.8176541888178449,3.503527113934979e-05
,,,7.848450917052105,,0.9999129066047445,3.587374414719945e-11,0.018988002086593635,0.005735999904572964,calibrated,,0.0,1,0.005735999904572964,1800,kink,0.8560369181143739,8.815514634898431e-08,6.856510299257934e-05,0.00028499949257820845,0.0004935328033752739,0.8550366592839515,4.254580562701449e-05
,,,8.317794708069414,,0.9999006684794919,2.7533774512865013e-11,0.024621804903495043,0.005735999904572964,calibrated,,0.0,1,0.005735999904572964,1900,kink,0.9359696852844878,1.7380528988395474e-08,3.74698756786529e-05,9.944692465069238e-06,1.219266778207384e-05,0.9356322042577804,2.1160272808629088e-05
,,,8.73936808318831,,0.999909125383076,2.0322848670755608e-11,0.010641627543035994,0.005735999904572964,calibrated,,0.0,1,0.005735999904572964,2000,kink,0.9372683857403867,1.4439764163362478e-08,3.0076536859269254e-05,2.641459650476463e-05,3.8872327422723174e-05,0.9378475908324433,1.278594027098734e-05
,,,0.002778833033517003,,,,,0.005735999904572964,adaptive,,0.0,1,0.005735999904572964,0,kink,,,,0.001086916890926659,0.0008046527509577572,,8.722337224753574e-05
,,,0.5008185831829906,,0.9999250784388335,5.155590393705344e-12,0.015023474178403756,0.005735999904572964,adaptive,,0.0,1,0.005735999904572964,100,kink,0.9378558619068507,2.996479576545866e-08,0.0001089332508854568,0.0003525869396980852,0.00012599036563187838,0.9380163512220193,2.7017049433197826e-05
,,,0.9055126670282334,,0.9999177338422426,6.921888203999465e-12,0.007198748043818467,0.005735999904572964,adaptive,,0.005136706866323948,1,0.010872706770896912,200,kink,-0.818496575332565,8.863465476429546e-08,6.126481457613409e-05,0.00011336831812513992,5.9917107137152925e-05,-0.8189074217173348,1.345437704003416e-05
,,,1.365151750156656,,0.999923180333299,2.3873882606500353e-11,0.005320813771517997,0.005735999904572964,adaptive,,0.009979081805795431,1,0.015715081710368395,300,kink,0.9835117694008625,6.221190902275146e-09,6.647440022788942e-05,4.2211242543999106e-05,8.366857946384698e-05,0.983586327061004,4.66321353087551e-06
,,,1.752745458157733,,0.9999152273548862,1.2239829623575481e-11,0.011163275952008346,0.005735999904572964,adaptive,,0.015146787045523524,1,0.020882786950096488,400,kink,0.9611894152216957,5.998136376387888e-09,3.8506812416017056e-05,8.948308095568791e-05,3.9565700717503205e-05,0.9616054726544476,1.0966184163407888e-05
,,,2.2320424581412226,,0.9999165876129646,6.88363472113226e-13,0.010328638497652582,0.005735999904572964,adaptive,,0.0202478701248765,1,0.025983870029449463,500,kink,0.5546103552337184,7.44713039446642e-08,2.051951378234662e-05,8.273811545222998e-05,3.598438706831075e-05,0.5533308976927681,6.158890755614266e-06
,,,2.652393750147894,,0.999896309435278,1.1003214192958228e-10,0.00980699008868023,0.005735999904572964,adaptive,,0.02516608452424407,1,0.030902084428817034,600,kink,0.9672043115536195,3.270413689302472e-08,0.000113449823402334,2.199387199652847e-05,2.579133797553368e-05,0.9670299922331176,1.5131150576053187e-05
,,,3.165531875099987,,0.9999207724654517,2.51821996878174e-11,0.00803338549817423,0.005735999904572964,adaptive,,0.03029283508658409,1,0.036028834991157055,700,kink,0.46694180203134505,1.5119540974423195e-07,4.636935409507714e-05,7.044379162834957e-05,4.054250166518614e-05,0.4653356102116532,5.501866326085292e-05
,,,3.5957121669780463,,0.9999046011832923,8.369316112369767e-13,0.014710485133020344,0.005735999904572964,adaptive,,0.03560012113302946,1,0.041336121037602425,800,kink,0.9718392437987692,4.612959949741694e-08,1.004408022708958e-05,1.6860296454979107e-05,9.411146493221167e-06,0.9719322587779152,3.2191339414566755e-05
,,,4.111385958036408,,0.9999227289653421,1.2172970592299436e-12,0.011267605633802818,0.005735999904572964,adaptive,,0.0405806228518486,1,0.046316622756421566,900,kink,0.9816760178717517,3.67457422206278e-07,7.923274097265676e-06,1.0648349416442215e-05,1.5022578736534342e-05,0.9817558825740118,9.206058166455477e-05
,,,4.518893292173743,,0.999930203944322,1.8136434417675111e-12,0.010641627543035994,0.005735999904572964,adaptive,,0.04570162296295166,1,0.051437622867524624,1000,kink,0.7746651727542371,4.015771450468948e-07,1.106988565879874e-05,3.1258117815013975e-05,1.9892760974471457e-05,0.7757606693000388,9.021088044391945e-05
,,,4.970642208121717,,0.9999058939972226,3.536608234022709e-11,0.008450704225352112,0.005735999904572964,adaptive,,0.0509376663248986,1,0.056673666229471564,1100,kink,-0.3972351295973118,3.619146085711498e-07,4.550329322228208e-05,3.979903340223245e-05,2.0694526028819382e-05,-0.3980942811114088,7.574377377750352e-05
,,,5.38162195798941,,0.9998916152567157,3.413784488171563e-13,0.014188836724047992,0.005735999904572964,adaptive,,0.05623620469123125,1,0.061972204595804214,1200,kink,-0.05778900759446812,5.455026285650336e-07,4.3222935346420854e-06,5.9787730606331024e-06,3.84801069230889e-06,-0.057498287439959765,0.0001144317357102409
,,,5.8628452501725405,,0.9999020608849117,4.1286808122505106e-11,0.010432968179447054,0.005735999904572964,adaptive,,0.06117932545021176,1,0.06691532535478473,1300,kink,0.44997133859472543,1.6431635534358048e-07,4.740346048492938e-05,2.0984443835914135e-05,1.0900996130658314e-05,0.4499326101822052,7.058047776808962e-05
,,,6.272584542166442,,0.9998986665143791,5.50496556476869e-13,0.01564945226917058,0.005735999904572964,adaptive,,0.066809908952564,1,0.07254590885713696,1400,kink,0.7581578033602668,1.157437652478408e-07,2.538627086323686e-06,1.1876380085595883e-05,6.184899120853515e-06,0.7596890903064741,5.0368591473670676e-05
,,,6.748356624972075,,0.9998889585027512,3.368145369915321e-11,0.01564945226917058,0.005735999904572964,adaptive,,0.07196694891899824,1,0.0777029488235712,1500,kink,0.5668333518449694,1.0217236639056299e-07,3.5738055885303766e-05,1.8059619833366014e-05,2.8431240934878588e-05,0.5652432309375827,2.5550296413712204e-05
,,,7.1576930831652135,,0.9999068903182133,1.0859955953793997e-13,0.013145539906103286,0.005735999904572964,adaptive,,0.07791724312119186,1,0.08365324302576482,1600,kink,0.9008919526923695,3.4991702069739377e-08,1.7417166873201495e-06,7.610694410686847e-06,3.552440375642618e-06,0.9014147361895682,3.6374640330905095e-05
,,,7.641689417185262,,0.999908033761064,2.1010442008808485e-11,0.015336463223787167,0.005735999904572964,adaptive,,0.08325090887956321,1,0.08898690878413618,1700,kink,0.8588295090009721,2.987748678540928e-08,6.481760647147894e-05,1.5549814634141512e-05,1.4576811736333184e-05,0.8589715911051301,3.488633592496626e-05
,,,8.070337958168238,,0.9999129066047445,3.587374414719945e-11,0.018988002086593635,0.005735999904572964,adaptive,,0.08936665905639529,1,0.09510265896096826,1800,kink,0.8628179721547674,1.0385463481000083e-07,6.856510299257934e-05,0.00028499949257820845,0.0004935328033752739,0.8618395856312273,4.9880192818818614e-05
,,,8.524672292172909,,0.9999006684794919,2.7533774512865013e-11,0.024621804903495043,0.005735999904572964,adaptive,,0.09466315782628953,1,0.1003991577308625,1900,kink,0.8984039445235588,2.9602726883468065e-08,3.74698756786529e-05,9.944692465069238e-06,1.219266778207384e-05,0.8979298281725898,2.3672799216001295e-05
,,,8.939786541974172,,0.999909125383076,2.0322848670755608e-11,0.010641627543035994,0.005735999904572964,adaptive,,0.10041803657077253,1,0.10615403647534549,2000,kink,0.9109110375813875,1.931504463292644e-08,3.0076536859269254e-05,2.641459650476463e-05,3.8872327422723174e-05,0.9115703698306682,1.6295045497827232e-05
,,,0.00591370789334178,0.10425278544425964,,,,0.0,fp32,,0.0,1,0.0,0,plateau,,,,0.13873933255672455,0.11088889837265015,,0.0
,,,0.07179187494330108,0.0008680193568579853,0.9999999999999993,0.0,0.0,0.0,fp32,,0.0,1,0.0,100,plateau,0.9999999999999993,0.0,0.0011136906687170267,0.0027536102570593357,0.0012308560544624925,0.9999999999999993,0.0
,,,0.13374683284200728,0.00020145039889030159,0.999999999999998,0.0,0.0,0.0,fp32,,0.0,1,0.0,200,plateau,0.999999999999998,0.0,0.00023468182189390063,0.00041686688200570643,0.0002429021114949137,0.999999999999998,0.0
,,,0.20756537490524352,9.91542256087996e-05,0.9999999999999976,0.0,0.0,0.0,fp32,,0.0,1,0.0,300,plateau,0.9999999999999976,0.0,0.00011839415674330667,0.0001737127167871222,0.00011350121349096298,0.9999999999999976,0.0
,,,0.27737395791336894,4.949589856551029e-05,0.999999999999996,0.0,0.0,0.0,fp32,,0.0,1,0.0,400,plateau,0.999999999999996,0.0,8.257905574282631e-05,0.00010740583093138412,6.063927503419109e-05,0.999999999999996,0.0
,,,0.34539774991571903,3.139579712296836e-05,0.9999999999999932,0.0,0.0,0.0,fp32,,0.0,1,0.0,500,plateau,0.9999999999999932,0.0,4.5122964365873486e-05,8.561688446206972e-05,4.182934935670346e-05,0.9999999999999932,0.0
,,,0.4193188748322427,1.970862467715051e-05,0.9999999999999964,0.0,0.0,0.0,fp32,,0.0,1,0.0,600,plateau,0.9999999999999964,0.0,2.015298741753213e-05,6.0447775467764586e-05,2.7547896024771035e-05,0.9999999999999964,0.0
,,,0.4912181659601629,1.777927900548093e-05,0.9999999999999999,0.0,0.0,0.0,fp32,,0.0,1,0.0,700,plateau,0.9999999999999999,0.0,2.4129622033797204e-05,4.891318531008437e-05,2.377025521127507e-05,0.9999999999999999,0.0
,,,0.5579317498486489,1.1217879546165932e-05,0.9999999999999986,0.0,0.0,0.0,fp32,,0.0,1,0.0,800,plateau,0.9999999999999986,0.0,1.591846375958994e-05,5.038059680373408e-05,1.8753804397420026e-05,0.9999999999999986,0.0
,,,0.6236078748479486,6.210290848684963e-06,0.9999999999999982,0.0,0.0,0.0,fp32,,0.0,1,0.0,900,plateau,0.9999999999999982,0.0,1.906704346765764e-05,3.9946338802110404e-05,1.270198481506668e-05,0.9999999999999982,0.0
,,,0.689618457807228,6.0152492551424075e-06,0.9999999999999971,0.0,0.0,0.0,fp32,,0.0,1,0.0,1000,plateau,0.9999999999999971,0.0,1.4814928363193758e-05,4.215672379359603e-05,1.2969809176865965e-05,0.9999999999999971,0.0
,,,0.7551611659582704,8.97856352821691e-06,0.9999999999999966,0.0,0.0,0.0,fp32,,0.0,1,0.0,1100,plateau,0.9999999999999966,0.0,1.5397423339891247e-05,3.714424019563012e-05,1.4398373423318844e-05,0.9999999999999966,0.0
,,,0.8213331250008196,1.0036812454927713e-05,0.9999999999999979,0.0,0.0,0.0,fp32,,0.0,1,0.0,1200,plateau,0.9999999999999979,0.0,1.217904264194658e-05,3.746492802747525e-05,1.5314695701817982e-05,0.9999999999999979,0.0
,,,0.8884661658667028,6.625056357734138e-06,0.9999999999999982,0.0,0.0,0.0,fp32,,0.0,1,0.0,1300,plateau,0.9999999999999982,0.0,8.512835847795941e-06,3.4085678635165095e-05,1.190919465443585e-05,0.9999999999999982,0.0
,,,0.95365429087542,5.573583621298894e-06,0.9999999999999954,0.0,0.0,0.0,fp32,,0.0,1,0.0,1400,plateau,0.9999999999999954,0.0,1.1458801054686774e-05,3.167771137668751e-05,1.0596697393339127e-05,0.9999999999999954,0.0
,,,1.0211096659768373,2.5254219508497044e-05,0.9999999999999981,0.0,0.0,0.0,fp32,,0.0,1,0.0,1500,plateau,0.9999999999999981,0.0,8.223538316087797e-06,3.210947033949196e-05,2.6573348804959096e-05,0.9999999999999981,0.0
,,,1.0940236249007285,3.669659008664894e-06,0.9999999999999978,0.0,0.0,0.0,fp32,,0.0,1,0.0,1600,plateau,0.9999999999999978,0.0,7.837043995095883e-06,2.417608084215317e-05,7.615627964696614e-06,0.9999999999999978,0.0
,,,1.163705457933247,4.139540578762535e-06,0.9999999999999991,0.0,0.0,0.0,fp32,,0.0,1,0.0,1700,plateau,0.9999999999999991,0.0,6.990209840296302e-06,3.1385770853376016e-05,9.38242556003388e-06,0.9999999999999991,0.0
,,,1.234337749890983,4.1362100091646425e-06,0.9999999999999997,0.0,0.0,0.0,fp32,,0.0,1,0.0,1800,plateau,0.9999999999999997,0.0,2.0507191948127e-05,2.6748422897071578e-05,8.487389095535036e-06,0.9999999999999997,0.0
,,,1.305131332948804,3.514696572892717e-06,0.9999999999999997,0.0,0.0,0.0,fp32,,0.0,1,0.0,1900,plateau,0.9999999999999997,0.0,2.1170631953282282e-05,4.213132706354372e-05,1.094554227165645e-05,0.9999999999999997,0.0
,,,1.3768567079678178,1.553812762722373e-05,0.9999999999999993,0.0,0.0,0.0,fp32,,0.0,1,0.0,2000,plateau,0.9999999999999993,0.0,2.8163442038930953e-05,3.550541805452667e-05,1.9380353478481993e-05,0.9999999999999993,0.0
,,,0.0027267918922007084,0.10421820729970932,,,,0.0,fixed-e4m3,,0.0,1,0.0,0,plateau,,,,0.14082172513008118,0.11126167327165604,,8.994970994535834e-05
,,,0.3834543749690056,0.0008832624298520386,0.9997057068781143,1.1083697786293913e-09,0.00010432968179447053,0.0,fixed-e4m3,,0.0,1,0.0,100,plateau,0.7827185788713545,8.120470709007005e-07,0.001203879015520215,0.0026866996195167303,0.0012302907416597009,0.7827526293471273,0.0003346473095007241
,,,0.913167541846633,0.00011477239604573697,0.999712641116788,1.1170197241530101e-10,0.0,0.0,fixed-e4m3,,0.0,1,0.0,200,plateau,-0.01840842469670497,5.131357598866744e-07,0.00021460485004354268,0.00037597716436721385,0.00016503498773090541,-0.016613108481328454,0.00021992843539919704
,,,1.3300065000075847,3.46731576428283e-05,0.9996616779949661,6.740007137885578e-11,0.0,0.0,fixed-e4m3,,0.0,1,0.0,300,plateau,0.682203336463971,2.141089437539244e-07,7.748337520752102e-05,0.0001941441441886127,6.535952707054093e-05,0.6836843704812218,0.00032188318436965346
,,,1.8217825829051435,6.96478527970612e-05,0.9996903476211172,9.423381676432851e-11,0.0,0.0,fixed-e4m3,,0.0,1,0.0,400,plateau,0.6150972993126949,1.4092033765841388e-07,7.208124588942155e-05,0.00014360836939886212,8.387979323742911e-05,0.6159891786796373,0.0002191076782764867
,,,2.211067416938022,3.123459100606851e-05,0.9997045013636159,1.6706727952548144e-10,0.00020865936358894105,0.0,fixed-e4m3,,0.0,1,0.0,500,plateau,-0.20484514899445735,1.9413717404241155e-06,7.597692456329241e-05,0.00010728593042585999,4.586884824675508e-05,-0.2065370035395806,0.00043847347842529416
,,,2.64669879199937,3.043309880013112e-05,0.9996712847753266,2.209265243301561e-10,0.0,0.0,fixed-e4m3,,0.0,1,0.0,600,plateau,-0.2831486034943186,1.5993698592178587e-06,5.755538586527109e-05,6.929396477062255e-05,3.791094059124589e-05,-0.2840989397251931,0.0004843830829486251
,,,3.043708167038858,3.848537016892806e-05,0.9997873387844519,2.347944911329213e-10,0.00010432968179447053,0.0,fixed-e4m3,,0.0,1,0.0,700,plateau,-0.6010360176227383,1.615760426378001e-06,8.37230181787163e-05,7.259699486894533e-05,4.504933531279676e-05,-0.6020412026188119,0.0003611682914197445
,,,3.4717269998509437,1.8581869881018065e-05,0.9996779407927076,6.495022457806959e-11,0.00010432968179447053,0.0,fixed-e4m3,,0.0,1,0.0,800,plateau,-0.5715777373748893,8.472794483716234e-07,2.922229396062903e-05,0.00011891171743627638,3.7887941289227456e-05,-0.5719150947771355,0.0003683238464873284
,,,3.886273958021775,0.00012362874986138195,0.9996822467452308,6.020846569745386e-10,0.0,0.0,fixed-e4m3,,0.0,1,0.0,900,plateau,0.8088533566028592,6.795170544453001e-07,0.0001388451928505674,8.134954259730875e-05,0.00011549312330316752,0.8096067328370734,0.0004019206389784813
,,,4.274903625017032,1.3073956324660685e-05,0.9996538218927704,3.3533690259774236e-10,0.00010432968179447053,0.0,fixed-e4m3,,0.0,1,0.0,1000,plateau,0.18348647818099909,1.7038604803046304e-06,7.749523501843214e-05,5.67608694836963e-05,2.1480454961420037e-05,0.18214241563969769,0.0004337877908255905
,,,4.76259966683574,1.1571618415473495e-05,0.9997089616278952,9.727666935459671e-11,0.0,0.0,fixed-e4m3,,0.0,1,0.0,1100,plateau,0.6819540201849225,7.558622099426445e-07,3.780026236199774e-05,3.192494114045985e-05,1.548812724649906e-05,0.6808515913101657,0.00028569475398398936
,,,5.180690000066534,9.275243428419344e-06,0.9996296454904545,1.6747695755004316e-11,0.00020865936358894105,0.0,fixed-e4m3,,0.0,1,0.0,1200,plateau,0.7466735418999587,2.7890240190052345e-06,1.318296381214168e-05,3.6635326978284866e-05,1.4540036318066996e-05,0.7485743005040798,0.0004301955341361463
,,,5.620153541909531,4.440460543264635e-05,0.999674288257109,7.387389797875388e-11,0.0,0.0,fixed-e4m3,,0.0,1,0.0,1300,plateau,-0.7956677121492709,2.9813230949762155e-06,3.0335311748785898e-05,5.979713023407385e-05,4.736652772407979e-05,-0.7945189299026301,0.0004005207447335124
,,,6.040111958049238,0.00017824835958890617,0.9995933183714678,1.5886527870466357e-09,0.0,0.0,fixed-e4m3,,0.0,1,0.0,1400,plateau,-0.6477368844343193,4.3381821685780686e-06,0.00018936669221147895,4.334440745878965e-05,0.00015228931442834437,-0.6478392745070058,0.0003799745754804462
,,,6.43390441685915,0.0001126605857280083,0.9997527411307028,1.4333478223324285e-10,0.00031298904538341156,0.0,fixed-e4m3,,0.0,1,0.0,1500,plateau,0.6724442452310911,3.188404306088898e-06,4.659649130189791e-05,0.00023163259902503341,0.0001355538988718763,0.6742528262556559,0.0007606372819282115
,,,6.882164916954935,9.199311534757726e-06,0.9997336867319513,3.7506701656642676e-11,0.0,0.0,fixed-e4m3,,0.0,1,0.0,1600,plateau,0.5048823284337537,3.6291672187696504e-06,2.0588306142599322e-05,4.2613381083356217e-05,1.5629047993570566e-05,0.5031975868116608,0.0007015212322585285
,,,7.270706541836262,0.000474757282063365,0.9996296644009213,4.2395703585463166e-10,0.0,0.0,fixed-e4m3,,0.0,1,0.0,1700,plateau,-0.7915500829812187,1.100676373213072e-05,9.879742719931528e-05,0.0007697843248024583,0.0005315282032825053,-0.7903733035179364,0.0012880282010883093
,,,7.721573791932315,0.00016235087241511792,0.9995906806216244,7.927314191761395e-10,0.00020865936358894105,0.0,fixed-e4m3,,0.0,1,0.0,1800,plateau,-0.31843669593545193,6.890337205727518e-06,0.00015670702850911766,5.921786214457825e-05,0.00014250540698412806,-0.32145956974571094,0.0006338845705613494
,,,8.108894207980484,3.372285937075503e-05,0.999638997464774,1.8605500479042093e-09,0.0,0.0,fixed-e4m3,,0.0,1,0.0,1900,plateau,0.977542817651017,4.775650997476152e-06,0.0002563008456490934,5.204226908972487e-05,3.724799171322957e-05,0.9776287494712552,0.0009343874990008771
,,,8.559460999909788,2.4289027351187542e-05,0.9996813655381882,1.5153290120691042e-10,0.00020865936358894105,0.0,fixed-e4m3,,0.0,1,0.0,2000,plateau,0.9331761929191762,1.163066969738842e-05,3.5484936233842745e-05,6.785419100197032e-05,3.2672098313923925e-05,0.933979758512559,0.0013208773452788591
,,,0.0026929168961942196,0.10502789914608002,,,,0.0,fixed-e5m2,,0.0,1,0.0,0,plateau,,,,0.13684694468975067,0.11115071177482605,,0.00028239356470294297
,,,0.38993087504059076,0.0012255217880010605,0.9986510029432829,1.858418352478172e-08,0.0,0.0,fixed-e5m2,,0.0,1,0.0,100,plateau,0.9776097851614485,4.133742174808773e-05,0.0020380038768053055,0.003104738425463438,0.0015871318755671382,0.9787317109274773,0.003595721209421754
,,,0.8728144171182066,0.0003408590564504266,0.9984547092949928,2.9354809564684513e-10,0.0,0.0,fixed-e5m2,,0.0,1,0.0,200,plateau,0.6322138940790365,3.8186049529881285e-05,0.0003160597407259047,0.0005104888114146888,0.00037350019556470215,0.6320244475786102,0.0037076016888022423
,,,1.265037874924019,0.00011829974391730502,0.9989138197417479,2.9619284803620505e-10,0.0,0.0,fixed-e5m2,,0.0,1,0.0,300,plateau,-0.94635885867535,3.398013013945225e-05,0.00013936062168795615,0.00022491294657811522,0.0001388148812111467,-0.9474594714304073,0.004014636389911175
,,,1.6969046250451356,0.0005486879963427782,0.9985776911113833,9.695413838834101e-09,0.0,0.0,fixed-e5m2,,0.0,1,0.0,400,plateau,-0.9866728126622204,5.573896443372488e-05,0.00041580735705792904,0.00023566745221614838,0.0004884546506218612,-0.9871770836304707,0.0031345398165285587
,,,2.0873582079075277,4.433431240613572e-05,0.9989380768171464,5.281902008009298e-10,0.0,0.0,fixed-e5m2,,0.0,1,0.0,500,plateau,0.8444248919966518,6.840997066310926e-05,7.992257451405749e-05,0.0001637896930333227,6.732063775416464e-05,0.8440270828094096,0.004808591678738594
,,,2.5083473750855774,5.849983062944375e-05,0.9984603444867867,1.1951513272521266e-09,0.0,0.0,fixed-e5m2,,0.0,1,0.0,600,plateau,-0.9511470173231302,4.7053031829647836e-05,8.544648153474554e-05,9.258494537789375e-05,6.505870260298252e-05,-0.9528545804568865,0.005205188412219286
,,,2.9240590420085937,4.059674756717868e-05,0.9983860218077505,6.76773080820323e-11,0.0,0.0,fixed-e5m2,,0.0,1,0.0,700,plateau,-0.22811331968284587,6.2353524268156e-05,2.63685651589185e-05,6.79211225360632e-05,4.585467104334384e-05,-0.2336592840179949,0.004490646068006754
,,,3.3568417080678046,2.269148717459757e-05,0.9986844393128942,1.5112509271465433e-10,0.0,0.0,fixed-e5m2,,0.0,1,0.0,800,plateau,-0.989738551996118,3.553822865852681e-05,2.6083222110173665e-05,6.839181878603995e-05,3.148542236885987e-05,-0.9911742140279682,0.003986653406172991
,,,3.7617466249503195,9.449705248698592e-05,0.9986547581423318,1.985931674994328e-10,0.0,0.0,fixed-e5m2,,0.0,1,0.0,900,plateau,0.504189191204348,5.460525251364555e-05,3.646351979114115e-05,7.02243487467058e-05,8.982634608400986e-05,0.5072902777867617,0.005155900027602911
,,,4.215872457949445,6.311274773906916e-05,0.9985902102440308,9.60555799454944e-11,0.0,0.0,fixed-e5m2,,0.0,1,0.0,1000,plateau,0.4888332814975151,4.957671751349271e-05,2.2847880245535634e-05,4.9512938858242705e-05,6.0495785874081776e-05,0.4901806455642378,0.005915489513427019
,,,4.625210166908801,3.069012745982036e-05,0.9986219228887387,8.524691582379845e-10,0.0,0.0,fixed-e5m2,,0.0,1,0.0,1100,plateau,0.5247303011558148,7.149932005056389e-05,5.703362330677919e-05,0.00020696985302492976,6.461094017140567e-05,0.526396315904071,0.006742673460394144
,,,5.081423083087429,3.5195364034734666e-05,0.9985470760289066,3.4842836542580643e-10,0.0,0.0,fixed-e5m2,,0.0,1,0.0,1200,plateau,-0.4269472918564447,4.7170507081598435e-05,3.1709980248706415e-05,0.00010258763359161094,4.816338696400635e-05,-0.4256147740368771,0.004750889725983143
,,,5.491439207922667,2.4718536224099807e-05,0.9984197278818137,8.176309164387905e-10,0.0,0.0,fixed-e5m2,,0.0,1,0.0,1300,plateau,0.5449565848806003,4.258309704178371e-05,0.00010729473433457315,0.00020528199092950672,5.946364035480656e-05,0.5443608700601751,0.0039932457730174065
,,,5.915319292107597,7.515708421124145e-05,0.9987870310771231,4.796805129970526e-09,0.0,0.0,fixed-e5m2,,0.0,1,0.0,1400,plateau,0.995569287369983,4.5292595665946424e-05,0.00019746740872506052,5.113854058436118e-05,7.053528679534793e-05,0.9968038865248389,0.004395335912704468
,,,6.346356374910101,7.100037328200415e-05,0.9985199361273245,4.082045791150046e-10,0.0,0.0,fixed-e5m2,,0.0,1,0.0,1500,plateau,0.5946712635898964,3.467003578105179e-05,2.531782774894964e-05,6.590683915419504e-05,7.002024358371273e-05,0.5943939342124057,0.0035479364451020956
,,,6.75435912492685,4.006886956631206e-05,0.9988180348688777,1.06921175351947e-09,0.0,0.0,fixed-e5m2,,0.0,1,0.0,1600,plateau,-0.7531651960169811,2.856730170682298e-05,6.849181954748929e-05,0.00013100045907776803,5.75664707866963e-05,-0.752501515930485,0.0028897307347506285
,,,7.17456620791927,0.002048335038125515,0.9986404677362379,6.848909170276271e-09,0.0,0.0,fixed-e5m2,,0.0,1,0.0,1700,plateau,0.7883350924899941,3.662463004059318e-05,0.0005259253084659576,0.0013841592008247972,0.0019205303397029638,0.7911289794220405,0.004245176445692778
,,,7.565446000080556,0.00010583610855974257,0.9988187639989138,6.99443523269058e-10,0.0,0.0,fixed-e5m2,,0.0,1,0.0,1800,plateau,0.6690754696049707,3.490394664771666e-05,5.011950634070672e-05,0.0003131491248495877,0.0001457285397918895,0.6682959136695801,0.0038665609899908304
,,,8.025379416998476,6.868473428767174e-05,0.9987441966848556,2.4462597231625544e-09,0.0,0.0,fixed-e5m2,,0.0,1,0.0,1900,plateau,0.16645268571599836,3.45860085557899e-05,0.00014580358401872218,0.00012608843098860234,7.973070023581386e-05,0.1603618659747367,0.004664912819862366
,,,8.444096375023946,1.877891736512538e-05,0.9987163900062167,9.291081322680423e-11,0.0,0.0,fixed-e5m2,,0.0,1,0.0,2000,plateau,0.018528848189205856,2.4450334431725854e-05,1.4924538845662028e-05,7.087695121299475e-05,2.8803937311749905e-05,0.02132310003952262,0.003785987151786685
,,,0.0027077090926468372,0.10421820729970932,,,,0.0,fixed-hybrid,,0.0,1,0.0,0,plateau,,,,0.14082172513008118,0.11126167327165604,,8.994970994535834e-05
,,,0.39685866702347994,0.0008815443143248558,0.9986830377599532,1.96966380523685e-09,0.0,0.0,fixed-hybrid,,0.0,1,0.0,100,plateau,0.9327498353413969,1.147024212806008e-06,0.0011248724767938256,0.002809181809425354,0.001252471935003996,0.9336802019225601,0.0004596411599777639
,,,0.8793591249268502,9.855331154540181e-05,0.9986808129632095,2.6773734805870484e-10,0.0,0.0,fixed-hybrid,,0.0,1,0.0,200,plateau,0.5382714009204996,7.442363207707937e-08,0.00020478133228607476,0.0004066770779900253,0.0001578443479957059,0.5384439218648363,0.00018968181393574923
,,,1.3065412500873208,3.506406574160792e-05,0.9986932457565064,7.452843847471962e-11,0.0,0.0,fixed-hybrid,,0.0,1,0.0,300,plateau,0.4936446279662901,2.403917313232759e-07,6.385317828971893e-05,0.0001878248294815421,6.44592146272771e-05,0.4966690636407863,0.0003020914155058563
,,,1.689131208928302,2.2512353098136373e-05,0.9986130597266023,1.4430534505834124e-10,0.0,0.0,fixed-hybrid,,0.0,1,0.0,400,plateau,0.5710387277584484,7.395840616881759e-07,5.152899757376872e-05,0.000128044281154871,4.28194398409687e-05,0.5710093190272618,0.00032800878398120403
,,,2.1352534170728177,4.801739487447776e-05,0.9986181247386283,4.1686354933818235e-10,0.0,0.0,fixed-hybrid,,0.0,1,0.0,500,plateau,-0.5612668808322113,1.5744659462800082e-06,5.0913935410790145e-05,8.05124655016698e-05,5.4270291002467275e-05,-0.5596263062623843,0.00038492062594741583
,,,2.542418292025104,6.287579890340567e-05,0.9985481802460102,3.238916429473348e-09,0.0,0.0,fixed-hybrid,,0.0,1,0.0,600,plateau,0.5985900346876417,7.798206766915535e-07,0.00013434872380457819,7.321632438106462e-05,6.486558413598686e-05,0.6010812719009141,0.00034322947612963617
,,,2.939044750062749,0.00019698863616213202,0.9987882194556704,7.446394929853045e-10,0.0,0.0,fixed-hybrid,,0.0,1,0.0,700,plateau,-0.6399664646874511,1.2806490520766757e-06,4.449333937373012e-05,5.4969856137176976e-05,0.00016966053226497024,-0.6439756280109388,0.00027837141533382237
,,,3.396189959021285,3.8108311855467036e-05,0.9987248699637441,3.72212413624398e-10,0.0,0.0,fixed-hybrid,,0.0,1,0.0,800,plateau,-0.06711053210745634,4.887313048251573e-07,3.26198132825084e-05,5.2144834626233205e-05,4.080930375494063e-05,-0.07172687342442094,0.0003431827644817531
,,,3.971401584101841,1.2964079360244796e-05,0.9986570149524351,6.847006498905395e-11,0.0,0.0,fixed-hybrid,,0.0,1,0.0,900,plateau,-0.17598879311507437,4.147962507169576e-07,2.2285496015683748e-05,4.36936788901221e-05,1.8877253751270473e-05,-0.17919801851234035,0.0002899907703977078
,,,4.423041959060356,6.703445251332596e-05,0.9986508817594957,6.589032341727657e-12,0.0,0.0,fixed-hybrid,,0.0,1,0.0,1000,plateau,-0.2174605973453212,3.468841024122987e-07,1.8576709408080205e-05,5.417562715592794e-05,6.456008122768253e-05,-0.21908972944969593,0.00027538390713743865
,,,4.8536074589937925,1.7722828488331288e-05,0.9984236445733096,8.649506705751675e-10,0.0,0.0,fixed-hybrid,,0.0,1,0.0,1100,plateau,0.850090291665052,3.5488057745148607e-07,4.5388518628897145e-05,5.6532320741098374e-05,2.519078589102719e-05,0.8511373089103048,0.00028667456354014575
,,,5.294753541937098,8.237182555603795e-06,0.9983533438822932,9.025722779539725e-10,0.0,0.0,fixed-hybrid,,0.0,1,0.0,1200,plateau,0.7453302671204926,7.076540087232156e-07,3.675297921290621e-05,3.788630783674307e-05,1.394244645780418e-05,0.7416182186447677,0.0003055641136597842
,,,5.759129249956459,7.124554940673988e-06,0.9986125158212478,1.1029510949125188e-09,0.0,0.0,fixed-hybrid,,0.0,1,0.0,1300,plateau,0.2885615053450603,6.750868860404401e-07,5.531775968847796e-05,4.313658791943453e-05,1.4054207895242143e-05,0.2909218633180225,0.00025103212101385
,,,6.176093042129651,3.95113202102948e-05,0.9986907399296086,4.498590814177404e-09,0.0,0.0,fixed-hybrid,,0.0,1,0.0,1400,plateau,0.7989023063416478,6.150577763109914e-07,0.00016682430577930063,7.20283787813969e-05,4.576844730763696e-05,0.800608029349298,0.00031300404225476086
,,,6.571843459038064,6.995579315116629e-05,0.9985734142114809,6.379195575483957e-09,0.0,0.0,fixed-hybrid,,0.0,1,0.0,1500,plateau,0.5348349162100368,3.0278691154558826e-06,0.00031459410092793405,4.391168840811588e-05,6.494422268588096e-05,0.5362248629072445,0.00039199989987537265
,,,7.0183655000291765,0.00010609408491291106,0.9987477764340613,1.1783796768693237e-10,0.0,0.0,fixed-hybrid,,0.0,1,0.0,1600,plateau,0.3458830313295295,3.479361730982658e-06,3.3048068871721625e-05,7.849752728361636e-05,0.0001007837854558602,0.3509791258181187,0.0005139211425557733
,,,7.424950750079006,8.383324166061357e-05,0.9988492006184085,4.371966535058175e-09,0.0,0.0,fixed-hybrid,,0.0,1,0.0,1700,plateau,-0.12708034964547502,7.445372512763937e-06,0.0002034618955804035,9.194606536766514e-05,8.539435657439753e-05,-0.1298242369891915,0.0007349877269007266
,,,7.830389042152092,8.230807907239068e-06,0.9987206783018765,6.29661193746948e-10,0.0,0.0,fixed-hybrid,,0.0,1,0.0,1800,plateau,0.875705345631765,3.0067658618935637e-06,4.653434007195756e-05,9.475029219174758e-05,2.487940582796e-05,0.8751303478932261,0.0005039721727371216
,,,8.22463804204017,1.79742510226788e-05,0.9988593754245666,1.5722990985403496e-10,0.0,0.0,fixed-hybrid,,0.0,1,0.0,1900,plateau,-0.8192804707721145,3.3653462715488714e-06,2.0473422409850173e-05,7.317408017115667e-05,2.8596135962288827e-05,-0.8232577925482426,0.0006099473685026169
,,,8.662393833976239,8.59635038068518e-05,0.99867946734893,3.5387618009664873e-10,0.0,0.0,fixed-hybrid,,0.0,1,0.0,2000,plateau,0.005374396355851882,4.2670070956673146e-06,2.776872497634031e-05,7.454126898664981e-05,8.376556797884405e-05,0.012986018374580239,0.0006222599186003208
,,,0.0026217917911708355,0.10428528487682343,,,,0.005715582985430956,calibrated,,0.0,1,0.005715582985430956,0,plateau,,,,0.1363493651151657,0.1104552373290062,,0.0002743273216765374
,,,0.404449958819896,0.0009285446139983833,0.9999095547609945,3.618521729802316e-10,0.014814814814814815,0.005715582985430956,calibrated,,0.0,1,0.005715582985430956,100,plateau,0.9628593310884105,2.2776081901850956e-06,0.0012612652499228716,0.0026951252948492765,0.0012684807879850268,0.9629934873378321,0.0004983370890840888
,,,0.8311982089653611,0.00020520207181107253,0.9999201975750197,4.097209808093254e-12,0.016275430359937403,0.005715582985430956,calibrated,,0.0,1,0.005715582985430956,200,plateau,0.24871467577118753,4.36875248506146e-06,0.00022901037300471216,0.000354141608113423,0.00023386190878227353,0.24827533238056262,0.0006380963604897261
,,,1.2772061249706894,0.00030108747887425125,0.9999120514103311,7.946438524273109e-11,0.01377151799687011,0.005715582985430956,calibrated,,0.0,1,0.005715582985430956,300,plateau,-0.10404143023964899,2.68736295770941e-06,0.00013985334953758866,0.00021133908012416214,0.0002838175278156996,-0.10458225597454578,0.0004538124776445329
,,,1.6813968748319894,7.473224104614928e-05,0.9999085782947604,6.83278083967853e-11,0.009285341679707878,0.005715582985430956,calibrated,,0.0,1,0.005715582985430956,400,plateau,0.06226411555061547,1.8086687510844578e-06,9.13275798666291e-05,0.00010340527660446241,8.024967246456072e-05,0.06164315384843724,0.0004198336973786354
,,,2.152110791997984,5.737171886721626e-05,0.9999240855732516,5.544791601475861e-11,0.01575378195096505,0.005715582985430956,calibrated,,0.0,1,0.005715582985430956,500,plateau,-0.03144113009788082,1.978101778871641e-06,5.641589086735621e-05,7.408800593111664e-05,6.058836879674345e-05,-0.03214362133991568,0.00029317723237909377
,,,2.5497794169932604,2.230734025943093e-05,0.9998967843528639,1.1008589213698839e-11,0.023995826812728223,0.005715582985430956,calibrated,,0.0,1,0.005715582985430956,600,plateau,-0.162875489371904,5.389145471549604e-07,1.9595194316934794e-05,8.350393181899562e-05,3.408316115383059e-05,-0.1616133007579003,0.0002181336167268455
,,,3.01269220886752,1.588798113516532e-05,0.9999096655253894,1.862345080914931e-11,0.020865936358894107,0.005715582985430956,calibrated,,0.0,1,0.005715582985430956,700,plateau,0.9507742647977916,7.014906877447564e-07,2.6903329853666946e-05,7.092568557709455e-05,2.647866858751513e-05,0.9505234968160465,0.00017622137966100127
,,,3.433764708926901,1.3759557987214066e-05,0.9999037702276794,1.0025089107409055e-11,0.015336463223787167,0.005715582985430956,calibrated,,0.0,1,0.005715582985430956,800,plateau,0.14822429470450255,5.411215380497965e-07,3.6054785596206784e-05,5.499046892509796e-05,2.1693458620575257e-05,0.14744401569336882,0.00017544205184094608
,,,3.828837249893695,1.6041405615396798e-05,0.9999144973668025,1.316759547646792e-11,0.01815336463223787,0.005715582985430956,calibrated,,0.0,1,0.005715582985430956,900,plateau,-0.531106633395711,6.316370425466717e-07,3.3949268981814384e-05,6.566374213434756e-05,2.559003587521147e-05,-0.5307526444255457,0.0001470568822696805
,,,4.305520041845739,6.259092333493754e-05,0.9998942147187803,4.955311787499433e-10,0.013041210224308816,0.005715582985430956,calibrated,,0.0,1,0.005715582985430956,1000,plateau,0.5960394716572227,1.5758310611716387e-06,0.00028879931778647006,6.0802209191024303e-05,6.224672688404098e-05,0.5952288418117475,0.00016157500795088708
,,,4.698633624939248,1.6109124771901406e-05,0.9999183615073532,1.0493682914945547e-11,0.012832550860719875,0.005715582985430956,calibrated,,0.0,1,0.005715582985430956,1100,plateau,0.8990658072476511,7.187790780043215e-07,3.365642987773754e-05,6.427985499612987e-05,2.5378431018907577e-05,0.8987619849851567,0.00010272156214341521
,,,5.203898541862145,1.3857590602128766e-05,0.9999049989521143,2.8525140584006534e-11,0.01617110067814293,0.005715582985430956,calibrated,,0.0,1,0.005715582985430956,1200,plateau,-0.29142979162445004,6.521439314107893e-07,3.225793261663057e-05,5.1031645853072405e-05,2.1010848286096007e-05,-0.29076324730960207,8.818204514682293e-05
,,,5.638860167004168,6.645323992415797e-06,0.9999043627185055,3.661579033133399e-11,0.0215962441314554,0.005715582985430956,calibrated,,0.0,1,0.005715582985430956,1300,plateau,0.9044766698495392,9.092290341666058e-08,3.090849349973723e-05,3.402353104320355e-05,1.1913602975255344e-05,0.9048318916576339,7.668531179660931e-05
,,,6.032258374849334,8.512504427926615e-05,0.9999226949689627,7.812891222720208e-11,0.01564945226917058,0.005715582985430956,calibrated,,0.0,1,0.005715582985430956,1400,plateau,0.5353120891909736,4.508815498340397e-07,6.982393097132444e-05,5.825917833135463e-05,7.995535270310938e-05,0.5354064509044868,8.887342846719548e-05
,,,6.420466542011127,3.4698234230745584e-05,0.9999146842009765,9.808498857160156e-11,0.018257694314032343,0.005715582985430956,calibrated,,0.0,1,0.005715582985430956,1500,plateau,-0.06986980338399004,9.19456563564092e-07,9.028563363244757e-05,3.558990283636376e-05,3.486981222522445e-05,-0.0694031126597369,0.00010828459926415235
,,,6.844234166899696,0.00010042112990049645,0.9999185453519045,7.400247972659151e-11,0.014293166405842462,0.005715582985430956,calibrated,,0.0,1,0.005715582985430956,1600,plateau,0.8293274362542025,4.0673563410175935e-07,4.3982407078146935e-05,3.871874650940299e-05,8.854798215907067e-05,0.8285407117020132,9.428123303223401e-05
,,,7.294089624891058,4.829456884181127e-05,0.9999092525923796,1.1459936915121578e-11,0.02764736567553469,0.005715582985430956,calibrated,,0.0,1,0.005715582985430956,1700,plateau,0.3685562043047964,2.2123665885816753e-07,1.3162755749362987e-05,5.386310658650473e-05,4.936609911965206e-05,0.3690851820870588,8.406289271079004e-05
,,,7.723068916937336,4.9022371968021616e-05,0.9999304953446664,5.015911295571014e-11,0.012623891497130934,0.005715582985430956,calibrated,,0.0,1,0.005715582985430956,1800,plateau,-0.533458450144735,1.0544498028502413e-06,6.088963709771633e-05,0.00022591394372284412,8.306091331178322e-05,-0.5331163531728946,0.00013952374865766615
,,,8.121863374952227,2.316756763320882e-05,0.9999027581875827,4.240249682521992e-11,0.02556077203964528,0.005715582985430956,calibrated,,0.0,1,0.005715582985430956,1900,plateau,0.9563547242694421,6.312447339223388e-07,3.30223047058098e-05,9.064176265383139e-05,3.615135938161984e-05,0.9566535786398581,0.00017482445400673896
,,,8.573360583977774,5.010155291529372e-05,0.9999135518110114,1.0145421984969348e-11,0.017527386541471048,0.005715582985430956,calibrated,,0.0,1,0.005715582985430956,2000,plateau,0.906703804635478,7.792155236195831e-07,2.331619725737255e-05,0.00010021437628893182,5.974456507829018e-05,0.9070396969864004,0.00019388116197660565
,,,0.0029012500308454037,0.10428528487682343,,,,0.005715582985430956,adaptive,,0.0,1,0.005715582985430956,0,plateau,,,,0.1363493651151657,0.1104552373290062,,0.0002743273216765374
,,,0.5008907080627978,0.0009285446139983833,0.9999095547609945,3.618521729802316e-10,0.014814814814814815,0.005715582985430956,adaptive,,0.0,1,0.005715582985430956,100,plateau,0.9628593310884105,2.2776081901850956e-06,0.0012612652499228716,0.0026951252948492765,0.0012684807879850268,0.9629934873378321,0.0004983370890840888
,,,0.9144972499925643,0.00020520207181107253,0.9999201975750197,4.097209808093254e-12,0.016275430359937403,0.005715582985430956,adaptive,,0.005035541718825698,1,0.010751124704256654,200,plateau,0.24871467577118753,4.36875248506146e-06,0.00022901037300471216,0.000354141608113423,0.00023386190878227353,0.24827533238056262,0.0006380963604897261
,,,1.527602167101577,0.00030108747887425125,0.999911740556327,7.97500968118972e-11,0.01377151799687011,0.005715582985430956,adaptive,,0.00990650407038629,1,0.015622087055817246,300,plateau,-0.10447990748401892,2.682078178591079e-06,0.00013985334953758866,0.00021133908012416214,0.0002838175278156996,-0.10517039882863137,0.00045340979704633355
,,,1.9639317919500172,7.473224104614928e-05,0.9999085782947604,6.83278083967853e-11,0.009285341679707878,0.005715582985430956,adaptive,,0.01538963126949966,1,0.021105214254930615,400,plateau,0.06222910957440329,1.799287847069667e-06,9.13275798666291e-05,0.00010340527660446241,8.024967246456072e-05,0.06160196894193488,0.0004188889579381794
,,,2.38023458304815,5.737171886721626e-05,0.9999199268140025,5.844137288530441e-11,0.01575378195096505,0.005715582985430956,adaptive,,0.02047225460410118,1,0.026187837589532137,500,plateau,-0.03809971248001644,1.9694862671131422e-06,5.641589086735621e-05,7.408800593111664e-05,6.058836879674345e-05,-0.0381771662950391,0.0002917494566645473
,,,2.855637582950294,2.230734025943093e-05,0.9998967843528639,1.1008589213698839e-11,0.023995826812728223,0.005715582985430956,adaptive,,0.025491503765806556,1,0.03120708675123751,600,plateau,-0.15598467748611233,5.245165820857562e-07,1.9595194316934794e-05,8.350393181899562e-05,3.408316115383059e-05,-0.15471830713000873,0.00021603070490527898
,,,3.288110041990876,1.588798113516532e-05,0.9999096655253894,1.862345080914931e-11,0.020865936358894107,0.005715582985430956,adaptive,,0.030475668609142303,1,0.03619125159457326,700,plateau,0.9495311804142793,6.845754483229568e-07,2.6903329853666946e-05,7.092568557709455e-05,2.647866858751513e-05,0.9492783795801029,0.0001745744957588613
,,,3.7432758330833167,1.3759557987214066e-05,0.9999027915851295,1.0117474489197374e-11,0.015336463223787167,0.005715582985430956,adaptive,,0.035388624062761664,1,0.04110420704819262,800,plateau,0.1482016969499081,5.330569151317694e-07,3.6054785596206784e-05,5.499046892509796e-05,2.1693458620575257e-05,0.14721240349278503,0.00017461350944358855
,,,4.18043995811604,1.6041405615396798e-05,0.9999144973668025,1.316759547646792e-11,0.01815336463223787,0.005715582985430956,adaptive,,0.04091054270975292,1,0.04662612569518387,900,plateau,-0.5257460932767453,6.20412737878298e-07,3.3949268981814384e-05,6.566374213434756e-05,2.559003587521147e-05,-0.5253886797201387,0.00014571529754903167
,,,4.606842583045363,6.259092333493754e-05,0.9998942147187803,4.955311787499433e-10,0.013041210224308816,0.005715582985430956,adaptive,,0.04581150016747415,1,0.05152708315290511,1000,plateau,0.6021148575011123,1.536959102701015e-06,0.00028879931778647006,6.0802209191024303e-05,6.224672688404098e-05,0.6013268882811679,0.00015926745254546404
,,,5.024811042007059,1.6109124771901406e-05,0.9999183615073532,1.0493682914945547e-11,0.012832550860719875,0.005715582985430956,adaptive,,0.05117170885205269,1,0.056887291837483644,1100,plateau,0.9046328087491836,6.61018296383506e-07,3.365642987773754e-05,6.427985499612987e-05,2.5378431018907577e-05,0.9043407541853759,9.709668665891513e-05
,,,5.434202916920185,1.3857590602128766e-05,0.9999049989521143,2.8525140584006534e-11,0.01617110067814293,0.005715582985430956,adaptive,,0.056167415343225,1,0.06188299832865596,1200,plateau,-0.2552151854929878,6.023492681487759e-07,3.225793261663057e-05,5.1031645853072405e-05,2.1010848286096007e-05,-0.25453849259726796,8.336717291967943e-05
,,,5.881251875078306,6.645323992415797e-06,0.9998921945015067,4.2115007109104e-11,0.0215962441314554,0.005715582985430956,adaptive,,0.061372541822493076,1,0.06708812480792403,1300,plateau,0.9022423632955281,7.788592971170541e-08,3.090849349973723e-05,3.402353104320355e-05,1.1913602975255344e-05,0.9027778355157172,7.336905400734395e-05
,,,6.312324417056516,8.512504427926615e-05,0.9999226949689627,7.812891222720208e-11,0.01564945226917058,0.005715582985430956,adaptive,,0.06655725184828043,1,0.07227283483371139,1400,plateau,0.5787346591757269,4.0479312673785694e-07,6.982393097132444e-05,5.825917833135463e-05,7.995535270310938e-05,0.5788223575920536,8.602235175203532e-05
,,,6.7392665420193225,3.4698234230745584e-05,0.9999146842009765,9.808498857160156e-11,0.018257694314032343,0.005715582985430956,adaptive,,0.07175420899875462,1,0.07746979198418558,1500,plateau,-0.027021886647182195,8.57973145533334e-07,9.028563363244757e-05,3.558990283636376e-05,3.486981222522445e-05,-0.02654028978875965,0.00010278295667376369
,,,7.1892115420196205,0.00010042112990049645,0.9999185453519045,7.400247972659151e-11,0.014293166405842462,0.005715582985430956,adaptive,,0.07730062701739371,1,0.08301621000282466,1600,plateau,0.8469491501412916,3.7462038815460086e-07,4.3982407078146935e-05,3.871874650940299e-05,8.854798215907067e-05,0.8462072880690161,8.843400428304449e-05
,,,7.601989042013884,4.829456884181127e-05,0.9999092525923796,1.1459936915121578e-11,0.02764736567553469,0.005715582985430956,adaptive,,0.08236304204910994,1,0.08807862503454089,1700,plateau,0.42963207081345345,2.063179896993184e-07,1.3162755749362987e-05,5.386310658650473e-05,4.936609911965206e-05,0.4301440107791729,8.21442372398451e-05
,,,8.105863833101466,4.9022371968021616e-05,0.999930397736852,5.0231492686157866e-11,0.012623891497130934,0.005715582985430956,adaptive,,0.08739920682273805,1,0.09311478980816901,1800,plateau,-0.5362616572746443,1.0492132534014483e-06,6.088963709771633e-05,0.00022591394372284412,8.306091331178322e-05,-0.5358267096138108,0.00013907435641158372
,,,8.546476250048727,2.316756763320882e-05,0.9999027581875827,4.240249682521992e-11,0.02556077203964528,0.005715582985430956,adaptive,,0.09286283422261477,1,0.09857841720804572,1900,plateau,0.9566012720929258,6.330529568832124e-07,3.30223047058098e-05,9.064176265383139e-05,3.615135938161984e-05,0.9568984768235753,0.00017516770458314568
,,,9.019149624975398,5.010155291529372e-05,0.9999053368127022,1.1129794621696536e-11,0.017527386541471048,0.005715582985430956,adaptive,,0.09787858626805246,1,0.10359416925348341,2000,plateau,0.906373239762951,7.839854247077153e-07,2.331619725737255e-05,0.00010021437628893182,5.974456507829018e-05,0.9065199177657741,0.00019465612422209233
,0.0009089394588954747,0.009091060541104526,0.0026856251060962677,,,,,0.0,fp32,,0.0,1,0.0,0,detail,,,,,0.3866272270679474,,0.0
,0.004552098456770182,0.0054479015432298186,0.13300162507221103,,0.9999999999999973,0.0,0.0,0.0,fp32,,0.0,1,0.0,100,detail,0.9999999999999973,0.0,0.15947365760803223,,0.14323300123214722,0.9999999999999973,0.0
,2.0641837181756273e-05,0.009979358162818244,0.25454545905813575,,0.999999999999999,0.0,0.0,0.0,fp32,,0.0,1,0.0,200,detail,0.999999999999999,0.0,0.019127056002616882,,0.01576746627688408,0.999999999999999,0.0
,3.921646111848531e-06,0.009996078353888152,0.3668555000331253,,0.9999999999999956,0.0,0.0,0.0,fp32,,0.0,1,0.0,300,detail,0.9999999999999956,0.0,0.001445296686142683,,0.0014074338832870126,0.9999999999999956,0.0
,-0.0004945971886627376,0.010494597188662738,0.44445004197768867,,0.9999999999999954,0.0,0.0,0.0,fp32,,0.0,1,0.0,400,detail,0.9999999999999954,0.0,0.0007691446226090193,,0.0009034071117639542,0.9999999999999954,0.0
,0.00014118220133241266,0.009858817798667588,0.5162570420652628,,0.9999999999999964,0.0,0.0,0.0,fp32,,0.0,1,0.0,500,detail,0.9999999999999964,0.0,0.0007779998704791069,,0.0008467104053124785,0.9999999999999964,0.0
,-0.0003491450916044414,0.010349145091604442,0.5821830839850008,,0.9999999999999984,0.0,0.0,0.0,fp32,,0.0,1,0.0,600,detail,0.9999999999999984,0.0,0.00045541138388216496,,0.0005123004666529596,0.9999999999999984,0.0
,0.0007673132931813598,0.00923268670681864,0.6518297500442713,,0.9999999999999977,0.0,0.0,0.0,fp32,,0.0,1,0.0,700,detail,0.9999999999999977,0.0,0.0015101907774806023,,0.0006137574673630297,0.9999999999999977,0.0
,0.00021944657783024013,0.00978055342216976,0.7221597090829164,,0.9999999999999969,0.0,0.0,0.0,fp32,,0.0,1,0.0,800,detail,0.9999999999999969,0.0,0.0006494850385934114,,0.0005877167568542063,0.9999999999999969,0.0
,0.0003862700832542032,0.009613729916745797,0.7932579999323934,,0.9999999999999938,0.0,0.0,0.0,fp32,,0.0,1,0.0,900,detail,0.9999999999999938,0.0,0.0004147324070800096,,0.0006663929671049118,0.9999999999999938,0.0
,0.0005299078766256571,0.009470092123374343,0.8608387089334428,,0.9999999999999979,0.0,0.0,0.0,fp32,,0.0,1,0.0,1000,detail,0.9999999999999979,0.0,0.00040898079168982804,,0.0004543354734778404,0.9999999999999979,0.0
,0.00015743770927656442,0.009842562290723436,0.9304381250403821,,0.9999999999999973,0.0,0.0,0.0,fp32,,0.0,1,0.0,1100,detail,0.9999999999999973,0.0,0.0013066548854112625,,0.00038708074134774506,0.9999999999999973,0.0
,0.0002730724518187344,0.009726927548181266,0.9984784589614719,,0.9999999999999988,0.0,0.0,0.0,fp32,,0.0,1,0.0,1200,detail,0.9999999999999988,0.0,0.00028508214745670557,,0.00035624750307761133,0.9999999999999988,0.0
,0.00027473815134726465,0.009725261848652736,1.0927192089147866,,0.9999999999999998,0.0,0.0,0.0,fp32,,0.0,1,0.0,1300,detail,0.9999999999999998,0.0,0.0005233063129708171,,0.0004598187515512109,0.9999999999999998,0.0
,0.00026903519756160676,0.009730964802438393,1.1880167089402676,,0.9999999999999957,0.0,0.0,0.0,fp32,,0.0,1,0.0,1400,detail,0.9999999999999957,0.0,0.0004887758987024426,,0.0006685414118692279,0.9999999999999957,0.0
,0.0007662271964363754,0.009233772803563625,1.2606437921058387,,0.9999999999999977,0.0,0.0,0.0,fp32,,0.0,1,0.0,1500,detail,0.9999999999999977,0.0,0.0007195800426416099,,0.0007944179815240204,0.9999999999999977,0.0
,0.0007855754811316729,0.009214424518868327,1.3500873339362442,,0.9999999999999979,0.0,0.0,0.0,fp32,,0.0,1,0.0,1600,detail,0.9999999999999979,0.0,0.002149726264178753,,0.0018362182890996337,0.9999999999999979,0.0
,-0.0004265626484993845,0.010426562648499385,1.4263757921289653,,0.9999999999999982,0.0,0.0,0.0,fp32,,0.0,1,0.0,1700,detail,0.9999999999999982,0.0,0.00029220024589449167,,0.0004340597370173782,0.9999999999999982,0.0
,0.0007329069776460528,0.009267093022353947,1.49426995893009,,0.9999999999999983,0.0,0.0,0.0,fp32,,0.0,1,0.0,1800,detail,0.9999999999999983,0.0,0.0003593909495975822,,0.0003403074515517801,0.9999999999999983,0.0
,9.955531277228147e-05,0.009900444687227719,1.5610527920071036,,0.9999999999999957,0.0,0.0,0.0,fp32,,0.0,1,0.0,1900,detail,0.9999999999999957,0.0,0.00027710330323316157,,0.00042462468263693154,0.9999999999999957,0.0
,0.00023332009732257575,0.009766679902677424,1.6305262921378016,,0.9999999999999983,0.0,0.0,0.0,fp32,,0.0,1,0.0,2000,detail,0.9999999999999983,0.0,0.0006283407565206289,,0.0005340224015526474,0.9999999999999983,0.0
,-0.00045325682731345296,0.010453256827313453,0.003078166861087084,,,,,0.0,fixed-e4m3,,0.0,1,0.0,0,detail,,,,,0.3879625201225281,,0.0009920455049723387
,0.0041802069172263145,0.005819793082773686,0.434130874928087,,0.9996608782669324,1.2386886750537483e-07,0.00020865936358894105,0.0,fixed-e4m3,,0.0,1,0.0,100,detail,0.9475726548310185,2.907768193873815e-05,0.16509324312210083,,0.15057243406772614,0.9476950246836939,0.0025633422192186117
,-0.00031196640338748693,0.010311966403387487,0.8759079589508474,,0.9996991509130138,1.6616675444003767e-08,0.0,0.0,fixed-e4m3,,0.0,1,0.0,200,detail,0.9572925052659841,1.241559191546425e-05,0.019803252071142197,,0.022399917244911194,0.9574345012151427,0.0021522515453398228
,4.125706254853867e-05,0.009958742937451462,1.284961833851412,,0.999651050951251,6.692654597226321e-08,0.0016692749087115284,0.0,fixed-e4m3,,0.0,1,0.0,300,detail,0.1462006305439233,9.658580411521438e-05,0.004467871505767107,,0.0015410929918289185,0.1466469453876848,0.0033673655707389116
,-0.0006893010577186942,0.010689301057718694,1.7746576247736812,,0.9996742190270266,3.003363678116072e-09,0.0,0.0,fixed-e4m3,,0.0,1,0.0,400,detail,0.7809957934909364,6.639786848209452e-05,0.0012042047455906868,,0.0018166356021538377,0.7804905531788506,0.003728514304384589
,0.0004379674210213125,0.009562032578978688,2.1907762088812888,,0.9996489709222461,1.9627125166766223e-08,0.0,0.0,fixed-e4m3,,0.0,1,0.0,500,detail,-0.6312688056699826,8.569223917070541e-05,0.0016903468640521169,,0.0013847769005224109,-0.6286359964883212,0.004632166586816311
,-0.00038133934140205383,0.010381339341402054,2.676528791896999,,0.9996426338471817,2.512755460305829e-08,0.00010432968179447053,0.0,fixed-e4m3,,0.0,1,0.0,600,detail,0.9841412731083063,7.402969104842171e-05,0.0018259910866618156,,0.00265514082275331,0.9843554092956416,0.005624655168503523
,-0.000171379535458982,0.010171379535458982,3.106653458904475,,0.9996881168006261,2.736814373969726e-08,0.00010432968179447053,0.0,fixed-e4m3,,0.0,1,0.0,700,detail,0.6311509538575395,0.00015637989135816932,0.0021311240270733833,,0.0028488461393862963,0.6312138867216759,0.004296132829040289
,0.0005163519526831806,0.00948364804731682,3.521630708826706,,0.9996316800321484,1.9195855215877377e-08,0.0,0.0,fixed-e4m3,,0.0,1,0.0,800,detail,0.8662370772619945,7.449473461532397e-05,0.0018823228310793638,,0.0007215773221105337,0.8662633302404725,0.005595135036855936
,0.0008404077962040901,0.00915959220379591,3.9630569589789957,,0.9996720037353126,9.698374172183308e-09,0.0,0.0,fixed-e4m3,,0.0,1,0.0,900,detail,-0.5351182821264042,6.215894621659168e-05,0.0011046129511669278,,0.0017923314590007067,-0.5365533187925587,0.003785297740250826
,0.0006383811123669147,0.009361618887633085,4.478264374891296,,0.9996577572798687,3.951777860302178e-09,0.00010432968179447053,0.0,fixed-e4m3,,0.0,1,0.0,1000,detail,-0.784043415271952,5.933697254730616e-05,0.0005587079795077443,,0.0008312593563459814,-0.7841666770041577,0.0038438262417912483
,0.00033197534503415227,0.009668024654965848,4.885863666888326,,0.999665755276195,1.2019144941792878e-08,0.00010432968179447053,0.0,fixed-e4m3,,0.0,1,0.0,1100,detail,0.8260025854331278,3.600728183756174e-05,0.001086125266738236,,0.000704872130881995,0.8249336901847507,0.0022666219156235456
,0.0007951336447149515,0.009204866355285049,5.347401583800092,,0.9996419653738507,1.9469048494211587e-09,0.00010432968179447053,0.0,fixed-e4m3,,0.0,1,0.0,1200,detail,0.2071756363611171,5.673749404634655e-05,0.0006647258414886892,,0.000755206448957324,0.2068081091395967,0.003218274563550949
,0.00027273240266367793,0.009727267597336322,5.76158362487331,,0.999633107084638,1.0488584792370606e-08,0.0,0.0,fixed-e4m3,,0.0,1,0.0,1300,detail,0.8494212833275738,1.9630503423066343e-05,0.0009405144955962896,,0.0007827210356481373,0.8485733640122282,0.0023305828217417
,0.0008436740026809275,0.009156325997319073,6.130757499951869,,0.999666446044602,8.702578285601406e-09,0.00010432968179447053,0.0,fixed-e4m3,,0.0,1,0.0,1400,detail,0.23186407865640038,2.094253557682411e-05,0.0009539151797071099,,0.0007785141351632774,0.23421222968965086,0.0011728777317330241
,-0.0004308070056140423,0.010430807005614042,6.498191999970004,,0.9996223115733975,1.1914508614205548e-08,0.0,0.0,fixed-e4m3,,0.0,1,0.0,1500,detail,0.3910586494914936,2.779629044201585e-05,0.001377534819766879,,0.001736297970637679,0.3937055244481633,0.0029728517401963472
,-4.704421735368669e-05,0.010047044217353687,6.89704112499021,,0.9996595425282025,3.5995691539295254e-08,0.0,0.0,fixed-e4m3,,0.0,1,0.0,1600,detail,0.8775317896161758,1.2556241012411103e-05,0.0027866330929100513,,0.0005080499686300755,0.8776511482925183,0.0015275146579369903
,0.00046723714331164956,0.00953276285668835,7.327638333896175,,0.9996588106359161,8.987591744425933e-09,0.0,0.0,fixed-e4m3,,0.0,1,0.0,1700,detail,0.12562817469016602,1.6532287458395365e-05,0.001113772508688271,,0.0005560076097026467,0.12661922984448234,0.0018031989457085729
,0.0009640512289479375,0.009035948771052063,7.737284374888986,,0.9996261797333796,1.3825538490831105e-09,0.00010432968179447053,0.0,fixed-e4m3,,0.0,1,0.0,1800,detail,0.429450828492235,9.69645492676887e-06,0.0004292658995836973,,0.0012303892290219665,0.4283361238976038,0.0024067971389740705
,-5.5913747928570956e-05,0.010055913747928571,8.151461416855454,,0.9997121758448722,2.026761598104121e-09,0.0,0.0,fixed-e4m3,,0.0,1,0.0,1900,detail,0.675287870264506,1.4770402775443666e-05,0.00045710738049820065,,0.0005474206991493702,0.675701950570164,0.001809249515645206
,0.0008378074853681028,0.009162192514631897,8.560437208972871,,0.9996210776590713,3.984423095982452e-08,0.00010432968179447053,0.0,fixed-e4m3,,0.0,1,0.0,2000,detail,0.8849317005174606,1.1516981595956464e-05,0.0026344882789999247,,0.0007583640981465578,0.8859866242436916,0.001926644705235958
,0.001626560348086059,0.008373439651913941,0.0030392908956855536,,,,,0.0,fixed-e5m2,,0.0,1,0.0,0,detail,,,,,0.3904455900192261,,0.0026032375171780586
,0.005771258845925331,0.004228741154074669,0.4056781658437103,,0.998652471517507,3.7074862798523066e-07,0.0,0.0,fixed-e5m2,,0.0,1,0.0,100,detail,0.8882302230158942,0.00011470535660222792,0.14685937762260437,,0.14465899765491486,0.8921245285034861,0.01069507747888565
,-0.0028459730092436075,0.012845973009243608,0.7770398329012096,,0.998517450464089,9.326057127111474e-08,0.0,0.0,fixed-e5m2,,0.0,1,0.0,200,detail,0.2583537056105834,0.00011134135259643054,0.01268911361694336,,0.0129094822332263,0.25648420052654697,0.012798472307622433
,0.0005492802010849118,0.009450719798915088,1.1736679580062628,,0.9986665052666479,2.241519392654713e-08,0.0,0.0,fixed-e5m2,,0.0,1,0.0,300,detail,-0.631143105672917,0.0002828478850920044,0.001583385863341391,,0.001425704569555819,-0.6325010945529627,0.02427523024380207
,0.0006473210523836315,0.009352678947616369,1.5407384999562055,,0.9986229165152573,2.639326965390053e-08,0.0,0.0,fixed-e5m2,,0.0,1,0.0,400,detail,0.8137430172128381,0.00034429905165177217,0.0014688668306916952,,0.0014754801522940397,0.8117952477401992,0.024075239896774292
,0.0007994106272235513,0.009200589372776449,1.9018507909495384,,0.9985573209480371,1.0865181425634038e-08,0.0,0.0,fixed-e5m2,,0.0,1,0.0,500,detail,-0.6080230141106636,0.00027955472492439623,0.0009973198175430298,,0.003901274176314473,-0.6107695697946887,0.028452880680561066
,-0.0002803145907819271,0.010280314590781927,2.279423707863316,,0.9984679867267507,1.0834087727696047e-07,0.0,0.0,fixed-e5m2,,0.0,1,0.0,600,detail,-0.6747902225580831,0.00044944189318474624,0.003018883988261223,,0.004575483035296202,-0.6775939454414925,0.0206743311136961
,0.0009475258993916214,0.009052474100608379,2.6420476250350475,,0.9983885799329473,2.3376010564173488e-07,0.0,0.0,fixed-e5m2,,0.0,1,0.0,700,detail,-0.09989789392949432,0.0006323799576799569,0.0033971695229411125,,0.0021591931581497192,-0.09972448308629704,0.023145752027630806
,-0.0011421613162383437,0.011142161316238344,3.0054917498491704,,0.9987753098233171,1.0413146623182403e-07,0.0,0.0,fixed-e5m2,,0.0,1,0.0,800,detail,-0.1924080468648045,0.0001649433885894165,0.003299431409686804,,0.0034477931912988424,-0.19188600019763274,0.02953203395009041
,0.0004986508283764124,0.009501349171623588,3.373922332888469,,0.9986693496719882,1.4068040642701666e-07,0.0,0.0,fixed-e5m2,,0.0,1,0.0,900,detail,0.6247694007917417,0.00039494331085691196,0.002249999437481165,,0.0013987941201776266,0.6248570204733108,0.03297734260559082
,0.001360721536912024,0.008639278463087976,3.733550207922235,,0.9987025406241717,1.5898672695237148e-09,0.0,0.0,fixed-e5m2,,0.0,1,0.0,1000,detail,0.37972372074120364,0.0002178134633107378,0.0005354064051061869,,0.0020272638648748398,0.38162611577982164,0.03761127218604088
,0.00012707716086879373,0.009872922839131206,4.116759915836155,,0.9984762355752784,3.479900400790892e-09,0.0,0.0,fixed-e5m2,,0.0,1,0.0,1100,detail,-0.7521727181029464,0.000385059655840328,0.0006078359438106418,,0.0008737279567867517,-0.7550770054434299,0.04368426650762558
,0.0007718501146882772,0.009228149885311723,4.51140608289279,,0.9985504314132624,1.7792531038029687e-08,0.0,0.0,fixed-e5m2,,0.0,1,0.0,1200,detail,-0.28783082311880054,0.0002959407122655975,0.000607902358751744,,0.0018760624807327986,-0.2904402255062715,0.031471170485019684
,-0.0007036301540210843,0.010703630154021085,4.909886665875092,,0.998661832283833,2.388970259788779e-08,0.0,0.0,fixed-e5m2,,0.0,1,0.0,1300,detail,-0.205095226285654,0.0003475259591995942,0.0011490220203995705,,0.0020411626901477575,-0.20514839303928767,0.0408848412334919
,-5.080888877273537e-05,0.010050808888772736,5.309022916015238,,0.9985847752829893,2.6475693858976184e-08,0.0,0.0,fixed-e5m2,,0.0,1,0.0,1400,detail,0.4951672497418254,0.00011474264750392345,0.0015240556094795465,,0.003030661027878523,0.49660253879828076,0.02718358114361763
,0.0010168807348236442,0.008983119265176356,5.698296000016853,,0.9986514820936224,7.498945327540494e-09,0.0,0.0,fixed-e5m2,,0.0,1,0.0,1500,detail,-0.5068704391426201,0.0001094080473824977,0.0009389089536853135,,0.0047019971534609795,-0.5069921118525746,0.021205302327871323
,0.000560050189960748,0.009439949810039252,6.09388658287935,,0.998801273961885,2.151896298824626e-09,0.0,0.0,fixed-e5m2,,0.0,1,0.0,1600,detail,0.6490265157877458,0.00015211749647697147,0.000491386977955699,,0.0008163807797245681,0.6497830466719202,0.02000654861330986
,0.0002650820242706686,0.009734917975729332,6.488826124928892,,0.9984994510993215,4.503179018114461e-08,0.0,0.0,fixed-e5m2,,0.0,1,0.0,1700,detail,0.6222431632229485,0.00029503286833547566,0.001392425736412406,,0.0016854768618941307,0.620530915154181,0.022395523265004158
,0.0007264576270245016,0.009273542372975499,6.894419415853918,,0.9986557820568833,3.644199803619529e-08,0.0,0.0,fixed-e5m2,,0.0,1,0.0,1800,detail,0.40571066276407386,0.0001691578240504486,0.0016423622146248817,,0.0007600979297421873,0.40691149912345753,0.026868658140301704
,-5.539717312785797e-05,0.010055397173127858,7.304589041043073,,0.9986725831092826,8.582340062126412e-08,0.0,0.0,fixed-e5m2,,0.0,1,0.0,1900,detail,0.9208141674056889,0.00017279081927187994,0.0019245550502091646,,0.0012469831854104996,0.9229380738185904,0.021873364225029945
,-0.0010162218241021037,0.011016221824102104,7.734588457969949,,0.998702871020131,5.931613693345495e-09,0.0,0.0,fixed-e5m2,,0.0,1,0.0,2000,detail,0.8055957879570732,0.00013917035846319048,0.0005173512035980821,,0.0007826818036846817,0.8060200918209173,0.025318855419754982
,-0.00045325682731345296,0.010453256827313453,0.0037764159496873617,,,,,0.0,fixed-hybrid,,0.0,1,0.0,0,detail,,,,,0.3879625201225281,,0.0009920455049723387
,0.004208542872220278,0.005791457127779722,0.4491988751105964,,0.9985040044440862,3.20772004486687e-07,0.0,0.0,fixed-hybrid,,0.0,1,0.0,100,detail,0.9750244618757063,2.5778437388568492e-05,0.16174626350402832,,0.14618529379367828,0.9773948605085389,0.0026261801831424236
,0.0007507474510930479,0.009249252548906952,0.8374540000222623,,0.9985161893858449,2.562002318639894e-07,0.0,0.0,fixed-hybrid,,0.0,1,0.0,200,detail,0.9495243715749401,2.0120017317238904e-05,0.02114267088472843,,0.024952132254838943,0.9503909767915926,0.0021750794257968664
,-0.0012152163544669747,0.011215216354466975,1.2157356250099838,,0.9986968935782488,7.536437834679386e-08,0.0,0.0,fixed-hybrid,,0.0,1,0.0,300,detail,0.6393400507240066,2.345959383039563e-05,0.0024853069335222244,,0.0016930298879742622,0.6372048454354434,0.0015304865082725883
,-0.001302217715419829,0.011302217715419829,1.585621374892071,,0.9983309343154282,1.2640654600659222e-07,0.0,0.0,fixed-hybrid,,0.0,1,0.0,400,detail,0.9389203933152437,1.2328762843766157e-05,0.002579319756478071,,0.0014095958322286606,0.9407080514110329,0.0012797972885891795
,-0.00011254678975092247,0.010112546789750923,1.9932605409994721,,0.9986588189198035,1.4740697930884025e-07,0.0,0.0,fixed-hybrid,,0.0,1,0.0,500,detail,0.8597070925982714,1.4386216964521154e-05,0.002699766308069229,,0.003789927577599883,0.8594281850638851,0.0012709631118923426
,6.111438415246084e-05,0.00993888561584754,2.41211387491785,,0.9987860509806757,4.453048005234872e-08,0.0,0.0,fixed-hybrid,,0.0,1,0.0,600,detail,-0.9434055645740989,6.470204025379385e-05,0.001077145803719759,,0.0014879833906888962,-0.9447159770741641,0.0011413664324209094
,0.0009300722158513963,0.009069927784148604,2.8520920830778778,,0.998665915798112,1.8466435929761452e-08,0.0,0.0,fixed-hybrid,,0.0,1,0.0,700,detail,0.9183506000459496,1.8458779222819978e-05,0.0008330544224008918,,0.0013573174364864826,0.9197407480340327,0.0015919884899631143
,0.0015854780795052648,0.008414521920494735,3.409059416037053,,0.9987237707000989,2.232206712250282e-08,0.0,0.0,fixed-hybrid,,0.0,1,0.0,800,detail,0.4412000101582888,3.0109993996145202e-05,0.0010877284221351147,,0.002132450696080923,0.4407357910793834,0.0023846598342061043
,-0.0001893198350444436,0.010189319835044444,3.9271900409366935,,0.9984595986881524,3.6538707080146565e-08,0.0,0.0,fixed-hybrid,,0.0,1,0.0,900,detail,0.9187748316892144,5.1693265642227305e-05,0.0012240856885910034,,0.0006472921813838184,0.9196524425817962,0.0025607773568481207
,-0.0014564369339495897,0.01145643693394959,4.3954794579185545,,0.9987940659499722,7.78520208768346e-09,0.0,0.0,fixed-hybrid,,0.0,1,0.0,1000,detail,-0.48193939281098686,2.1075052315734983e-05,0.0006032490637153387,,0.0010086472611874342,-0.4811423991225488,0.0014610110083594918
,-0.0005858805379830301,0.01058588053798303,4.856658458011225,,0.9987373481489268,9.772791330218065e-08,0.0,0.0,fixed-hybrid,,0.0,1,0.0,1100,detail,0.6594200504515279,3.735315577218456e-05,0.002240006346255541,,0.004220501519739628,0.65775946484321,0.0012897703563794494
,0.00178641511593014,0.00821358488406986,5.273863832931966,,0.9985520362926855,4.377310743941965e-08,0.0,0.0,fixed-hybrid,,0.0,1,0.0,1200,detail,0.7637798731871855,2.4547281875317738e-05,0.0016871419502422214,,0.0027621008921414614,0.7639152187879911,0.0011391424341127276
,-0.0006592240533791482,0.010659224053379148,5.7731909160502255,,0.9986415419728413,1.3256793795105727e-08,0.0,0.0,fixed-hybrid,,0.0,1,0.0,1300,detail,0.8400344678288395,7.587305638330634e-06,0.0005894716014154255,,0.0007314288523048162,0.8427181742338653,0.0013025953667238355
,-0.0011759630870074034,0.011175963087007404,6.204936790978536,,0.9986452658726489,5.112339068745504e-08,0.0,0.0,fixed-hybrid,,0.0,1,0.0,1400,detail,0.32386703246618853,2.413553557665687e-05,0.001410205732099712,,0.0007861393969506025,0.323763369395982,0.001287786872126162
,0.000351685710484162,0.009648314289515838,6.624437208054587,,0.9985646676991061,1.9764054027699885e-08,0.0,0.0,fixed-hybrid,,0.0,1,0.0,1500,detail,0.894936882440188,1.661753371469891e-05,0.0010472286958247423,,0.0016043527284637094,0.8945246317852172,0.0011618933640420437
,0.0003369435726199299,0.00966305642738007,7.035577916074544,,0.9985456898745673,1.7447729537438208e-08,0.0,0.0,fixed-hybrid,,0.0,1,0.0,1600,detail,0.33102392639901107,2.710197120894635e-05,0.000679018790833652,,0.0013005248038098216,0.3304033896760656,0.0018230212153866887
,-5.048204548074864e-05,0.010050482045480749,7.561310957884416,,0.9985637086792681,1.0002137302872247e-08,0.0,0.0,fixed-hybrid,,0.0,1,0.0,1700,detail,0.12123674917871656,5.43016734460396e-05,0.0006824020529165864,,0.0013802419416606426,0.12046008849095563,0.0022827023640275
,0.0006743480334989727,0.009325651966501028,7.999345999909565,,0.9985049279195282,1.576853719507063e-08,0.0,0.0,fixed-hybrid,,0.0,1,0.0,1800,detail,-0.5619793531744569,2.5707420137251395e-05,0.000802753260359168,,0.0011382442899048328,-0.5611814374338774,0.0017850555013865232
,-6.84391416143626e-05,0.010068439141614363,8.42725250008516,,0.9982833066814523,8.352112439286078e-09,0.0,0.0,fixed-hybrid,,0.0,1,0.0,1900,detail,-0.9786687545282052,5.907876976019884e-05,0.0003233607276342809,,0.0005125360912643373,-0.980048603735406,0.0020749857649207115
,-0.00040326383896172047,0.01040326383896172,8.863691915990785,,0.9984707787270799,2.0533765065798216e-08,0.0,0.0,fixed-hybrid,,0.0,1,0.0,2000,detail,-0.6397411810720867,3.147436648449078e-05,0.000627978821285069,,0.0008336096070706844,-0.6398740229519938,0.0024554096162319183
,0.0009675135952420533,0.009032486404757947,0.0030203331261873245,,,,,0.009231166914105415,calibrated,,0.0,1,0.009231166914105415,0,detail,,,,,0.3864864706993103,,2.20684501073265e-06
,0.004719865042716265,0.0052801349572837355,0.4544096670579165,,0.9998908087147373,2.6094310356229342e-08,0.01971830985915493,0.009231166914105415,calibrated,,0.0,1,0.009231166914105415,100,detail,0.9991048389995542,2.1814406926438854e-06,0.16361263394355774,,0.14906537532806396,0.9992194469576888,0.0001214246658491902
,-0.0003179830382578075,0.010317983038257808,0.9094603331759572,,0.9999198898559953,2.59613742579136e-08,0.016901408450704224,0.009231166914105415,calibrated,,0.0,1,0.009231166914105415,200,detail,0.9962363651589277,1.3472311487413344e-06,0.025962818413972855,,0.02262433059513569,0.9962800535535873,0.0004929298302158713
,0.0004965256666764617,0.009503474333323539,1.342813542112708,,0.9999156948356877,1.2066908410128997e-09,0.008137715179968702,0.009231166914105415,calibrated,,0.0,1,0.009231166914105415,300,detail,0.7947290429273766,1.5089329176140617e-05,0.0016141158994287252,,0.0013832282274961472,0.7945545930196524,0.0005394778563641012
,-0.000620911130681634,0.010620911130681634,1.759349707979709,,0.9999163865159506,1.321573661471256e-09,0.022848200312989047,0.009231166914105415,calibrated,,0.0,1,0.009231166914105415,400,detail,0.9602987346640323,6.2532826640879e-07,0.0009842830477282405,,0.0007771037635393441,0.9602149045640455,0.00027208312531001866
,7.304103291971842e-06,0.009992695896708028,2.2049911671783775,,0.9999134483092122,1.2581996205822553e-10,0.017005738132498695,0.009231166914105415,calibrated,,0.0,1,0.009231166914105415,500,detail,0.001223171444427617,1.8077818889537166e-06,0.0006638055783696473,,0.0005758997285738587,0.0009221265702914151,0.00035601621493697166
,-0.00010961133375531062,0.01010961133375531,2.620849333005026,,0.9998975548755219,2.4033255955906944e-09,0.011267605633802818,0.009231166914105415,calibrated,,0.0,1,0.009231166914105415,600,detail,0.7867263849066132,1.5211759667081252e-05,0.0007400292088277638,,0.0005866711144335568,0.7867080660691171,0.0008153451490215957
,-2.3828841221984476e-05,0.010023828841221985,3.1453342500608414,,0.9999006265846756,4.319384547191453e-09,0.030359937402190923,0.009231166914105415,calibrated,,0.0,1,0.009231166914105415,700,detail,0.8036424280567958,2.6045688943464657e-05,0.0010877236491069198,,0.0013405288336798549,0.8037998149354166,0.0009919507429003716
,0.000657226366456598,0.009342773633543402,3.570233958074823,,0.9999091953161018,2.4169398753025046e-10,0.01637976004173187,0.009231166914105415,calibrated,,0.0,1,0.009231166914105415,800,detail,0.019543457277280265,1.3317455193337624e-05,0.000648489804007113,,0.0015383240533992648,0.019221430852210633,0.0010691676288843155
,0.001191099756397307,0.008808900243602693,3.945288124959916,,0.9998886858415356,3.5087216662514103e-08,0.009598330725091288,0.009231166914105415,calibrated,,0.0,1,0.009231166914105415,900,detail,0.9786961562317248,3.742659066755121e-05,0.005057439208030701,,0.0015302988467738032,0.9788584020510118,0.0007261732826009393
,6.696925538562937e-06,0.009993303074461437,4.321497583063319,,0.9999157825233812,6.407486842471174e-10,0.02357850808555034,0.009231166914105415,calibrated,,0.0,1,0.009231166914105415,1000,detail,0.5932866519830373,4.023350287460416e-06,0.0004995456547476351,,0.00235989922657609,0.5935019953669101,0.0009408184560015798
,-0.0006352398195303977,0.010635239819530398,4.735274625010788,,0.9999154942162319,6.034429328476782e-10,0.01564945226917058,0.009231166914105415,calibrated,,0.0,1,0.009231166914105415,1100,detail,0.33962720989671646,9.692301076093128e-06,0.0005807947600260377,,0.0006331922486424446,0.3396164271025788,0.0004939998034387827
,0.0004940186627209187,0.009505981337279082,5.146043749991804,,0.9999018124807585,7.402697393013585e-09,0.013458528951486698,0.009231166914105415,calibrated,,0.0,1,0.009231166914105415,1200,detail,0.9472556234907045,6.580810757864814e-06,0.0015818232204765081,,0.0009353055502288043,0.947392844238233,0.00043311575427651405
,0.0002853493788279593,0.009714650621172041,5.557222333038226,,0.9999152688115129,6.443940366638825e-10,0.02535211267605634,0.009231166914105415,calibrated,,0.0,1,0.009231166914105415,1300,detail,0.7403757944566637,2.3408894285296337e-06,0.00048666074872016907,,0.00044264807365834713,0.7403404841433082,0.0004152411420363933
,0.0006008481723256409,0.00939915182767436,5.936637667007744,,0.9999008790840406,1.9546178997289124e-09,0.03202921231090245,0.009231166914105415,calibrated,,0.0,1,0.009231166914105415,1400,detail,0.9701453029576558,3.5637508077914045e-06,0.0006387539324350655,,0.00042789342114701867,0.9703254949407651,0.00046686746645718813
,-0.0005405913107097149,0.010540591310709715,6.31768187507987,,0.9999156589513394,3.566466540649784e-09,0.02785602503912363,0.009231166914105415,calibrated,,0.0,1,0.009231166914105415,1500,detail,0.927708322994448,3.3457138970402293e-06,0.001793534029275179,,0.0026335513684898615,0.9274727409025797,0.0003488688380457461
,0.00010689439659472555,0.009893105603405275,6.7087441249750555,,0.9999190865345657,5.409678804397259e-10,0.024517475221700575,0.009231166914105415,calibrated,,0.0,1,0.009231166914105415,1600,detail,0.6769110531958826,5.1367784555376135e-06,0.000512352678924799,,0.0004930061986669898,0.6762771931184866,0.0005114821833558381
,-0.00027552188839763403,0.010275521888397634,7.108835000079125,,0.9999116991867335,6.861154319652053e-09,0.027960354720918103,0.009231166914105415,calibrated,,0.0,1,0.009231166914105415,1700,detail,0.931738620752241,7.463332601847729e-06,0.0017027455614879727,,0.0004122935642953962,0.9315658723975824,0.00025764695601537824
,0.0007343901670537889,0.009265609832946211,7.5206772920209914,,0.9999085854863226,1.5436181770393591e-09,0.02556077203964528,0.009231166914105415,calibrated,,0.0,1,0.009231166914105415,1800,detail,0.8810772094536921,1.920823501902479e-06,0.000743808108381927,,0.00045524054439738393,0.8812474820202706,0.0003549585526343435
,0.001728723174892366,0.008271276825107634,7.992552042007446,,0.9999157423853959,9.179745752087404e-09,0.03547209181011998,0.009231166914105415,calibrated,,0.0,1,0.009231166914105415,1900,detail,0.9566487849651298,5.501351730298591e-06,0.0027737515047192574,,0.0016827735817059875,0.9564668672259217,0.0007370744133368134
,-0.0009525423520244658,0.010952542352024466,8.465557249961421,,0.9999157892852462,1.2748915164512273e-09,0.015440792905581638,0.009231166914105415,calibrated,,0.0,1,0.009231166914105415,2000,detail,0.6240142297515603,5.585124928757529e-06,0.0005620598094537854,,0.0006091447430662811,0.6233291096621193,0.0004275051469448954
,0.0009675135952420533,0.009032486404757947,0.002894124947488308,,,,,0.009231166914105415,adaptive,,0.0,1,0.009231166914105415,0,detail,,,,,0.3864864706993103,,2.20684501073265e-06
,0.004719865042716265,0.0052801349572837355,0.3946568330284208,,0.9998908087147373,2.6094310356229342e-08,0.01971830985915493,0.009231166914105415,adaptive,,0.0,1,0.009231166914105415,100,detail,0.9991048389995542,2.1814406926438854e-06,0.16361263394355774,,0.14906537532806396,0.9992194469576888,0.0001214246658491902
,-0.0003179830382578075,0.010317983038257808,0.8351449170149863,,0.9999200868419323,2.5831125127890436e-08,0.016901408450704224,0.009231166914105415,adaptive,,0.005028624786064029,1,0.014259791700169444,200,detail,0.9961972801698348,1.3508713289025168e-06,0.025962818413972855,,0.02262433059513569,0.996237167756812,0.000491661368869245
,0.0004965256666764617,0.009503474333323539,1.2129091250244528,,0.9999156948356877,1.2066908410128997e-09,0.008137715179968702,0.009231166914105415,adaptive,,0.009835334494709969,1,0.019066501408815384,300,detail,0.7948932917212259,1.5150275872868675e-05,0.0016141158994287252,,0.0013832282274961472,0.7947188217121213,0.0005409014411270618
,-0.000620911130681634,0.010620911130681634,1.6020599999465048,,0.9999163865159506,1.321573661471256e-09,0.022848200312989047,0.009231166914105415,adaptive,,0.014922500355169177,1,0.024153667269274592,400,detail,0.9605234495870808,6.233620896509593e-07,0.0009842830477282405,,0.0007771037635393441,0.9604400751548455,0.000272441073320806
,7.304103291971842e-06,0.009992695896708028,1.9991383750457317,,0.9999134483092122,1.2581996205822553e-10,0.017005738132498695,0.009231166914105415,adaptive,,0.02022579056210816,1,0.029456957476213574,500,detail,0.0042295086637320276,1.8103945780916059e-06,0.0006638055783696473,,0.0005758997285738587,0.0039268031723502074,0.00035668961936607957
,-0.00010961133375531062,0.01010961133375531,2.370508249849081,,0.9998975548755219,2.4033255955906944e-09,0.011267605633802818,0.009231166914105415,adaptive,,0.025350122479721904,1,0.03458128939382732,600,detail,0.7863815037736739,1.527713932544751e-05,0.0007400292088277638,,0.0005866711144335568,0.7863632385204857,0.0008173994719982147
,-2.3828841221984476e-05,0.010023828841221985,2.753172874916345,,0.9999006265846756,4.319384547191453e-09,0.030359937402190923,0.009231166914105415,adaptive,,0.03009762684814632,1,0.039328793762251735,700,detail,0.8035783599398993,2.6119204774771394e-05,0.0010877236491069198,,0.0013405288336798549,0.8037360634883475,0.0009942147880792618
,0.000657226366456598,0.009342773633543402,3.133579917019233,,0.9999091953161018,2.4169398753025046e-10,0.01637976004173187,0.009231166914105415,adaptive,,0.03502708510495722,1,0.04425825201906264,800,detail,0.019403870833575806,1.33725237461861e-05,0.000648489804007113,,0.0015383240533992648,0.01908073314959566,0.001070536207407713
,0.001191099756397307,0.008808900243602693,3.5568781248293817,,0.9998886858415356,3.5087216662514103e-08,0.009598330725091288,0.009231166914105415,adaptive,,0.039772669319063425,1,0.04900383623316884,900,detail,0.9786242431321114,3.753162154170397e-05,0.005057439208030701,,0.0015302988467738032,0.9787865765538694,0.0007275936659425497
,6.696925538562937e-06,0.009993303074461437,3.9325414169579744,,0.9999157825233812,6.407486842471174e-10,0.02357850808555034,0.009231166914105415,adaptive,,0.04453283711336553,1,0.053764004027470946,1000,detail,0.5942528360791939,4.015961769485967e-06,0.0004995456547476351,,0.00235989922657609,0.594467968368705,0.000939900113735348
,-0.0006352398195303977,0.010635239819530398,4.312024499988183,,0.9999154942162319,6.034429328476782e-10,0.01564945226917058,0.009231166914105415,adaptive,,0.049349837470799685,1,0.0585810043849051,1100,detail,0.33960618647804663,9.690866103011815e-06,0.0005807947600260377,,0.0006331922486424446,0.3395953998715603,0.0004939513746649027
,0.0004940186627209187,0.009505981337279082,4.688601624919102,,0.9999078379519649,6.978744005043737e-09,0.013458528951486698,0.009231166914105415,adaptive,,0.05461687664501369,1,0.0638480435591191,1200,detail,0.9476522290928364,6.508944964789919e-06,0.0015818232204765081,,0.0009353055502288043,0.9477374619033301,0.00043306953739374876
,0.0002853493788279593,0.009714650621172041,5.066808582982048,,0.9999169174232982,6.314452422478739e-10,0.02535211267605634,0.009231166914105415,adaptive,,0.059522252064198256,1,0.06875341897830367,1300,detail,0.7385952627214515,2.389453026286301e-06,0.00048666074872016907,,0.00044264807365834713,0.7386841255919812,0.00041739916196092963
,0.0006008481723256409,0.00939915182767436,5.4446539578493685,,0.9999008790840406,1.9546178997289124e-09,0.03202921231090245,0.009231166914105415,adaptive,,0.06442363001406193,1,0.07365479692816734,1400,detail,0.9696466623837996,3.6238622714036618e-06,0.0006387539324350655,,0.00042789342114701867,0.9698291544342388,0.00047023638035170734
,-0.0005405913107097149,0.010540591310709715,5.822737457929179,,0.9999156589513394,3.566466540649784e-09,0.02785602503912363,0.009231166914105415,adaptive,,0.06940013472922146,1,0.07863130164332688,1500,detail,0.9292981973517412,3.2976237072399286e-06,0.001793534029275179,,0.0026335513684898615,0.9290657969298304,0.00034682301338762045
,0.00010689439659472555,0.009893105603405275,6.198180875042453,,0.9999191315761626,5.406305323918929e-10,0.024517475221700575,0.009231166914105415,adaptive,,0.07440605410374701,1,0.08363722101785243,1600,detail,0.6897045248161285,4.860705844622392e-06,0.000512352678924799,,0.0004930061986669898,0.6890479465976174,0.0005084832082502544
,-0.00027552188839763403,0.010275521888397634,6.575105957919732,,0.9999116991867335,6.861154319652053e-09,0.027960354720918103,0.009231166914105415,adaptive,,0.07934301253408194,1,0.08857417944818735,1700,detail,0.9300347737923123,7.364078234956795e-06,0.0017027455614879727,,0.0004122935642953962,0.9298566353315074,0.0002591509255580604
,0.0007343901670537889,0.009265609832946211,6.956713374936953,,0.9999085854863226,1.5436181770393591e-09,0.02556077203964528,0.009231166914105415,adaptive,,0.08434250950813293,1,0.09357367642223835,1800,detail,0.8845345215781513,1.8584835739586957e-06,0.000743808108381927,,0.00045524054439738393,0.8846932516773582,0.00034988156403414905
,0.0015903656603768468,0.008409634339623153,7.332228749990463,,0.9999096124634995,8.196719362030552e-09,0.02201356285863328,0.009231166914105415,adaptive,,0.0892986764665693,1,0.09852984338067472,1900,detail,0.9736111331306323,2.3751656482701968e-06,0.0025985806714743376,,0.002356104087084532,0.973539339345605,0.0006242787931114435
,0.000550063094124198,0.009449936905875802,7.718154791975394,,0.9999113688506759,5.090683895710025e-10,0.020865936358894107,0.009231166914105415,adaptive,,0.09406471904367208,1,0.1032958859577775,2000,detail,0.34227482108241575,4.269069906383432e-06,0.0004286582407075912,,0.0004352782270871103,0.34232482203716835,0.0004637523670680821
0.24403667449951172,,,0.001969458069652319,,,,,0.0,fp32,0.00045296610915102065,0.0,1,0.0,0,bump,,,,,0.004603978246450424,,0.0
0.2165365219116211,,,0.06493095797486603,,0.9999999999999983,0.0,0.0,0.0,fp32,0.0004862890637014061,0.0,1,0.0,100,bump,0.9999999999999983,0.0,0.013317353092133999,,0.004168091807514429,0.9999999999999983,0.0
0.21894894540309906,,,0.12811645795591176,,0.9999999999999988,0.0,0.0,0.0,fp32,0.00020593253429979086,0.0,1,0.0,200,bump,0.9999999999999988,0.0,0.0034329136833548546,,0.0039336238987743855,0.9999999999999988,0.0
0.1908235251903534,,,0.19046704098582268,,0.999999999999999,0.0,0.0,0.0,fp32,0.0004183054843451828,0.0,1,0.0,300,bump,0.999999999999999,0.0,0.0005070652114227414,,0.0036630809772759676,0.999999999999999,0.0
0.1904173493385315,,,0.25322812516242266,,0.9999999999999993,0.0,0.0,0.0,fp32,0.00042290869168937206,0.0,1,0.0,400,bump,0.9999999999999993,0.0,0.0011261189356446266,,0.0036606835201382637,0.9999999999999993,0.0
0.15724413096904755,,,0.3160559160169214,,0.9999999999999983,0.0,0.0,0.0,fp32,0.0007214623037725687,0.0,1,0.0,500,bump,0.9999999999999983,0.0,0.0007513779564760625,,0.003388830926269293,0.9999999999999983,0.0
0.1549980342388153,,,0.37828320800326765,,0.9999999999999992,0.0,0.0,0.0,fp32,0.0005010004970245063,0.0,1,0.0,600,bump,0.9999999999999992,0.0,0.009652851149439812,,0.003133849473670125,0.9999999999999992,0.0
0.12951241433620453,,,0.4405273331794888,,0.9999999999999988,0.0,0.0,0.0,fp32,0.0007494378369301558,0.0,1,0.0,700,bump,0.9999999999999988,0.0,0.001397788873873651,,0.0029437418561428785,0.9999999999999988,0.0
0.11470431834459305,,,0.5026529161259532,,0.9999999999999982,0.0,0.0,0.0,fp32,0.0009406593162566423,0.0,1,0.0,800,bump,0.9999999999999982,0.0,0.001159030245617032,,0.0028793534729629755,0.9999999999999982,0.0
0.11757063865661621,,,0.5656176661141217,,0.9999999999999952,0.0,0.0,0.0,fp32,0.0007885069935582578,0.0,1,0.0,900,bump,0.9999999999999952,0.0,0.0011831766460090876,,0.0027786404825747013,0.9999999999999952,0.0
0.09657706320285797,,,0.6275605410337448,,0.9999999999999983,0.0,0.0,0.0,fp32,0.0005653105909004807,0.0,1,0.0,1000,bump,0.9999999999999983,0.0,0.002539672888815403,,0.0022014870774000883,0.9999999999999983,0.0
0.09222666919231415,,,0.6894380000885576,,0.9999999999999967,0.0,0.0,0.0,fp32,0.0005398596404120326,0.0,1,0.0,1100,bump,0.9999999999999967,0.0,0.0016565494006499648,,0.002102333353832364,0.9999999999999967,0.0
0.07711847871541977,,,0.7519852081313729,,0.9999999999999977,0.0,0.0,0.0,fp32,0.00046152068534865975,0.0,1,0.0,1200,bump,0.9999999999999977,0.0,0.0009056420531123877,,0.0017678641015663743,0.9999999999999977,0.0
0.06201288476586342,,,0.8141583329997957,,0.9999999999999988,0.0,0.0,0.0,fp32,0.0006405548774637282,0.0,1,0.0,1300,bump,0.9999999999999988,0.0,0.001938372035510838,,0.001686426461674273,0.9999999999999988,0.0
0.054233063012361526,,,0.8774049580097198,,0.9999999999999978,0.0,0.0,0.0,fp32,0.0008599557913839817,0.0,1,0.0,1400,bump,0.9999999999999978,0.0,0.0036929394118487835,,0.0017695092828944325,0.9999999999999978,0.0
0.05716681480407715,,,0.9396862911526114,,0.9999999999999971,0.0,0.0,0.0,fp32,0.0009787583258002996,0.0,1,0.0,1500,bump,0.9999999999999971,0.0,0.0004486299294512719,,0.0019362824968993664,0.9999999999999971,0.0
0.03399069607257843,,,1.0033235410228372,,0.999999999999999,0.0,0.0,0.0,fp32,0.0007345008198171854,0.0,1,0.0,1600,bump,0.999999999999999,0.0,0.0007361132884398103,,0.001301233540289104,0.999999999999999,0.0
0.039184920489788055,,,1.067339041037485,,0.9999999999999983,0.0,0.0,0.0,fp32,0.0010834245476871729,0.0,1,0.0,1700,bump,0.9999999999999983,0.0,0.0015502753667533398,,0.0017327280947938561,0.9999999999999983,0.0
0.03671085461974144,,,1.1309606251306832,,0.9999999999999997,0.0,0.0,0.0,fp32,0.0005794109893031418,0.0,1,0.0,1800,bump,0.9999999999999997,0.0,0.0010575701016932726,,0.0011951421620324254,0.9999999999999997,0.0
0.031591255217790604,,,1.1944236250128597,,0.9999999999999987,0.0,0.0,0.0,fp32,0.0006866702460683882,0.0,1,0.0,1900,bump,0.9999999999999987,0.0,0.0006173009751364589,,0.0012133282143622637,0.9999999999999987,0.0
0.03305326774716377,,,1.2584805830847472,,0.999999999999997,0.0,0.0,0.0,fp32,0.0005655806744471192,0.0,1,0.0,2000,bump,0.999999999999997,0.0,0.00020027661230415106,,0.0011192170204594731,0.999999999999997,0.0
0.22712254524230957,,,0.002702208934351802,,,,,0.0,fixed-e4m3,0.0006662225932814181,0.0,1,0.0,0,bump,,,,,0.004525360185652971,,0.0005141034489497542
0.22056055068969727,,,0.3634884168859571,,0.9996585268612558,8.252265103608055e-11,0.004381846635367762,0.0,fixed-e4m3,0.00039603980258107185,0.0,1,0.0,100,bump,0.8815447739584432,1.799136049614855e-06,0.013375752605497837,,0.004147955682128668,0.8802354705249201,0.00040767868631519377
0.21793067455291748,,,0.7239395000506192,,0.9996565886449476,5.177268534688756e-11,0.0005216484089723526,0.0,fixed-e4m3,0.00023699765733908862,0.0,1,0.0,200,bump,0.9004800522029721,3.488834188849382e-06,0.0034598030615597963,,0.0039468067698180676,0.9002957961638437,0.000824115180876106
0.18976742029190063,,,1.0993589998688549,,0.9996043952302266,3.42827530724494e-10,0.0010432968179447052,0.0,fixed-e4m3,0.00044930013245902956,0.0,1,0.0,300,bump,-0.5175688065762004,4.626939907984047e-06,0.0004905545501969755,,0.0036755495239049196,-0.5202346839684443,0.0011598254786804318
0.19253265857696533,,,1.4660803750157356,,0.9996581802119321,1.6078724085729627e-10,0.0004173187271778821,0.0,fixed-e4m3,0.00042066953028552234,0.0,1,0.0,400,bump,-0.44447258646871796,4.0377555204390715e-06,0.0011242778273299336,,0.003694530576467514,-0.4474291749023687,0.000845756265334785
0.16834373772144318,,,1.8416274168994278,,0.9997544617232841,2.5107647461752346e-10,0.00010432968179447053,0.0,fixed-e4m3,0.00048540139687247574,0.0,1,0.0,500,bump,-0.8931815599246754,2.614374584703677e-06,0.0006181125063449144,,0.0033459458500146866,-0.8942473806181288,0.0005598139832727611
0.15929657220840454,,,2.2137325420044363,,0.999539993657821,1.933043941093991e-09,0.0004173187271778821,0.0,fixed-e4m3,0.0005126131582073867,0.0,1,0.0,600,bump,0.8669869702528501,2.5969940317748386e-06,0.009831770323216915,,0.0032185169402509928,0.8663419334892404,0.0006126249791122973
0.13580527901649475,,,2.5913917920552194,,0.999729059261046,7.491995432766753e-11,0.00010432968179447053,0.0,fixed-e4m3,0.0007287797634489834,0.0,1,0.0,700,bump,-0.47499537923615504,1.720868463314333e-06,0.001216737786307931,,0.0030306752305477858,-0.47254289941886407,0.0006113295676186681
0.11738613992929459,,,2.957914999919012,,0.9997088932309003,7.593311902853883e-10,0.0,0.0,fixed-e4m3,0.0012792374473065138,0.0,1,0.0,800,bump,-0.6433795274115833,3.9734366209779345e-06,0.0013730969512835145,,0.0032578641548752785,-0.6466643506836368,0.000971497967839241
0.1334025263786316,,,3.3354097919072956,,0.9996167687943285,2.4601674544662994e-10,0.00010432968179447053,0.0,fixed-e4m3,0.0010824771597981453,0.0,1,0.0,900,bump,-0.041588227324122096,1.935533876584854e-06,0.001079348148778081,,0.0033373991027474403,-0.04591844316949934,0.00033411855110898614
0.11128093302249908,,,3.7251380840316415,,0.9996442866160846,1.837957040457282e-10,0.0005216484089723526,0.0,fixed-e4m3,0.0007166493451222777,0.0,1,0.0,1000,bump,0.008084124004458355,3.0747003170899953e-06,0.0026077888906002045,,0.0026008214335888624,0.006171636693874137,0.0005010396125726402
0.10493891686201096,,,4.117656458867714,,0.9996256725146149,1.1508065398562343e-09,0.0,0.0,fixed-e4m3,0.0004409575485624373,0.0,1,0.0,1100,bump,0.9964284851377702,1.7722217348503737e-06,0.0016944450326263905,,0.0022217510268092155,0.9967066018174335,0.0004725423932541162
0.09485533088445663,,,4.50351499998942,,0.9996441344519701,8.417108908974117e-10,0.00010432968179447053,0.0,fixed-e4m3,0.0008660252788104117,0.0,1,0.0,1200,bump,0.8605384401458605,3.457148457660454e-07,0.0008275937871076167,,0.0024677361361682415,0.8616528780129904,0.0001768679212545976
0.07266563922166824,,,4.875634874915704,,0.9995119864128432,1.9783725254957105e-10,0.00020865936358894105,0.0,fixed-e4m3,0.0008433348266407847,0.0,1,0.0,1300,bump,-0.15068147654047834,1.1787567766014819e-06,0.0018590219551697373,,0.002067288849502802,-0.15151210563534018,0.00045965236495248973
0.05876476317644119,,,5.239419833989814,,0.9997166724216852,2.398933524808423e-09,0.0004173187271778821,0.0,fixed-e4m3,0.0007905032252892852,0.0,1,0.0,1400,bump,0.9583178930819872,9.78450735695231e-07,0.004874508827924728,,0.0017784669762477279,0.9588870212880811,0.00039633031701669097
0.0796431452035904,,,5.611745584057644,,0.9996043050430256,2.2694812651166205e-09,0.0005216484089723526,0.0,fixed-e4m3,0.0013776940759271383,0.0,1,0.0,1500,bump,0.7368533369057474,1.339799774039215e-06,0.0010869652032852173,,0.002711448585614562,0.7360154529308384,0.00026145766605623066
0.0502302311360836,,,6.00230187503621,,0.9995697038029933,2.0151494282798376e-10,0.0004173187271778821,0.0,fixed-e4m3,0.0013200066750869155,0.0,1,0.0,1600,bump,-0.43008966449014413,8.795952930513263e-07,0.0005089930491521955,,0.0021535062696784735,-0.43404088500974936,0.0002305157540831715
0.054223451763391495,,,6.428033666918054,,0.9996523069876795,6.307979697125541e-10,0.00010432968179447053,0.0,fixed-e4m3,0.0006158430478535593,0.0,1,0.0,1700,bump,0.9428098076961577,7.746241235791845e-07,0.0014957224484533072,,0.001529392902739346,0.9424840059925537,0.00012087716459063813
0.035468101501464844,,,6.806019874988124,,0.9995086422876501,2.190001423620919e-09,0.00020865936358894105,0.0,fixed-e4m3,0.0011624848702922463,0.0,1,0.0,1800,bump,0.8210214225607007,1.1316737062766482e-06,0.0013401793548837304,,0.0017471011960878968,0.8231987963573975,0.0004471298598218709
0.03494955599308014,,,7.178799124900252,,0.9996336338735677,8.202957148617901e-10,0.00010432968179447053,0.0,fixed-e4m3,0.0007211299380287528,0.0,1,0.0,1900,bump,0.8919516447552505,2.138267433619458e-06,0.000640589976683259,,0.0013044310035184026,0.8909985538414281,0.0004007949901279062
0.03766556829214096,,,7.537692833924666,,0.9996312582122271,6.1697426846795e-10,0.0,0.0,fixed-e4m3,0.0006168908439576626,0.0,1,0.0,2000,bump,0.2117279359484055,5.624303249845412e-06,0.00037021166644990444,,0.001248252927325666,0.21451985734499424,0.0008906906587071717
0.29431068897247314,,,0.002667458029463887,,,,,0.0,fixed-e5m2,0.003594740526750684,0.0,1,0.0,0,bump,,,,,0.00854895357042551,,0.002673008246347308
0.21779605746269226,,,0.36619237484410405,,0.9990020528517246,3.531861265249948e-10,0.0,0.0,fixed-e5m2,0.0004359580925665796,0.0,1,0.0,100,bump,-0.8569455425809246,6.173470854907064e-06,0.01333416998386383,,0.004140083212405443,-0.8557996706797733,0.001536708790808916
0.22102472186088562,,,0.7289011250250041,,0.9981791468303419,3.2311131233258845e-10,0.0,0.0,fixed-e5m2,0.00022174247715156525,0.0,1,0.0,200,bump,-0.9777944330610462,6.401408178875116e-06,0.0034604694228619337,,0.003984538838267326,-0.9786322381545212,0.001613121828995645
0.200971782207489,,,1.0903634580317885,,0.9988460558627186,6.541529429167195e-10,0.0,0.0,fixed-e5m2,0.00036964824539609253,0.0,1,0.0,300,bump,0.6679182747808932,6.195960972022125e-06,0.0004477124020922929,,0.003788193454965949,0.6665377985744114,0.001840544631704688
0.1812194138765335,,,1.4649044580291957,,0.9985138926501009,6.798536547939254e-10,0.0,0.0,fixed-e5m2,0.00047785270726308227,0.0,1,0.0,400,bump,0.8034104804538543,3.8025456904700084e-06,0.0010746830375865102,,0.003557945601642132,0.807808646059024,0.0010328387143090367
0.17803412675857544,,,1.8364672078751028,,0.9989372776004959,2.5336867525973343e-09,0.0,0.0,fixed-e5m2,0.0004758705908898264,0.0,1,0.0,500,bump,0.8877347714984143,4.832180344573191e-06,0.0009175471495836973,,0.0035017156042158604,0.8916299672422354,0.0015442827716469765
0.15594199299812317,,,2.2153396250214428,,0.9985826009022701,4.089919758458666e-09,0.0,0.0,fixed-e5m2,0.000576627382542938,0.0,1,0.0,600,bump,0.20002016171291725,4.047032568370338e-06,0.009929444640874863,,0.0032242732122540474,0.19399545974805343,0.0014624816831201315
0.14019596576690674,,,2.721933624939993,,0.9984087231035086,9.001796031646989e-10,0.0,0.0,fixed-e5m2,0.0005597869167104363,0.0,1,0.0,700,bump,0.9214091957186888,4.331560660209023e-06,0.0012052214005962014,,0.0029393855948001146,0.9243713401196229,0.0009102286421693861
0.11941365152597427,,,3.1020665830001235,,0.9981759419313903,5.200880132674595e-09,0.0,0.0,fixed-e5m2,0.000867751834448427,0.0,1,0.0,800,bump,0.9116821698623493,8.610233035207391e-07,0.0012908322969451547,,0.0028879425954073668,0.9178953806230169,0.0004991304595023394
0.11313509941101074,,,3.5807857918553054,,0.9990173871588508,1.8074962088950572e-09,0.0,0.0,fixed-e5m2,0.0005157031700946391,0.0,1,0.0,900,bump,0.8685473933163413,2.36489550770385e-06,0.0012088323710486293,,0.0024348977021872997,0.8698408449840132,0.0010963155655190349
0.10371756553649902,,,4.047045832965523,,0.998788502775707,1.824997878452351e-09,0.0,0.0,fixed-e5m2,0.0006480988813564181,0.0,1,0.0,1000,bump,-0.8273616461732552,3.567539403257462e-06,0.0025613659527152777,,0.0024045491591095924,-0.8282734163436074,0.0009783973218873143
0.0903811901807785,,,4.408907166915014,,0.9987001587465216,5.745359375289512e-09,0.0,0.0,fixed-e5m2,0.000613067822996527,0.0,1,0.0,1100,bump,0.27208501533976986,1.948975531183068e-06,0.0019283161964267492,,0.0021428437903523445,0.2695055074876356,0.0004748112987726927
0.08144591748714447,,,4.774164166999981,,0.9985837019265176,1.700088409652914e-08,0.0,0.0,fixed-e5m2,0.0008622013847343624,0.0,1,0.0,1200,bump,0.9826170162173214,1.9219156771642124e-06,0.0020432223100215197,,0.0022354621905833483,0.9839128518897974,0.0009815889643505216
0.06049733608961105,,,5.1764573329128325,,0.9987150263554891,1.5035426072064e-09,0.0,0.0,fixed-e5m2,0.0016297906404361129,0.0,1,0.0,1300,bump,-0.4093508756509429,4.00277229383775e-06,0.0018726317211985588,,0.002632977208122611,-0.40944275132210545,0.0008521559066139162
0.05356379225850105,,,5.553681374993175,,0.998580608362509,1.1803746004834378e-09,0.0,0.0,fixed-e5m2,0.0008062584092840552,0.0,1,0.0,1400,bump,0.2784043077303691,4.030133266179228e-06,0.00423486577346921,,0.0017053218325600028,0.2794061514934325,0.001291708555072546
0.0553310364484787,,,5.9301089169457555,,0.9985306657573879,3.448887029308555e-10,0.0,0.0,fixed-e5m2,0.000505761825479567,0.0,1,0.0,1500,bump,0.5847274219332844,8.830645395564828e-06,0.0004354343400336802,,0.0014400624204427004,0.5843384898186318,0.002328024012967944
0.04568500071763992,,,6.304034291999415,,0.9983290131104713,2.057544648826069e-09,0.0,0.0,fixed-e5m2,0.0012613191502168775,0.0,1,0.0,1600,bump,0.05948373759709042,1.1233893814231791e-05,0.0009166740346699953,,0.0020183618180453777,0.06178684381053893,0.0020099543035030365
0.04115067794919014,,,6.674799874890596,,0.9987650746149943,1.6582238664504052e-09,0.0,0.0,fixed-e5m2,0.0007726753829047084,0.0,1,0.0,1700,bump,0.6824354459604361,6.536054745355169e-06,0.0011465598363429308,,0.0014607739867642522,0.6801057739328262,0.0016833686968311667
0.038325078785419464,,,7.0360787499230355,,0.9985562477311839,1.938300299716403e-09,0.0,0.0,fixed-e5m2,0.000680046621710062,0.0,1,0.0,1800,bump,-0.20697064118908765,3.886826438737734e-06,0.001318509690463543,,0.0013215714134275913,-0.21068057944075635,0.0012094031553715467
0.036509133875370026,,,7.3955271248705685,,0.998704068690246,1.3112085900889126e-09,0.0,0.0,fixed-e5m2,0.0007327257771976292,0.0,1,0.0,1900,bump,0.5672568853029166,6.41724436846917e-06,0.00044294458348304033,,0.0013424063799902797,0.5722644758690031,0.0016749792266637087
0.03095061331987381,,,7.753403707873076,,0.9985538141094845,2.3719059134781527e-09,0.0,0.0,fixed-e5m2,0.0012338828528299928,0.0,1,0.0,2000,bump,0.15574001333555684,6.1640917503400125e-06,0.0004493868909776211,,0.0017402980010956526,0.14982691499913992,0.0018873248482123017
0.22712254524230957,,,0.002629792084917426,,,,,0.0,fixed-hybrid,0.0006662225932814181,0.0,1,0.0,0,bump,,,,,0.004525360185652971,,0.0005141034489497542
0.21700051426887512,,,0.3858776669949293,,0.9988967196688486,1.0646304278583315e-10,0.0,0.0,fixed-hybrid,0.0004984487895853817,0.0,1,0.0,100,bump,0.7251344147509752,1.95834452275862e-06,0.013360085897147655,,0.004187951795756817,0.7244583846376845,0.0004348835500422865
0.2167981117963791,,,0.7634710420388728,,0.998193175478156,9.37754806276417e-11,0.0,0.0,fixed-hybrid,0.00022717862157151103,0.0,1,0.0,200,bump,0.851959835002886,3.823136829927727e-06,0.003441563807427883,,0.003917854744940996,0.8502240697433473,0.0009476468549109995
0.1952938437461853,,,1.1458239590283483,,0.9984123223085465,8.193561923765728e-10,0.0,0.0,fixed-hybrid,0.0004005293012596667,0.0,1,0.0,300,bump,-0.4261983945750851,4.331468774154079e-06,0.00041475228499621153,,0.003721788292750716,-0.4196554814179503,0.0010324267204850912
0.19179852306842804,,,1.5293795419856906,,0.9985002878592717,3.8900733502014433e-10,0.0,0.0,fixed-hybrid,0.00038311941898427904,0.0,1,0.0,400,bump,0.3314213774702708,3.246417981214015e-06,0.001088351826183498,,0.0036451097112149,0.3391449042068983,0.0007452016579918563
0.16273824870586395,,,1.893299459014088,,0.9986801391822655,1.4571986933082911e-09,0.0,0.0,fixed-hybrid,0.0005849404260516167,0.0,1,0.0,500,bump,-0.9637983837408984,2.253821297519457e-06,0.0006015878170728683,,0.0033482632134109735,-0.9638539979357595,0.0005507930763997138
0.15606790781021118,,,2.263304084073752,,0.9988358915927166,4.166443704788254e-09,0.0,0.0,fixed-hybrid,0.0005618624272756279,0.0,1,0.0,600,bump,0.8761782294403445,3.502345086400012e-06,0.009687673300504684,,0.003211905946955085,0.8740949147012873,0.0007809944800101221
0.13494308292865753,,,2.6259833751246333,,0.9987542389906983,1.6416148396512019e-09,0.0,0.0,fixed-hybrid,0.0007811561808921397,0.0,1,0.0,700,bump,-0.7923761055435078,3.919956363168422e-06,0.001391363563016057,,0.003067465964704752,-0.7902902544666879,0.0009100978495553136
0.12325714528560638,,,2.9941579999867827,,0.999036672555509,1.370935884243219e-09,0.0,0.0,fixed-hybrid,0.0010273322695866227,0.0,1,0.0,800,bump,-0.6026581614101346,5.100305086416308e-06,0.0012413999065756798,,0.0031103019136935472,-0.6012551464466553,0.0013808408984914422
0.12689729034900665,,,3.360561416950077,,0.9984931873163757,2.3230894588911902e-10,0.0,0.0,fixed-hybrid,0.000723114178981632,0.0,1,0.0,900,bump,-0.4543839180043312,1.6230500382608012e-06,0.00099857896566391,,0.002873301273211837,-0.4636237625644171,0.00047154922503978014
0.10590378940105438,,,3.725977584021166,,0.998484189239086,4.720420440871226e-09,0.0,0.0,fixed-hybrid,0.0006134984432719648,0.0,1,0.0,1000,bump,0.09006929335580703,1.9825264328290473e-06,0.002949067857116461,,0.0024077948182821274,0.0925883082310154,0.0004751925589516759
0.10596573352813721,,,4.09690500004217,,0.9984703698794376,4.828269254400956e-09,0.0,0.0,fixed-hybrid,0.0005888220039196312,0.0,1,0.0,1100,bump,0.8093481077323192,1.143511450284666e-06,0.0019163095857948065,,0.0023845944087952375,0.8084321289491155,0.00033942903974093497
0.08502154797315598,,,4.478392084129155,,0.9986038636189716,4.930053219744981e-09,0.0,0.0,fixed-hybrid,0.0005003983969800174,0.0,1,0.0,1200,bump,0.9011452795317451,3.920217255398192e-07,0.0008993993978947401,,0.0019407587824389338,0.9025249688057333,0.00012564280768856406
0.07559196650981903,,,4.858648125082254,,0.9984259236292375,5.1911548410591236e-09,0.0,0.0,fixed-hybrid,0.0004906351095996797,0.0,1,0.0,1300,bump,0.8420547273094922,6.448155544438394e-07,0.002126021310687065,,0.0017704685451462865,0.8383988330170998,0.00027390089235268533
0.05781026557087898,,,5.230491874972358,,0.9986874717785116,1.2015080058518881e-09,0.0,0.0,fixed-hybrid,0.0007358640432357788,0.0,1,0.0,1400,bump,0.7171374996699674,8.534238653148258e-07,0.0039685387164354324,,0.0017084927530959249,0.7180566033417372,0.0002768280101008713
0.06702424585819244,,,5.608121708966792,,0.9986459503682186,1.988892828929108e-09,0.0,0.0,fixed-hybrid,0.0009549863170832396,0.0,1,0.0,1500,bump,0.39804979792925527,7.824726178069571e-07,0.0005265077925287187,,0.002080900128930807,0.40215464313549903,0.00018845951126422733
0.04441608488559723,,,5.993185375118628,,0.9988415140099975,4.343458087799728e-09,0.0,0.0,fixed-hybrid,0.0009244863176718354,0.0,1,0.0,1600,bump,0.7019438837233873,1.2831743656294839e-06,0.00080231943866238,,0.0016656449297443032,0.699452314268353,0.0003648862475529313
0.05819845199584961,,,6.359221500111744,,0.9989054137757037,1.1926090416837126e-09,0.0,0.0,fixed-hybrid,0.0016692990902811289,0.0,1,0.0,1700,bump,-0.03070384075662554,2.1220028171324985e-06,0.0013290251372382045,,0.002632636111229658,-0.026788753263089087,0.00026684164186008275
0.03954232856631279,,,6.727307667024434,,0.9987487655525299,6.622273399031158e-10,0.0,0.0,fixed-hybrid,0.0006786969024688005,0.0,1,0.0,1800,bump,0.0649680484772121,4.479865057085192e-06,0.0011779090855270624,,0.001340988208539784,0.06722821807267298,0.0009588090470060706
0.03518347442150116,,,7.102608124958351,,0.9986221039352041,2.1655591280864165e-10,0.0,0.0,fixed-hybrid,0.000820502988062799,0.0,1,0.0,1900,bump,-0.49212247300675804,6.260356361167533e-06,0.00039797089993953705,,0.0014060968533158302,-0.492351004799402,0.0010301785077899694
0.045242857187986374,,,7.534728500060737,,0.9988039608239712,4.202358957245609e-09,0.0,0.0,fixed-hybrid,0.0007258116384036839,0.0,1,0.0,2000,bump,0.7479617697181652,5.566191189979384e-06,0.0006688777939416468,,0.001484445296227932,0.7473847599887655,0.001034437445923686
0.24236543476581573,,,0.002699499949812889,,,,,0.0051597910933196545,calibrated,0.000552890938706696,0.0,1,0.0051597910933196545,0,bump,,,,,0.004673720337450504,,7.921134965727106e-06
0.21764735877513885,,,0.3954701251350343,,0.9999306144272809,2.0953596626513124e-11,0.03213354199269692,0.0051597910933196545,calibrated,0.00047175728832371533,0.0,1,0.0051597910933196545,100,bump,0.9678529308263641,1.0554516305572458e-07,0.01333850622177124,,0.004172738175839186,0.9681480980768165,2.566385592217557e-05
0.2177882045507431,,,0.8746886670123786,,0.9998800592926208,2.0025697586443523e-11,0.02962962962962963,0.0051597910933196545,calibrated,0.00022588945284951478,0.0,1,0.0051597910933196545,200,bump,0.9783546665337528,2.2365307598384127e-07,0.00344871636480093,,0.003933459986001253,0.9777947581657901,6.522018520627171e-05
0.19216908514499664,,,1.25292779202573,,0.999913405972296,9.940063235192207e-11,0.05341679707876891,0.0051597910933196545,calibrated,0.00039840847603045404,0.0,1,0.0051597910933196545,300,bump,0.9965663702024762,2.7084477054213883e-08,0.0004870081029366702,,0.0036664532963186502,0.9966512881194423,1.7244215996470302e-05
0.18757332861423492,,,1.6709972920361906,,0.9998836685962184,1.195826091068952e-10,0.023474178403755867,0.0051597910933196545,calibrated,0.0004986643907614052,0.0,1,0.0051597910933196545,400,bump,0.9234331101343783,7.245133543674278e-08,0.001207013614475727,,0.0036866823211312294,0.9226203152282323,5.298723772284575e-05
0.1552131325006485,,,2.053810582961887,,0.9999012408315772,1.4554124490507767e-10,0.03933229003651539,0.0051597910933196545,calibrated,0.0008124099695123732,0.0,1,0.0051597910933196545,500,bump,0.9971277742842037,2.9425951045921093e-08,0.0007081457297317684,,0.0034436178393661976,0.9971779738420069,2.3633261662325822e-05
0.1561812460422516,,,2.4189697499386966,,0.9999148500080771,3.452647561494904e-10,0.02566510172143975,0.0051597910933196545,calibrated,0.0005410360172390938,0.0,1,0.0051597910933196545,600,bump,0.9790626761018261,1.036351565138701e-07,0.009903831407427788,,0.003193365875631571,0.9791173100045454,5.568187771132216e-05
0.1356523483991623,,,2.8082497499417514,,0.9998650261648107,1.3824469417912075e-10,0.02138758476786646,0.0051597910933196545,calibrated,0.0007182257249951363,0.0,1,0.0051597910933196545,700,bump,0.9874983162168786,4.5685966953192445e-08,0.0013469727709889412,,0.003017694689333439,0.9878011191669147,1.1858713151013944e-05
0.1222635880112648,,,3.1885403329506516,,0.9999037904193602,5.7374742662618667e-11,0.008555033907146584,0.0051597910933196545,calibrated,0.0009095132118090987,0.0,1,0.0051597910933196545,800,bump,0.9106610424527939,1.6185359526375153e-07,0.0011369262356311083,,0.002977559110149741,0.910901570432275,0.00014284531062003225
0.12868104875087738,,,3.5878723750356585,,0.9999141249551621,2.7557537627269818e-11,0.01992696922274387,0.0051597910933196545,calibrated,0.0008442255202680826,0.0,1,0.0051597910933196545,900,bump,0.6613138519239656,1.3899367576853096e-07,0.0010738528799265623,,0.003022746415808797,0.6599836039450881,3.969605313614011e-05
0.10706079006195068,,,3.9893917080480605,,0.9998739288908447,2.952742426120866e-11,0.014084507042253521,0.0051597910933196545,calibrated,0.0004916306352242827,0.0,1,0.0051597910933196545,1000,bump,0.8871731918523408,1.5402551565145478e-07,0.002476503374055028,,0.0023077204823493958,0.8875980198946382,8.927405724534765e-05
0.09999784827232361,,,4.367576749995351,,0.9998576526590471,3.458700983764559e-10,0.01564945226917058,0.0051597910933196545,calibrated,0.0005932576023042202,0.0,1,0.0051597910933196545,1100,bump,0.9570894045230812,1.2612311857851953e-07,0.0014742256607860327,,0.002287253038957715,0.9570572497324923,7.63338539400138e-05
0.08231571316719055,,,4.741362374974415,,0.9999075782700744,1.1551198907065524e-10,0.011580594679186228,0.0051597910933196545,calibrated,0.0005965636810287833,0.0,1,0.0051597910933196545,1200,bump,0.9145045231786914,1.2862184690511828e-07,0.000597707461565733,,0.0019891741685569286,0.9150529390346059,8.778257324593142e-05
0.07219738513231277,,,5.121000207960606,,0.9999067763245373,2.8861037002844e-10,0.00970266040688576,0.0051597910933196545,calibrated,0.0006173754809424281,0.0,1,0.0051597910933196545,1300,bump,0.8643795493186897,3.8900302225837396e-07,0.002149136271327734,,0.0018372002523392439,0.8654222639572685,6.67389394948259e-05
0.06811236590147018,,,5.485603417037055,,0.9999101738088441,2.1352648047869192e-10,0.012415232133541993,0.0051597910933196545,calibrated,0.0012584526557475328,0.0,1,0.0051597910933196545,1400,bump,0.9346166126098293,2.3556413227967935e-07,0.00436288071796298,,0.002397738164290786,0.9342988113983602,8.427256398135796e-05
0.06644143164157867,,,5.8625686671584845,,0.999914362134339,7.436682193636197e-11,0.016692749087115284,0.0051597910933196545,calibrated,0.0006058271392248571,0.0,1,0.0051597910933196545,1500,bump,0.43321647085409853,8.532471447972345e-07,0.0004569347947835922,,0.0017277594888582826,0.4324983962008283,0.00014488294254988432
0.04640308767557144,,,6.23577362508513,,0.9999305641725476,2.0794147866861295e-10,0.01836202399582681,0.0051597910933196545,calibrated,0.0009343367419205606,0.0,1,0.0051597910933196545,1600,bump,0.9652606929078161,1.598204880188856e-07,0.0009105642093345523,,0.00170918891672045,0.965239274724242,5.150879223947413e-05
0.05005933344364166,,,6.615424083080143,,0.9999004208146082,2.780345587205017e-10,0.02430881585811163,0.0051597910933196545,calibrated,0.000653459457680583,0.0,1,0.0051597910933196545,1700,bump,0.6758787748938384,9.64655984325979e-07,0.0015378937823697925,,0.0014954057987779379,0.6748041196688689,0.00016357740969397128
0.03525634482502937,,,6.99095887504518,,0.9999007815249399,1.2694058738680525e-10,0.015127803860198226,0.0051597910933196545,calibrated,0.0010826955549418926,0.0,1,0.0051597910933196545,1800,bump,0.7997189478636164,2.2874102029608986e-07,0.0009946393547579646,,0.0016650633187964559,0.7990851779637489,0.00010820231545949355
0.030085083097219467,,,7.3708858750760555,,0.9999111903987384,2.225846683406555e-10,0.023265519040166927,0.0051597910933196545,calibrated,0.0006756567163392901,0.0,1,0.0051597910933196545,1900,bump,0.9760301887404924,5.4696669972238274e-08,0.0004009533440694213,,0.0011768352705985308,0.9759427391762145,4.203679054626264e-05
0.03482111170887947,,,7.744361917022616,,0.9999117975287425,3.2840754593912853e-10,0.018257694314032343,0.0051597910933196545,calibrated,0.000500962371006608,0.0,1,0.0051597910933196545,2000,bump,0.986123924829417,5.61175846656181e-08,0.00038137787487357855,,0.001085826545022428,0.9862387248612833,5.6647379096830264e-05
0.24236543476581573,,,0.0026672089006751776,,,,,0.0051597910933196545,adaptive,0.000552890938706696,0.0,1,0.0051597910933196545,0,bump,,,,,0.004673720337450504,,7.921134965727106e-06
0.21764735877513885,,,0.3701444589532912,,0.9999306144272809,2.0953596626513124e-11,0.03213354199269692,0.0051597910933196545,adaptive,0.00047175728832371533,0.0,1,0.0051597910933196545,100,bump,0.9678529308263641,1.0554516305572458e-07,0.01333850622177124,,0.004172738175839186,0.9681480980768165,2.566385592217557e-05
0.2177882045507431,,,0.7464754590764642,,0.9998800592926208,2.0025697586443523e-11,0.02962962962962963,0.0051597910933196545,adaptive,0.00022588945284951478,0.004890790209174156,1,0.01005058130249381,200,bump,0.9783546665337528,2.2365307598384127e-07,0.00344871636480093,,0.003933459986001253,0.9777947581657901,6.522018520627171e-05
0.19216908514499664,,,1.1300846668891609,,0.999913405972296,9.940063235192207e-11,0.05341679707876891,0.0051597910933196545,adaptive,0.00039840847603045404,0.009894955204799771,1,0.015054746298119426,300,bump,0.9964498508273135,2.639490738269004e-08,0.0004870081029366702,,0.0036664532963186502,0.9965362022025641,1.7113696230808273e-05
0.18757332861423492,,,1.5137460839468986,,0.9998836685962184,1.195826091068952e-10,0.023474178403755867,0.0051597910933196545,adaptive,0.0004986643907614052,0.014888163888826966,1,0.02004795498214662,400,bump,0.9244786597312492,7.149064064686059e-08,0.001207013614475727,,0.0036866823211312294,0.9236721453845618,5.2667375712189823e-05
0.1552131325006485,,,1.8884469999466091,,0.9999207382886497,1.1634024986048633e-10,0.03933229003651539,0.0051597910933196545,adaptive,0.0008124099695123732,0.01980387303046882,1,0.024963664123788476,500,bump,0.9972553262050915,2.876111883629352e-08,0.0007081457297317684,,0.0034436178393661976,0.9974099485731892,2.299265361216385e-05
0.1561812460422516,,,2.2815826248843223,,0.9999148500080771,3.452647561494904e-10,0.02566510172143975,0.0051597910933196545,adaptive,0.0005410360172390938,0.024646912701427937,1,0.02980670379474759,600,bump,0.9793594076199068,1.012972330019154e-07,0.009903831407427788,,0.003193365875631571,0.9794166948462357,5.491387491929345e-05
0.1356523483991623,,,2.6545059999916703,,0.9998650261648107,1.3824469417912075e-10,0.02138758476786646,0.0051597910933196545,adaptive,0.0007182257249951363,0.029549076920375228,1,0.03470886801369488,700,bump,0.987287767416042,4.775641468961245e-08,0.0013469727709889412,,0.003017694689333439,0.9875923215099441,1.2305481504881755e-05
0.1222635880112648,,,3.1018324999604374,,0.9999037904193602,5.7374742662618667e-11,0.008555033907146584,0.0051597910933196545,adaptive,0.0009095132118090987,0.034523783484473825,1,0.03968357457779348,800,bump,0.9109053834472277,1.6358192275385148e-07,0.0011369262356311083,,0.002977559110149741,0.9111465939671812,0.0001435804006177932
0.12868104875087738,,,3.506062834057957,,0.9999235900423511,2.4675810544031022e-11,0.01992696922274387,0.0051597910933196545,adaptive,0.0008442255202680826,0.04003224242478609,1,0.045192033518105745,900,bump,0.6604687838745278,1.4024382147037985e-07,0.0010738528799265623,,0.003022746415808797,0.659787180615967,3.976436346420087e-05
0.10706079006195068,,,3.9222090418916196,,0.9999074107993793,2.0808705359549236e-11,0.014084507042253521,0.0051597910933196545,adaptive,0.0004916306352242827,0.04588024108670652,1,0.051040032180026174,1000,bump,0.8847159989681055,1.5031799387270298e-07,0.002476503374055028,,0.0023077204823493958,0.8852896457412508,8.815051842248067e-05
0.09999784827232361,,,4.293045999947935,,0.9998576526590471,3.458700983764559e-10,0.01564945226917058,0.0051597910933196545,adaptive,0.0005932576023042202,0.05076478677801788,1,0.05592457787133753,1100,bump,0.9574742667648906,1.275588767050647e-07,0.0014742256607860327,,0.002287253038957715,0.9574458228825905,7.698958506807685e-05
0.08231571316719055,,,4.673139458987862,,0.9999198400928823,1.0125109316939716e-10,0.011580594679186228,0.0051597910933196545,adaptive,0.0005965636810287833,0.05557912332005799,1,0.06073891441337764,1200,bump,0.9191129621822258,1.2232204644735064e-07,0.000597707461565733,,0.0019891741685569286,0.9190655485397394,8.587229967815802e-05
0.07219738513231277,,,5.043528584064916,,0.999909748057412,2.7778676630993877e-10,0.00970266040688576,0.0051597910933196545,adaptive,0.0006173754809424281,0.06062120525166392,1,0.06578099634498358,1300,bump,0.8728841556099627,3.668426036333211e-07,0.002149136271327734,,0.0018372002523392439,0.8734702070892559,6.359262624755502e-05
0.06811236590147018,,,5.424879624973983,,0.9999101738088441,2.1352648047869192e-10,0.012415232133541993,0.0051597910933196545,adaptive,0.0012584526557475328,0.06558524747379124,1,0.0707450385671109,1400,bump,0.9371433438727191,2.1967376590685664e-07,0.00436288071796298,,0.002397738164290786,0.9368341799122868,8.171080116881058e-05
0.06644143164157867,,,5.8118992920499295,,0.999914362134339,7.436682193636197e-11,0.016692749087115284,0.0051597910933196545,adaptive,0.0006058271392248571,0.07050482812337577,1,0.07566461921669543,1500,bump,0.42855115672816824,8.666474412395978e-07,0.0004569347947835922,,0.0017277594888582826,0.4278296620876625,0.00014704870409332216
0.04640308767557144,,,6.201544834068045,,0.9999305641725476,2.0794147866861295e-10,0.01836202399582681,0.0051597910933196545,adaptive,0.0009343367419205606,0.07548528304323554,1,0.0806450741365552,1600,bump,0.9634199654513413,1.6574102139917232e-07,0.0009105642093345523,,0.00170918891672045,0.9633937020384792,5.2001883886987343e-05
0.048037849366664886,,,6.621813166886568,,0.9999095793489269,1.9266632146846072e-10,0.028794992175273867,0.0051597910933196545,adaptive,0.0008401180384680629,0.0804558249656111,1,0.08561561605893075,1700,bump,0.8426534965803321,4.3423625224241385e-07,0.0014671573881059885,,0.0016444344073534012,0.8426979543038757,7.303627353394404e-05
0.038955315947532654,,,7.089928959030658,,0.9998900036627311,2.165917437040064e-10,0.012832550860719875,0.0051597910933196545,adaptive,0.00045279276673682034,0.0866607460193336,1,0.09182053711265326,1800,bump,0.9792689838449549,1.6497165493937467e-07,0.001115547027438879,,0.0011089304462075233,0.9796137872825221,6.983243656577542e-05
0.03673423454165459,,,7.547033542068675,,0.9998946394048033,2.2362772182988888e-10,0.016692749087115284,0.0051597910933196545,adaptive,0.0003148785326629877,0.09272486926056445,1,0.0978846603538841,1900,bump,0.9741966169490643,6.258269528314149e-08,0.0004550032317638397,,0.0009355160873383284,0.974168682813057,4.7155317588476464e-05
0.04002238065004349,,,7.976756291929632,,0.9998889249206364,6.735927085882379e-10,0.01596244131455399,0.0051597910933196545,adaptive,0.00038170572952367365,0.09762924537062645,1,0.1027890364639461,2000,bump,0.8056158578736689,1.08785256157531e-06,0.0005260678008198738,,0.0010572390165179968,0.8065282472336305,0.0001062423107214272
,,,0.0019773750100284815,,,,,0.0,fp32,,0.0,1,0.0,0,composition,,,,,0.42245936393737793,,0.0
,,,0.07389341690577567,,0.9999999999999971,0.0,0.0,0.0,fp32,,0.0,1,0.0,100,composition,0.9999999999999971,0.0,0.04714503139257431,,0.04670662805438042,0.9999999999999971,0.0
,,,0.1441300839651376,,0.9999999999999982,0.0,0.0,0.0,fp32,,0.0,1,0.0,200,composition,0.9999999999999982,0.0,0.03502070903778076,,0.03366786241531372,0.9999999999999982,0.0
,,,0.2146347500383854,,0.9999999999999984,0.0,0.0,0.0,fp32,,0.0,1,0.0,300,composition,0.9999999999999984,0.0,0.019395222887396812,,0.029693398624658585,0.9999999999999984,0.0
,,,0.2828045419882983,,0.9999999999999974,0.0,0.0,0.0,fp32,,0.0,1,0.0,400,composition,0.9999999999999974,0.0,0.032635197043418884,,0.02513439767062664,0.9999999999999974,0.0
,,,0.3468203339725733,,0.9999999999999953,0.0,0.0,0.0,fp32,,0.0,1,0.0,500,composition,0.9999999999999953,0.0,0.016128402203321457,,0.023601150140166283,0.9999999999999953,0.0
,,,0.41029374999925494,,0.9999999999999969,0.0,0.0,0.0,fp32,,0.0,1,0.0,600,composition,0.9999999999999969,0.0,0.02021384984254837,,0.02269272692501545,0.9999999999999969,0.0
,,,0.4757392918691039,,0.9999999999999983,0.0,0.0,0.0,fp32,,0.0,1,0.0,700,composition,0.9999999999999983,0.0,0.023890534415841103,,0.020909685641527176,0.9999999999999983,0.0
,,,0.5478306668810546,,0.999999999999996,0.0,0.0,0.0,fp32,,0.0,1,0.0,800,composition,0.999999999999996,0.0,0.014563637785613537,,0.01604692079126835,0.999999999999996,0.0
,,,0.6136141249444336,,0.9999999999999963,0.0,0.0,0.0,fp32,,0.0,1,0.0,900,composition,0.9999999999999963,0.0,0.014232245273888111,,0.013793871738016605,0.9999999999999963,0.0
,,,0.677380041917786,,0.9999999999999958,0.0,0.0,0.0,fp32,,0.0,1,0.0,1000,composition,0.9999999999999958,0.0,0.007193088997155428,,0.01033917535096407,0.9999999999999958,0.0
,,,0.7411243338137865,,0.9999999999999974,0.0,0.0,0.0,fp32,,0.0,1,0.0,1100,composition,0.9999999999999974,0.0,0.007642016746103764,,0.010033500380814075,0.9999999999999974,0.0
,,,0.8034954168833792,,0.9999999999999964,0.0,0.0,0.0,fp32,,0.0,1,0.0,1200,composition,0.9999999999999964,0.0,0.00348061416298151,,0.006435326766222715,0.9999999999999964,0.0
,,,0.866669749841094,,0.9999999999999978,0.0,0.0,0.0,fp32,,0.0,1,0.0,1300,composition,0.9999999999999978,0.0,0.0033907124307006598,,0.0040238602086901665,0.9999999999999978,0.0
,,,0.9313890419434756,,0.9999999999999967,0.0,0.0,0.0,fp32,,0.0,1,0.0,1400,composition,0.9999999999999967,0.0,0.0020512312185019255,,0.003055030247196555,0.9999999999999967,0.0
,,,0.9931372499559075,,0.9999999999999952,0.0,0.0,0.0,fp32,,0.0,1,0.0,1500,composition,0.9999999999999952,0.0,0.0012071310775354505,,0.0016265137819573283,0.9999999999999952,0.0
,,,1.0560234589502215,,0.9999999999999977,0.0,0.0,0.0,fp32,,0.0,1,0.0,1600,composition,0.9999999999999977,0.0,0.0007337641436606646,,0.0008454268681816757,0.9999999999999977,0.0
,,,1.119720916962251,,0.9999999999999993,0.0,0.0,0.0,fp32,,0.0,1,0.0,1700,composition,0.9999999999999993,0.0,0.0005082237767055631,,0.0009124155039899051,0.9999999999999993,0.0
,,,1.182316416874528,,0.9999999999999981,0.0,0.0,0.0,fp32,,0.0,1,0.0,1800,composition,0.9999999999999981,0.0,0.0006149671389721334,,0.0005018119118176401,0.9999999999999981,0.0
,,,1.244882458820939,,0.9999999999999996,0.0,0.0,0.0,fp32,,0.0,1,0.0,1900,composition,0.9999999999999996,0.0,0.00035461323568597436,,0.0003543594793882221,0.9999999999999996,0.0
,,,1.3075695419684052,,0.9999999999999971,0.0,0.0,0.0,fp32,,0.0,1,0.0,2000,composition,0.9999999999999971,0.0,0.000438497809227556,,0.000261695240624249,0.9999999999999971,0.0
,,,0.0026058328803628683,,,,,0.0,fixed-e4m3,,0.0,1,0.0,0,composition,,,,,0.4265560507774353,,0.0010469319531694055
,,,0.368224750040099,,0.9996102334206836,3.7319719103181635e-08,0.0,0.0,fixed-e4m3,,0.0,1,0.0,100,composition,0.4975671509573537,5.928730695033858e-05,0.04852788895368576,,0.047629013657569885,0.49495528850884624,0.0029971678741276264
,,,0.7302314159460366,,0.9996267838034146,2.024927890515556e-08,0.00020865936358894105,0.0,fixed-e4m3,,0.0,1,0.0,200,composition,0.8171605238234414,5.1868638459853026e-05,0.03397417813539505,,0.032465994358062744,0.8184566995205665,0.0020732800476253033
,,,1.0928332079201937,,0.9996109915078814,2.6310854888816576e-08,0.0,0.0,fixed-e4m3,,0.0,1,0.0,300,composition,0.9791680102860585,7.730787571415627e-05,0.01646530069410801,,0.026157857850193977,0.9792149352580001,0.004872874356806278
,,,1.458665374899283,,0.9996499917446547,1.0199342200109494e-07,0.0,0.0,fixed-e4m3,,0.0,1,0.0,400,composition,0.9707723589378311,3.887707684964697e-05,0.020919527858495712,,0.01993909664452076,0.9708863833800082,0.0014589765341952443
,,,1.8284655408933759,,0.9996810427957374,1.7930655842072606e-08,0.00010432968179447053,0.0,fixed-e4m3,,0.0,1,0.0,500,composition,0.9189740142032552,3.295717582848086e-05,0.010462405160069466,,0.014089780859649181,0.9198327043151777,0.0016588737489655614
,,,2.2000864578876644,,0.9997026287492023,1.1340599339053685e-08,0.0,0.0,fixed-e4m3,,0.0,1,0.0,600,composition,0.9329466604404333,4.462454552790988e-06,0.008974634110927582,,0.011467810720205307,0.9339472915419493,0.0006620518397539854
,,,2.572735165944323,,0.9996612924988796,4.7350325882152e-08,0.0,0.0,fixed-e4m3,,0.0,1,0.0,700,composition,0.7273328987438781,3.2962736353268196e-05,0.02016906440258026,,0.01350477896630764,0.7281428585650888,0.0009071481763385236
,,,2.9373264578171074,,0.9996276905161042,9.366747275459073e-09,0.0,0.0,fixed-e4m3,,0.0,1,0.0,800,composition,0.5884438662433092,9.193948107102695e-06,0.01015633624047041,,0.009584029205143452,0.5874313032432879,0.00126748310867697
,,,3.3019910829607397,,0.999675497402643,1.0246299427858358e-08,0.0,0.0,fixed-e4m3,,0.0,1,0.0,900,composition,0.9640272066628379,7.525387215086659e-05,0.010822363197803497,,0.007822567597031593,0.9645492427559479,0.003147322218865156
,,,3.672506415983662,,0.9996714001615584,9.241300057500575e-09,0.00010432968179447053,0.0,fixed-e4m3,,0.0,1,0.0,1000,composition,-0.41234734760709046,4.2419838597831626e-05,0.006253479979932308,,0.006614494603127241,-0.41261414692386095,0.002391211688518524
,,,4.045127250021324,,0.9996509829455296,3.461473579268143e-08,0.0,0.0,fixed-e4m3,,0.0,1,0.0,1100,composition,0.9805175688057097,8.547110552038764e-06,0.0057828850112855434,,0.012060176581144333,0.9806082240144841,0.0009977109730243683
,,,4.410972333047539,,0.9996572630593935,6.366363308615767e-09,0.00010432968179447053,0.0,fixed-e4m3,,0.0,1,0.0,1200,composition,0.598373951731815,1.3691776258245937e-05,0.002967220265418291,,0.005240314174443483,0.5983018280714764,0.0020304459612816572
,,,4.792151915840805,,0.9996340041143971,7.524645176199162e-09,0.00010432968179447053,0.0,fixed-e4m3,,0.0,1,0.0,1300,composition,0.7515006958689108,1.0450951714571046e-05,0.0025719893164932728,,0.0036954267416149378,0.7517910949055712,0.000539373024366796
,,,5.172967874910682,,0.9996174833780277,2.6932249109018754e-08,0.0,0.0,fixed-e4m3,,0.0,1,0.0,1400,composition,0.7821859235051979,1.506404239659659e-05,0.0030816872604191303,,0.0025935834273695946,0.7833886539684365,0.0007539437501691282
,,,5.546369625022635,,0.9996996551907028,6.381923889929995e-08,0.0,0.0,fixed-e4m3,,0.0,1,0.0,1500,composition,0.9262188195015176,2.0800674561308142e-05,0.00544748455286026,,0.002322140848264098,0.9260291419381035,0.0011750210542231798
,,,5.921827832935378,,0.9996898162732337,2.040778775812382e-08,0.0,0.0,fixed-e4m3,,0.0,1,0.0,1600,composition,0.780114914586735,1.2857245260077298e-05,0.0021277922205626965,,0.0015677718911319971,0.7799076023528523,0.001225953921675682
,,,6.326915040845051,,0.9995809640568857,2.665429094959601e-08,0.00010432968179447053,0.0,fixed-e4m3,,0.0,1,0.0,1700,composition,0.9403740643369938,3.568223919209921e-05,0.001637402456253767,,0.0008467665174975991,0.9406822626469914,0.0015833118231967092
,,,6.694308958016336,,0.9996316814415563,2.7622257524574194e-09,0.0,0.0,fixed-e4m3,,0.0,1,0.0,1800,composition,0.8519380907722784,1.2607750475018814e-05,0.0005595939001068473,,0.0005154003738425672,0.852841986719552,0.0014927987940609455
,,,7.093525958014652,,0.9995740864484376,1.897030298106431e-08,0.00010432968179447053,0.0,fixed-e4m3,,0.0,1,0.0,1900,composition,0.9723552005161697,3.323837286781833e-05,0.0011185402981936932,,0.0012256857007741928,0.9726618549166298,0.00224620895460248
,,,7.464162249816582,,0.999687779113033,1.0028393969053581e-09,0.0,0.0,fixed-e4m3,,0.0,1,0.0,2000,composition,-0.728002350808073,7.117547397751913e-05,0.00039924023440107703,,0.0005517012323252857,-0.7288295517143281,0.002034917240962386
,,,0.0025947079993784428,,,,,0.0,fixed-e5m2,,0.0,1,0.0,0,composition,,,,,0.4244095981121063,,0.0014734650030732155
,,,0.38311412488110363,,0.9987413457005416,1.1426304194109795e-07,0.0,0.0,fixed-e5m2,,0.0,1,0.0,100,composition,0.7444645973369661,0.000464379401411146,0.04788979887962341,,0.047933999449014664,0.7460985127446965,0.016892394050955772
,,,0.7723283329978585,,0.9988056714367641,1.6582081603350379e-07,0.0,0.0,fixed-e5m2,,0.0,1,0.0,200,composition,0.1413286031458129,0.0002727941636165065,0.03506322205066681,,0.032293882220983505,0.14176557957036331,0.013528275303542614
,,,1.1742987500037998,,0.9987207532743643,1.8806642455461424e-08,0.0,0.0,fixed-e5m2,,0.0,1,0.0,300,composition,-0.1797958305189705,0.0002563708664151936,0.013857057318091393,,0.021876130253076553,-0.18332072314401635,0.013501493260264397
,,,1.5809262078255415,,0.9984684706630648,3.267756577443636e-07,0.0,0.0,fixed-e5m2,,0.0,1,0.0,400,composition,0.987608479969526,0.00047655883630185044,0.024750307202339172,,0.016710646450519562,0.9889510148700885,0.015964951366186142
,,,2.0138593330048025,,0.9985649290527586,3.628563876866809e-08,0.0,0.0,fixed-e5m2,,0.0,1,0.0,500,composition,0.6381461155669521,0.0006068963493773887,0.01125834695994854,,0.013806101866066456,0.6357933959204296,0.01916247233748436
,,,2.4389732079580426,,0.9985898743133478,3.329544769886382e-08,0.0,0.0,fixed-e5m2,,0.0,1,0.0,600,composition,-0.5910754707975044,0.0007430127335496243,0.011282438412308693,,0.015748504549264908,-0.5921344877983642,0.04620981216430664
,,,2.8513388328719884,,0.9987296040791651,9.927191565739753e-08,0.0,0.0,fixed-e5m2,,0.0,1,0.0,700,composition,0.3988076542196365,0.0007959492535218641,0.005057004280388355,,0.004101968836039305,0.4024876074818577,0.029679451137781143
,,,3.2308569999877363,,0.9986932866043126,7.115318997332316e-08,0.0,0.0,fixed-e5m2,,0.0,1,0.0,800,composition,0.883284769868524,0.0004028013893482197,0.002123020589351654,,0.001389346900396049,0.883573161158856,0.0270073302090168
,,,3.623208374949172,,0.9986405053428058,1.8657944789991758e-07,0.0,0.0,fixed-e5m2,,0.0,1,0.0,900,composition,0.9149931672879784,0.000571238381542465,0.002970012603327632,,0.0012453629169613123,0.9163002850847541,0.023752592504024506
,,,4.013742541894317,,0.9986295252987967,6.583242646945338e-09,0.0,0.0,fixed-e5m2,,0.0,1,0.0,1000,composition,0.31751774221942275,0.0003821217136316596,0.0004980247467756271,,0.0007140299421735108,0.31265494217263257,0.02624187059700489
,,,4.424599707825109,,0.9988950488815931,3.942572530181373e-07,0.0,0.0,fixed-e5m2,,0.0,1,0.0,1100,composition,0.8878607975625792,0.0004420774735162689,0.007232460658997297,,0.001479589263908565,0.8906641784072256,0.031058331951498985
,,,4.900071166921407,,0.9985763539896195,5.382018987216945e-10,0.0,0.0,fixed-e5m2,,0.0,1,0.0,1200,composition,0.07989359208538058,0.000405572509306994,0.00031702910200692713,,0.000476769550004974,0.08492503005535745,0.028651727363467216
,,,5.378590291831642,,0.9986198908385993,5.952650583178288e-08,0.0,0.0,fixed-e5m2,,0.0,1,0.0,1300,composition,-0.571495919371092,0.0009154280910770629,0.0016499962657690048,,0.001735225087031722,-0.5747504198543718,0.03323211148381233
,,,5.772737082792446,,0.9985527592374287,4.084480971185394e-09,0.0,0.0,fixed-e5m2,,0.0,1,0.0,1400,composition,-0.6413703190798598,0.0007515124895529761,0.0005708406679332256,,0.0008420923259109259,-0.643745524536478,0.03305555135011673
,,,6.211233332986012,,0.9987619397531406,4.0675250979712117e-07,0.0,0.0,fixed-e5m2,,0.0,1,0.0,1500,composition,0.8319472391656816,0.0007550469616144335,0.008700910955667496,,0.0026552125345915556,0.8311441293469556,0.04047916457056999
,,,6.619929416803643,,0.9988593316850226,1.2374353435989324e-07,0.0,0.0,fixed-e5m2,,0.0,1,0.0,1600,composition,0.9612864333543201,0.00038460121586413206,0.0024886010214686394,,0.0014711583498865366,0.9617118768916969,0.025102367624640465
,,,7.023876916849986,,0.9985788680130303,5.6477724421837584e-08,0.0,0.0,fixed-e5m2,,0.0,1,0.0,1700,composition,-0.8224047524124826,0.00042097021311759264,0.0014040579553693533,,0.002618068363517523,-0.8217285521401138,0.018810506910085678
,,,7.451554124942049,,0.9985756934139909,1.936264841449771e-08,0.0,0.0,fixed-e5m2,,0.0,1,0.0,1800,composition,-0.6601489864604633,0.0003537537433091197,0.001134740887209773,,0.0009082227479666471,-0.6608973669139959,0.018874933943152428
,,,7.9040650830138475,,0.9986240456249358,7.720267060301506e-09,0.0,0.0,fixed-e5m2,,0.0,1,0.0,1900,composition,0.8390636753080019,0.00011616767984123854,0.0005668043158948421,,0.0005762929213233292,0.8409299925224167,0.008722337894141674
,,,8.39326124987565,,0.9988309637498339,7.61060752161628e-08,0.0,0.0,fixed-e5m2,,0.0,1,0.0,2000,composition,0.4014342249173433,0.00019244135519591856,0.0020791268907487392,,0.0028768768534064293,0.40098626582303,0.0142893698066473
,,,0.007937541930004954,,,,,0.0,fixed-hybrid,,0.0,1,0.0,0,composition,,,,,0.4265560507774353,,0.0010469319531694055
,,,0.42428599996492267,,0.9986340419613757,1.511283012411648e-07,0.0,0.0,fixed-hybrid,,0.0,1,0.0,100,composition,0.8316519386697903,2.50478225486667e-05,0.04845016077160835,,0.05019858479499817,0.8318434176101589,0.0015826988965272903
,,,0.8927935000974685,,0.9986388698342832,8.609915767927739e-08,0.0,0.0,fixed-hybrid,,0.0,1,0.0,200,composition,0.2389694322124945,5.579667713577843e-05,0.03414429351687431,,0.03379073739051819,0.23929753927813138,0.004480739124119282
,,,1.3632886670529842,,0.9986165617617135,3.824982956421377e-07,0.0,0.0,fixed-hybrid,,0.0,1,0.0,300,composition,0.9812037658383606,1.3367224678295407e-05,0.021244512870907784,,0.02841559611260891,0.9826400039410962,0.0009590121917426586
,,,1.7645289169158787,,0.9987852937865831,6.112475557519602e-07,0.0,0.0,fixed-hybrid,,0.0,1,0.0,400,composition,0.9045644809259241,4.922334321716312e-05,0.024335497990250587,,0.017939426004886627,0.9053962264188609,0.0017442827811464667
,,,2.217003541998565,,0.9987751561813277,7.04366239092885e-08,0.0,0.0,fixed-hybrid,,0.0,1,0.0,500,composition,0.16481082064531538,7.630471044681541e-05,0.010438032448291779,,0.013638053089380264,0.16800762740637906,0.0033099951688200235
,,,2.639960041968152,,0.9987461646297775,4.7966780122249835e-08,0.0,0.0,fixed-hybrid,,0.0,1,0.0,600,composition,0.8240134048988825,2.2036092311505882e-05,0.009195469319820404,,0.012180553749203682,0.8264131674781482,0.0025043704081326723
,,,3.0922262920066714,,0.9985075021853623,1.757508703831417e-07,0.0,0.0,fixed-hybrid,,0.0,1,0.0,700,composition,0.9574797499674264,6.368697796444303e-06,0.01870051585137844,,0.02196076698601246,0.9607246104676399,0.0010336495470255613
,,,3.5320268750656396,,0.9986008567698833,7.012524701068074e-08,0.0,0.0,fixed-hybrid,,0.0,1,0.0,800,composition,0.02394094963120573,4.702847806979392e-05,0.01112322323024273,,0.010742644779384136,0.02425582535376176,0.0017906056018546224
,,,4.006564333103597,,0.99861602260237,2.9692896269538917e-08,0.0,0.0,fixed-hybrid,,0.0,1,0.0,900,composition,-0.26075026198437024,4.047470330455935e-05,0.010386421345174313,,0.007924947887659073,-0.2592810692832104,0.0019109498243778944
,,,4.440202625002712,,0.9987663951881411,9.937201752086082e-09,0.0,0.0,fixed-hybrid,,0.0,1,0.0,1000,composition,0.8941922161762638,2.3877933001718997e-05,0.0057206787168979645,,0.007221414241939783,0.8943394550429651,0.0008785941754467785
,,,4.882319957949221,,0.9983633232455804,3.684411686893873e-08,0.0,0.0,fixed-hybrid,,0.0,1,0.0,1100,composition,0.9460878078293635,2.2714091159393804e-06,0.004955905023962259,,0.006273720413446426,0.9488644532769379,0.0007816179422661662
,,,5.393128999974579,,0.9985423555463664,1.4988285587525173e-08,0.0,0.0,fixed-hybrid,,0.0,1,0.0,1200,composition,0.7424747900963862,7.289088218226706e-06,0.0024014427326619625,,0.004344298969954252,0.7436309102400402,0.0008819059003144503
,,,5.830134291900322,,0.9986892885306945,3.85901012838227e-08,0.0,0.0,fixed-hybrid,,0.0,1,0.0,1300,composition,0.2561092455118771,5.011917794640676e-05,0.003957791719585657,,0.004721985664218664,0.2581942408861824,0.0017455928027629852
,,,6.239114958094433,,0.9985579843295105,9.32448972876441e-08,0.0,0.0,fixed-hybrid,,0.0,1,0.0,1400,composition,0.8331180802736619,1.1130181443922221e-05,0.0035389515105634928,,0.0025135809555649757,0.832871500347283,0.0005398750072345138
,,,6.658749375026673,,0.9985734102964715,8.153412740204319e-08,0.0,0.0,fixed-hybrid,,0.0,1,0.0,1500,composition,0.7446081760347452,1.4426531596467116e-05,0.0025025438517332077,,0.003742166794836521,0.74446068808283,0.0012924239272251725
,,,7.0876357920933515,,0.9983384338872313,4.131265233069993e-08,0.0,0.0,fixed-hybrid,,0.0,1,0.0,1600,composition,0.8673279626397389,5.1597894427891487e-05,0.00099096167832613,,0.0011524182045832276,0.8675295860675994,0.002985253930091858
,,,7.516164416912943,,0.9980252432719867,1.6315109505281947e-07,0.0,0.0,fixed-hybrid,,0.0,1,0.0,1700,composition,0.8098206686165772,1.5959284744788662e-05,0.001966067124158144,,0.0018937746062874794,0.8106017184619444,0.002663019811734557
,,,7.92309679207392,,0.9986466009512951,2.1917188276957272e-08,0.0,0.0,fixed-hybrid,,0.0,1,0.0,1800,composition,0.10331044114732373,1.8369534088174528e-05,0.0007048291154205799,,0.0020174833480268717,0.10276961430006236,0.001915107131935656
,,,8.515497917076573,,0.998383653857561,1.6375898050377282e-08,0.0,0.0,fixed-hybrid,,0.0,1,0.0,1900,composition,0.25558865684706966,9.247188858095647e-06,0.0006114887073636055,,0.0008040363900363445,0.26113123528509896,0.0012413286603987217
,,,8.929055500077084,,0.9986420701455467,2.570962756854654e-08,0.0,0.0,fixed-hybrid,,0.0,1,0.0,2000,composition,0.6249142797632097,8.374437011981727e-06,0.0008801727090030909,,0.0005349049461074173,0.6251609529847245,0.001518312026746571
,,,0.0027681670617312193,,,,,0.005879415897652507,calibrated,,0.0,1,0.005879415897652507,0,composition,,,,,0.4229147732257843,,6.27765530225588e-06
,,,0.4039443749934435,,0.9999040158479885,3.314996620503255e-09,0.00594679186228482,0.005879415897652507,calibrated,,0.0,1,0.005879415897652507,100,composition,0.907235533650257,4.528625140582561e-06,0.04604312777519226,,0.04768462851643562,0.9065576531919486,0.000193302272236906
,,,0.8162651669699699,,0.9999124683892416,8.279853795602893e-09,0.019092331768388107,0.005879415897652507,calibrated,,0.0,1,0.005879415897652507,200,composition,0.9225484803383762,7.871105315440445e-06,0.03605898097157478,,0.03408415615558624,0.9224652348644535,0.0003314959176350385
,,,1.2264797079842538,,0.9999030304488947,1.1524536554714158e-08,0.022430881585811163,0.005879415897652507,calibrated,,0.0,1,0.005879415897652507,300,composition,0.9689369135097469,3.9484920337386235e-06,0.018048923462629318,,0.02916877157986164,0.9690777068607388,0.0002872407203540206
,,,1.6250322500709444,,0.9999178854586818,3.7730781336460414e-08,0.012936880542514346,0.005879415897652507,calibrated,,0.0,1,0.005879415897652507,400,composition,0.9985707509445718,2.436466837973129e-06,0.03487715870141983,,0.02454889565706253,0.9986187653445058,0.00010244932491332293
,,,2.0178170001599938,,0.9998926320385437,8.864139770246281e-09,0.012832550860719875,0.005879415897652507,calibrated,,0.0,1,0.005879415897652507,500,composition,0.9833401200839699,1.3656450058302774e-06,0.017696650698781013,,0.024940520524978638,0.9832617286314785,0.00018604120123200119
,,,2.5369184580631554,,0.9999183033943102,5.308506852071869e-09,0.013458528951486698,0.005879415897652507,calibrated,,0.0,1,0.005879415897652507,600,composition,0.9795823744048101,5.289171909569913e-06,0.019253414124250412,,0.022440548986196518,0.9795048955685726,0.00037817723932676017
,,,2.9515945001039654,,0.9999126873788137,6.14264337803014e-09,0.010537297861241524,0.005879415897652507,calibrated,,0.0,1,0.005879415897652507,700,composition,0.8279267572991661,1.3968939426563635e-05,0.025439435616135597,,0.022321684285998344,0.8281829935904245,0.0005159588763490319
,,,3.356864625122398,,0.9999080846271252,9.92323787039204e-09,0.013562858633281168,0.005879415897652507,calibrated,,0.0,1,0.005879415897652507,800,composition,0.9983312531061828,1.2261399299335087e-05,0.016444731503725052,,0.01838310807943344,0.9984939959796012,0.0005191073287278414
,,,3.7676841670181602,,0.9999133021902088,2.7354414607557177e-09,0.025456442357850807,0.005879415897652507,calibrated,,0.0,1,0.005879415897652507,900,composition,0.060170747293504044,1.6824270539241393e-05,0.015257183462381363,,0.016133734956383705,0.06017816093526493,0.00145116972271353
,,,4.1886782080400735,,0.9999083169626388,6.5250412494639345e-09,0.012832550860719875,0.005879415897652507,calibrated,,0.0,1,0.005879415897652507,1000,composition,0.9961261329211388,1.7925018601509085e-05,0.009438934735953808,,0.011155965737998486,0.996181690442603,0.0010426228400319815
,,,4.607940667076036,,0.9999197993632948,4.653534507411552e-09,0.010641627543035994,0.005879415897652507,calibrated,,0.0,1,0.005879415897652507,1100,composition,0.9036994146795496,6.848534014994175e-06,0.007721403613686562,,0.014778783544898033,0.9038455177758634,0.00020607908663805574
,,,5.03728170809336,,0.999898295407288,2.562682561412015e-09,0.020970266040688575,0.005879415897652507,calibrated,,0.0,1,0.005879415897652507,1200,composition,0.6213453611952685,2.01660732112675e-05,0.004574558697640896,,0.007629468571394682,0.6215092775755069,0.0008679515449330211
,,,5.501946750096977,,0.9999081611810747,1.7295194024264916e-08,0.014188836724047992,0.005879415897652507,calibrated,,0.0,1,0.005879415897652507,1300,composition,0.8301179566169876,2.916024313987892e-05,0.006358841434121132,,0.005503510124981403,0.8295970464123015,0.0008808784186840057
,,,5.935774957993999,,0.9999149921616667,3.1882397835957707e-09,0.010328638497652582,0.005879415897652507,calibrated,,0.0,1,0.005879415897652507,1400,composition,0.5454417879317697,1.8089870497483255e-05,0.0030411207117140293,,0.00351295480504632,0.5463758870246634,0.0003794320800807327
,,,6.345849875127897,,0.9999045490874876,5.309451755078834e-09,0.02013562858633281,0.005879415897652507,calibrated,,0.0,1,0.005879415897652507,1500,composition,0.9905066417926283,2.6352844415726974e-06,0.002353174611926079,,0.00319000449962914,0.9906290238128405,0.0003597309987526387
,,,6.756077958038077,,0.9999113498922939,6.000812439874506e-09,0.018883672404799167,0.005879415897652507,calibrated,,0.0,1,0.005879415897652507,1600,composition,0.991134515661474,1.3824761873613578e-06,0.001585568767040968,,0.0025910872500389814,0.9913435838812111,0.0002418709045741707
,,,7.165351458126679,,0.9999141109630502,1.2621760803632978e-08,0.02566510172143975,0.005879415897652507,calibrated,,0.0,1,0.005879415897652507,1700,composition,0.98621457772095,2.174782164937398e-05,0.0027281371876597404,,0.002504372503608465,0.9863967511609512,0.0007329483632929623
,,,7.575263125123456,,0.9999189176400537,2.7614417860465348e-09,0.012832550860719875,0.005879415897652507,calibrated,,0.0,1,0.005879415897652507,1800,composition,0.9802640701447018,7.497244303211486e-07,0.0008707172237336636,,0.0007809238159097731,0.9803272817475586,0.0003057228750549257
,,,7.989590791985393,,0.9999120201484695,3.856454276858111e-09,0.010850286906624936,0.005879415897652507,calibrated,,0.0,1,0.005879415897652507,1900,composition,0.9043635859153232,3.9889025257153775e-06,0.0008281889604404569,,0.0006555625004693866,0.9043405952848473,0.00044910816359333694
,,,8.410434750141576,,0.9999248887079814,2.0957219406009846e-09,0.01606677099634846,0.005879415897652507,calibrated,,0.0,1,0.005879415897652507,2000,composition,0.9298457609247796,3.5153754711379786e-06,0.0007031784043647349,,0.0004794969572685659,0.9296153452551292,0.00048520692507736385
,,,0.002647666959092021,,,,,0.005879415897652507,adaptive,,0.0,1,0.005879415897652507,0,composition,,,,,0.4229147732257843,,6.27765530225588e-06
,,,0.4061548749450594,,0.9999040158479885,3.314996620503255e-09,0.00594679186228482,0.005879415897652507,adaptive,,0.0,1,0.005879415897652507,100,composition,0.907235533650257,4.528625140582561e-06,0.04604312777519226,,0.04768462851643562,0.9065576531919486,0.000193302272236906
,,,0.8333165419753641,,0.9999124683892416,8.279853795602893e-09,0.019092331768388107,0.005879415897652507,adaptive,,0.005277290707454085,1,0.011156706605106592,200,composition,0.9225484803383762,7.871105315440445e-06,0.03605898097157478,,0.03408415615558624,0.9224652348644535,0.0003314959176350385
,,,1.268012624932453,,0.9999030304488947,1.1524536554714158e-08,0.022430881585811163,0.005879415897652507,adaptive,,0.010303164599463344,1,0.01618258049711585,300,composition,0.9689369135097469,3.9484920337386235e-06,0.018048923462629318,,0.02916877157986164,0.9690777068607388,0.0002872407203540206
,,,1.7172327919397503,,0.9999178854586818,3.7730781336460414e-08,0.012936880542514346,0.005879415897652507,adaptive,,0.015641541685909033,1,0.02152095758356154,400,composition,0.9985572913527616,2.4809867473696574e-06,0.03487715870141983,,0.02454889565706253,0.9986057305767022,0.00010211367771262303
,,,2.1596305000130087,,0.9998926320385437,8.864139770246281e-09,0.012832550860719875,0.005879415897652507,adaptive,,0.02147558517754078,1,0.027355001075193286,500,composition,0.9834341346996808,1.3552825932067756e-06,0.017696650698781013,,0.024940520524978638,0.9833557825752304,0.00018611022096592933
,,,2.5878826670814306,,0.9999183033943102,5.308506852071869e-09,0.013458528951486698,0.005879415897652507,adaptive,,0.02688608318567276,1,0.03276549908332527,600,composition,0.979251288832953,5.245443920573736e-06,0.019253414124250412,,0.022440548986196518,0.9791723509293881,0.0003742179833352566
,,,3.024811000097543,,0.9999126873788137,6.14264337803014e-09,0.010537297861241524,0.005879415897652507,adaptive,,0.03175058541819453,1,0.03763000131584704,700,composition,0.8274027144581316,1.3911833608277061e-05,0.025439435616135597,,0.022321684285998344,0.8276616023466407,0.0005176911945454776
,,,3.4556704580318183,,0.9999080846271252,9.92323787039204e-09,0.013562858633281168,0.005879415897652507,adaptive,,0.037002044497057796,1,0.0428814603947103,800,composition,0.9983028395454823,1.2234570668877523e-05,0.016444731503725052,,0.01838310807943344,0.9984666677084134,0.0005180606385692954
,,,3.8890346670523286,,0.9999133021902088,2.7354414607557177e-09,0.025456442357850807,0.005879415897652507,adaptive,,0.04246687586419284,1,0.04834629176184535,900,composition,0.06358539245083664,1.6779855364198135e-05,0.015257183462381363,,0.016133734956383705,0.06359515082001113,0.001448501949198544
,,,4.325598499970511,,0.9999083169626388,6.5250412494639345e-09,0.012832550860719875,0.005879415897652507,adaptive,,0.04753520782105625,1,0.053414623718708754,1000,composition,0.9961901804834815,1.768817117441622e-05,0.009438934735953808,,0.011155965737998486,0.9962433890706837,0.0010318905115127563
,,,4.75347137497738,,0.999920207695751,9.121415033036339e-09,0.01377151799687011,0.005879415897652507,adaptive,,0.05246141576208174,1,0.05834083165973425,1100,composition,0.9776180582496813,2.6259333793894537e-06,0.008839761838316917,,0.012829792685806751,0.977484822862544,0.0003813568037003279
,,,5.216416582930833,,0.9999037873768469,4.185968226004458e-09,0.019509650495565987,0.005879415897652507,adaptive,,0.05778733198530972,1,0.06366674788296223,1200,composition,0.7897342785144674,1.3634791025618829e-05,0.005206291098147631,,0.007196400780230761,0.7898047280358808,0.0004243857692927122
,,,5.6811734170187265,,0.9999198130277982,4.8647057219187325e-09,0.013562858633281168,0.005879415897652507,adaptive,,0.06370241334661841,1,0.06958182924427092,1300,composition,0.9208478437307331,5.6339110749722165e-06,0.004367604851722717,,0.005948053207248449,0.9208113582775531,0.00029570417245849967
,,,6.155452375067398,,0.9999182304294716,3.5576529816266962e-09,0.01387584767866458,0.005879415897652507,adaptive,,0.06901291268877685,1,0.07489232858642936,1400,composition,0.3025647545040995,2.002298242987145e-05,0.0029605752788484097,,0.0033113807439804077,0.3029399922964221,0.0004946296685375273
,,,6.624140166910365,,0.9999172506383825,5.444327480300596e-09,0.029003651538862807,0.005879415897652507,adaptive,,0.07398186880163848,1,0.07986128469929099,1500,composition,0.9952811720793804,3.463229450494293e-05,0.0025738964322954416,,0.002832084195688367,0.9953836609177388,0.0010336976265534759
,,,7.127914583077654,,0.9999198043374251,1.8495204906881006e-10,0.013980177360459051,0.005879415897652507,adaptive,,0.08132095285691321,1,0.08720036875456572,1600,composition,0.7918927964227682,3.444612398577935e-05,0.0007311507943086326,,0.0015701324446126819,0.7922835934209929,0.0019716203678399324
,,,7.600471042096615,,0.9999043011440752,2.044862019657257e-09,0.022952529994783515,0.005879415897652507,adaptive,,0.08730286522768438,1,0.09318228112533689,1700,composition,0.32122669855966507,3.047571884931269e-05,0.0009766733273863792,,0.0018737149657681584,0.32208468297432247,0.0005162614397704601
,,,7.998859208077192,,0.9999105051895185,4.639521231952211e-09,0.017318727177882107,0.005879415897652507,adaptive,,0.09289140673354268,1,0.09877082263119519,1800,composition,0.8144352128106623,1.3485560633394979e-05,0.0009725302807055414,,0.0008696161676198244,0.815007246849468,0.0011219034204259515
,,,8.419502458069474,,0.9999084153796026,7.290104888897675e-09,0.020239958268127283,0.005879415897652507,adaptive,,0.09797606989741325,1,0.10385548579506576,1900,composition,0.9062358565947084,1.1288461848126445e-05,0.0013664448633790016,,0.00035462784580886364,0.9060649739267145,0.0005280922632664442
,,,8.875266707967967,,0.9999118903902952,4.5431515701623167e-10,0.015440792905581638,0.005879415897652507,adaptive,,0.10336036328226328,1,0.10923977917991579,2000,composition,-0.2678543542010104,1.2292805039179152e-05,0.0003150220727548003,,0.0006464413017965853,-0.26741111798004313,0.0007663952419534326
,,,0.0023226661141961813,,,,,0.0,fp32,,0.0,2,0.0,0,linear,,,,,0.002291368553414941,,0.0
,,,0.07581229112111032,,1.0,0.0,0.0,0.0,fp32,,0.0,2,0.0,100,linear,1.0,0.0,0.00012377147504594177,,0.00013197453517932445,1.0,0.0
,,,0.1441315410193056,,0.9999999999999989,0.0,0.0,0.0,fp32,,0.0,2,0.0,200,linear,0.9999999999999989,0.0,4.770809755427763e-05,,5.2711005992023274e-05,0.9999999999999989,0.0
,,,0.21393049997277558,,0.9999999999999978,0.0,0.0,0.0,fp32,,0.0,2,0.0,300,linear,0.9999999999999978,0.0,2.747018515947275e-05,,3.350777842570096e-05,0.9999999999999978,0.0
,,,0.28395524993538857,,0.999999999999999,0.0,0.0,0.0,fp32,,0.0,2,0.0,400,linear,0.999999999999999,0.0,1.8508271750761196e-05,,2.1103038307046518e-05,0.999999999999999,0.0
,,,0.3535140410531312,,0.9999999999999989,0.0,0.0,0.0,fp32,,0.0,2,0.0,500,linear,0.9999999999999989,0.0,1.2499120202846825e-05,,1.4591437320632394e-05,0.9999999999999989,0.0
,,,0.42669699992984533,,0.9999999999999984,0.0,0.0,0.0,fp32,,0.0,2,0.0,600,linear,0.9999999999999984,0.0,1.004844034468988e-05,,1.0120242222910747e-05,0.9999999999999984,0.0
,,,0.5011830409057438,,0.9999999999999983,0.0,0.0,0.0,fp32,,0.0,2,0.0,700,linear,0.9999999999999983,0.0,7.265735348482849e-06,,7.07369281371939e-06,0.9999999999999983,0.0
,,,0.5712013330776244,,0.9999999999999982,0.0,0.0,0.0,fp32,,0.0,2,0.0,800,linear,0.9999999999999982,0.0,4.222983534418745e-06,,4.954086307407124e-06,0.9999999999999982,0.0
,,,0.641694457968697,,0.9999999999999973,0.0,0.0,0.0,fp32,,0.0,2,0.0,900,linear,0.9999999999999973,0.0,3.5247360301582376e-06,,3.779795406444464e-06,0.9999999999999973,0.0
,,,0.7109842079225928,,0.9999999999999984,0.0,0.0,0.0,fp32,,0.0,2,0.0,1000,linear,0.9999999999999984,0.0,2.8683948585239705e-06,,2.9922439352958463e-06,0.9999999999999984,0.0
,,,0.7787190000526607,,0.9999999999999974,0.0,0.0,0.0,fp32,,0.0,2,0.0,1100,linear,0.9999999999999974,0.0,3.318696826681844e-06,,2.7302185117150657e-06,0.9999999999999974,0.0
,,,0.8623840410728008,,0.9999999999999983,0.0,0.0,0.0,fp32,,0.0,2,0.0,1200,linear,0.9999999999999983,0.0,1.9685203369590454e-06,,2.7967896585323615e-06,0.9999999999999983,0.0
,,,0.9463812499307096,,0.9999999999999984,0.0,0.0,0.0,fp32,,0.0,2,0.0,1300,linear,0.9999999999999984,0.0,2.0864624730165815e-06,,2.0538475382636534e-06,0.9999999999999984,0.0
,,,1.0228866660036147,,0.9999999999999982,0.0,0.0,0.0,fp32,,0.0,2,0.0,1400,linear,0.9999999999999982,0.0,2.0914239939884283e-06,,2.2981801066634944e-06,0.9999999999999982,0.0
,,,1.0949275000020862,,0.999999999999999,0.0,0.0,0.0,fp32,,0.0,2,0.0,1500,linear,0.999999999999999,0.0,2.2284443730313797e-06,,1.6742803836677922e-06,0.999999999999999,0.0
,,,1.1751732910051942,,0.9999999999999978,0.0,0.0,0.0,fp32,,0.0,2,0.0,1600,linear,0.9999999999999978,0.0,1.365935759167769e-06,,1.6651383702992462e-06,0.9999999999999978,0.0
,,,1.2708430830389261,,0.9999999999999976,0.0,0.0,0.0,fp32,,0.0,2,0.0,1700,linear,0.9999999999999976,0.0,1.37461995564081e-06,,4.216555225866614e-06,0.9999999999999976,0.0
,,,1.3592607909813523,,0.9999999999999986,0.0,0.0,0.0,fp32,,0.0,2,0.0,1800,linear,0.9999999999999986,0.0,2.059634425677359e-06,,1.4882151617712225e-06,0.9999999999999986,0.0
,,,1.4325979580171406,,0.9999999999999972,0.0,0.0,0.0,fp32,,0.0,2,0.0,1900,linear,0.9999999999999972,0.0,2.1227565412118565e-06,,1.491063017056149e-06,0.9999999999999972,0.0
,,,1.5041860409546643,,0.999999999999998,0.0,0.0,0.0,fp32,,0.0,2,0.0,2000,linear,0.999999999999998,0.0,1.4054480743652675e-06,,1.3262456377560738e-06,0.999999999999998,0.0
,,,0.0026652500964701176,,,,,0.0,fixed-e4m3,,0.0,2,0.0,0,linear,,,,,0.0028998691122978926,,8.77553757163696e-05
,,,0.4245547919999808,,0.9996525246626313,7.399446399353124e-11,0.00010432968179447053,0.0,fixed-e4m3,,0.0,2,0.0,100,linear,0.9417915062169472,8.415271144278492e-07,0.00012132856500102207,,0.00013007158122491091,0.9437828442361096,0.00017141956777777523
,,,0.9240850829519331,,0.9997067915697594,7.127170802225925e-13,0.0,0.0,fixed-e4m3,,0.0,2,0.0,200,linear,0.2517694664869849,1.071480936872503e-06,4.6028140786802396e-05,,5.216296267462894e-05,0.2511589914355313,0.00021776120411232114
,,,1.384518250124529,,0.9996760510956807,8.295248501994697e-13,0.0,0.0,fixed-e4m3,,0.0,2,0.0,300,linear,0.8761892853423149,3.659898991805812e-07,2.6900732336798683e-05,,4.261134017724544e-05,0.8762134538775858,0.0001632772182347253
,,,1.8254722920246422,,0.9995902694008559,1.5595859600486305e-11,0.0,0.0,fixed-e4m3,,0.0,2,0.0,400,linear,0.8330533408256391,3.408828563691139e-07,2.3021788365440443e-05,,2.52154150075512e-05,0.8349995202923648,0.0001384469651384279
,,,2.229446457931772,,0.9995979629621596,1.3905773475671766e-12,0.0,0.0,fixed-e4m3,,0.0,2,0.0,500,linear,0.24528505980492113,2.1840381835445584e-07,1.4321608432510402e-05,,1.8173146600020118e-05,0.25240430697177507,0.00011315616575302556
,,,2.66954870801419,,0.999609506023726,3.449340664741921e-10,0.0,0.0,fixed-e4m3,,0.0,2,0.0,600,linear,0.6341325621652457,2.735840420858668e-07,9.437088738195598e-05,,2.6120782422367483e-05,0.6337110136685852,0.0001328416110482067
,,,3.32220433303155,,0.9995649366762751,3.01215335367729e-11,0.0,0.0,fixed-e4m3,,0.0,2,0.0,700,linear,-0.12109515836049979,2.782261230856502e-07,2.250675970572047e-05,,2.088020664814394e-05,-0.1226976761125496,0.0001111648089135997
,,,3.900090957991779,,0.999592880989124,3.5739088078253435e-10,0.0,0.0,fixed-e4m3,,0.0,2,0.0,800,linear,0.7937833034845361,2.458449563460362e-07,8.512090425938368e-05,,2.8257109079277143e-05,0.7936995059898083,9.0443340013735e-05
,,,4.38262820802629,,0.9997320854032702,4.423742863509194e-13,0.00010432968179447053,0.0,fixed-e4m3,,0.0,2,0.0,900,linear,0.9114345374625984,4.0836777208196056e-07,5.969170615571784e-06,,1.1383587661839556e-05,0.9109123216577688,0.00012854431406594813
,,,4.849012417020276,,0.9997541184225788,5.6207053210275426e-12,0.0,0.0,fixed-e4m3,,0.0,2,0.0,1000,linear,-0.2410499696657462,3.035883632784056e-07,7.0344508458219934e-06,,7.244115295179654e-06,-0.24442111140436576,0.00015972858818713576
,,,5.3728674170561135,,0.9996427389543739,3.243481379193943e-12,0.0,0.0,fixed-e4m3,,0.0,2,0.0,1100,linear,0.5755071725093296,5.037075546525898e-07,5.591966328211129e-06,,6.035109436197672e-06,0.5789566536309723,0.0001478133926866576
,,,5.949279082939029,,0.9996528850699392,9.79436919155061e-12,0.0,0.0,fixed-e4m3,,0.0,2,0.0,1200,linear,-0.5638469296417611,4.22585721769073e-07,6.401498467312194e-06,,4.932839146931656e-06,-0.5633387889441717,0.00013128944556228817
,,,6.40610145800747,,0.9997181313087866,1.5418676971508384e-12,0.0,0.0,fixed-e4m3,,0.0,2,0.0,1300,linear,-0.43661491701131017,1.9553891250896477e-07,3.766857844311744e-06,,8.603611604485195e-06,-0.43688669176968425,0.00011155552056152374
,,,6.845153749920428,,0.999681148687434,6.111932965456142e-14,0.0,0.0,fixed-e4m3,,0.0,2,0.0,1400,linear,0.4396478582668787,1.2037863601344207e-07,2.5413273760932498e-06,,3.5637681321532e-06,0.4392605801994928,9.696609049569815e-05
,,,7.363314457936212,,0.999624042644366,4.702860345157058e-11,0.0,0.0,fixed-e4m3,,0.0,2,0.0,1500,linear,0.4982019167827389,1.5358677418685998e-07,1.1969312254223041e-05,,3.929942977265455e-06,0.49774979505427747,0.00011949754843953997
,,,8.024955624947324,,0.9996616490248362,1.1000905173835007e-11,0.0,0.0,fixed-e4m3,,0.0,2,0.0,1600,linear,-0.19541424548254366,3.2948192608580265e-07,6.003075213811826e-06,,2.7036542178393574e-06,-0.19693275778512986,0.00014116063539404422
,,,8.669578332919627,,0.9996810595644844,6.233788216413358e-11,0.0,0.0,fixed-e4m3,,0.0,2,0.0,1700,linear,0.14226935183906736,3.214241317500792e-07,1.6355117622879334e-05,,2.7367138955014525e-06,0.14502562355612017,0.00011979495320701972
,,,9.298306208103895,,0.9995517999300259,2.4455340099403682e-12,0.0,0.0,fixed-e4m3,,0.0,2,0.0,1800,linear,-0.5129034897626349,3.343267078716795e-07,3.200045284756925e-06,,2.794618467305554e-06,-0.5151434379646266,0.000130496991914697
,,,9.92701133294031,,0.9996258806011579,2.0162376268120628e-10,0.0,0.0,fixed-e4m3,,0.0,2,0.0,1900,linear,0.7599391095924971,2.8879635284960416e-07,4.0676299249753356e-05,,1.984865593840368e-05,0.7608949959685575,0.0001283333549508825
,,,10.509604207938537,,0.999570858344556,1.4847950400232172e-12,0.00010432968179447053,0.0,fixed-e4m3,,0.0,2,0.0,2000,linear,-0.6282741193871522,5.314379916070066e-07,4.345793058746494e-06,,7.204630492196884e-06,-0.6272145800746635,0.00026425151736475527
,,,0.0030179161112755537,,,,,0.0,fixed-e5m2,,0.0,2,0.0,0,linear,,,,,0.005688859615474939,,0.0018722913227975368
,,,0.558512374991551,,0.998655950621092,6.093769195156679e-11,0.0,0.0,fixed-e5m2,,0.0,2,0.0,100,linear,-0.6494585261444247,1.0012020181455238e-05,0.00011548431939445436,,0.00013364570622798055,-0.6543257032764974,0.0016432334668934345
,,,1.1261578749399632,,0.9986031863270378,6.142318185710285e-12,0.0,0.0,fixed-e5m2,,0.0,2,0.0,200,linear,-0.48953309301430176,1.0779827292613963e-05,4.90779711981304e-05,,5.73748184251599e-05,-0.4872368258813646,0.0016773203387856483
,,,1.6923525831662118,,0.9988784123235653,8.134273053900901e-12,0.0,0.0,fixed-e5m2,,0.0,2,0.0,300,linear,-0.8424643568942071,1.2703855003058943e-05,2.9577280656667426e-05,,3.4734246582956985e-05,-0.842029031763497,0.0020052017644047737
,,,2.2971930829808116,,0.9981002090940085,1.8737982590162134e-09,0.0,0.0,fixed-e5m2,,0.0,2,0.0,400,linear,-0.9962877124778022,1.4397484673090058e-05,9.743348346091807e-05,,0.00010069649579236284,-0.9981338791577793,0.0015916244592517614
,,,2.734837875002995,,0.998606978324774,9.185593482673182e-12,0.0,0.0,fixed-e5m2,,0.0,2,0.0,500,linear,-0.8706059058233865,1.1312219491093821e-05,1.495560718467459e-05,,3.2166422897716984e-05,-0.8752267150318956,0.001799922902137041
,,,3.2983979161363095,,0.9988851712078807,7.689762640447041e-12,0.0,0.0,fixed-e5m2,,0.0,2,0.0,600,linear,-0.8990574981530912,1.1586289675938685e-05,1.0261712304782122e-05,,1.4243313671613578e-05,-0.9011596860363491,0.001605764962732792
,,,3.988652833038941,,0.9987214973568476,2.470618615743904e-10,0.0,0.0,fixed-e5m2,,0.0,2,0.0,700,linear,-0.9925434133991063,8.147943350287404e-06,2.4762304747127928e-05,,9.059021977009252e-06,-0.9939902280126747,0.0013654424110427499
,,,4.5422235410660505,,0.9986530168754433,1.68229614981698e-11,0.0,0.0,fixed-e5m2,,0.0,2,0.0,800,linear,-0.787170270864324,9.166316797577151e-06,6.262547231017379e-06,,3.478148937574588e-05,-0.7894859687755955,0.001879158429801464
,,,5.012943333014846,,0.9980766545729637,4.4439697873383804e-11,0.0,0.0,fixed-e5m2,,0.0,2,0.0,900,linear,0.06601731580078911,9.139504210746988e-06,9.56266467255773e-06,,7.855837793613318e-06,0.07601049060907569,0.0015209438279271126
,,,5.495102458167821,,0.9984103260582057,4.700244438007949e-10,0.0,0.0,fixed-e5m2,,0.0,2,0.0,1000,linear,-0.9873346280947651,7.78199741530018e-06,2.5791916414164007e-05,,2.4104054318740964e-05,-0.9889662692695893,0.0009816132951527834
,,,6.005957250017673,,0.9986541200383326,4.902408021640645e-12,0.0,0.0,fixed-e5m2,,0.0,2,0.0,1100,linear,0.9724747255971139,7.335143572362952e-06,2.023379920501611e-06,,4.246293883625185e-06,0.9739652003720007,0.0012879058485850692
,,,6.548123041167855,,0.998835205772783,2.8872942070645463e-10,0.0,0.0,fixed-e5m2,,0.0,2,0.0,1200,linear,0.8101307735788108,8.131412728032198e-06,4.5692500862060115e-05,,0.00018028025806415826,0.8100181654856105,0.0013946586987003684
,,,6.982514291070402,,0.9990895086082152,1.3476208987566174e-10,0.0,0.0,fixed-e5m2,,0.0,2,0.0,1300,linear,0.9728395256792126,6.852768873042135e-06,1.3989932085678447e-05,,1.5121716387511697e-05,0.9727611459258323,0.0015308376168832183
,,,7.440783665981144,,0.9984957414605257,7.359373863646002e-10,0.0,0.0,fixed-e5m2,,0.0,2,0.0,1400,linear,-0.9394282331899313,9.180829942770696e-06,4.4725766201736405e-05,,2.8698354071821086e-05,-0.9425052977620266,0.0016577267087996006
,,,7.914609333034605,,0.9988899584841725,6.326810839429403e-12,0.0,0.0,fixed-e5m2,,0.0,2,0.0,1500,linear,-0.46092205740272246,1.0708537220511293e-05,2.771797653622343e-06,,3.426346893320442e-06,-0.4626149348840112,0.0020453513134270906
,,,8.347795916022733,,0.9986605053689852,1.0826368330448142e-10,0.0,0.0,fixed-e5m2,,0.0,2,0.0,1600,linear,-0.9315012708056549,1.355015482181295e-05,1.1062264093197882e-05,,6.311272954917513e-06,-0.9325322446813694,0.0021475946996361017
,,,8.763502666028216,,0.9985114954261918,6.190126075785265e-11,0.0,0.0,fixed-e5m2,,0.0,2,0.0,1700,linear,-0.9863348972953289,1.4563226316171854e-05,4.8324509407393634e-06,,2.2721567347616656e-06,-0.9882676862875582,0.00248167896643281
,,,9.170370707986876,,0.9985386865038114,2.163812175106433e-09,0.0,0.0,fixed-e5m2,,0.0,2,0.0,1800,linear,0.9681837833566675,1.364964385246723e-05,0.00012971967225894332,,0.0002512307255528867,0.9713941625282191,0.003645329736173153
,,,9.622703416040167,,0.9983741125597726,1.0304896716436188e-09,0.0,0.0,fixed-e5m2,,0.0,2,0.0,1900,linear,0.7734200485042211,1.4447677564743181e-05,8.672747935634106e-05,,5.4168693168321624e-05,0.772717745747641,0.002824122551828623
,,,10.152971707982942,,0.9985646539273835,1.4288414764119047e-11,0.0,0.0,fixed-e5m2,,0.0,2,0.0,2000,linear,-0.6980294747460056,1.6284564388048346e-05,3.4384670470899437e-06,,3.3449159673182294e-06,-0.7012687462909485,0.00302474619820714
,,,0.0035574999637901783,,,,,0.0,fixed-hybrid,,0.0,2,0.0,0,linear,,,,,0.0028998691122978926,,8.77553757163696e-05
,,,0.5322487920057029,,0.998973253658715,1.3006512373312879e-10,0.0,0.0,fixed-hybrid,,0.0,2,0.0,100,linear,0.9229882640771534,9.028791998295526e-07,0.00011473835911601782,,0.00014141453721094877,0.9238176527250954,0.00018717205966822803
,,,1.057377666933462,,0.9986024149311089,4.217941132023477e-11,0.0,0.0,fixed-hybrid,,0.0,2,0.0,200,linear,-0.7216484749525285,3.0032103818382027e-07,4.740481381304562e-05,,5.398979556048289e-05,-0.7213145263284751,8.155519026331604e-05
,,,1.5337832919321954,,0.9988033616250951,2.4917517076524887e-11,0.0,0.0,fixed-hybrid,,0.0,2,0.0,300,linear,0.08562452069001247,2.62577683938665e-07,2.7800600946648046e-05,,3.3647964301053435e-05,0.08145797058752999,0.00012485271145123988
,,,2.016355459112674,,0.998508527609522,2.8435748635053182e-12,0.0,0.0,fixed-hybrid,,0.0,2,0.0,400,linear,0.08701628679804357,4.951546535860644e-07,1.902700387290679e-05,,6.20246137259528e-05,0.0878117137854143,0.00017744183423928916
,,,2.50881608389318,,0.998799242419687,2.5919152812241913e-11,0.0,0.0,fixed-hybrid,,0.0,2,0.0,500,linear,0.05713918922637145,2.4969577396087824e-07,1.5977797374944203e-05,,1.8693453966989182e-05,0.05511630297816391,0.00015569226525258273
,,,2.9518405839335173,,0.9987967540110256,7.441069392611009e-11,0.0,0.0,fixed-hybrid,,0.0,2,0.0,600,linear,0.11963708192913801,2.8312229018302016e-07,1.4109819858276751e-05,,1.3378295989241451e-05,0.11117380026847135,0.00013464255607686937
,,,3.5129838748835027,,0.9985559085003254,3.1171817032487053e-10,0.0,0.0,fixed-hybrid,,0.0,2,0.0,700,linear,-0.3052638021141354,3.752706401457712e-07,3.0895931558916345e-05,,6.624461821047589e-05,-0.3044521367698983,0.0001140127787948586
,,,4.062027791980654,,0.9984981431553918,4.979804893843157e-10,0.0,0.0,fixed-hybrid,,0.0,2,0.0,800,linear,0.7550357623159552,3.742908194364558e-07,4.572533362079412e-05,,2.257086816825904e-05,0.7591167336080183,8.262204210041091e-05
,,,4.617421709001064,,0.9987742914219396,1.3113056061518676e-11,0.0,0.0,fixed-hybrid,,0.0,2,0.0,900,linear,-0.5421185031285884,3.8418940235823284e-07,6.219487659109291e-06,,6.199688868946396e-06,-0.5415346065279696,0.00011244783672736958
,,,5.050060583977029,,0.9983581123504961,3.71389325184721e-11,0.0,0.0,fixed-hybrid,,0.0,2,0.0,1000,linear,-0.6746871197961308,3.483246635588769e-07,6.431459041777998e-06,,5.878825049876468e-06,-0.6728397093373696,0.0001489245769334957
,,,5.452220499981195,,0.9988752260470538,7.577304252490797e-13,0.0,0.0,fixed-hybrid,,0.0,2,0.0,1100,linear,0.05024530889036803,3.05922652738415e-07,2.9811844797222875e-06,,4.1230928218283225e-06,0.054132893838174725,0.00010973924509016797
,,,5.947572417091578,,0.9986030930386504,1.4214077584181708e-10,0.0,0.0,fixed-hybrid,,0.0,2,0.0,1200,linear,-0.21958369507406308,3.1809966195985584e-07,1.0604651834000833e-05,,6.275423402257729e-06,-0.21531093855345404,9.273977775592357e-05
,,,6.380259583937004,,0.9985222857708232,3.646435683883059e-11,0.0,0.0,fixed-hybrid,,0.0,2,0.0,1300,linear,-0.5866314860808085,3.541880741914108e-07,4.134863047511317e-06,,2.7115775083075278e-06,-0.5800201347459977,0.00013542590022552758
,,,6.7893029591068625,,0.9986146061368703,1.2546080219567468e-10,0.0,0.0,fixed-hybrid,,0.0,2,0.0,1400,linear,-0.6247484160012788,3.4682328602332733e-07,9.426285032532178e-06,,8.209871339204255e-06,-0.6216998181212408,0.0001530488079879433
,,,7.177731208968908,,0.9989712553121175,1.1710778599673342e-11,0.0,0.0,fixed-hybrid,,0.0,2,0.0,1500,linear,0.0915968928848551,2.783587613507965e-07,3.4503771075833356e-06,,3.1486858915741323e-06,0.09534473935615867,0.0001383745257044211
,,,7.589445000048727,,0.9985590009679188,4.797635349285742e-12,0.0,0.0,fixed-hybrid,,0.0,2,0.0,1600,linear,0.47366693906891993,4.749556295916039e-07,1.710066499072127e-06,,1.8149880816054065e-06,0.4719829867405186,0.0001353593688691035
,,,8.026419250061736,,0.998995517477267,1.4717572064561247e-10,0.0,0.0,fixed-hybrid,,0.0,2,0.0,1700,linear,-0.8579940561403204,9.480349456962589e-07,1.2166061424068175e-05,,9.81931862042984e-06,-0.8582653200800887,0.00014106096932664514
,,,8.45761008397676,,0.9988366398920584,3.5778835772015333e-10,0.0,0.0,fixed-hybrid,,0.0,2,0.0,1800,linear,0.8398214032412198,2.940711623700426e-07,2.6217599952360615e-05,,1.010752203001175e-05,0.8454662587651864,0.0001520698278909549
,,,8.863185833906755,,0.9987292328268796,2.1659775777619418e-12,0.0,0.0,fixed-hybrid,,0.0,2,0.0,1900,linear,-0.8976997944806697,8.725858956980215e-07,1.8287244074599585e-06,,4.809925485460553e-06,-0.9010768446320707,0.00023468962172046304
,,,9.288298584055156,,0.9987657293183068,1.4123137576660725e-10,0.0,0.0,fixed-hybrid,,0.0,2,0.0,2000,linear,0.7578249801024239,8.401614234859321e-07,1.3389684681897052e-05,,1.6057814718806185e-05,0.7580426942559251,0.00019267511379439384
,,,0.0026852500159293413,,,,,0.010131750022992492,calibrated,,0.0,2,0.010131750022992492,0,linear,,,,,0.002597704529762268,,0.00010233531793346629
,,,0.4768666250165552,,0.9999017485369096,3.603350133247891e-11,0.016484089723526343,0.010131750022992492,calibrated,,0.0,2,0.010131750022992492,100,linear,0.953846995792457,1.6534748295799484e-08,0.00013507905532605946,,0.00013490846322383732,0.9550842567186679,1.1350021850375924e-05
,,,0.9088000420015305,,0.9999352477663778,2.3280018961576916e-13,0.009389671361502348,0.010131750022992492,calibrated,,0.0,2,0.010131750022992492,200,linear,0.7086413116818114,3.742554725313698e-08,4.7287459892686456e-05,,5.3804218623554334e-05,0.7095932418780134,1.8566530343377963e-05
,,,1.311035708989948,,0.9998973934800366,3.4431662091047237e-12,0.010328638497652582,0.010131750022992492,calibrated,,0.0,2,0.010131750022992492,300,linear,0.951526869163236,1.7888706700830165e-07,3.0464425435638987e-05,,4.028584953630343e-05,0.9517442337206466,3.470048977760598e-05
,,,1.7407128340564668,,0.9998968867098171,2.1283073803085003e-13,0.013980177360459051,0.010131750022992492,calibrated,,0.0,2,0.010131750022992492,400,linear,-0.20610381989181384,3.7499508477168367e-07,1.7716982256388292e-05,,2.0975050574634224e-05,-0.20728857695706032,6.643113010795787e-05
,,,2.196971792029217,,0.9998873572973391,1.4057172494073265e-12,0.013458528951486698,0.010131750022992492,calibrated,,0.0,2,0.010131750022992492,500,linear,0.9946298696233832,4.2695555790160414e-07,1.2775614777638111e-05,,1.4074420505494345e-05,0.9946871775734953,8.514679211657494e-05
,,,2.634210125077516,,0.9999283608802566,1.0322098899630814e-11,0.012623891497130934,0.010131750022992492,calibrated,,0.0,2,0.010131750022992492,600,linear,-0.9035223612637846,8.426203733519593e-07,1.9208355297450908e-05,,1.0426410881336778e-05,-0.9039976884873411,0.00012101140600861982
,,,3.0393852500710636,,0.9999240639743894,8.692682075231174e-13,0.012936880542514346,0.010131750022992492,calibrated,,0.0,2,0.010131750022992492,700,linear,-0.9464742687271082,6.845311116698676e-07,8.263016752607655e-06,,1.2190877896500751e-05,-0.946598924735028,0.00013674733054358512
,,,3.4553090420085937,,0.999890293000381,1.3537842406835931e-11,0.008450704225352112,0.010131750022992492,calibrated,,0.0,2,0.010131750022992492,800,linear,0.9661043292495861,2.8886821402784345e-07,1.4115716112428345e-05,,1.3695284906134475e-05,0.966166092614056,8.864168194122612e-05
,,,3.9164995420724154,,0.9998978779988681,8.521521166019027e-12,0.018988002086593635,0.010131750022992492,calibrated,,0.0,2,0.010131750022992492,900,linear,0.818282475387905,4.989109860243267e-07,1.0765702427306678e-05,,1.6571308151469566e-05,0.8190489894079387,0.00010859546455321833
,,,4.352374209091067,,0.9999060389493933,6.423326797353489e-12,0.015127803860198226,0.010131750022992492,calibrated,,0.0,2,0.010131750022992492,1000,linear,-0.6312253358503336,4.828518488108456e-07,8.501623597112484e-06,,1.8025459212367423e-05,-0.6304058567203825,4.2713218135759234e-05
,,,4.7504685840103775,,0.9999201757271609,2.3902095533922018e-12,0.008242044861763172,0.010131750022992492,calibrated,,0.0,2,0.010131750022992492,1100,linear,0.7943277694492366,1.1401014902827566e-07,4.249613084539305e-06,,5.0656281018746085e-06,0.7950681727685609,4.118751166970469e-05
,,,5.148826250107959,,0.9999143394945809,1.1526378594669898e-12,0.019300991131977047,0.010131750022992492,calibrated,,0.0,2,0.010131750022992492,1200,linear,-0.08491023613953871,1.200141354632753e-07,3.3206474654434714e-06,,3.426851662879926e-06,-0.08356414852153443,3.29617723764386e-05
,,,5.60859216703102,,0.9999249250518635,3.0358865124725184e-10,0.01001564945226917,0.010131750022992492,calibrated,,0.0,2,0.010131750022992492,1300,linear,0.982658824775811,1.0951945096790358e-07,0.0003236830816604197,,3.572451896616258e-05,0.9829166517489026,1.3671717169927433e-05
,,,6.0548832500353456,,0.9999310715464198,1.489210316084426e-12,0.01971830985915493,0.010131750022992492,calibrated,,0.0,2,0.010131750022992492,1400,linear,0.9153025702426749,3.068219957964032e-08,3.4790512017934816e-06,,7.670980266993865e-06,0.9152757733220978,1.8808561435434967e-05
,,,6.460365584120154,,0.9999272987586469,2.6688339463694925e-12,0.010850286906624936,0.010131750022992492,calibrated,,0.0,2,0.010131750022992492,1500,linear,0.34942876521773497,3.1349285464410344e-08,4.071979219588684e-06,,2.0869103991572047e-06,0.3501300610820193,1.5853798686293885e-05
,,,6.856358167016879,,0.9999179862456016,2.6567885107188075e-12,0.012102243088158582,0.010131750022992492,calibrated,,0.0,2,0.010131750022992492,1600,linear,0.7147617646119169,6.531566336899302e-08,4.403510502015706e-06,,2.5118656594713684e-06,0.714475029525507,2.677535121620167e-05
,,,7.306640750030056,,0.9999316863650807,1.0297597540600907e-12,0.010954616588419406,0.010131750022992492,calibrated,,0.0,2,0.010131750022992492,1700,linear,0.6669190822781872,6.589008483526327e-08,2.2639180770056555e-06,,2.8206452498125145e-06,0.6675495414449336,2.4698058041394688e-05
,,,7.745891541941091,,0.9999200463299048,3.7197581426685956e-13,0.009076682316118936,0.010131750022992492,calibrated,,0.0,2,0.010131750022992492,1800,linear,-0.7805651281169659,4.547437319790262e-08,2.9754082788713276e-06,,2.8665738227573456e-06,-0.781442068903235,2.141103868780192e-05
,,,8.174564500106499,,0.9999001870125905,2.8094984098642326e-12,0.010224308815858112,0.010131750022992492,calibrated,,0.0,2,0.010131750022992492,1900,linear,0.7234845305317074,5.0437922873780156e-08,4.224629719828954e-06,,2.902240112234722e-06,0.7236316905748932,2.295449303346686e-05
,,,8.589930874994025,,0.9999330726320976,1.1167600563353022e-13,0.01596244131455399,0.010131750022992492,calibrated,,0.0,2,0.010131750022992492,2000,linear,-0.8166591190237802,4.458050396193203e-08,1.8124144389730645e-06,,2.3063794287736528e-06,-0.8174916321342055,2.116724499501288e-05
,,,0.0026807498652487993,,,,,0.010131750022992492,adaptive,,0.0,2,0.010131750022992492,0,linear,,,,,0.002597704529762268,,0.00010233531793346629
,,,0.43748887488618493,,0.9999017485369096,3.603350133247891e-11,0.016484089723526343,0.010131750022992492,adaptive,,0.0,2,0.010131750022992492,100,linear,0.953846995792457,1.6534748295799484e-08,0.00013507905532605946,,0.00013490846322383732,0.9550842567186679,1.1350021850375924e-05
,,,0.9212609168607742,,0.9999352256287264,2.3283340943459677e-13,0.009389671361502348,0.010131750022992492,adaptive,,0.004904130706563592,2,0.015035880729556084,200,linear,0.7141306017002568,3.624657336326298e-08,4.7287459892686456e-05,,5.3804218623554334e-05,0.7149791737936919,1.8366234144195914e-05
,,,1.3500363328494132,,0.9998973934800366,3.4431662091047237e-12,0.010328638497652582,0.010131750022992492,adaptive,,0.010259089525789022,2,0.020390839548781514,300,linear,0.9513686927600625,1.746442162275332e-07,3.0464425435638987e-05,,4.028584953630343e-05,0.9515860923892372,3.414188904571347e-05
,,,1.7504275417886674,,0.9998784816623786,2.445345840940948e-13,0.013980177360459051,0.010131750022992492,adaptive,,0.015316633740440011,2,0.025448383763432503,400,linear,-0.20741694710067876,3.7261382226177907e-07,1.7716982256388292e-05,,2.0975050574634224e-05,-0.20660730677508618,6.606461829505861e-05
,,,2.16702420799993,,0.9998873572973391,1.4057172494073265e-12,0.013458528951486698,0.010131750022992492,adaptive,,0.02040334208868444,2,0.03053509211167693,500,linear,0.9945842611904645,4.2437889178813096e-07,1.2775614777638111e-05,,1.4074420505494345e-05,0.9946423627031675,8.474189962726086e-05
,,,2.6111324578523636,,0.9999193800076133,1.1470424917456164e-11,0.012623891497130934,0.010131750022992492,adaptive,,0.025805676821619272,2,0.035937426844611764,600,linear,-0.9027959976463199,8.360522655993506e-07,1.9208355297450908e-05,,1.0426410881336778e-05,-0.9031111560513935,0.00012001223512925208
,,,3.049312082817778,,0.9999240639743894,8.692682075231174e-13,0.012936880542514346,0.010131750022992492,adaptive,,0.030806719791144133,2,0.040938469814136624,700,linear,-0.9468886207073948,6.774290122371022e-07,8.263016752607655e-06,,1.2190877896500751e-05,-0.9470117917020214,0.0001356658322038129
,,,3.470280749956146,,0.999890293000381,1.3537842406835931e-11,0.008450704225352112,0.010131750022992492,adaptive,,0.03600176330655813,2,0.046133513329550624,800,linear,0.9656026468597815,2.8454696416711604e-07,1.4115716112428345e-05,,1.3695284906134475e-05,0.9656634701157157,8.77669153851457e-05
,,,3.892235874896869,,0.9998978779988681,8.521521166019027e-12,0.018988002086593635,0.010131750022992492,adaptive,,0.04097268171608448,2,0.05110443173907697,900,linear,0.8160494628170104,4.82232451250459e-07,1.0765702427306678e-05,,1.6571308151469566e-05,0.8168185466169332,0.00010620390094118193
,,,4.348226916976273,,0.9999060389493933,6.423326797353489e-12,0.015127803860198226,0.010131750022992492,adaptive,,0.04649143083952367,2,0.056623180862516165,1000,linear,-0.6218448788554645,4.6895951530678763e-07,8.501623597112484e-06,,1.8025459212367423e-05,-0.6210166708690907,4.1949562728405e-05
,,,4.803014332894236,,0.9999201757271609,2.3902095533922018e-12,0.008242044861763172,0.010131750022992492,adaptive,,0.05189180583693087,2,0.06202355585992336,1100,linear,0.7858297531222895,1.0875001420505757e-07,4.249613084539305e-06,,5.0656281018746085e-06,0.7865797116904569,4.0249768062494695e-05
,,,5.214098666794598,,0.9999113448451468,1.219485957265532e-12,0.019300991131977047,0.010131750022992492,adaptive,,0.056986222276464105,2,0.0671179722994566,1200,linear,-0.03549631190293088,1.0968703965323335e-07,3.3206474654434714e-06,,3.426851662879926e-06,-0.032991254376702604,3.154904334223829e-05
,,,5.687262832885608,,0.9999249250518635,3.0358865124725184e-10,0.01001564945226917,0.010131750022992492,adaptive,,0.062088387785479426,2,0.07222013780847192,1300,linear,0.9831289309956007,1.003007591150648e-07,0.0003236830816604197,,3.572451896616258e-05,0.9833838057718982,1.5061875274113845e-05
,,,6.140762666938826,,0.9999310715464198,1.489210316084426e-12,0.01971830985915493,0.010131750022992492,adaptive,,0.06755813816562295,2,0.07768988818861544,1400,linear,0.930650639644639,3.5668166226541713e-08,3.4790512017934816e-06,,7.670980266993865e-06,0.930626693368397,1.9827404685202055e-05
,,,6.583084749989212,,0.9999272987586469,2.6688339463694925e-12,0.010850286906624936,0.010131750022992492,adaptive,,0.07279680669307709,2,0.08292855671606958,1500,linear,0.23872957160900868,3.511744978931728e-08,4.071979219588684e-06,,2.0869103991572047e-06,0.2394503751655016,1.6342411981895566e-05
,,,6.985175041947514,,0.9999179862456016,2.6567885107188075e-12,0.012102243088158582,0.010131750022992492,adaptive,,0.07777364016510546,2,0.08790539018809795,1600,linear,0.7433485675614808,6.995053683046216e-08,4.403510502015706e-06,,2.5118656594713684e-06,0.7430789284012648,2.7284018869977444e-05
,,,7.419147624867037,,0.9998502234661959,2.4254569442925377e-12,0.010954616588419406,0.010131750022992492,adaptive,,0.08315547578968108,2,0.09328722581267357,1700,linear,0.7121770642805737,7.197746273360788e-08,2.2639180770056555e-06,,2.8206452498125145e-06,0.7121690216784251,2.501643575669732e-05
,,,7.8723957918118685,,0.9999200463299048,3.7197581426685956e-13,0.009076682316118936,0.010131750022992492,adaptive,,0.08827609824948013,2,0.09840784827247262,1800,linear,-0.7505516414766253,4.967957525112875e-08,2.9754082788713276e-06,,2.8665738227573456e-06,-0.7513440766828089,2.254339779028669e-05
,,,8.303382707992569,,0.9999001870125905,2.8094984098642326e-12,0.010224308815858112,0.010131750022992492,adaptive,,0.09339505666866899,2,0.10352680669166148,1900,linear,0.7659134151239325,5.399102972033191e-08,4.224629719828954e-06,,2.902240112234722e-06,0.7660681531861457,2.3692084141657688e-05
,,,8.696289541898295,,0.9999330726320976,1.1167600563353022e-13,0.01596244131455399,0.010131750022992492,adaptive,,0.09858047449961305,2,0.10871222452260554,2000,linear,-0.782369758111284,5.165670730876184e-08,1.8124144389730645e-06,,2.3063794287736528e-06,-0.7831440064675679,2.2309204723569565e-05
,,,0.0021112500689923763,,,,,0.0,fp32,,0.0,2,0.0,0,kink,,,,0.03687473386526108,0.02071586810052395,,0.0
,,,0.06781054101884365,,0.9999999999999991,0.0,0.0,0.0,fp32,,0.0,2,0.0,100,kink,0.9999999999999991,0.0,0.0006730262539349496,0.001648619188927114,0.0007253524381667376,0.9999999999999991,0.0
,,,0.13399695814587176,,0.9999999999999987,0.0,0.0,0.0,fp32,,0.0,2,0.0,200,kink,0.9999999999999987,0.0,0.0001296212722081691,0.00038863474037498236,0.00016624305862933397,0.9999999999999987,0.0
,,,0.2010654581245035,,0.9999999999999994,0.0,0.0,0.0,fp32,,0.0,2,0.0,300,kink,0.9999999999999994,0.0,5.843990948051214e-05,0.00017428281717002392,7.969502621563151e-05,0.9999999999999994,0.0
,,,0.26784883299842477,,0.9999999999999992,0.0,0.0,0.0,fp32,,0.0,2,0.0,400,kink,0.9999999999999992,0.0,4.143083424423821e-05,0.00011216250277357176,4.531449667410925e-05,0.9999999999999992,0.0
,,,0.33429625001735985,,0.9999999999999988,0.0,0.0,0.0,fp32,,0.0,2,0.0,500,kink,0.9999999999999988,0.0,2.556716208346188e-05,5.830685040564276e-05,2.3870485165389255e-05,0.9999999999999988,0.0
,,,0.40031145815737545,,0.9999999999999996,0.0,0.0,0.0,fp32,,0.0,2,0.0,600,kink,0.9999999999999996,0.0,8.829474609228782e-06,3.632652078522369e-05,1.2844613593188114e-05,0.9999999999999996,0.0
,,,0.466862624976784,,0.9999999999999992,0.0,0.0,0.0,fp32,,0.0,2,0.0,700,kink,0.9999999999999992,0.0,1.1062588782806415e-05,1.995662023546174e-05,8.229881132137962e-06,0.9999999999999992,0.0
,,,0.5330048331525177,,0.9999999999999989,0.0,0.0,0.0,fp32,,0.0,2,0.0,800,kink,0.9999999999999989,0.0,6.6593884184840135e-06,1.788651934475638e-05,6.46566604700638e-06,0.9999999999999989,0.0
,,,0.5978230000473559,,0.9999999999999974,0.0,0.0,0.0,fp32,,0.0,2,0.0,900,kink,0.9999999999999974,0.0,4.919655111734755e-06,1.215241354657337e-05,4.762592652696185e-06,0.9999999999999974,0.0
,,,0.6699439161457121,,0.9999999999999987,0.0,0.0,0.0,fp32,,0.0,2,0.0,1000,kink,0.9999999999999987,0.0,4.078970505361212e-06,1.1687728147080634e-05,4.492004336498212e-06,0.9999999999999987,0.0
,,,0.7435559160076082,,0.9999999999999994,0.0,0.0,0.0,fp32,,0.0,2,0.0,1100,kink,0.9999999999999994,0.0,3.599655883590458e-06,9.41022426559357e-06,3.744517243831069e-06,0.9999999999999994,0.0
,,,0.8182754581794143,,0.9999999999999996,0.0,0.0,0.0,fp32,,0.0,2,0.0,1200,kink,0.9999999999999996,0.0,3.516177457640879e-06,6.833107818238204e-06,3.0656683520646766e-06,0.9999999999999996,0.0
,,,0.887336416170001,,0.9999999999999989,0.0,0.0,0.0,fp32,,0.0,2,0.0,1300,kink,0.9999999999999989,0.0,1.941837581398431e-06,5.730898919864558e-06,2.701497805901454e-06,0.9999999999999989,0.0
,,,0.9544471660628915,,0.9999999999999984,0.0,0.0,0.0,fp32,,0.0,2,0.0,1400,kink,0.9999999999999984,0.0,1.8196528799307998e-06,5.8761206673807465e-06,2.3596912797074765e-06,0.9999999999999984,0.0
,,,1.0205034161917865,,0.9999999999999982,0.0,0.0,0.0,fp32,,0.0,2,0.0,1500,kink,0.9999999999999982,0.0,1.7443278466089396e-06,6.025657967256848e-06,2.4978780857054517e-06,0.9999999999999982,0.0
,,,1.0849024581257254,,0.9999999999999986,0.0,0.0,0.0,fp32,,0.0,2,0.0,1600,kink,0.9999999999999986,0.0,1.273105340260372e-06,4.5826232053514104e-06,2.2791277842770796e-06,0.9999999999999986,0.0
,,,1.1575907501392066,,0.9999999999999992,0.0,0.0,0.0,fp32,,0.0,2,0.0,1700,kink,0.9999999999999992,0.0,1.5962461930030258e-06,6.10750657870085e-06,2.4943317384895636e-06,0.9999999999999992,0.0
,,,1.227791375014931,,0.9999999999999973,0.0,0.0,0.0,fp32,,0.0,2,0.0,1800,kink,0.9999999999999973,0.0,2.2793851712776814e-06,4.073514446645277e-06,1.792084617591172e-06,0.9999999999999973,0.0
,,,1.2953143750783056,,0.9999999999999988,0.0,0.0,0.0,fp32,,0.0,2,0.0,1900,kink,0.9999999999999988,0.0,1.4867948721075663e-06,4.6715931603102945e-06,2.1454973193613114e-06,0.9999999999999988,0.0
,,,1.3595411661081016,,0.9999999999999982,0.0,0.0,0.0,fp32,,0.0,2,0.0,2000,kink,0.9999999999999982,0.0,1.3017390756431269e-06,3.0762969345232705e-06,1.7964619019039674e-06,0.9999999999999982,0.0
,,,0.0026329578831791878,,,,,0.0,fixed-e4m3,,0.0,2,0.0,0,kink,,,,0.03802860155701637,0.021157002076506615,,4.4563548726728186e-05
,,,0.41397762508131564,,0.9996718208236981,1.0448837974404496e-10,0.00010432968179447053,0.0,fixed-e4m3,,0.0,2,0.0,100,kink,0.9231331120223699,2.758080684788033e-08,0.0008107518078759313,0.0018128027440980077,0.0008568789344280958,0.9212615556717486,5.259874524199404e-05
,,,0.8465973329730332,,0.9996337203261355,7.902095379330123e-12,0.0,0.0,fixed-e4m3,,0.0,2,0.0,200,kink,-0.6800934551295728,3.438039857224648e-07,0.00016331269580405205,0.0004994261544197798,0.00022040249314159155,-0.676807007391255,0.0001523090759292245
,,,1.3242289170157164,,0.9996119735171874,4.1596868657787515e-12,0.00020865936358894105,0.0,fixed-e4m3,,0.0,2,0.0,300,kink,0.16468604246814098,2.2850945786999603e-08,6.094149284763262e-05,0.00021656305762007833,8.195036934921518e-05,0.16205389478716295,2.6939669623970985e-05
,,,1.7329302919097245,,0.9996474316642541,8.974345240117135e-12,0.00010432968179447053,0.0,fixed-e4m3,,0.0,2,0.0,400,kink,0.17553969586892768,7.729938425291013e-08,4.5700380724156275e-05,0.00014417103375308216,4.9183076043846086e-05,0.17600275762383386,6.484474579337984e-05
,,,2.2098005830775946,,0.9996204856901317,1.2150623879180713e-11,0.00010432968179447053,0.0,fixed-e4m3,,0.0,2,0.0,500,kink,0.4060561993196918,1.4970683808936476e-07,2.4339831725228578e-05,4.5991153456270695e-05,1.9467259335215203e-05,0.40754804978552084,8.98244688869454e-05
,,,2.6265657918993384,,0.999544879221563,3.710465912186108e-11,0.0,0.0,fixed-e4m3,,0.0,2,0.0,600,kink,0.8886108090084525,4.922332488673073e-08,1.65893834491726e-05,4.203798380331136e-05,5.3072413720656186e-05,0.8855453340867149,0.00013677118113264441
,,,3.0538872499018908,,0.9996126702712638,1.1084864369617452e-11,0.0,0.0,fixed-e4m3,,0.0,2,0.0,700,kink,0.31879715189244723,1.1298242019913706e-07,1.545614213682711e-05,3.093816485488787e-05,1.1839810213132296e-05,0.3185843575762663,9.71778281382285e-05
,,,3.470943042077124,,0.9996719436372573,1.1745226852546458e-10,0.00010432968179447053,0.0,fixed-e4m3,,0.0,2,0.0,800,kink,0.2730668919562547,1.7468933802155256e-07,4.353663098299876e-05,1.3429983482637908e-05,1.131643966800766e-05,0.27571952365897545,8.83439788594842e-05
,,,3.881916542071849,,0.9996517910498526,3.767940348472407e-12,0.00010432968179447053,0.0,fixed-e4m3,,0.0,2,0.0,900,kink,0.8500860786332445,7.60837187230403e-08,8.111367606034037e-06,2.4213366486947052e-05,1.559221709612757e-05,0.8536754222280946,8.071846968960017e-05
,,,4.314736957894638,,0.9996008306021179,1.0610257764965383e-10,0.0,0.0,fixed-e4m3,,0.0,2,0.0,1000,kink,-0.35907453947087953,2.2595456293696568e-07,3.952596671297215e-05,1.3978946299175732e-05,1.867947867140174e-05,-0.36082937988499053,5.862052785232663e-05
,,,4.70820074994117,,0.9996833684284719,1.9853395454979074e-12,0.0,0.0,fixed-e4m3,,0.0,2,0.0,1100,kink,0.8405487132782372,8.06585624998541e-08,5.235428034211509e-06,2.4154584025382064e-05,1.7645123080001213e-05,0.8388944485844524,6.33757226751186e-05
,,,5.184421207988635,,0.99970611638293,8.404616926760688e-12,0.00010432968179447053,0.0,fixed-e4m3,,0.0,2,0.0,1200,kink,0.2899958658833983,1.3134953265917297e-07,5.84746703680139e-06,8.605462426203303e-06,4.458104285731679e-06,0.2868822092551457,0.00010371109237894416
,,,5.5874560829252005,,0.9997099891855014,1.5112496042078922e-12,0.00020865936358894105,0.0,fixed-e4m3,,0.0,2,0.0,1300,kink,0.3189416742759183,1.0334780763949857e-07,2.5284102775913198e-06,8.31404122436652e-06,4.320986136008287e-06,0.31780696382375145,0.00012299232184886932
,,,6.043274166993797,,0.9997700199165035,1.9946742769488002e-11,0.0,0.0,fixed-e4m3,,0.0,2,0.0,1400,kink,-0.5686150016777013,1.9287650416158505e-07,1.232161775988061e-05,1.2610336852958426e-05,1.6522153600817546e-05,-0.5687824514954977,0.00014550599735230207
,,,6.432875541970134,,0.9997465050994284,2.5138970461301066e-10,0.0,0.0,fixed-e4m3,,0.0,2,0.0,1500,kink,0.9318798364361832,7.112699746896892e-08,0.0001197401579702273,0.00011010693560820073,0.00012436659017112106,0.9318881972657785,0.00012386578600853682
,,,6.895925916964188,,0.9997324629087095,2.6288829909011203e-11,0.0,0.0,fixed-e4m3,,0.0,2,0.0,1600,kink,0.1135875174316059,1.0136755627795541e-07,2.365138425375335e-05,2.702218625927344e-05,2.771517938526813e-05,0.11222860734426485,7.432433631038293e-05
,,,7.317693375051022,,0.9997238896747747,1.9776413417574094e-11,0.0,0.0,fixed-e4m3,,0.0,2,0.0,1700,kink,-0.5995122072101273,6.965786104128238e-07,1.1513606295920908e-05,2.26171705435263e-05,1.2003324627585243e-05,-0.602403117711032,0.00016377988504245877
,,,7.763188000069931,,0.999598565465251,7.601973628300365e-11,0.0,0.0,fixed-e4m3,,0.0,2,0.0,1800,kink,0.917812728967884,3.219621207353596e-07,3.158636900479905e-05,7.679124792048242e-06,3.4095501177944243e-06,0.9180990576423048,0.00014600154827348888
,,,8.176261957967654,,0.999682254789347,4.46361504434223e-10,0.0,0.0,fixed-e4m3,,0.0,2,0.0,1900,kink,0.5589329989092767,5.012757735496597e-07,0.00014743499923497438,7.035362614260521e-06,6.855317678855499e-06,0.5565810605021705,0.00010130592272616923
,,,8.586937708081678,,0.9995822780834458,7.133010651204102e-11,0.00020865936358894105,0.0,fixed-e4m3,,0.0,2,0.0,2000,kink,0.7722791097009424,2.658857164263203e-07,3.699328954098746e-05,2.240056164737325e-05,2.7233514629187994e-05,0.7734770292980755,0.00011623425234574825
,,,0.0027303339447826147,,,,,0.0,fixed-e5m2,,0.0,2,0.0,0,kink,,,,0.03514577075839043,0.01997065171599388,,0.000350276444805786
,,,0.47616358380764723,,0.9988226604987106,2.2049951535964844e-10,0.0,0.0,fixed-e5m2,,0.0,2,0.0,100,kink,-0.3951681618267742,4.291374799646734e-07,0.0008003513794392347,0.0024262566585093737,0.001008317107334733,-0.3946829205233912,0.00040209144935943186
,,,0.9132873748894781,,0.9988679226949171,9.142394937875143e-10,0.0,0.0,fixed-e5m2,,0.0,2,0.0,200,kink,-0.9435444131792926,2.6764390828950093e-06,0.00026444249670021236,0.0003767691378016025,0.00025970913702622056,-0.945548279675686,0.0005561817670240998
,,,1.3640382499434054,,0.9985786166694629,2.760755994011047e-11,0.0,0.0,fixed-e5m2,,0.0,2,0.0,300,kink,0.6506003968747461,2.628379524674149e-06,6.304962153080851e-05,0.00017763236246537417,0.0001117980427807197,0.6522478275743504,0.0007487414986826479
,,,1.750257208943367,,0.9984643378195506,1.0588420407533607e-10,0.0,0.0,fixed-e5m2,,0.0,2,0.0,400,kink,-0.654405987191212,2.133308707898682e-06,4.815147622139193e-05,9.406048047821969e-05,3.848245250992477e-05,-0.6577465198835754,0.0006360155530273914
,,,2.17914087488316,,0.9991666843628682,9.697061200938483e-12,0.0,0.0,fixed-e5m2,,0.0,2,0.0,500,kink,-0.00312966596279112,1.307335386160999e-06,2.424680133117363e-05,6.187896360643208e-05,7.475318852812052e-05,0.006199697114088739,0.0007486241520382464
,,,2.555975333787501,,0.9983910486727282,3.6876638130053476e-11,0.0,0.0,fixed-e5m2,,0.0,2,0.0,600,kink,0.7278014209731384,1.4451932207129471e-06,1.3435705113806762e-05,5.750581476604566e-05,1.8907563571701758e-05,0.7277506679199299,0.000407811050536111
,,,3.0082054168451577,,0.9987209856199852,3.291767080319737e-11,0.0,0.0,fixed-e5m2,,0.0,2,0.0,700,kink,0.9309763994669832,1.7347881324668948e-06,1.2218264600960538e-05,2.0329813196440227e-05,1.2099988452973776e-05,0.9351032295234487,0.0004736831469926983
,,,3.4132094169035554,,0.9988253520797333,5.958982291930842e-11,0.0,0.0,fixed-e5m2,,0.0,2,0.0,800,kink,0.8531211142219381,2.099735017936099e-06,1.912044535856694e-05,5.18100532644894e-05,4.639960752683692e-05,0.8559637354457933,0.0005104184383526444
,,,3.793680917005986,,0.9989202506345299,4.574825637281821e-11,0.0,0.0,fixed-e5m2,,0.0,2,0.0,900,kink,-0.937146426185079,2.466908965690898e-06,1.1637188435997814e-05,2.3857075575506315e-05,1.614668326510582e-05,-0.9360693194988008,0.0006127142114564776
,,,4.245796208968386,,0.9986801699957889,2.133832629534455e-11,0.0,0.0,fixed-e5m2,,0.0,2,0.0,1000,kink,0.846123133501794,1.918919703571923e-06,5.72105091123376e-06,1.1220844498893712e-05,5.697535925719421e-06,0.8504268444720249,0.0006173054571263492
,,,4.645341374911368,,0.9988238340305119,6.816180083284289e-11,0.0,0.0,fixed-e5m2,,0.0,2,0.0,1100,kink,0.9220503954495357,1.8308388448556856e-06,1.262000841961708e-05,1.094470098905731e-05,5.355831035558367e-06,0.9237078810332283,0.0004812493280041963
,,,5.09023491689004,,0.9989538045106782,4.92213986575301e-10,0.0,0.0,fixed-e5m2,,0.0,2,0.0,1200,kink,-0.9406885441007077,1.5901608549063207e-06,4.993701077182777e-05,6.123143066361081e-06,5.164000867807772e-06,-0.9437193309142562,0.0003897035785485059
,,,5.473444541916251,,0.9987292686865056,1.1218155975787357e-11,0.0,0.0,fixed-e5m2,,0.0,2,0.0,1300,kink,-0.023927898891360575,1.433653999003959e-06,8.144143066601828e-06,1.6241017874563113e-05,1.2958825209352653e-05,-0.02117678821813854,0.00037555009475909173
,,,5.903204374946654,,0.9988711232529159,2.874122921667487e-11,0.0,0.0,fixed-e5m2,,0.0,2,0.0,1400,kink,0.3121271900573657,1.163955316821246e-06,1.0093526725540869e-05,9.665607649367303e-06,8.174462891474832e-06,0.3035461183673825,0.00039205726352520287
,,,6.3403725838288665,,0.9986817634264424,6.720358880648417e-11,0.0,0.0,fixed-e5m2,,0.0,2,0.0,1500,kink,-0.4908808951926428,7.741211727934341e-07,1.1615356015681755e-05,2.7687245164997876e-05,4.4780819735024124e-05,-0.4864225452398536,0.00024491295334883034
,,,6.734100374858826,,0.9984928516738456,3.276862232163882e-09,0.0,0.0,fixed-e5m2,,0.0,2,0.0,1600,kink,0.7267404784951025,8.614562147452231e-07,0.0003309425082989037,0.0003927895158994943,0.0007417740998789668,0.7288415900469548,0.0007937261834740639
,,,7.169451124966145,,0.9987965034972768,1.1882171525727243e-11,0.0,0.0,fixed-e5m2,,0.0,2,0.0,1700,kink,-0.7039532938092292,6.657602587089971e-06,4.129723038204247e-06,9.86091708909953e-06,5.377247816795716e-06,-0.7056512434499927,0.0011195651022717357
,,,7.583183291833848,,0.9984890288015947,3.5341794641851384e-10,0.0,0.0,fixed-e5m2,,0.0,2,0.0,1800,kink,-0.3764096685659632,2.9629112728837076e-06,7.069839921314269e-05,2.6721709218691103e-05,4.77892899652943e-05,-0.37426926484343176,0.0010878245811909437
,,,8.00877399998717,,0.9982359866518135,9.416254946169513e-11,0.0,0.0,fixed-e5m2,,0.0,2,0.0,1900,kink,0.5050432733868601,2.4116864967418457e-06,1.923195486597251e-05,0.00011105186422355473,0.0001464489323552698,0.49933210254793,0.000978110358119011
,,,8.469481583917513,,0.9990086253478276,5.065607189992404e-10,0.0,0.0,fixed-e5m2,,0.0,2,0.0,2000,kink,0.9860690991766646,2.293093559276996e-06,7.818943413440138e-05,1.763027103152126e-05,1.8692342564463615e-05,0.9868619609700804,0.0006930110976099968
,,,0.0026057090144604445,,,,,0.0,fixed-hybrid,,0.0,2,0.0,0,kink,,,,0.03802860155701637,0.021157002076506615,,4.4563548726728186e-05
,,,0.40989441704005003,,0.9985774883919374,2.4753133253160736e-09,0.0,0.0,fixed-hybrid,,0.0,2,0.0,100,kink,0.9834855690313756,5.968618231557951e-08,0.0009395119268447161,0.0014243763871490955,0.0008984450832940638,0.9856981583472726,7.083843956934288e-05
,,,0.8445895840413868,,0.9982627841412863,1.3391454624006305e-11,0.0,0.0,fixed-hybrid,,0.0,2,0.0,200,kink,-0.09751731826835772,3.8641480153269624e-07,0.0001518212811788544,0.0005071352934464812,0.00021139912132639438,-0.09274503602080847,0.000129552892758511
,,,1.2638502500485629,,0.9986711129073327,1.614351823072445e-11,0.0,0.0,fixed-hybrid,,0.0,2,0.0,300,kink,-0.8295811989317355,8.149501585823668e-08,6.440904689952731e-05,0.00019984699611086398,8.976061508292332e-05,-0.826876172751244,4.822027767659165e-05
,,,1.7268785419873893,,0.9986350910640437,2.0005687636669308e-10,0.0,0.0,fixed-hybrid,,0.0,2,0.0,400,kink,0.8858526374391219,6.229224025376027e-08,6.106878572609276e-05,0.00010011637641582638,4.7427012759726495e-05,0.8904273467716275,8.744746446609497e-05
,,,2.191387959057465,,0.9978815103503993,2.856826615506813e-11,0.0,0.0,fixed-hybrid,,0.0,2,0.0,500,kink,0.3747212680498404,4.8288765600590555e-08,2.7935773687204346e-05,7.323556928895414e-05,2.469715036568232e-05,0.3603401987679732,5.011296525481157e-05
,,,2.6031202089507133,,0.9985761773316417,2.597515788068655e-10,0.0,0.0,fixed-hybrid,,0.0,2,0.0,600,kink,0.9160649525632152,1.2450929230949022e-07,2.7471356588648632e-05,2.738198782026302e-05,2.0664645489887334e-05,0.9175459876741333,8.161048026522622e-05
,,,2.98478729208,,0.9986324576299743,2.8681929020791514e-10,0.0,0.0,fixed-hybrid,,0.0,2,0.0,700,kink,0.30024367064765056,1.0615211292158484e-07,6.744133133906871e-05,2.0534484065137804e-05,1.2165221050963737e-05,0.3070242623897796,3.8726844650227576e-05
,,,3.4200652500148863,,0.9990157450463715,3.773624533528199e-12,0.0,0.0,fixed-hybrid,,0.0,2,0.0,800,kink,0.6613698270093097,3.4244146222377845e-08,6.74736429573386e-06,1.792764123820234e-05,8.270444595837034e-06,0.660254887991058,4.861574052483775e-05
,,,3.8623591670766473,,0.9987672139536724,7.7780279741938e-12,0.0,0.0,fixed-hybrid,,0.0,2,0.0,900,kink,-0.7147038624478418,6.4949139596349e-08,6.770323125238065e-06,2.687225969566498e-05,2.5421270038350485e-05,-0.710521626490595,5.112841245136224e-05
,,,4.247039792127907,,0.9986586180751046,2.342535487537339e-11,0.0,0.0,fixed-hybrid,,0.0,2,0.0,1000,kink,-0.9700828170299592,8.658366979663242e-08,8.268271812994499e-06,1.1096314665337559e-05,7.458987965947017e-06,-0.9725648832842825,6.648515409324318e-05
,,,4.698436999926344,,0.9985187949991445,1.115771059430796e-11,0.0,0.0,fixed-hybrid,,0.0,2,0.0,1100,kink,0.848255826755823,1.5859191049414993e-07,5.411950041889213e-06,8.441231329925358e-06,6.227532594493823e-06,0.8503943063903998,9.119007154367864e-05
,,,5.100255874916911,,0.9984444917290191,4.085932112412899e-12,0.0,0.0,fixed-hybrid,,0.0,2,0.0,1200,kink,-0.9811335467280249,1.6611513134403845e-07,3.3638464174146065e-06,1.386683106829878e-05,7.470443961210549e-06,-0.9822176978803133,6.643462984357029e-05
,,,5.479965291917324,,0.9985970197616507,2.5207937968473473e-11,0.0,0.0,fixed-hybrid,,0.0,2,0.0,1300,kink,0.758957251853956,5.991640439676224e-08,7.4861782195512205e-06,8.564910785935353e-06,8.388996320718434e-06,0.7586679145844551,5.016840441385284e-05
,,,5.917635000078008,,0.9984482177147748,1.6518877448766898e-11,0.0,0.0,fixed-hybrid,,0.0,2,0.0,1400,kink,0.8966858937288171,3.2052057748227285e-08,4.225697921356186e-06,9.257123565475922e-06,5.181564119993709e-06,0.9000184356712524,3.2842985092429444e-05
,,,6.324953542090952,,0.9987777540044129,1.8619448634947502e-10,0.0,0.0,fixed-hybrid,,0.0,2,0.0,1500,kink,0.7377022435197428,4.3601539173129965e-08,2.0542778656817973e-05,1.0466504136275034e-05,5.91165735386312e-06,0.7420476788249086,3.786299203056842e-05
,,,6.74287512502633,,0.998988357724713,7.199952994237782e-12,0.0,0.0,fixed-hybrid,,0.0,2,0.0,1600,kink,0.18424043909455104,6.446139599256201e-08,2.7236358164373087e-06,6.8762888076889794e-06,4.661876573663903e-06,0.18734637880856853,5.8498761063674465e-05
,,,7.1845634169876575,,0.9987956399855206,8.960430579383138e-11,0.0,0.0,fixed-hybrid,,0.0,2,0.0,1700,kink,0.71847433315127,1.5410068707557926e-07,1.4110082702245563e-05,1.0411162293166853e-05,7.61547198635526e-06,0.7193586172826261,4.059015554958023e-05
,,,7.580107375048101,,0.9985181550834236,5.749267104414386e-11,0.0,0.0,fixed-hybrid,,0.0,2,0.0,1800,kink,0.04907224345239667,9.179224060212123e-08,1.386445092066424e-05,8.925948350224644e-06,1.0635238140821457e-05,0.0554023580720927,3.748248127521947e-05
,,,8.055466291960329,,0.9985083891969441,1.4008902552221087e-11,0.0,0.0,fixed-hybrid,,0.0,2,0.0,1900,kink,0.9819446107958477,2.3386275809966677e-07,2.8365925572870765e-06,4.075991455465555e-06,2.185545781685505e-06,0.983516272183942,6.366094021359459e-05
,,,8.458911125082523,,0.9986939069124514,4.443770671687126e-10,0.0,0.0,fixed-hybrid,,0.0,2,0.0,2000,kink,0.9828639139913782,4.435621306313729e-08,4.497054760577157e-05,4.117552452953532e-05,7.059947529342026e-05,0.9845607291793449,3.7960569898132235e-05
,,,0.0027038329280912876,,,,,0.005479458952322602,calibrated,,0.0,2,0.005479458952322602,0,kink,,,,0.03453739732503891,0.020517509430646896,,6.588556425413117e-05
,,,0.5096774999983609,,0.9999076075421334,1.9786916268692226e-11,0.020448617631716223,0.005479458952322602,calibrated,,0.0,2,0.005479458952322602,100,kink,0.9120436099622174,1.883320494484333e-08,0.0007403937634080648,0.0018478012643754482,0.0008044961141422391,0.9124756106382738,1.9109678760287352e-05
,,,0.9167877910658717,,0.9999068798032543,6.9095260999467984e-12,0.02764736567553469,0.005479458952322602,calibrated,,0.0,2,0.005479458952322602,200,kink,0.5415128727430506,3.3031139531141493e-08,0.0001370931713609025,0.0005053484928794205,0.00018285773694515228,0.5411687323255389,1.8637625544215553e-05
,,,1.384166083065793,,0.9999098275566827,2.6885118516233804e-11,0.0116849243609807,0.005479458952322602,calibrated,,0.0,2,0.005479458952322602,300,kink,0.9768864673909774,7.432699836662208e-08,9.204286470776424e-05,0.0001311550149694085,0.00010931190627161413,0.9763083171660283,2.613170181575697e-05
,,,1.7760867909528315,,0.9999377677537539,2.4598054711191808e-12,0.013145539906103286,0.005479458952322602,calibrated,,0.0,2,0.005479458952322602,400,kink,-0.8094513222967059,3.1435780140894384e-07,4.608000017469749e-05,0.0001280584401683882,4.9234975449508056e-05,-0.8092771320274033,8.25181050458923e-05
,,,2.236660833004862,,0.9999166392734056,7.387650814397721e-13,0.019196661450182576,0.005479458952322602,calibrated,,0.0,2,0.005479458952322602,500,kink,0.22473167859252552,1.6055349392909594e-07,2.8371774533297867e-05,6.195671448949724e-05,3.143545472994447e-05,0.22564225635983523,7.037082832539454e-05
,,,2.6401108750142157,,0.9999148012369016,1.4747501006830503e-12,0.01742305685967658,0.005479458952322602,calibrated,,0.0,2,0.005479458952322602,600,kink,-0.36401681465109176,1.9841062827413087e-07,1.2426132343534846e-05,8.372278534807265e-05,3.511748218443245e-05,-0.36518826106550883,8.545571472495794e-05
,,,3.1044657081365585,,0.9999179543150605,2.4888469650109434e-11,0.02587376108502869,0.005479458952322602,calibrated,,0.0,2,0.005479458952322602,700,kink,0.8997815769528994,5.18642307759099e-08,4.294575774110854e-05,3.0628212698502466e-05,4.3674448534147814e-05,0.9004121718557941,3.2568223105045035e-05
,,,3.5030940000433475,,0.9999307932255116,1.2993338961987242e-11,0.017318727177882107,0.005479458952322602,calibrated,,0.0,2,0.005479458952322602,800,kink,0.9047076098733008,3.996437794597241e-08,3.0856215744279325e-05,2.104523082380183e-05,9.534648597764317e-06,0.9041795787713441,3.741295586223714e-05
,,,3.946047666016966,,0.9999144913365687,3.8251229823530197e-13,0.01617110067814293,0.005479458952322602,calibrated,,0.0,2,0.005479458952322602,900,kink,-0.23158177013970102,6.516900616805042e-08,6.267431672313251e-06,1.5073387658048887e-05,5.844182396685937e-06,-0.2313334168337938,4.695371899288148e-05
,,,4.352310291025788,,0.9999059349415176,1.4611247094442306e-13,0.011371935315597288,0.005479458952322602,calibrated,,0.0,2,0.005479458952322602,1000,kink,-0.34626974395467447,6.16028781399912e-08,4.788050318893511e-06,1.3046584172116127e-05,5.482667802425567e-06,-0.3449560410372967,3.735288555617444e-05
,,,4.834937750129029,,0.9999000064187181,1.7242603398675742e-12,0.013249869587897757,0.005479458952322602,calibrated,,0.0,2,0.005479458952322602,1100,kink,0.4372887755808796,3.990414398368199e-08,7.315642051253235e-06,1.2310827514738776e-05,5.762532964581624e-06,0.4385044157535104,4.050499410368502e-05
,,,5.24113916605711,,0.9999046787188873,4.4391633236946296e-12,0.008450704225352112,0.005479458952322602,calibrated,,0.0,2,0.005479458952322602,1200,kink,0.05255062253785174,8.249830668702273e-08,1.05306617115275e-05,7.556820492027327e-06,3.954970907216193e-06,0.05267890338366785,3.9626844227313995e-05
,,,5.6571067499462515,,0.9999097327097587,3.9269332163451684e-13,0.0116849243609807,0.005479458952322602,calibrated,,0.0,2,0.005479458952322602,1300,kink,0.14865166078568912,4.7694009113162255e-08,3.085932803514879e-06,1.228736073244363e-05,6.880809451104142e-06,0.14873575702811162,4.376556898932904e-05
,,,6.079197790939361,,0.9999244171389834,1.9286548608221124e-12,0.012206572769953052,0.005479458952322602,calibrated,,0.0,2,0.005479458952322602,1400,kink,0.18416425348598123,5.7581421541325174e-08,6.7040355133940466e-06,7.415841537294909e-06,4.1090765989793e-06,0.18441788303144419,3.296948489150964e-05
,,,6.540681000100449,,0.9999134319284251,5.055822779672279e-13,0.0116849243609807,0.005479458952322602,calibrated,,0.0,2,0.005479458952322602,1500,kink,-0.19942448714290031,5.702868924111171e-08,3.059853725062567e-06,6.642985681537539e-06,3.143949243167299e-06,-0.19950786239905713,2.6209068892057985e-05
,,,6.957828541053459,,0.9998956124714768,2.864029788076263e-13,0.013041210224308816,0.005479458952322602,calibrated,,0.0,2,0.005479458952322602,1600,kink,0.7856778107421737,3.899160426578107e-08,2.0966303964087274e-06,5.387735654949211e-06,3.904012828570558e-06,0.7843058705956485,2.62128723989008e-05
,,,7.402389333117753,,0.9999245063745515,2.1665492501934048e-13,0.01575378195096505,0.005479458952322602,calibrated,,0.0,2,0.005479458952322602,1700,kink,-0.5765516209600642,4.7967019450947316e-08,1.98399447981501e-06,4.64870618088753e-06,2.09692666430783e-06,-0.5769775264828271,2.594669786049053e-05
,,,7.8446174999699,,0.9999155045486596,7.680061384520118e-13,0.02211789254042775,0.005479458952322602,calibrated,,0.0,2,0.005479458952322602,1800,kink,-0.008963709733435894,5.155554716124386e-08,2.7291134756524116e-06,6.051783657312626e-06,3.954578460252378e-06,-0.009008386347274924,3.022249620698858e-05
,,,8.284776458051056,,0.9998972585127661,2.3366190706392307e-12,0.012310902451747522,0.005479458952322602,calibrated,,0.0,2,0.005479458952322602,1900,kink,-0.023184811375955527,6.118352508972424e-08,6.1777609516866505e-06,5.668130143021699e-06,4.052041731483769e-06,-0.0226946873078611,3.4787670301739126e-05
,,,8.745842915959656,,0.9999298935484913,2.285371925135272e-11,0.01377151799687011,0.005479458952322602,calibrated,,0.0,2,0.005479458952322602,2000,kink,0.873538812368456,4.2324221563916866e-08,4.087652268935926e-05,9.398609108757228e-05,0.00010661562555469573,0.8735961018550595,5.0943133828695863e-05
,,,0.002614291151985526,,,,,0.005479458952322602,adaptive,,0.0,2,0.005479458952322602,0,kink,,,,0.03453739732503891,0.020517509430646896,,6.588556425413117e-05
,,,0.4441703751217574,,0.9999076075421334,1.9786916268692226e-11,0.020448617631716223,0.005479458952322602,adaptive,,0.0,2,0.005479458952322602,100,kink,0.9120436099622174,1.883320494484333e-08,0.0007403937634080648,0.0018478012643754482,0.0008044961141422391,0.9124756106382738,1.9109678760287352e-05
,,,0.8822111662011594,,0.9998526434343342,1.1636431479552452e-11,0.02764736567553469,0.005479458952322602,adaptive,,0.005187668604776263,2,0.010667127557098866,200,kink,0.5424120593345984,3.2840543453893185e-08,0.0001370931713609025,0.0005053484928794205,0.00018285773694515228,0.5417952049323707,1.8630507838679478e-05
,,,1.3365502080414444,,0.9999098275566827,2.6885118516233804e-11,0.0116849243609807,0.005479458952322602,adaptive,,0.010411420371383429,2,0.01589087932370603,300,kink,0.9768231539105471,7.414909990269495e-08,9.204286470776424e-05,0.0001311550149694085,0.00010931190627161413,0.976244273190884,2.6094641725649126e-05
,,,1.7829443330410868,,0.9999270155115452,2.6749624076105854e-12,0.013145539906103286,0.005479458952322602,adaptive,,0.015666960971429944,2,0.021146419923752546,400,kink,-0.8093886438126384,3.133576285595122e-07,4.608000017469749e-05,0.0001280584401683882,4.9234975449508056e-05,-0.8084690082024661,8.242329204222187e-05
,,,2.2657377081923187,,0.9999166392734056,7.387650814397721e-13,0.019196661450182576,0.005479458952322602,adaptive,,0.020913212560117245,2,0.026392671512439847,500,kink,0.22488984163175516,1.6020168353448113e-07,2.8371774533297867e-05,6.195671448949724e-05,3.143545472994447e-05,0.22579773609431103,7.030137203400955e-05
,,,2.708040041150525,,0.9998809816535904,1.878554836231555e-12,0.01742305685967658,0.005479458952322602,adaptive,,0.026208459166809916,2,0.03168791811913252,600,kink,-0.3638376249114153,1.9836437842839688e-07,1.2426132343534846e-05,8.372278534807265e-05,3.511748218443245e-05,-0.36465280395903515,8.541515126125887e-05
,,,3.204572708113119,,0.9999179543150605,2.4888469650109434e-11,0.02587376108502869,0.005479458952322602,adaptive,,0.03501491481438279,2,0.040494373766705394,700,kink,0.8995763489424292,5.182821068474416e-08,4.294575774110854e-05,3.0628212698502466e-05,4.3674448534147814e-05,0.9002079104027892,3.2572526833973825e-05
,,,3.638982833130285,,0.9999307932255116,1.2993338961987242e-11,0.017318727177882107,0.005479458952322602,adaptive,,0.04016833077184856,2,0.04564778972417116,800,kink,0.9043115429881571,3.948600349186364e-08,3.0856215744279325e-05,2.104523082380183e-05,9.534648597764317e-06,0.9037815448911085,3.740758620551787e-05
,,,4.088568374980241,,0.9999144913365687,3.8251229823530197e-13,0.01617110067814293,0.005479458952322602,adaptive,,0.0451869557145983,2,0.0506664146669209,900,kink,-0.2244365496735866,6.493058454798839e-08,6.267431672313251e-06,1.5073387658048887e-05,5.844182396685937e-06,-0.22418686282722003,4.692699440056458e-05
,,,4.513835875084624,,0.9999059349415176,1.4611247094442306e-13,0.011371935315597288,0.005479458952322602,adaptive,,0.05025870352983475,2,0.05573816248215735,1000,kink,-0.3442725640308614,6.167761891268377e-08,4.788050318893511e-06,1.3046584172116127e-05,5.482667802425567e-06,-0.34296063672264737,3.731227116077207e-05
,,,4.983328707981855,,0.9999000064187181,1.7242603398675742e-12,0.013249869587897757,0.005479458952322602,adaptive,,0.055445579113438725,2,0.06092503806576133,1100,kink,0.43202433557167946,4.026153507255806e-08,7.315642051253235e-06,1.2310827514738776e-05,5.762532964581624e-06,0.43325923625423973,4.0509079553885385e-05
,,,5.407518208026886,,0.999895034142591,4.8398071263007445e-12,0.008450704225352112,0.005479458952322602,adaptive,,0.060660119634121656,2,0.06613957858644426,1200,kink,0.048486791114792545,8.249224203790513e-08,1.05306617115275e-05,7.556820492027327e-06,3.954970907216193e-06,0.04958533013584815,3.960942558478564e-05
,,,5.870834041154012,,0.9998918457558156,4.773965392385028e-13,0.0116849243609807,0.005479458952322602,adaptive,,0.0657583277206868,2,0.0712377866730094,1300,kink,0.1449744297760542,4.75472820609134e-08,3.085932803514879e-06,1.228736073244363e-05,6.880809451104142e-06,0.14429197668847843,4.368712689029053e-05
,,,6.2969995411112905,,0.9999162808362928,2.1603281167216916e-12,0.012206572769953052,0.005479458952322602,adaptive,,0.07101691351272166,2,0.07649637246504426,1400,kink,0.19204602172452875,5.6940032636958615e-08,6.7040355133940466e-06,7.415841537294909e-06,4.1090765989793e-06,0.19107487747330038,3.2867712434381247e-05
,,,6.753530583111569,,0.9999134319284251,5.055822779672279e-13,0.0116849243609807,0.005479458952322602,adaptive,,0.07649024575948715,2,0.08196970471180975,1500,kink,-0.19333333053938584,5.718964019127257e-08,3.059853725062567e-06,6.642985681537539e-06,3.143949243167299e-06,-0.19342037541300847,2.618251892272383e-05
,,,7.223109750077128,,0.9998956124714768,2.864029788076263e-13,0.013041210224308816,0.005479458952322602,adaptive,,0.08190378919243813,2,0.08738324814476073,1600,kink,0.7916275009439547,3.875165940929092e-08,2.0966303964087274e-06,5.387735654949211e-06,3.904012828570558e-06,0.790277374836977,2.6119250833289698e-05
,,,7.656489375047386,,0.9998911003343193,2.9762417938908166e-13,0.01575378195096505,0.005479458952322602,adaptive,,0.08696741494350135,2,0.09244687389582396,1700,kink,-0.5902657804528773,4.834348067788464e-08,1.98399447981501e-06,4.64870618088753e-06,2.09692666430783e-06,-0.5895408241053354,2.5902640118147247e-05
,,,8.089195500127971,,0.9998969045123759,8.870392820790027e-13,0.02211789254042775,0.005479458952322602,adaptive,,0.09226416377350688,2,0.09774362272582948,1800,kink,-0.026750586174839337,5.085881012012898e-08,2.7291134756524116e-06,6.051783657312626e-06,3.954578460252378e-06,-0.02870309349393612,2.9957061997265555e-05
,,,8.518186083063483,,0.9998972585127661,2.3366190706392307e-12,0.012310902451747522,0.005479458952322602,adaptive,,0.09734124573878944,2,0.10282070469111204,1900,kink,-0.04144369453271185,6.061247243602772e-08,6.1777609516866505e-06,5.668130143021699e-06,4.052041731483769e-06,-0.040954222632466265,3.4527332900324836e-05
,,,8.948609291110188,,0.9999298935484913,2.285371925135272e-11,0.01377151799687011,0.005479458952322602,adaptive,,0.10316129005514085,2,0.10864074900746346,2000,kink,0.8731632319638732,4.166609687452421e-08,4.087652268935926e-05,9.398609108757228e-05,0.00010661562555469573,0.8732236531184121,5.025849532103166e-05
,,,0.0020693750120699406,0.11959224194288254,,,,0.0,fp32,,0.0,2,0.0,0,plateau,,,,0.14133775234222412,0.12377665191888809,,0.0
,,,0.06913170916959643,0.023097792640328407,0.9999999999999986,0.0,0.0,0.0,fp32,,0.0,2,0.0,100,plateau,0.9999999999999986,0.0,0.027456946671009064,0.044718191027641296,0.027258118614554405,0.9999999999999986,0.0
,,,0.13686712505295873,0.00032454036409035325,0.9999999999999998,0.0,0.0,0.0,fp32,,0.0,2,0.0,200,plateau,0.9999999999999998,0.0,0.0005310509004630148,0.0008321486529894173,0.0004222174175083637,0.9999999999999998,0.0
,,,0.2051446670666337,0.00016584085824433714,0.9999999999999982,0.0,0.0,0.0,fp32,,0.0,2,0.0,300,plateau,0.9999999999999982,0.0,0.00019086216343566775,0.0004407973028719425,0.00021874964295420796,0.9999999999999982,0.0
,,,0.2706872501876205,8.56061524245888e-05,0.9999999999999964,0.0,0.0,0.0,fp32,,0.0,2,0.0,400,plateau,0.9999999999999964,0.0,8.883762347977608e-05,0.0002527350152377039,0.00011776609608205035,0.9999999999999964,0.0
,,,0.34227216709405184,8.109716145554557e-05,0.9999999999999982,0.0,0.0,0.0,fp32,,0.0,2,0.0,500,plateau,0.9999999999999982,0.0,5.403241448220797e-05,0.00025475016445852816,0.00011451251339167356,0.9999999999999982,0.0
,,,0.4155787092167884,2.877490442187991e-05,0.9999999999999979,0.0,0.0,0.0,fp32,,0.0,2,0.0,600,plateau,0.9999999999999979,0.0,5.407978460425511e-05,0.00015244766836985946,5.2572755521396175e-05,0.9999999999999979,0.0
,,,0.4855658751912415,2.110833338520024e-05,0.999999999999999,0.0,0.0,0.0,fp32,,0.0,2,0.0,700,plateau,0.999999999999999,0.0,4.6856210246915e-05,0.00013519955973606557,4.3062456825282425e-05,0.999999999999999,0.0
,,,0.5576117921154946,2.0503281120909378e-05,0.9999999999999978,0.0,0.0,0.0,fp32,,0.0,2,0.0,800,plateau,0.9999999999999978,0.0,4.439069016370922e-05,0.0001252945512533188,4.066784822498448e-05,0.9999999999999978,0.0
,,,0.6286189171951264,1.1142877156089526e-05,0.9999999999999992,0.0,0.0,0.0,fp32,,0.0,2,0.0,900,plateau,0.9999999999999992,0.0,2.6290748792234808e-05,0.00011955021909670904,3.200327410013415e-05,0.9999999999999992,0.0
,,,0.6983267921023071,1.7512942577013746e-05,0.9999999999999966,0.0,0.0,0.0,fp32,,0.0,2,0.0,1000,plateau,0.9999999999999966,0.0,3.865464896080084e-05,0.00011271463881712407,3.583222860470414e-05,0.9999999999999966,0.0
,,,0.7648600421380252,1.3408957784122322e-05,0.9999999999999969,0.0,0.0,0.0,fp32,,0.0,2,0.0,1100,plateau,0.9999999999999969,0.0,1.6338282875949517e-05,0.00010624054993968457,3.127217132714577e-05,0.9999999999999969,0.0
,,,0.8309189171995968,1.6771087757661007e-05,0.9999999999999979,0.0,0.0,0.0,fp32,,0.0,2,0.0,1200,plateau,0.9999999999999979,0.0,2.610906994959805e-05,0.00011600013385759667,3.586533784982748e-05,0.9999999999999979,0.0
,,,0.8965970422141254,1.0766359082481358e-05,0.999999999999998,0.0,0.0,0.0,fp32,,0.0,2,0.0,1300,plateau,0.999999999999998,0.0,2.9042519599897787e-05,0.00010781717719510198,2.944146399386227e-05,0.999999999999998,0.0
,,,0.9655110840685666,5.0348512559139635e-06,0.999999999999999,0.0,0.0,0.0,fp32,,0.0,2,0.0,1400,plateau,0.999999999999999,0.0,2.1942601961200126e-05,9.236580808646977e-05,2.1839603505213745e-05,0.999999999999999,0.0
,,,1.0329075001645833,6.663912063231692e-05,0.9999999999999971,0.0,0.0,0.0,fp32,,0.0,2,0.0,1500,plateau,0.9999999999999971,0.0,6.775534711778164e-05,0.00011656159040285274,7.624550926266238e-05,0.9999999999999971,0.0
,,,1.0978516670875251,1.4402946362679359e-05,0.999999999999999,0.0,0.0,0.0,fp32,,0.0,2,0.0,1600,plateau,0.999999999999999,0.0,2.9466495107044466e-05,0.00011825526598840952,3.438683779677376e-05,0.999999999999999,0.0
,,,1.1652553342282772,1.10842292997404e-05,0.9999999999999982,0.0,0.0,0.0,fp32,,0.0,2,0.0,1700,plateau,0.9999999999999982,0.0,3.2450625440105796e-05,8.830342994770035e-05,2.594321449578274e-05,0.9999999999999982,0.0
,,,1.2380495420657098,8.493791938235518e-06,0.9999999999999974,0.0,0.0,0.0,fp32,,0.0,2,0.0,1800,plateau,0.9999999999999974,0.0,3.711350655066781e-05,0.00018746549903880805,4.29326064477209e-05,0.9999999999999974,0.0
,,,1.330884792143479,9.883732673188206e-06,0.9999999999999979,0.0,0.0,0.0,fp32,,0.0,2,0.0,1900,plateau,0.9999999999999979,0.0,2.9856491892132908e-05,0.00011262222687946633,2.9653288947883993e-05,0.9999999999999979,0.0
,,,1.4096392500214279,4.285830982553307e-06,0.9999999999999994,0.0,0.0,0.0,fp32,,0.0,2,0.0,2000,plateau,0.9999999999999994,0.0,5.035877620684914e-05,9.291215246776119e-05,2.133984162355773e-05,0.9999999999999994,0.0
,,,0.0034294170327484608,0.11970925331115723,,,,0.0,fixed-e4m3,,0.0,2,0.0,0,plateau,,,,0.14282745122909546,0.12415778636932373,,0.00043167927651666105
,,,0.47785229212604463,0.02115100994706154,0.9996412176780662,9.342550664037564e-09,0.00010432968179447053,0.0,fixed-e4m3,,0.0,2,0.0,100,plateau,0.9465206068283183,2.524170079250982e-06,0.023392926901578903,0.0370086133480072,0.02420242317020893,0.9469460650300199,0.0003553321002982557
,,,0.9614866669289768,0.00034355075331404805,0.9995927091794014,7.008301587414968e-10,0.00031298904538341156,0.0,fixed-e4m3,,0.0,2,0.0,200,plateau,-0.20432765963988178,5.654051806920852e-06,0.0006749660824425519,0.0011347746476531029,0.0004958027857355773,-0.20495519892908182,0.00045159345609135926
,,,1.3703668750822544,0.00033935136161744595,0.9996393513106538,1.035476051311963e-09,0.00020865936358894105,0.0,fixed-e4m3,,0.0,2,0.0,300,plateau,0.9573176485128561,9.364509578299557e-06,0.0003581603814382106,0.0005207282956689596,0.00037425299524329603,0.9576835497929217,0.001164203160442412
,,,1.7973703329917043,0.00013124736142344773,0.9995879173105128,3.9985476777777756e-11,0.00020865936358894105,0.0,fixed-e4m3,,0.0,2,0.0,400,plateau,0.03262822141927699,1.317791093930628e-05,0.00010483678488526493,0.00032173169893212616,0.0001679014676483348,0.03524081147483469,0.001504087238572538
,,,2.2142627499997616,7.047817052807659e-05,0.9995637670665273,9.794883489163394e-10,0.0,0.0,fixed-e4m3,,0.0,2,0.0,500,plateau,-0.9157109151346225,1.925861805377411e-05,0.00015544779307674617,0.00033495709067210555,0.0001213708019349724,-0.9151210388940016,0.0016843668418005109
,,,2.6315221250988543,0.00010661010310286656,0.9996050668501564,5.719635257968721e-10,0.0,0.0,fixed-e4m3,,0.0,2,0.0,600,plateau,0.9183158998785467,9.031115275220098e-06,0.00010035683226305991,0.00017004775872919708,0.00011881716636708006,0.9197724694135927,0.0010072184959426522
,,,3.0558701250702143,6.70127192279324e-05,0.99963485356521,2.688962289562301e-10,0.0,0.0,fixed-e4m3,,0.0,2,0.0,700,plateau,0.5806460845070057,8.39519523954616e-06,7.413887942675501e-05,0.00019571279699448496,9.177796891890466e-05,0.582082224611338,0.0007495801546610892
,,,3.445719667011872,5.922841955907643e-05,0.9996546321750432,5.116765340586765e-09,0.00010432968179447053,0.0,fixed-e4m3,,0.0,2,0.0,800,plateau,0.5228287576160533,6.38178901778454e-06,0.0008057395461946726,0.0005477662198245525,0.00015323582920245826,0.5242954936639691,0.0006696871714666486
,,,3.9349033751059324,3.8373706047423184e-05,0.9997060796339994,3.109252948653679e-11,0.0006259780907668231,0.0,fixed-e4m3,,0.0,2,0.0,900,plateau,-0.46338483975980244,5.658126902195847e-06,2.475794462952763e-05,6.591083365492523e-05,4.367256769910455e-05,-0.4626555830464101,0.00060746242525056
,,,4.35695574991405,1.020744184643263e-05,0.9996706246975764,1.5403065224145882e-11,0.0032342201356285864,0.0,fixed-e4m3,,0.0,2,0.0,1000,plateau,-0.4067091098367229,4.641279154997849e-06,2.6208472263533622e-05,4.714630267699249e-05,1.7315442164544947e-05,-0.40764710741687404,0.0005111256614327431
,,,4.782839667052031,5.209484515944496e-05,0.9996464161380497,3.5205889451765604e-09,0.00031298904538341156,0.0,fixed-e4m3,,0.0,2,0.0,1100,plateau,0.8257845589263049,2.851033360629049e-06,0.000511429738253355,8.634169353172183e-05,5.868482548976317e-05,0.8246545101571768,0.0004818039888050407
,,,5.220862166956067,1.2822149074054323e-05,0.9997089598955712,1.002835048529302e-09,0.00010432968179447053,0.0,fixed-e4m3,,0.0,2,0.0,1200,plateau,0.30539172131830944,1.94837914660941e-06,0.00016179867088794708,5.462078479467891e-05,2.0865292754024267e-05,0.3081002768280433,0.0003285182174295187
,,,5.611630541970953,7.708608791290317e-06,0.9996436225072798,1.0810712513951776e-11,0.00010432968179447053,0.0,fixed-e4m3,,0.0,2,0.0,1300,plateau,-0.27661782692953757,1.0926500979971586e-06,2.0326948288129643e-05,4.563863330986351e-05,1.500733196735382e-05,-0.2775111571355646,0.00023472933389712125
,,,6.073363207979128,1.3940562894276809e-05,0.9997011218654716,9.719045616212027e-11,0.0,0.0,fixed-e4m3,,0.0,2,0.0,1400,plateau,0.9507772311381351,2.046118011776025e-06,2.421144745312631e-05,0.00010357529390603304,3.11886215058621e-05,0.951311530423557,0.00035468299756757915
,,,6.465031666914001,7.922163604234811e-06,0.9996775043584611,5.593871014086948e-11,0.0005216484089723526,0.0,fixed-e4m3,,0.0,2,0.0,1500,plateau,0.9285759669465051,2.9204044494821154e-06,2.5247900339309126e-05,4.1765058995224535e-05,1.4434416698350105e-05,0.9296063125466485,0.0003194496384821832
,,,6.9245638330467045,8.817794150672853e-05,0.9996660373472275,1.37587154506548e-10,0.0010432968179447052,0.0,fixed-e4m3,,0.0,2,0.0,1600,plateau,0.49513546620849896,2.1862801704466684e-06,3.990682671428658e-05,5.8782326959772035e-05,8.252145926235244e-05,0.49757665430402137,0.0003109801618847996
,,,7.316740832990035,0.0001233273942489177,0.9995600910556072,8.131822228909235e-10,0.00010432968179447053,0.0,fixed-e4m3,,0.0,2,0.0,1700,plateau,-0.8101115708819033,3.7968444434424224e-06,9.4040427939035e-05,6.865264003863558e-05,0.00011280654143774882,-0.8097860608086555,0.00036447332240641117
,,,7.767113582929596,9.547717127134092e-06,0.9996614570732989,2.0221870517081738e-09,0.0,0.0,fixed-e4m3,,0.0,2,0.0,1800,plateau,0.4088365655392654,5.365445567401851e-06,0.0002250883262604475,6.811734056100249e-05,2.0818040866288356e-05,0.4080921676735023,0.0008537577814422548
,,,8.162270958069712,0.000257843203144148,0.999729800413575,3.68130699191357e-10,0.00010432968179447053,0.0,fixed-e4m3,,0.0,2,0.0,1900,plateau,-0.46207759125870757,2.3710485730137653e-06,0.0001003677534754388,0.00015596262528561056,0.00023823870287742466,-0.4623130569509681,0.0002574935497250408
,,,8.635903416899964,0.00012204638187540695,0.9996376264765716,3.4599475288249306e-10,0.00020865936358894105,0.0,fixed-e4m3,,0.0,2,0.0,2000,plateau,0.9859320765943024,2.031453746592796e-06,9.40044701565057e-05,6.145592487882823e-05,0.00011038721277145669,0.9865114269739537,0.00027707431581802666
,,,0.002604292007163167,0.11611278355121613,,,,0.0,fixed-e5m2,,0.0,2,0.0,0,plateau,,,,0.1413208544254303,0.12096347659826279,,0.0027910578064620495
,,,0.41454991698265076,0.022969907149672508,0.9985794256620957,3.0311996770091385e-08,0.0,0.0,fixed-e5m2,,0.0,2,0.0,100,plateau,0.8770466931243719,6.85140423652871e-05,0.026923255994915962,0.043899137526750565,0.026997236534953117,0.8766395597366171,0.005942514166235924
,,,0.8608528331387788,0.0004402717750053853,0.9988035971351512,1.5583367168625952e-08,0.0,0.0,fixed-e5m2,,0.0,2,0.0,200,plateau,-0.6463362729469357,4.132943863754137e-05,0.0010825195349752903,0.0009712685132399201,0.0005424494156613946,-0.6470364566422453,0.003511271206662059
,,,1.2601325830910355,0.000425684847868979,0.9986602805255295,6.11273684077543e-08,0.0,0.0,fixed-e5m2,,0.0,2,0.0,300,plateau,0.7933956289231103,1.668023298179305e-05,0.002099057659506798,0.0006410728674381971,0.0004671310889534652,0.792220847044382,0.0058366390876472
,,,1.695432250155136,0.0002411516907159239,0.9986369969692831,7.2810800505779055e-09,0.0,0.0,fixed-e5m2,,0.0,2,0.0,400,plateau,-0.8587296151206771,2.9440554406314608e-05,0.0003991464909631759,0.0008125583990477026,0.00035110520548187196,-0.8596817319419879,0.004965548403561115
,,,2.1098403751384467,0.0003446908085606992,0.9987061766659645,1.9328130615801024e-09,0.0,0.0,fixed-e5m2,,0.0,2,0.0,500,plateau,0.8626252440739424,2.7189239074529894e-05,0.00016101532673928887,0.0011951797641813755,0.0005083470023237169,0.865982782140385,0.004522405099123716
,,,2.5495589580386877,0.00017923420818988234,0.9983306699498432,8.708211628163923e-10,0.0,0.0,fixed-e5m2,,0.0,2,0.0,600,plateau,0.4661947028096968,3.435680751157319e-05,0.00010741422011051327,0.00016473850701004267,0.00017644483887124807,0.46517941111975314,0.004151313100010157
,,,2.9607255831360817,6.732522160746157e-05,0.9985817007311771,4.699826072999901e-09,0.0,0.0,fixed-e5m2,,0.0,2,0.0,700,plateau,-0.37416479628187627,3.437261404891315e-05,0.00015912941307760775,0.00024307570129167289,0.00010114418546436355,-0.3786553801538566,0.00382602633908391
,,,3.4170746251475066,4.5315242459764704e-05,0.9983834462030955,1.921223505296294e-09,0.0,0.0,fixed-e5m2,,0.0,2,0.0,800,plateau,-0.5578218422415216,2.327496207259082e-05,8.172582602128386e-05,0.0002541260328143835,8.549587801098824e-05,-0.5553349836998557,0.003420797409489751
,,,3.8325657499954104,6.375757220666856e-05,0.998548704066434,7.380311253322119e-10,0.0,0.0,fixed-e5m2,,0.0,2,0.0,900,plateau,-0.5225535167293841,2.0845567168555927e-05,6.168161053210497e-05,0.00019214043277315795,8.846177661325783e-05,-0.5260481383106388,0.004345496650785208
,,,4.299920917022973,4.7613244532840326e-05,0.9985962663172545,7.671170766903307e-10,0.0,0.0,fixed-e5m2,,0.0,2,0.0,1000,plateau,-0.008099798994569633,2.1699421610597075e-05,5.7666249631438404e-05,0.000169774706591852,7.11202883394435e-05,-0.013400286798517382,0.002599998377263546
,,,4.710896166972816,8.999754936667159e-05,0.9988316393832756,5.1273474310938045e-09,0.0,0.0,fixed-e5m2,,0.0,2,0.0,1100,plateau,0.244885324044561,9.388642578720855e-06,0.0002780016802717,0.0006188470288179815,0.00019176193745806813,0.25215023660887714,0.0026181628927588463
,,,5.156926208175719,2.0161747670499608e-05,0.9988365166409214,4.0061681941374237e-10,0.0,0.0,fixed-e5m2,,0.0,2,0.0,1200,plateau,0.5815292159043687,1.2088841450050816e-05,2.9742652259301394e-05,0.0001266464969376102,4.0652183088241145e-05,0.5832866661606289,0.0020138765685260296
,,,5.571565875085071,0.0008042128174565732,0.9985413218463531,3.98467751202983e-09,0.0,0.0,fixed-e5m2,,0.0,2,0.0,1300,plateau,0.9099321199365928,1.7279634657967393e-05,0.0001615842047613114,0.0007545628468506038,0.0007946588448248804,0.9103667749838283,0.0041560581885278225
,,,5.9786155831534415,0.00017645077605266124,0.9988334009533056,1.3812512245333257e-09,0.0,0.0,fixed-e5m2,,0.0,2,0.0,1400,plateau,0.9854547261355794,2.562471056861305e-05,7.485441165044904e-05,0.00016867370868567377,0.000174954257090576,0.9865550281379311,0.003625318640843034
,,,6.388200792018324,8.549241465516388e-05,0.9988938393626952,8.531889467751986e-10,0.0,0.0,fixed-e5m2,,0.0,2,0.0,1500,plateau,-0.5474891982554172,3.726390210981578e-05,6.95682829245925e-05,6.76017880323343e-05,8.2049795310013e-05,-0.5477271083431774,0.003924055024981499
,,,6.770981749985367,0.0021929917857050896,0.9989889953344208,9.385980451115461e-09,0.0,0.0,fixed-e5m2,,0.0,2,0.0,1600,plateau,0.007582488129047648,4.305644877436163e-05,0.0005342489457689226,0.004410420544445515,0.0026196830440312624,0.011071662614883682,0.004864124581217766
,,,7.224501708056778,3.528616070980206e-05,0.9986267271880972,9.757270998356378e-10,0.0,0.0,fixed-e5m2,,0.0,2,0.0,1700,plateau,0.7162601995556733,3.785068127185014e-05,6.69616783852689e-05,9.662134107202291e-05,4.708865162683651e-05,0.7151143992603167,0.0029323326889425516
,,,7.652802708093077,3.832344737020321e-05,0.9988952052644464,6.571637174283987e-10,0.0,0.0,fixed-e5m2,,0.0,2,0.0,1800,plateau,0.692438646690951,3.787858499892037e-05,6.212544394657016e-05,9.832223440753296e-05,4.9868769565364346e-05,0.6964004750428622,0.0027843306306749582
,,,8.062960542039946,9.876181866275147e-05,0.9987654889228477,2.458658233307155e-09,0.0,0.0,fixed-e5m2,,0.0,2,0.0,1900,plateau,0.7435903585915117,3.161621895721172e-05,0.00013202177069615573,0.0006034133257344365,0.0001958698994712904,0.7464240420794591,0.0022322451695799828
,,,8.535888583166525,6.706498970743269e-05,0.9985473716121802,2.3634914192597914e-09,0.0,0.0,fixed-e5m2,,0.0,2,0.0,2000,plateau,0.8412746829391737,1.3813158879836836e-05,0.00010704671876737848,9.604122897144407e-05,7.264078158186749e-05,0.846413674235825,0.0016154637560248375
,,,0.0030132499523460865,0.11970925331115723,,,,0.0,fixed-hybrid,,0.0,2,0.0,0,plateau,,,,0.14282745122909546,0.12415778636932373,,0.00043167927651666105
,,,0.4402950000949204,0.02142028510570526,0.9992009398766596,2.6675923297375072e-08,0.0,0.0,fixed-hybrid,,0.0,2,0.0,100,plateau,0.9605079600588442,1.6366445130516221e-06,0.024056266993284225,0.03640148416161537,0.02430305816233158,0.9622206775033388,0.0003381329879630357
,,,0.8365568751469254,0.0003847191983368248,0.9986350523364964,6.284425099504376e-10,0.0,0.0,fixed-hybrid,,0.0,2,0.0,200,plateau,0.8047733765177182,2.421905932936985e-06,0.0006033024401403964,0.0010158527875319123,0.0005061657284386456,0.8066655406371437,0.00017186070908792317
,,,1.296500917058438,0.0003664713294710964,0.9981444438539432,2.606109714556587e-09,0.0,0.0,fixed-hybrid,,0.0,2,0.0,300,plateau,-0.29723458971862315,6.748527273883507e-06,0.00032677847775630653,0.0006363886059261858,0.00041841043275780976,-0.30038688159844695,0.0007828944944776595
,,,1.6988960420712829,0.00010432519047753885,0.9984512302367021,1.5411569777644347e-10,0.0,0.0,fixed-hybrid,,0.0,2,0.0,400,plateau,0.5224301353119362,2.5990034103865802e-05,0.0001118060972657986,0.00035481294617056847,0.0001525255647720769,0.5186534128819594,0.002505463780835271
,,,2.08219070895575,7.458830077666789e-05,0.998509557794949,1.2508334985796159e-08,0.0,0.0,fixed-hybrid,,0.0,2,0.0,500,plateau,-0.9061689960569791,1.4573005528665927e-05,0.00040809481288306415,0.00017055933130905032,9.305562707595527e-05,-0.9079391401045128,0.0007494857418350875
,,,2.547109500039369,6.552163540618494e-05,0.9986051114057127,1.7350002212696772e-10,0.0,0.0,fixed-hybrid,,0.0,2,0.0,600,plateau,0.8737067334083133,1.0855773907054703e-05,5.4750722483731806e-05,0.00021721600205637515,9.471156954532489e-05,0.8763732693677262,0.0009242011583410203
,,,3.119283749954775,8.814434113446623e-05,0.9984022140921492,7.560881988478666e-09,0.0,0.0,fixed-hybrid,,0.0,2,0.0,700,plateau,0.3265765656362583,1.0468667003508273e-05,0.0003042082244064659,0.0005682813352905214,0.00018053519306704402,0.3278294629155465,0.0008952830103226006
,,,3.580797499977052,0.00038495747139677405,0.9986811475436753,1.298953428965134e-09,0.0,0.0,fixed-hybrid,,0.0,2,0.0,800,plateau,0.21498593982592676,3.7467992643146894e-06,9.085729107027873e-05,0.0003467597416602075,0.00037760718259960413,0.21676393829820997,0.0006615514867007732
,,,4.0140664170030504,4.884537702309899e-05,0.9986050632986425,4.121454109874324e-10,0.0,0.0,fixed-hybrid,,0.0,2,0.0,900,plateau,0.47773565060444845,5.1770923659585754e-06,3.6778455978492275e-05,5.99866543780081e-05,5.098924884805456e-05,0.4804881090190947,0.0007122740498743951
,,,4.454902542056516,0.0003597231407184154,0.9988577638323786,2.519261233002836e-09,0.0,0.0,fixed-hybrid,,0.0,2,0.0,1000,plateau,0.9608818492621978,1.1478784321345048e-05,0.00010780960292322561,5.04044619447086e-05,0.0003002021403517574,0.9631081309408438,0.0013397489674389362
,,,4.932085874956101,8.05566378403455e-06,0.9987373282896569,9.080093216845272e-10,0.0,0.0,fixed-hybrid,,0.0,2,0.0,1100,plateau,-0.7765926766498755,3.697266218173727e-06,4.827807060792111e-05,3.942379407817498e-05,1.4091709090280347e-05,-0.7781794860674446,0.0003298924129921943
,,,5.347270000027493,2.6553096176940016e-05,0.9990244539067725,4.3997120762348083e-10,0.0,0.0,fixed-hybrid,,0.0,2,0.0,1200,plateau,-0.9755178361333158,2.24570750746702e-06,3.092809492954984e-05,6.0367481637513265e-05,3.305986319901422e-05,-0.9759214091577898,0.0002448181912768632
,,,5.747686792165041,0.00011745296069420874,0.9983744658549867,1.1209017288436393e-09,0.0,0.0,fixed-hybrid,,0.0,2,0.0,1300,plateau,-0.8702614304512095,3.886168423507333e-06,4.455258749658242e-05,5.342082658899017e-05,0.00010513151210034266,-0.8698012670321424,0.00010800419113365933
,,,6.206420416943729,0.0002034316712524742,0.9986118192757971,2.605211514855298e-09,0.0,0.0,fixed-hybrid,,0.0,2,0.0,1400,plateau,0.8484837915599337,2.850264572255877e-07,9.43079503485933e-05,0.0001009713887469843,0.0001837156160036102,0.8493339269118717,0.00025931146228685975
,,,6.623890541959554,9.193672303808853e-05,0.9986854414273864,5.257454045807805e-10,0.0,0.0,fixed-hybrid,,0.0,2,0.0,1500,plateau,0.7846214343768599,8.46879685481417e-07,4.328449722379446e-05,0.00015769519086461514,0.00010459036275278777,0.7852519373064768,0.0001472297153668478
,,,7.023600917076692,0.0001692199584795162,0.9985527669463081,1.230657858883975e-09,0.0,0.0,fixed-hybrid,,0.0,2,0.0,1600,plateau,0.16946423987064918,1.3067401456849885e-06,5.203959153732285e-05,0.000204398253117688,0.00017598917474970222,0.16742118923348456,0.00017224822659045458
,,,7.445153916953132,2.369635330978781e-05,0.9989143909404573,9.708446523755243e-10,0.0,0.0,fixed-hybrid,,0.0,2,0.0,1700,plateau,0.9707171674584604,1.1207038617917855e-06,4.8286041419487447e-05,4.0700240788282827e-05,2.696834781090729e-05,0.9707668164707983,0.00014766120875719935
,,,7.882573209004477,0.00015964377962518483,0.9986880659907533,3.195465139157783e-08,0.0,0.0,fixed-hybrid,,0.0,2,0.0,1800,plateau,0.9786407326753545,3.950753814202208e-06,0.0008851921302266419,7.077751797623932e-05,0.0001425435912096873,0.9788811017029095,7.30631873011589e-05
,,,8.279410416958854,6.047510396456346e-06,0.9988152421435832,5.103780241105842e-10,0.0,0.0,fixed-hybrid,,0.0,2,0.0,1900,plateau,0.6177508715600208,2.1906712207191511e-07,3.065602504648268e-05,3.336125155328773e-05,1.130338387156371e-05,0.6144240101645951,0.00012014693493256345
,,,8.705141291953623,4.8165642510866746e-05,0.9986683103083098,6.695796956214505e-10,0.0,0.0,fixed-hybrid,,0.0,2,0.0,2000,plateau,0.9876207387079304,7.299447086410091e-07,3.640479189925827e-05,5.282366691972129e-05,4.9061964091379195e-05,0.9903065930705636,8.93015821930021e-05
,,,0.0027226251550018787,0.11822105199098587,,,,0.0056172090116888285,calibrated,,0.0,2,0.0056172090116888285,0,plateau,,,,0.14149616658687592,0.1226997897028923,,0.00012621811765711755
,,,0.4359507909975946,0.023156750947237015,0.9999025563815744,1.5451436628720597e-09,0.013458528951486698,0.0056172090116888285,calibrated,,0.0,2,0.0056172090116888285,100,plateau,0.9784156704329895,3.565722382358863e-07,0.026963405311107635,0.04392834007740021,0.027153747156262398,0.9788038250379649,0.00012702761159744114
,,,0.889450415968895,0.0003048382350243628,0.9999163380996979,4.082856072795768e-11,0.012728221178925404,0.0056172090116888285,calibrated,,0.0,2,0.0056172090116888285,200,plateau,0.9248585214319986,4.836854532324866e-07,0.0005454521160572767,0.0009426012402400374,0.0004275604442227632,0.9246688082533823,0.00011864780390169472
,,,1.3361750000622123,0.00017324149666819721,0.9999181002477746,6.180339149009652e-11,0.022639540949400103,0.0056172090116888285,calibrated,,0.0,2,0.0056172090116888285,300,plateau,0.17465799276452998,3.6924989755210656e-07,0.00024195562582463026,0.0005204561166465282,0.0002400546072749421,0.17395549690085507,6.916469283169135e-05
,,,1.7367771661374718,9.854938252829015e-05,0.9999189146368701,1.436384164512687e-11,0.008242044861763172,0.0056172090116888285,calibrated,,0.0,2,0.0056172090116888285,400,plateau,0.9448751774221452,2.7313480249451786e-07,9.891199442790821e-05,0.00038016613689251244,0.0001527397835161537,0.9454566118036307,6.307868898147717e-05
,,,2.212380083044991,5.702958151232451e-05,0.9999093768225104,8.137755028101157e-11,0.02535211267605634,0.0056172090116888285,calibrated,,0.0,2,0.0056172090116888285,500,plateau,0.7937632476089242,7.259148473200745e-07,8.764315134612843e-05,0.00017104201833717525,7.896855095168576e-05,0.794303855115762,4.79286172776483e-05
,,,2.6352528750430793,7.510745490435511e-05,0.9999137355019264,1.0840873511471952e-10,0.01815336463223787,0.0056172090116888285,calibrated,,0.0,2,0.0056172090116888285,600,plateau,0.7344643696645655,6.652290896809786e-07,0.00012079458247171715,0.00016236728697549552,9.189850970869884e-05,0.7345502176686838,0.00011584077583393082
,,,3.077825958142057,2.3533575586043298e-05,0.9999055184831409,4.049655572238281e-10,0.020552947313510695,0.0056172090116888285,calibrated,,0.0,2,0.0056172090116888285,700,plateau,0.6119719727284372,1.5400633376175054e-06,0.00020237854914739728,0.0002079163386952132,5.901362237636931e-05,0.6124025363229039,5.663710180670023e-05
,,,3.5163530830759555,0.00023182728909887373,0.9999150904833852,6.7414508556861225e-12,0.02180490349504434,0.0056172090116888285,calibrated,,0.0,2,0.0056172090116888285,800,plateau,-0.8512049759063217,1.318149889647199e-06,3.067986835958436e-05,0.0006860672147013247,0.0003192348522134125,-0.8515095848437924,0.00011406881822040305
,,,3.9123413329944015,4.2032363126054406e-05,0.9999007752517989,3.037713626893506e-10,0.011997913406364111,0.0056172090116888285,calibrated,,0.0,2,0.0056172090116888285,900,plateau,0.9888979330596951,5.855075459122644e-07,0.00018148316303268075,0.00014522444689646363,6.188920815475285e-05,0.9889285193157417,0.0001223743602167815
,,,4.426574458135292,0.00013017814490012825,0.9999087085700757,3.770180413101305e-11,0.02190923317683881,0.0056172090116888285,calibrated,,0.0,2,0.0056172090116888285,1000,plateau,0.4205439056705343,1.7673812088850722e-06,7.182976696640253e-05,0.00011585139873204753,0.00012742129911202937,0.4195235863223998,0.0001805805368348956
,,,4.860976499971002,4.553583130473271e-05,0.9999288663017958,3.2892478406081157e-12,0.012936880542514346,0.0056172090116888285,calibrated,,0.0,2,0.0056172090116888285,1100,plateau,-0.5145220221757012,2.303925687274603e-06,1.7718519302434288e-05,0.0001449172559659928,6.465939804911613e-05,-0.5144162173486584,0.0002529788762331009
,,,5.2620179580990225,1.9383433027542196e-05,0.9999199842174815,1.4791555994803262e-11,0.011476264997391758,0.0056172090116888285,calibrated,,0.0,2,0.0056172090116888285,1200,plateau,0.033204629047849175,1.9515646479087794e-06,3.280457895016298e-05,0.00011954946967307478,3.8657984987366945e-05,0.03319222860421965,0.00031541974749416113
,,,5.648407208034769,7.478602128685452e-06,0.999901405350854,1.9394306629476082e-11,0.01815336463223787,0.0056172090116888285,calibrated,,0.0,2,0.0056172090116888285,1300,plateau,0.7650864726344215,2.630932180190048e-06,2.5928657123586163e-05,0.00011661787721095607,2.8479840693762526e-05,0.7656518095048955,0.00039597961585968733
,,,6.115786875132471,2.259005486848764e-05,0.9999174004363756,3.5574138398163683e-12,0.014397496087636933,0.0056172090116888285,calibrated,,0.0,2,0.0056172090116888285,1400,plateau,0.11719514908034297,2.4328415786320107e-06,2.1539803128689528e-05,0.0001535825285827741,4.7796416765777394e-05,0.1169572219709439,0.00036418551462702453
,,,6.533187875058502,6.047182614565827e-05,0.9999213923516816,3.506932510448127e-11,0.015023474178403756,0.0056172090116888285,calibrated,,0.0,2,0.0056172090116888285,1500,plateau,-0.0969491975911263,1.7663414026154537e-06,6.373880023602396e-05,0.00016203350969590247,8.001493552001193e-05,-0.09668452978055599,0.00027262739604339004
,,,6.930637208046392,4.941422594129108e-05,0.9999138642328996,1.0426173949373317e-11,0.010954616588419406,0.0056172090116888285,calibrated,,0.0,2,0.0056172090116888285,1600,plateau,-0.7804738343733806,3.129060498531897e-06,3.3747033739928156e-05,0.00010906779061770067,6.0893122281413525e-05,-0.7811192991017747,0.00037442983011715114
,,,7.35462125018239,0.0003231744631193578,0.9998751446077476,6.669377374464231e-10,0.009494001043296818,0.0056172090116888285,calibrated,,0.0,2,0.0056172090116888285,1700,plateau,0.5361878048907548,1.8928519184901142e-06,0.00023042791872285306,0.000139391835546121,0.0002878098748624325,0.5363006968810073,9.797264647204429e-05
,,,7.789392666192725,5.3553048928733915e-05,0.999927829637976,6.597774904560934e-11,0.018779342723004695,0.0056172090116888285,calibrated,,0.0,2,0.0056172090116888285,1800,plateau,-0.6322376967365508,1.0206298331714438e-06,5.027389488532208e-05,0.0001016867026919499,6.281521200435236e-05,-0.6321429045013726,0.00012035141116939485
,,,8.26995945814997,4.584824273479171e-05,0.9999103452520943,1.4660174514084343e-10,0.01189358372456964,0.0056172090116888285,calibrated,,0.0,2,0.0056172090116888285,1900,plateau,-0.10721639975660359,8.566126223879683e-07,8.707472443347797e-05,0.00035292550455778837,0.00010493789886822924,-0.10705798706317009,9.75803704932332e-05
,,,8.847813833039254,1.4409493815037422e-05,0.9999274539505496,3.0313868230985095e-12,0.019300991131977047,0.0056172090116888285,calibrated,,0.0,2,0.0056172090116888285,2000,plateau,0.8030378827106281,1.2766650835598046e-06,2.1487143385456875e-05,0.00015454857202712446,4.137589712627232e-05,0.8032447147441261,0.0001658510009292513
,,,0.0036187090445309877,0.11822105199098587,,,,0.0056172090116888285,adaptive,,0.0,2,0.0056172090116888285,0,plateau,,,,0.14149616658687592,0.1226997897028923,,0.00012621811765711755
,,,0.46450887504033744,0.023156750947237015,0.9999025563815744,1.5451436628720597e-09,0.013458528951486698,0.0056172090116888285,adaptive,,0.0,2,0.0056172090116888285,100,plateau,0.9784156704329895,3.565722382358863e-07,0.026963405311107635,0.04392834007740021,0.027153747156262398,0.9788038250379649,0.00012702761159744114
,,,0.8675238750874996,0.0003048382350243628,0.9999163380996979,4.082856072795768e-11,0.012728221178925404,0.0056172090116888285,adaptive,,0.005553583847358823,2,0.011170792859047651,200,plateau,0.9248585214319986,4.836854532324866e-07,0.0005454521160572767,0.0009426012402400374,0.0004275604442227632,0.9246688082533823,0.00011864780390169472
,,,1.3269614588934928,0.00022262235870584846,0.9999262623703676,1.241024792937232e-10,0.020552947313510695,0.0056172090116888285,adaptive,,0.010840080212801695,2,0.016457289224490523,300,plateau,0.5208924539128796,6.396980148717927e-07,0.0002744114026427269,0.0004669917107094079,0.00026964538847096264,0.5206508424488985,0.00010615825885906816
,,,1.7618735840078443,0.0001048132762662135,0.9998862579403285,1.9546503023862184e-10,0.02190923317683881,0.0056172090116888285,adaptive,,0.01703416439704597,2,0.0226513734087348,400,plateau,0.7875002105313484,3.815268595820345e-07,0.00016386431525461376,0.0002762825752142817,0.0001378084416501224,0.7877163675732842,9.036852134158835e-05
,,,2.166161834029481,5.667418736265972e-05,0.9999353808418294,4.213860887495516e-11,0.024726134585289515,0.0056172090116888285,adaptive,,0.022144664777442813,2,0.02776187378913164,500,plateau,0.7541878079808113,3.198024170547816e-07,8.201923628803343e-05,0.00017944660794455558,8.029879973037168e-05,0.7547336977993214,5.167474955669604e-05
,,,2.6298126250039786,6.915180711075664e-05,0.9999194389109466,3.941508722526994e-11,0.01637976004173187,0.0056172090116888285,adaptive,,0.02745703887194395,2,0.03307424788363278,600,plateau,-0.9112579479783356,1.0696665631161973e-06,7.734975952189416e-05,0.0002603644970804453,0.00010594611376291141,-0.9110988214193373,8.915321086533368e-05
,,,3.044499709038064,2.3953245545271784e-05,0.9998961493560782,4.077329375515709e-12,0.014710485133020344,0.0056172090116888285,adaptive,,0.03285291325300932,2,0.03847012226469815,700,plateau,-0.6755317163222587,6.463499536389501e-07,3.9019771065795794e-05,0.00037081216578371823,9.069793304661289e-05,-0.6744240011861136,4.3479132727952674e-05
,,,3.4740145839750767,5.7769884733716026e-05,0.9999228455297423,5.385435002267683e-11,0.019300991131977047,0.0056172090116888285,adaptive,,0.0382666636724025,2,0.04388387268409133,800,plateau,0.6330912329369044,5.40819545202639e-07,7.674090011278167e-05,0.0001493915042374283,7.540027581853792e-05,0.6335405117555111,9.666643018135801e-05
,,,3.8852140840608627,7.489402196370065e-05,0.9999109104630803,5.301908805679018e-12,0.016797078768909755,0.0056172090116888285,adaptive,,0.0432872474193573,2,0.04890445643104613,900,plateau,-0.03817917115333576,6.196661116073375e-07,2.5464047212153673e-05,0.00013205825234763324,8.589390199631453e-05,-0.03757552694441201,0.00022508959227707237
,,,4.299052125075832,2.3190115825855173e-05,0.9999044939935446,6.009256454794686e-11,0.016484089723526343,0.0056172090116888285,adaptive,,0.04835170181468129,2,0.05396891082637012,1000,plateau,-0.3657538467701466,1.559280361426338e-06,7.244829612318426e-05,0.00011841164814541116,4.1513216274324805e-05,-0.36564077129413813,0.0001547476858831942
,,,4.739455916918814,1.2174526091257576e-05,0.9999033168017321,9.568125113786e-12,0.0116849243609807,0.0056172090116888285,adaptive,,0.05338065582327545,2,0.058997864834964275,1100,plateau,0.8097260290983942,1.1970114159932566e-06,2.539835259085521e-05,0.00014681785251013935,3.8083409890532494e-05,0.8104565321500075,0.00018697768973652273
,,,5.167249541962519,3.234840914956294e-05,0.9998993163088942,9.366144868223755e-11,0.014188836724047992,0.0056172090116888285,adaptive,,0.05821407400071621,2,0.06383128301240504,1200,plateau,0.7546795982878534,1.4558953483300358e-06,5.884898200747557e-05,0.0002475980145391077,7.376803841907531e-05,0.7541383565357339,0.00033719625207595527
,,,5.603172624949366,0.0006817029789090157,0.9998812951719155,5.247688916332121e-10,0.010119979134063642,0.0056172090116888285,adaptive,,0.06324986461549997,2,0.0688670736271888,1300,plateau,0.6989078950008701,1.169399559063859e-06,0.00020925782155245543,0.0010302647715434432,0.0007487753755412996,0.6997205373957384,0.00018925197946373373
,,,6.029291375074536,0.0001256755058420822,0.99989858396634,4.250684853047028e-10,0.014293166405842462,0.0056172090116888285,adaptive,,0.06860044971108437,2,0.0742176587227732,1400,plateau,0.8858807886300027,4.505754463084441e-07,0.00022991870355326682,0.0001648698962526396,0.0001332175306743011,0.8864039014250125,0.0001466179674025625
,,,6.448612124891952,1.7527798263472505e-05,0.9999059954964017,1.1197197191636398e-11,0.024830464267083987,0.0056172090116888285,adaptive,,0.07355265598744154,2,0.07916986499913037,1500,plateau,-0.3138883823039709,9.34426103550973e-07,3.9671067497693e-05,9.715368651086465e-05,3.284989361418411e-05,-0.31403190645045675,0.0001482361403759569
,,,6.942376374965534,7.4771705840248615e-06,0.999911231074477,7.260126611571702e-11,0.02013562858633281,0.0056172090116888285,adaptive,,0.07883319188840687,2,0.0844504009000957,1600,plateau,0.6772078044475227,1.156613939786757e-06,7.23383272998035e-05,0.000127179897390306,3.0511095246765763e-05,0.676609224699712,0.00017427012789994478
,,,7.36727249994874,3.987447780673392e-05,0.9999014820325223,5.717454955193511e-11,0.02389149713093375,0.0056172090116888285,adaptive,,0.08373385784216225,2,0.08935106685385108,1700,plateau,0.9225838021561127,7.928098481824905e-07,6.457675044657663e-05,9.76711162365973e-05,5.099605550640263e-05,0.9220914623466709,0.00014834426110610366
,,,7.859194749966264,0.0017786298412829638,0.999915788995562,4.093348551843498e-10,0.04110589462702139,0.0056172090116888285,adaptive,,0.08874335931614041,2,0.09436056832782924,1800,plateau,0.9105064929133327,4.806213892138613e-07,0.00021758893853984773,0.000717200746294111,0.0015743832336738706,0.9102320345628068,0.00027694960590451956
,,,8.42407145886682,6.999824108788744e-05,0.9998806486029481,6.20708565505069e-11,0.02827334376630151,0.0056172090116888285,adaptive,,0.09681465034373105,2,0.10243185935541987,1900,plateau,0.8193020522967048,9.59447966393115e-08,4.8481877456652e-05,9.110065730055794e-05,7.405889482470229e-05,0.8188437649328667,1.603005875949748e-05
,,,8.850270542083308,9.624591257306747e-06,0.9999287727046702,8.897504703155142e-12,0.02566510172143975,0.0056172090116888285,adaptive,,0.10195139865390956,2,0.10756860766559839,2000,plateau,-0.18727571281541286,5.654307941101586e-07,2.612365278764628e-05,7.828835805412382e-05,2.2837286451249383e-05,-0.1888243485033335,6.559450412169099e-05
,-0.0034624971449375153,0.013462497144937515,0.0029700419399887323,,,,,0.0,fp32,,0.0,2,0.0,0,detail,,,,,0.410202294588089,,0.0
,0.0018833291251212358,0.008116670874878764,0.09605662478134036,,0.9999999999999988,0.0,0.0,0.0,fp32,,0.0,2,0.0,100,detail,0.9999999999999988,0.0,0.16309739649295807,,0.18606604635715485,0.9999999999999988,0.0
,-0.0024394444189965725,0.012439444418996573,0.17199729196727276,,0.9999999999999962,0.0,0.0,0.0,fp32,,0.0,2,0.0,200,detail,0.9999999999999962,0.0,0.03803177922964096,,0.05021128058433533,0.9999999999999962,0.0
,0.0005256307777017355,0.009474369222298265,0.2528307498432696,,0.9999999999999982,0.0,0.0,0.0,fp32,,0.0,2,0.0,300,detail,0.9999999999999982,0.0,0.0032953782938420773,,0.003812215756624937,0.9999999999999982,0.0
,0.00019694028014782816,0.009803059719852172,0.34185520885512233,,0.9999999999999978,0.0,0.0,0.0,fp32,,0.0,2,0.0,400,detail,0.9999999999999978,0.0,0.0006912561366334558,,0.001151116332039237,0.9999999999999978,0.0
,0.00035288152866996825,0.009647118471330032,0.41173349996097386,,1.0000000000000002,0.0,0.0,0.0,fp32,,0.0,2,0.0,500,detail,1.0000000000000002,0.0,0.0009058398427441716,,0.0008106470922939479,1.0000000000000002,0.0
,3.4705113648669794e-05,0.00996529488635133,0.47951254178769886,,0.9999999999999974,0.0,0.0,0.0,fp32,,0.0,2,0.0,600,detail,0.9999999999999974,0.0,0.0005496080848388374,,0.0005580795696005225,0.9999999999999974,0.0
,-0.00028636964270845056,0.01028636964270845,0.5473924169782549,,0.9999999999999967,0.0,0.0,0.0,fp32,,0.0,2,0.0,700,detail,0.9999999999999967,0.0,0.0007942436495795846,,0.0006009502685628831,0.9999999999999967,0.0
,-0.00021761900279670954,0.01021761900279671,0.619221958797425,,0.9999999999999977,0.0,0.0,0.0,fp32,,0.0,2,0.0,800,detail,0.9999999999999977,0.0,0.0010441341437399387,,0.001154799829237163,0.9999999999999977,0.0
,0.000563474022783339,0.009436525977216661,0.6884582499042153,,0.999999999999995,0.0,0.0,0.0,fp32,,0.0,2,0.0,900,detail,0.999999999999995,0.0,0.00036531631485559046,,0.0005004341364838183,0.999999999999995,0.0
,0.00029397738398984075,0.00970602261601016,0.7626390838995576,,0.9999999999999958,0.0,0.0,0.0,fp32,,0.0,2,0.0,1000,detail,0.9999999999999958,0.0,0.00024387113808188587,,0.0004058230551891029,0.9999999999999958,0.0
,0.0007211935007944703,0.00927880649920553,0.8313624998554587,,0.9999999999999989,0.0,0.0,0.0,fp32,,0.0,2,0.0,1100,detail,0.9999999999999989,0.0,0.0007675595697946846,,0.00040084196371026337,0.9999999999999989,0.0
,2.876596226997208e-05,0.009971234037730028,0.903197875013575,,0.9999999999999981,0.0,0.0,0.0,fp32,,0.0,2,0.0,1200,detail,0.9999999999999981,0.0,0.0003496745484881103,,0.0003580705670174211,0.9999999999999981,0.0
,0.0008998331031762064,0.009100166896823794,0.969949166988954,,0.999999999999997,0.0,0.0,0.0,fp32,,0.0,2,0.0,1300,detail,0.999999999999997,0.0,0.0007666625315323472,,0.0008356890175491571,0.999999999999997,0.0
,-0.0006639767088927329,0.010663976708892733,1.05184541689232,,0.9999999999999938,0.0,0.0,0.0,fp32,,0.0,2,0.0,1400,detail,0.9999999999999938,0.0,0.00032292312243953347,,0.0006012217490933836,0.9999999999999938,0.0
,0.0007220197003334761,0.009277980299666524,1.1297641668934375,,0.9999999999999976,0.0,0.0,0.0,fp32,,0.0,2,0.0,1500,detail,0.9999999999999976,0.0,0.0010656839003786445,,0.002061899285763502,0.9999999999999976,0.0
,-0.00039996247505769134,0.010399962475057692,1.1958261670079082,,0.9999999999999983,0.0,0.0,0.0,fp32,,0.0,2,0.0,1600,detail,0.9999999999999983,0.0,0.0007064321544021368,,0.0007054183515720069,0.9999999999999983,0.0
,0.0007007211679592729,0.009299278832040727,1.270363374846056,,0.999999999999994,0.0,0.0,0.0,fp32,,0.0,2,0.0,1700,detail,0.999999999999994,0.0,0.0005262814229354262,,0.0004988933214917779,0.999999999999994,0.0
,-6.963923806324601e-05,0.010069639238063246,1.3519849998410791,,0.9999999999999969,0.0,0.0,0.0,fp32,,0.0,2,0.0,1800,detail,0.9999999999999969,0.0,0.0005913788336329162,,0.0007029403932392597,0.9999999999999969,0.0
,0.0011281463084742427,0.008871853691525758,1.4195994168985635,,0.9999999999999958,0.0,0.0,0.0,fp32,,0.0,2,0.0,1900,detail,0.9999999999999958,0.0,0.0010343207977712154,,0.0005451608449220657,0.9999999999999958,0.0
,0.0002868443261831999,0.0097131556738168,1.488949374994263,,0.9999999999999967,0.0,0.0,0.0,fp32,,0.0,2,0.0,2000,detail,0.9999999999999967,0.0,0.00073047581827268,,0.0004926864639855921,0.9999999999999967,0.0
,-0.003602199489250779,0.01360219948925078,0.0027297919150441885,,,,,0.0,fixed-e4m3,,0.0,2,0.0,0,detail,,,,,0.4105431139469147,,1.0804809789988212e-05
,-0.0010272739455103874,0.011027273945510388,0.45208220882341266,,0.9996873000900558,3.330406407509014e-07,0.0,0.0,fixed-e4m3,,0.0,2,0.0,100,detail,0.9912847215272014,9.63744247094831e-06,0.18882091343402863,,0.20046715438365936,0.9915867120897489,0.0008967866888269782
,-0.0015950379893183708,0.011595037989318371,0.9145337918307632,,0.9996270047066962,5.513923148554993e-08,0.0,0.0,fixed-e4m3,,0.0,2,0.0,200,detail,0.8570208686588661,2.932744082230497e-05,0.05519191175699234,,0.06972846388816833,0.8565717962169087,0.0020916922949254513
,-0.0003764800785575062,0.010376480078557506,1.3177790839690715,,0.9996382558947209,1.485284765624869e-07,0.0,0.0,fixed-e4m3,,0.0,2,0.0,300,detail,0.9587793101322702,3.970667138794235e-05,0.009519767016172409,,0.00539148086681962,0.9589358640127663,0.004051574971526861
,-0.0002026457223109901,0.01020264572231099,1.799018417019397,,0.9996122349017926,9.772687217041828e-08,0.0,0.0,fixed-e4m3,,0.0,2,0.0,400,detail,0.21718810935506966,0.00022485585257258313,0.004495617933571339,,0.0025559321511536837,0.21902593314545662,0.0037459367886185646
,0.0009778402745723724,0.009022159725427628,2.2131135838571936,,0.9996809257950009,2.402577803443358e-09,0.0005216484089723526,0.0,fixed-e4m3,,0.0,2,0.0,500,detail,-0.26676184457748975,3.764129190183663e-05,0.0009235876495949924,,0.0015309269074350595,-0.26706168887082576,0.002711449284106493
,-0.00041813947609625757,0.010418139476096258,2.64668000000529,,0.9996395173773962,1.408108610325649e-08,0.0,0.0,fixed-e4m3,,0.0,2,0.0,600,detail,0.8796674582021669,6.739798088772112e-05,0.0013586136046797037,,0.001013030530884862,0.8805436405766175,0.004152290523052216
,0.0006323440466076136,0.009367655953392387,3.0579218338243663,,0.999658814727383,2.8505329583347354e-08,0.00020865936358894105,0.0,fixed-e4m3,,0.0,2,0.0,700,detail,0.5788691306408392,3.046599217769413e-05,0.001844715909101069,,0.0012301778187975287,0.579889100219015,0.003437758656218648
,5.6362459872616455e-05,0.009943637540127384,3.5715954590123147,,0.9996634709309011,3.200480575081225e-08,0.0,0.0,fixed-e4m3,,0.0,2,0.0,800,detail,0.5299669090385595,3.7910911408492006e-05,0.0023005453404039145,,0.006394337397068739,0.5300978748905429,0.003089362056925893
,0.0009143051574937999,0.0090856948425062,3.97058195900172,,0.9996796682593672,3.277278960643391e-09,0.0,0.0,fixed-e4m3,,0.0,2,0.0,900,detail,-0.12543347310423925,5.8849577386759516e-05,0.001071337959729135,,0.0016354798572137952,-0.12508075163774549,0.003195442259311676
,0.0005771635915152729,0.009422836408484727,4.427700208965689,,0.999652217695835,2.8622483931535555e-09,0.00010432968179447053,0.0,fixed-e4m3,,0.0,2,0.0,1000,detail,0.7678357994293266,3.574750298505861e-05,0.0007373511325567961,,0.0008645962807349861,0.7686197072852955,0.0040540010668337345
,-0.00018083935719914734,0.010180839357199148,4.832403749926016,,0.9996734830664472,7.885043133199502e-08,0.00020865936358894105,0.0,fixed-e4m3,,0.0,2,0.0,1100,detail,0.8081361748859178,4.268688536788676e-05,0.0040000672452151775,,0.003492955816909671,0.8082786439937429,0.003935414366424084
,0.0011936463415622711,0.008806353658437729,5.192345791961998,,0.9996645329490866,3.688617652863661e-08,0.00010432968179447053,0.0,fixed-e4m3,,0.0,2,0.0,1200,detail,0.4205352122932749,0.00011950222666931249,0.0023123978171497583,,0.0017935190116986632,0.42233045410506126,0.007135594263672829
,0.000244850612943992,0.009755149387056008,5.554891999810934,,0.9996480267337967,1.0114991748418151e-08,0.0,0.0,fixed-e4m3,,0.0,2,0.0,1300,detail,0.8944788372860306,2.3670907364813943e-05,0.001300423638895154,,0.0013862018240615726,0.896130944943834,0.004103600978851318
,-0.0010249695042148232,0.011024969504214823,5.953227208927274,,0.9996789102334002,3.1700653912065657e-09,0.0,0.0,fixed-e4m3,,0.0,2,0.0,1400,detail,0.43160421361948303,2.8740788651083078e-05,0.0009808512404561043,,0.0010071959113702178,0.43227758514513887,0.0038553623016923666
,-0.00037858192808926105,0.010378581928089261,6.392609374830499,,0.9996839345969649,7.961269492283426e-09,0.00010432968179447053,0.0,fixed-e4m3,,0.0,2,0.0,1500,detail,0.10652993329791673,5.985640958727931e-05,0.0012846672907471657,,0.0018752319738268852,0.10630373699011035,0.005705826450139284
,0.0009481621673330665,0.009051837832666934,6.795961124822497,,0.9996545210707586,2.525672377403719e-09,0.0,0.0,fixed-e4m3,,0.0,2,0.0,1600,detail,0.023761292981080668,5.2542567029561826e-05,0.0013845383655279875,,0.0015146828955039382,0.022303578571420124,0.005278215743601322
,0.0005560084246098995,0.0094439915753901,7.211115333950147,,0.9996732294287465,3.620863700640303e-09,0.0,0.0,fixed-e4m3,,0.0,2,0.0,1700,detail,0.18852770609493652,2.964258577168281e-05,0.0008191436063498259,,0.001283346558921039,0.18948561137905431,0.005615660455077887
,-0.00038609944749623537,0.010386099447496236,7.623451791936532,,0.9996309784716572,5.871350429309897e-09,0.0,0.0,fixed-e4m3,,0.0,2,0.0,1800,detail,0.8397676751710003,6.704620096669276e-05,0.0010272872168570757,,0.0010906433453783393,0.8398240355883053,0.0053825522772967815
,-0.0008511791820637882,0.010851179182063788,8.036402833880857,,0.9996342126098812,6.341327320526665e-09,0.0,0.0,fixed-e4m3,,0.0,2,0.0,1900,detail,0.32076097419065647,6.709073893157425e-05,0.000967878382652998,,0.0023196653928607702,0.32107654645714084,0.006364831700921059
,0.0007890765555202961,0.009210923444479704,8.415839083958417,,0.9996412749074216,9.776922678751324e-10,0.0,0.0,fixed-e4m3,,0.0,2,0.0,2000,detail,-0.34686191907888125,5.442015008631484e-05,0.00047226162860170007,,0.0007227764581330121,-0.3473568054542181,0.0055367611348629
,-0.0051575456745922565,0.015157545674592257,0.0026207908522337675,,,,,0.0,fixed-e5m2,,0.0,2,0.0,0,detail,,,,,0.4115235507488251,,0.0012346373405307531
,0.0005759454215876758,0.009424054578412324,0.39976754086092114,,0.9986830285930929,8.699033135100944e-07,0.0,0.0,fixed-e5m2,,0.0,2,0.0,100,detail,0.9274402790102819,6.11551083019574e-05,0.17205558717250824,,0.18577277660369873,0.9290331717006232,0.005117163993418217
,-0.002131613902747631,0.012131613902747631,0.7677283750381321,,0.9985767036402138,5.17246651045197e-07,0.0,0.0,fixed-e5m2,,0.0,2,0.0,200,detail,0.8953587941576999,3.6617015332720904e-05,0.04084867984056473,,0.053433310240507126,0.8970081574752593,0.006108851637691259
,0.0006391031201928854,0.009360896879807115,1.1312080409843475,,0.9986027666741084,6.437305489470556e-08,0.0,0.0,fixed-e5m2,,0.0,2,0.0,300,detail,0.3134529620429875,4.017799470595511e-05,0.002577290404587984,,0.002656219294294715,0.3130150669311123,0.006117756944149733
,0.002218907233327627,0.007781092766672373,1.5127314580604434,,0.9986793748763484,5.782987970487373e-08,0.0,0.0,fixed-e5m2,,0.0,2,0.0,400,detail,0.7106263206425794,0.00023941480688679067,0.0015282941749319434,,0.002260906621813774,0.7109546748237141,0.0156878512352705
,0.0015635681338608265,0.008436431866139174,1.8858077079057693,,0.9986080638890579,4.416706036375031e-07,0.0,0.0,fixed-e5m2,,0.0,2,0.0,500,detail,0.9541582826883734,9.532894057613043e-05,0.0053246961906552315,,0.0031427377834916115,0.9550802139579919,0.013326345011591911
,-0.001251949812285602,0.011251949812285602,2.261609832989052,,0.9987091545082564,4.2999926836763e-07,0.0,0.0,fixed-e5m2,,0.0,2,0.0,600,detail,0.9139882893765304,8.639464341056361e-05,0.003953986801207066,,0.0007653670036233962,0.9153434148256813,0.013027983717620373
,-0.0005438763182610273,0.010543876318261028,2.6403336660005152,,0.9985564392288871,3.544105568186644e-08,0.0,0.0,fixed-e5m2,,0.0,2,0.0,700,detail,0.0630442925861031,0.0002555768729747416,0.0012806971790269017,,0.0006233761669136584,0.06428339453686437,0.011140543036162853
,-0.00028899541939608753,0.010288995419396088,3.014273124979809,,0.9987626738973143,1.349604336644298e-07,0.0,0.0,fixed-e5m2,,0.0,2,0.0,800,detail,-0.5698752555428828,0.0006141981046846717,0.002249334705993533,,0.0007725791074335575,-0.5700362647494153,0.017949417233467102
,0.0025274206418544054,0.007472579358145595,3.390703040873632,,0.998575141988255,6.685951159643086e-08,0.0,0.0,fixed-e5m2,,0.0,2,0.0,900,detail,0.2700505608780852,0.00030406678698885936,0.0029059937223792076,,0.0032241065055131912,0.2694488957165151,0.014289729297161102
,0.00030717873596586287,0.009692821264034137,3.7796871250029653,,0.9985299819268708,6.393370060537804e-08,0.0,0.0,fixed-e5m2,,0.0,2,0.0,1000,detail,-0.35091553843442924,0.000251746439789834,0.001315228408202529,,0.002974255010485649,-0.3528532497573927,0.0121960723772645
,-0.00035805811057798564,0.010358058110577986,4.178167749894783,,0.9986304316514186,7.439187387646615e-08,0.0,0.0,fixed-e5m2,,0.0,2,0.0,1100,detail,-0.4933255718087903,0.00021730291761987974,0.0014243656769394875,,0.003185309935361147,-0.49403162477386786,0.010850395075976849
,-0.0002545385796111077,0.010254538579611108,4.571735166013241,,0.9985750282252863,3.07640892478313e-08,0.0,0.0,fixed-e5m2,,0.0,2,0.0,1200,detail,-0.0590964616923549,0.0003695279410061267,0.0012439580168575048,,0.001583522418513894,-0.057190001926522675,0.01097431592643261
,0.0023641136940568686,0.007635886305943132,4.95654070796445,,0.9985651442887001,6.363215729917497e-08,0.0,0.0,fixed-e5m2,,0.0,2,0.0,1300,detail,0.5241620543812952,0.00021221458048053718,0.001647752826102078,,0.0019400132587179542,0.5225788159693018,0.010059590451419353
,0.0010059184860438108,0.00899408151395619,5.351249957922846,,0.9986421608057148,4.825984151749548e-08,0.0,0.0,fixed-e5m2,,0.0,2,0.0,1400,detail,0.9091091815931951,0.0001408254977618532,0.0014570595230907202,,0.0010295333340764046,0.9102777766940376,0.010579999536275864
,-3.967342490796e-05,0.01003967342490796,5.741339500062168,,0.9986897068289845,2.8060755308825695e-08,0.0,0.0,fixed-e5m2,,0.0,2,0.0,1500,detail,0.6310177335273024,0.00011255401532498963,0.0013836168218404055,,0.0028393648099154234,0.6344461060006547,0.006841011345386505
,0.0011463569244369864,0.008853643075563014,6.142769082915038,,0.9986966075505399,1.9442127577192394e-08,0.0,0.0,fixed-e5m2,,0.0,2,0.0,1600,detail,0.0816062696687884,0.00012361857779056293,0.0010923142544925213,,0.002168100792914629,0.07897494382826382,0.006176451686769724
,-5.305540616973303e-05,0.010053055406169733,6.553967416053638,,0.9987411937722783,8.81944592812583e-09,0.0,0.0,fixed-e5m2,,0.0,2,0.0,1700,detail,0.7839128324230189,0.00026891795890114856,0.0006080901948735118,,0.0026683283504098654,0.7859158605673445,0.00937118660658598
,-0.0012090248055756092,0.01120902480557561,6.986736125079915,,0.9987274218851439,5.537878407272485e-08,0.0,0.0,fixed-e5m2,,0.0,2,0.0,1800,detail,0.7345510537730718,0.00024837172917706936,0.0011593918316066265,,0.00119544577319175,0.7359713348865278,0.015184014104306698
,-0.0003232113376725465,0.010323211337672547,7.4248605410102755,,0.9986092958616856,2.7130587816135945e-08,0.0,0.0,fixed-e5m2,,0.0,2,0.0,1900,detail,0.959030009969097,0.0001904014223394945,0.0010135374031960964,,0.004470997489988804,0.959752651092431,0.014629945158958435
,0.0007060745265334845,0.009293925473466516,7.805170415900648,,0.9985664215079527,1.5205421286311918e-08,0.0,0.0,fixed-e5m2,,0.0,2,0.0,2000,detail,-0.28239370993767093,0.00011893730782882306,0.0008843240211717784,,0.0018966087372973561,-0.28177009911747347,0.011380437761545181
,-0.003602199489250779,0.01360219948925078,0.002609624993056059,,,,,0.0,fixed-hybrid,,0.0,2,0.0,0,detail,,,,,0.4105431139469147,,1.0804809789988212e-05
,0.001153708202764392,0.008846291797235608,0.38705666712485254,,0.9985645188313994,1.9709266326748664e-06,0.0,0.0,fixed-hybrid,,0.0,2,0.0,100,detail,0.9890534271606971,1.5497897400336744e-05,0.19233088195323944,,0.20254479348659515,0.9896480609177399,0.0004742849268950522
,0.00016679779218975455,0.009833202207810246,0.7637142499443144,,0.9985448653941258,7.349591914616677e-07,0.0,0.0,fixed-hybrid,,0.0,2,0.0,200,detail,0.9887693771653083,1.0630595212383072e-05,0.05607142299413681,,0.07840997725725174,0.9898429584950926,0.0012919551227241755
,-0.00016031230916269124,0.010160312309162691,1.1824898750055581,,0.9984274437001203,2.8124088312716023e-08,0.0,0.0,fixed-hybrid,,0.0,2,0.0,300,detail,0.4981667454338219,0.00010057896215596463,0.003617616603150964,,0.006018692161887884,0.49617817128812153,0.007208369206637144
,0.0009302969556301832,0.009069703044369817,1.5938052500132471,,0.9988373792167137,4.2976671774913696e-08,0.0,0.0,fixed-hybrid,,0.0,2,0.0,400,detail,-0.4284858576583788,7.060340626439634e-05,0.0018393821083009243,,0.00433735828846693,-0.42919034035725895,0.003633941989392042
,0.0009954761480912566,0.009004523851908744,2.0324518331326544,,0.9987300866450087,1.2884449115788066e-08,0.0,0.0,fixed-hybrid,,0.0,2,0.0,500,detail,-0.10883671893797982,3.4659473041005104e-05,0.0010408831294625998,,0.0013319309800863266,-0.10750471388266646,0.004373118747025728
,0.0006944205379113555,0.009305579462088645,2.5862750420346856,,0.9986455493120695,1.6319308096270596e-07,0.0,0.0,fixed-hybrid,,0.0,2,0.0,600,detail,0.6856015523873551,3.4249477919094595e-05,0.0024957177229225636,,0.0018764757551252842,0.6870074457097021,0.005118870176374912
,0.0017471646424382925,0.008252835357561708,3.106549333082512,,0.9985238464987604,1.290478858114917e-07,0.0,0.0,fixed-hybrid,,0.0,2,0.0,700,detail,0.3404577609678422,5.092559075135436e-05,0.0033822613768279552,,0.0020844261161983013,0.34212644644954715,0.004518540110439062
,4.724332029582001e-05,0.00995275667970418,3.5742194580379874,,0.9986398855086253,1.961949579191121e-07,0.0,0.0,fixed-hybrid,,0.0,2,0.0,800,detail,0.4295849771779783,6.308203336851053e-05,0.0032423960510641336,,0.001726694987155497,0.4252914323847521,0.0041544013656675816
,0.0011600906727835536,0.008839909327216447,4.028195624938235,,0.9986456841176444,4.013883882598318e-08,0.0,0.0,fixed-hybrid,,0.0,2,0.0,900,detail,-0.1845481603504139,8.479180925455651e-05,0.0016434178687632084,,0.001441258704289794,-0.18428199235266257,0.0032894499599933624
,0.0001736310514388606,0.00982636894856114,4.445440958021209,,0.9986833655546681,2.1396773288880855e-08,0.0,0.0,fixed-hybrid,,0.0,2,0.0,1000,detail,0.1261096064920687,2.2965791365846298e-05,0.001154620898887515,,0.0011911412002518773,0.12537532988736716,0.003282581688836217
,0.0004079203063156456,0.009592079693684355,4.953014875063673,,0.998659867520259,4.408848880122141e-08,0.0,0.0,fixed-hybrid,,0.0,2,0.0,1100,detail,0.5686515251773141,5.189332573655099e-05,0.0016551713924854994,,0.0009448237833566964,0.570180959694621,0.004037479870021343
,-0.0005481705884449184,0.010548170588444919,5.376846000086516,,0.9985977402717089,6.389875275520907e-08,0.0,0.0,fixed-hybrid,,0.0,2,0.0,1200,detail,0.7874222213143911,3.312366998138727e-05,0.0013361272867769003,,0.0014876644127070904,0.7894372371478598,0.003437071805819869
,-0.00012803288700524718,0.010128032887005247,5.799443625146523,,0.9987250309052239,1.444331087421924e-08,0.0,0.0,fixed-hybrid,,0.0,2,0.0,1300,detail,0.5251641509800958,5.2727303764404294e-05,0.0009191038552671671,,0.0012354752980172634,0.5250155420096433,0.004139794502407312
,0.0013137656496837735,0.008686234350316227,6.210851625073701,,0.998426195405471,1.4148593535294233e-07,0.0,0.0,fixed-hybrid,,0.0,2,0.0,1400,detail,0.9765205919303278,4.609997207139158e-05,0.002880888292565942,,0.003592143999412656,0.9775462944010228,0.0038732232060283422
,-0.0015954476548358798,0.01159544765483588,6.740476832957938,,0.9986412963700245,7.598711414999317e-09,0.0,0.0,fixed-hybrid,,0.0,2,0.0,1500,detail,0.266779595199857,7.295253986580826e-05,0.0008388728019781411,,0.0015011891955509782,0.26630595474107815,0.004449562169611454
,-0.0007346610073000193,0.01073466100730002,7.169974292162806,,0.9984546612640942,1.629992621045454e-07,0.0,0.0,fixed-hybrid,,0.0,2,0.0,1600,detail,-0.2805372864719704,0.00015480507651490435,0.0023429894354194403,,0.0015432203654199839,-0.2838891179548274,0.00629916787147522
,0.0005325188976712525,0.009467481102328748,7.604370792163536,,0.9986642145050539,5.6785840032975315e-08,0.0,0.0,fixed-hybrid,,0.0,2,0.0,1700,detail,0.8190334995377115,0.00019078928447942932,0.0013915328308939934,,0.0013485557865351439,0.8198004836641909,0.0052079870365560055
,8.884497947292402e-05,0.009911155020527076,8.045462375041097,,0.9986439286533778,3.728779635680527e-08,0.0,0.0,fixed-hybrid,,0.0,2,0.0,1800,detail,0.8746166879811099,5.486887312745917e-05,0.0013054362498223782,,0.000764641328714788,0.8774299704675886,0.0034754066728055477
,0.0007892322028055787,0.009210767797194421,8.497540791984648,,0.9985952682058381,5.6882077487536614e-08,0.0,0.0,fixed-hybrid,,0.0,2,0.0,1900,detail,-0.5134588681505304,9.893330191526754e-05,0.0013561471132561564,,0.001000576769001782,-0.517052867444688,0.004240808542817831
,0.0005761143984273076,0.009423885601572693,8.957293125102296,,0.9985682097768261,2.8131215790809552e-08,0.0,0.0,fixed-hybrid,,0.0,2,0.0,2000,detail,0.68825165081946,5.295775689719917e-05,0.001741174841299653,,0.0018908025231212378,0.6891412126922174,0.0034419631119817495
,-0.004294723272323608,0.014294723272323609,0.0030219999607652426,,,,,0.0075034580659121275,calibrated,,0.0,2,0.0075034580659121275,0,detail,,,,,0.41057491302490234,,4.246072785463184e-05
,0.0022907545790076256,0.007709245420992375,0.45423287502489984,,0.9999195169178925,4.983190427592644e-08,0.019196661450182576,0.0075034580659121275,calibrated,,0.0,2,0.0075034580659121275,100,detail,0.9990273113928395,6.07636545451657e-07,0.1710476577281952,,0.1921173632144928,0.9991099268476469,0.00019411509856581688
,-0.0022536783944815397,0.01225367839448154,0.9303933749906719,,0.9999142377587862,5.54515426568201e-09,0.024517475221700575,0.0075034580659121275,calibrated,,0.0,2,0.0075034580659121275,200,detail,0.8741586734864337,1.9449080202928903e-05,0.06710654497146606,,0.08313964307308197,0.8739820667721139,0.0009527171496301889
,0.0010126231936737895,0.00898737680632621,1.417780540883541,,0.9999107616303478,1.6226376790424478e-08,0.0116849243609807,0.0075034580659121275,calibrated,,0.0,2,0.0075034580659121275,300,detail,0.9387728255573926,1.6670654445852336e-05,0.005185775924474001,,0.004479808732867241,0.9386705912930067,0.0008636201964691281
,0.00027205582591705024,0.00972794417408295,1.859814832918346,,0.9999195446302436,8.582992302467513e-10,0.014397496087636933,0.0075034580659121275,calibrated,,0.0,2,0.0075034580659121275,400,detail,0.5494690850467966,1.7544418951558202e-05,0.0008051160257309675,,0.0010533140739426017,0.5498704699702657,0.0008279702160507441
,-0.0005362368538044393,0.01053623685380444,2.38311008294113,,0.9999064852960895,6.684355928538574e-10,0.019300991131977047,0.0075034580659121275,calibrated,,0.0,2,0.0075034580659121275,500,detail,0.44055407698679605,2.8838940664776164e-06,0.000877568731084466,,0.0008218282018788159,0.4405374465413916,0.0005033966153860092
,-0.00020899221999570727,0.010208992219995707,2.777478375006467,,0.9999049565182226,2.440822803450479e-09,0.020761606677099635,0.0075034580659121275,calibrated,,0.0,2,0.0075034580659121275,600,detail,0.9499364965477938,3.259749825466236e-06,0.0007934524328447878,,0.0006238763453438878,0.9501502940530752,0.0004252774524502456
,8.09449193184264e-05,0.009919055080681574,3.157607707893476,,0.9999185861434289,4.7077825133774494e-09,0.012832550860719875,0.0075034580659121275,calibrated,,0.0,2,0.0075034580659121275,700,detail,0.9300699405568281,4.0425686123607066e-06,0.0017965366132557392,,0.0006956064025871456,0.9303051757937035,0.000330337235936895
,0.0016450434923171997,0.0083549565076828,3.5603832500055432,,0.9999170827747208,4.100166504032074e-10,0.018257694314032343,0.0075034580659121275,calibrated,,0.0,2,0.0075034580659121275,800,detail,0.7836818602185435,1.7257110283987546e-06,0.000571964425034821,,0.0009568064124323428,0.7842591448617748,0.0002792650193441659
,0.00023685292399022728,0.009763147076009773,3.97891362500377,,0.99991520665647,7.347684003965021e-10,0.03474178403755868,0.0075034580659121275,calibrated,,0.0,2,0.0075034580659121275,900,detail,0.4414375161596236,6.580081638185295e-06,0.0005458787782117724,,0.0007173113408498466,0.4414406868352077,0.0004898834740743041
,0.0005372159648686647,0.009462784035131335,4.406844165874645,,0.9998979834887752,5.462754987877924e-10,0.02368283776734481,0.0075034580659121275,calibrated,,0.0,2,0.0075034580659121275,1000,detail,-0.09692576768549743,1.6625555080114862e-05,0.00037432939279824495,,0.0005445280694402754,-0.0958166596770062,0.0006384066655300558
,0.0002285524387843907,0.00977144756121561,4.810855082934722,,0.9999026152381523,3.935731758512906e-10,0.026812728221178927,0.0075034580659121275,calibrated,,0.0,2,0.0075034580659121275,1100,detail,-0.4969614378886311,3.939770961973418e-05,0.00032714588451199234,,0.0006643838714808226,-0.4966355103547632,0.0016944761155173182
,-0.00033995628473348916,0.01033995628473349,5.1966253749560565,,0.9999097695769978,6.959047588855756e-09,0.012102243088158582,0.0075034580659121275,calibrated,,0.0,2,0.0075034580659121275,1200,detail,0.5599885547801806,4.045442690474138e-05,0.0011391795706003904,,0.0016520170029252768,0.5597607162429318,0.001621181145310402
,-0.0002042921696556732,0.010204292169655673,5.582390499999747,,0.9998983553196291,6.358771596259143e-10,0.018466353677621283,0.0075034580659121275,calibrated,,0.0,2,0.0075034580659121275,1300,detail,0.5912370101186997,2.3479979721465403e-05,0.0004318287828937173,,0.0008694616262800992,0.591548705025589,0.001010032487101853
,-0.00014996029494795948,0.01014996029494796,5.993930832948536,,0.9999018914009139,1.995286005569782e-09,0.021178925404277515,0.0075034580659121275,calibrated,,0.0,2,0.0075034580659121275,1400,detail,-0.058341351240638537,1.935423007131716e-05,0.0005571634974330664,,0.0014350959099829197,-0.05917046132784724,0.0009619417251087725
,0.00037419519503600895,0.009625804804963991,6.414105874951929,,0.9999183407829607,4.140614967655542e-09,0.02389149713093375,0.0075034580659121275,calibrated,,0.0,2,0.0075034580659121275,1500,detail,0.8443148370191736,1.9129726907215426e-05,0.0010354381520301104,,0.0018780301325023174,0.8442084620698126,0.0012461934238672256
,0.002133514266461134,0.007866485733538866,6.8379573749843985,,0.9998993177306429,3.8981472696417306e-09,0.02608242044861763,0.0075034580659121275,calibrated,,0.0,2,0.0075034580659121275,1600,detail,-0.07665523316562933,5.3465512183059986e-05,0.0011768346885219216,,0.0023097035009413958,-0.07642090036183795,0.0020355843007564545
,0.0005433845799416304,0.00945661542005837,7.329081875039265,,0.9999044279016976,1.2644071174629965e-08,0.027960354720918103,0.0075034580659121275,calibrated,,0.0,2,0.0075034580659121275,1700,detail,0.8731992622349487,3.221458462995534e-05,0.002717976924031973,,0.0017304698703810573,0.873102035352715,0.0012552300468087196
,0.0006339727551676333,0.009366027244832367,7.764932207996026,,0.999912571807689,6.910448580854998e-09,0.022743870631194575,0.0075034580659121275,calibrated,,0.0,2,0.0075034580659121275,1800,detail,0.1354150679606554,5.5072187024088196e-05,0.0016320495633408427,,0.0009728015284053981,0.1349590810949955,0.0016274674562737346
,-0.0003334057400934398,0.01033340574009344,8.228090208023787,,0.9999084049486838,2.304658361287744e-09,0.01637976004173187,0.0075034580659121275,calibrated,,0.0,2,0.0075034580659121275,1900,detail,-0.19274548678071654,2.8358000816817495e-05,0.0006738434312865138,,0.0006886242190375924,-0.19283250312331005,0.001544458675198257
,0.0006537970621138811,0.009346202937886119,8.619651665911078,,0.9999123225127374,1.0460390136086073e-08,0.040584246218049035,0.0075034580659121275,calibrated,,0.0,2,0.0075034580659121275,2000,detail,0.7643679135683695,2.6863375273043282e-05,0.002106904983520508,,0.0004502070660237223,0.7643593142372721,0.0009222670341841877
,-0.004294723272323608,0.014294723272323609,0.00267820805311203,,,,,0.0075034580659121275,adaptive,,0.0,2,0.0075034580659121275,0,detail,,,,,0.41057491302490234,,4.246072785463184e-05
,0.0022907545790076256,0.007709245420992375,0.3882986670359969,,0.9999195169178925,4.983190427592644e-08,0.019196661450182576,0.0075034580659121275,adaptive,,0.0,2,0.0075034580659121275,100,detail,0.9990273113928395,6.07636545451657e-07,0.1710476577281952,,0.1921173632144928,0.9991099268476469,0.00019411509856581688
,-0.0022345497272908688,0.012234549727290869,0.7979173751082271,,0.9999156601384214,5.534995623692043e-09,0.022743870631194575,0.0075034580659121275,adaptive,,0.005110080121085048,2,0.012613538186997175,200,detail,0.8851082943207363,2.4432724756684188e-05,0.06777960807085037,,0.08134954422712326,0.8850573837639483,0.0013266451423987746
,0.001134549151174724,0.008865450848825276,1.1868523331359029,,0.9999072044367117,3.159558432604424e-09,0.010641627543035994,0.0075034580659121275,adaptive,,0.01035832753404975,2,0.017861785599961877,300,detail,0.8744583740907661,7.009770291886406e-06,0.0032109632156789303,,0.007351122796535492,0.874150779172708,0.0006233356543816626
,0.0003887325001414865,0.009611267499858514,1.5582763750571758,,0.9999136981521736,8.898359188414826e-10,0.019300991131977047,0.0075034580659121275,adaptive,,0.015377617441117764,2,0.02288107550702989,400,detail,0.6877975312796821,3.9493432278708e-06,0.0007504471577703953,,0.0009277185890823603,0.6879109374841785,0.0005841963575221598
,0.0005814610631205142,0.009418538936879486,1.9389590420760214,,0.9999164532812073,1.919814957663281e-10,0.01794470526864893,0.0075034580659121275,adaptive,,0.020495288772508502,2,0.02799874683842063,500,detail,-0.20146795272254375,3.1749525093529824e-06,0.0008872141479514539,,0.0009447002084925771,-0.20139810818099166,0.0005565934698097408
,0.0010059388587251306,0.00899406114127487,2.3645097501575947,,0.9999094110796805,2.0170022339176214e-09,0.012623891497130934,0.0075034580659121275,adaptive,,0.025734787108376622,2,0.03323824517428875,600,detail,0.7103502255351649,5.997590643740474e-06,0.000704197445884347,,0.0008950560004450381,0.7106382195133445,0.000456450303317979
,1.8041540897684172e-05,0.009981958459102316,2.7332007919903845,,0.9999129751321038,1.5679814221830367e-09,0.01763171622326552,0.0075034580659121275,adaptive,,0.030539452796801925,2,0.03804291086271405,700,detail,0.8740164046431321,2.6119283102467372e-06,0.001146125141531229,,0.0006620591157115996,0.874462207460664,0.0003284135600551963
,0.0011193405371159315,0.008880659462884069,3.1011455000843853,,0.9999093993228171,2.325218002759346e-09,0.014188836724047992,0.0075034580659121275,adaptive,,0.03543441114015877,2,0.0429378692060709,800,detail,0.8707889546756628,1.0200830297127587e-05,0.0008319052285514772,,0.0006696906639263034,0.870672466134073,0.0007660614210180938
,0.00018551306857261807,0.009814486931427382,3.481075332965702,,0.9999080951943268,2.9602129232425003e-09,0.013562858633281168,0.0075034580659121275,adaptive,,0.04036958049982786,2,0.04787303856573999,900,detail,0.965973066230578,1.889425400298547e-05,0.0009205089882016182,,0.0010383855551481247,0.9659292001452978,0.0008268439560197294
,0.0005189924268051982,0.009481007573194802,3.850075083086267,,0.9999239938522165,2.2308504467343043e-09,0.008346374543557642,0.0075034580659121275,adaptive,,0.04517032764852047,2,0.0526737857144326,1000,detail,0.8088303921843929,2.4349499851165714e-05,0.0006709479494020343,,0.0005596273695118725,0.809054060290739,0.001741016167216003
,0.0010992581956088543,0.008900741804391146,4.217195000033826,,0.999909156351831,3.914591003872777e-09,0.05143453312467397,0.0075034580659121275,adaptive,,0.0500707405153662,2,0.057574198581278324,1100,detail,0.8088845253784963,4.503383503961905e-05,0.0007755471160635352,,0.0007473010336980224,0.808558489240494,0.0015121090691536665
,0.0009144943323917687,0.009085505667608232,4.583550957962871,,0.999908737672649,4.845550593257532e-09,0.03881064162754304,0.0075034580659121275,adaptive,,0.05485519696958363,2,0.06235865503549576,1200,detail,0.40879573183944956,8.358692957011906e-05,0.0009308689623139799,,0.0018740834202617407,0.408927352886451,0.0011971046915277839
,0.0003992280689999461,0.009600771931000054,4.958283375017345,,0.999897972357952,6.863990526445253e-10,0.03338549817423057,0.0075034580659121275,adaptive,,0.06011848873458803,2,0.06762194680050015,1300,detail,0.003897005281876588,3.808445546625258e-05,0.00042373291216790676,,0.00044297444401308894,0.0026161639830612296,0.00154800561722368
,-0.00034709781175479293,0.010347097811754793,5.326790792169049,,0.9999051203500352,1.7568987067470176e-10,0.014188836724047992,0.0075034580659121275,adaptive,,0.06491619814187288,2,0.07241965620778501,1400,detail,0.5691665395827178,3.229259161589865e-05,0.00038823994691483676,,0.0005919524701312184,0.5685564340061998,0.0016186137218028307
,-0.0006124924984760582,0.010612492498476058,5.701086417073384,,0.9999011284994741,2.3499973126500073e-09,0.01366718831507564,0.0075034580659121275,adaptive,,0.06969620077870786,2,0.07719965884461999,1500,detail,-0.7375781376294749,0.00010731908485545223,0.0006331604090519249,,0.0005173915415070951,-0.7378770504709546,0.0028941864147782326
,0.0005649486556649208,0.00943505134433508,6.07267454196699,,0.9999015479260377,3.5955366717607797e-09,0.060302556077203966,0.0075034580659121275,adaptive,,0.07468661898747087,2,0.08219007705338299,1600,detail,0.5161156401120928,9.239574297030229e-05,0.0007594153867103159,,0.0006366142188198864,0.5160745879408541,0.002924246247857809
,0.0006901303422637284,0.009309869657736272,6.441016833065078,,0.9999091444416323,6.982305353621611e-09,0.01971830985915493,0.0075034580659121275,adaptive,,0.07950653671287,2,0.08700999477878213,1700,detail,0.8616085914504568,3.748438124557708e-05,0.001472041942179203,,0.000797771499492228,0.8616806158331506,0.0017746430821716785
,0.0007512811571359634,0.009248718842864037,6.83157983305864,,0.999910056642303,7.011000219246244e-10,0.03735002608242045,0.0075034580659121275,adaptive,,0.08467420539818704,2,0.09217766346409917,1800,detail,0.3174560331989861,2.0971025390312275e-05,0.0004684106388594955,,0.0004325950285419822,0.31789878490916146,0.001119233318604529
,-0.00036667182575911283,0.010366671825759113,7.204453583108261,,0.9999223046483482,8.517985918991717e-10,0.02775169535732916,0.0075034580659121275,adaptive,,0.08979158359579742,2,0.09729504166170955,1900,detail,0.5593804074751738,1.4377574499817257e-05,0.0005293588619679213,,0.0010668246541172266,0.5592582595232422,0.0007793869008310139
,0.0008555109961889684,0.009144489003811032,7.575292958179489,,0.9999136894246088,2.865271640918817e-09,0.029003651538862807,0.0075034580659121275,adaptive,,0.09492187411524355,2,0.10242533218115568,2000,detail,-0.33369888547180415,2.5199528638347104e-05,0.0009239172213710845,,0.0006686432170681655,-0.3336529752901488,0.0010100537911057472
0.23483119904994965,,,0.0019414168782532215,,,,,0.0,fp32,0.000460576091427356,0.0,2,0.0,0,bump,,,,,0.004454584326595068,,0.0
0.21078622341156006,,,0.06648362497799098,,0.9999999999999988,0.0,0.0,0.0,fp32,0.0005285614170134068,0.0,2,0.0,100,bump,0.9999999999999988,0.0,0.0013820031890645623,,0.004111650865525007,0.9999999999999988,0.0
0.2010849416255951,,,0.13123654201626778,,0.9999999999999989,0.0,0.0,0.0,fp32,0.0005729309050366282,0.0,2,0.0,200,bump,0.9999999999999989,0.0,0.0007320445729419589,,0.003989940509200096,0.9999999999999989,0.0
0.1896856725215912,,,0.19625283405184746,,0.9999999999999986,0.0,0.0,0.0,fp32,0.0003185797540936619,0.0,2,0.0,300,bump,0.9999999999999986,0.0,0.006014502607285976,,0.00354566378518939,0.9999999999999986,0.0
0.14496105909347534,,,0.25995070906355977,,0.999999999999999,0.0,0.0,0.0,fp32,0.0008199844742193818,0.0,2,0.0,400,bump,0.999999999999999,0.0,0.00761029589921236,,0.0032763532362878323,0.999999999999999,0.0
0.1529260128736496,,,0.32454062486067414,,1.0,0.0,0.0,0.0,fp32,0.0006533226696774364,0.0,2,0.0,500,bump,1.0,0.0,0.001044407137669623,,0.0032482652459293604,1.0,0.0
0.10996346920728683,,,0.3874549169559032,,0.9999999999999987,0.0,0.0,0.0,fp32,0.0006809903425164521,0.0,2,0.0,600,bump,0.9999999999999987,0.0,0.0020775371231138706,,0.0025433192495256662,0.9999999999999987,0.0
0.08184956014156342,,,0.45047495886683464,,0.9999999999999976,0.0,0.0,0.0,fp32,0.000713024812284857,0.0,2,0.0,700,bump,0.9999999999999976,0.0,0.0006966395303606987,,0.0020957067608833313,0.9999999999999976,0.0
0.06947240233421326,,,0.5152533750515431,,0.9999999999999978,0.0,0.0,0.0,fp32,0.0010573467006906867,0.0,2,0.0,800,bump,0.9999999999999978,0.0,0.0009239530190825462,,0.0022232364863157272,0.9999999999999978,0.0
0.07089806348085403,,,0.5790490419603884,,0.999999999999999,0.0,0.0,0.0,fp32,0.0004853827995248139,0.0,2,0.0,900,bump,0.999999999999999,0.0,0.00027289302670396864,,0.0016853148117661476,0.999999999999999,0.0
0.05427807569503784,,,0.6445895000360906,,0.9999999999999983,0.0,0.0,0.0,fp32,0.0005967650795355439,0.0,2,0.0,1000,bump,0.9999999999999983,0.0,0.0006358862156048417,,0.0015115708811208606,0.9999999999999983,0.0
0.03735385835170746,,,0.7081148750148714,,0.9999999999999978,0.0,0.0,0.0,fp32,0.0006099232123233378,0.0,2,0.0,1100,bump,0.9999999999999978,0.0,0.002098814118653536,,0.0012360920663923025,0.9999999999999978,0.0
0.029967181384563446,,,0.7709651668556035,,0.9999999999999973,0.0,0.0,0.0,fp32,0.0011863523395732045,0.0,2,0.0,1200,bump,0.9999999999999973,0.0,0.000988117652013898,,0.0016768185887485743,0.9999999999999973,0.0
0.04024350643157959,,,0.834965833928436,,0.9999999999999981,0.0,0.0,0.0,fp32,0.0006219602073542774,0.0,2,0.0,1300,bump,0.9999999999999981,0.0,0.00015501824964303523,,0.0012971677351742983,0.9999999999999981,0.0
0.01556672528386116,,,0.8987466250546277,,0.9999999999999972,0.0,0.0,0.0,fp32,0.0003711569879669696,0.0,2,0.0,1400,bump,0.9999999999999972,0.0,0.0003267843567300588,,0.0006301110843196511,0.9999999999999972,0.0
0.017578065395355225,,,0.9616888749878854,,0.9999999999999982,0.0,0.0,0.0,fp32,0.00038515805499628186,0.0,2,0.0,1500,bump,0.9999999999999982,0.0,0.00042179052252322435,,0.000678149692248553,0.9999999999999982,0.0
0.009492199867963791,,,1.0247387499548495,,0.999999999999999,0.0,0.0,0.0,fp32,0.0006447113701142371,0.0,2,0.0,1600,bump,0.999999999999999,0.0,0.0010065919486805797,,0.0007954852189868689,0.999999999999999,0.0
0.007019094191491604,,,1.0890820419881493,,0.9999999999999989,0.0,0.0,0.0,fp32,0.00019970664288848639,0.0,2,0.0,1700,bump,0.9999999999999989,0.0,0.0005380720249377191,,0.00031591870356351137,0.9999999999999989,0.0
0.006885203067213297,,,1.1529807499609888,,0.9999999999999989,0.0,0.0,0.0,fp32,0.0004773176624439657,0.0,2,0.0,1800,bump,0.9999999999999989,0.0,0.0006380316917784512,,0.0005865170969627798,0.9999999999999989,0.0
0.00484924903139472,,,1.21582291694358,,0.9999999999999982,0.0,0.0,0.0,fp32,0.0001596487418282777,0.0,2,0.0,1900,bump,0.9999999999999982,0.0,0.0003333960485178977,,0.00023956620134413242,0.9999999999999982,0.0
0.0052955178543925285,,,1.2824753338936716,,0.9999999999999997,0.0,0.0,0.0,fp32,0.0003481904277577996,0.0,2,0.0,2000,bump,0.9999999999999997,0.0,9.258450154447928e-05,,0.00043249994632788,0.9999999999999997,0.0
0.23053376376628876,,,0.002715833019465208,,,,,0.0,fixed-e4m3,0.0006388138863258064,0.0,2,0.0,0,bump,,,,,0.004556550178676844,,3.448034112807363e-05
0.21314482390880585,,,0.37930616713128984,,0.9995724178518126,1.0706730757861964e-09,0.00010432968179447053,0.0,fixed-e4m3,0.0004424846265465021,0.0,2,0.0,100,bump,0.9895127416025684,1.0218070633582638e-07,0.0012808742467314005,,0.004067234229296446,0.9895058113126718,3.421335350139998e-05
0.19750216603279114,,,0.7655832080636173,,0.9994770719943213,9.860288543065832e-11,0.00010432968179447053,0.0,fixed-e4m3,0.000423283752752468,0.0,2,0.0,200,bump,0.5414463307926799,7.646108381380837e-08,0.0006058836588636041,,0.0037817880511283875,0.5439599147892008,4.784538032254204e-05
0.18641707301139832,,,1.1445157080888748,,0.9997049844700527,5.32810670087218e-10,0.00010432968179447053,0.0,fixed-e4m3,0.0003004525206051767,0.0,2,0.0,300,bump,0.908341783528441,1.8323920188150767e-07,0.00599070405587554,,0.0034721442498266697,0.9089474274413988,4.421635458129458e-05
0.1372433602809906,,,1.5224236249923706,,0.9996900078148133,3.026087443520822e-10,0.002921231090245175,0.0,fixed-e4m3,0.0009705630363896489,0.0,2,0.0,400,bump,0.9694429827364522,3.3613709266305705e-08,0.0070321811363101006,,0.003292845096439123,0.9693175932941843,3.2509156881133094e-05
0.1437043845653534,,,1.892346000066027,,0.9997391594647805,2.880959876426119e-09,0.00020865936358894105,0.0,fixed-e4m3,0.00044269661884754896,0.0,2,0.0,500,bump,0.9792820496412065,5.641588779228668e-07,0.0014406907139346004,,0.002884079236537218,0.9796034513662902,0.00011416096094762906
0.09634167701005936,,,2.2753909579478204,,0.9996570399176083,5.587960383713209e-10,0.0,0.0,fixed-e4m3,0.0007857357850298285,0.0,2,0.0,600,bump,0.9670088756825551,8.490157069513714e-08,0.0018170668045058846,,0.0024141445755958557,0.9675917098506459,4.476194953895174e-05
0.07130024582147598,,,2.6656362919602543,,0.9996536855275704,1.0117923174499757e-09,0.00020865936358894105,0.0,fixed-e4m3,0.0006486841011792421,0.0,2,0.0,700,bump,0.5818075329482102,8.95855357940346e-07,0.0010231217602267861,,0.0018526872154325247,0.5816666224640397,0.0002634042757563293
0.053492214530706406,,,3.050052125006914,,0.9996193777695321,9.322135024074254e-11,0.00020865936358894105,0.0,fixed-e4m3,0.0007255186792463064,0.0,2,0.0,800,bump,0.7576377352025109,1.6720331690373664e-07,0.0009550496470183134,,0.0016247379826381803,0.7567173668696605,0.00012547832739073783
0.06577455997467041,,,3.441319291945547,,0.9996665543368888,3.962117506324339e-10,0.0,0.0,fixed-e4m3,0.0005141447181813419,0.0,2,0.0,900,bump,-0.5096035857031921,1.279301109999746e-06,0.0003199734492227435,,0.0016262747813016176,-0.5057964648504609,0.00024505320470780134
0.04628556966781616,,,3.8198174580466002,,0.999667562256144,1.851722762698196e-10,0.0025039123630672924,0.0,fixed-e4m3,0.0006016844417899847,0.0,2,0.0,1000,bump,0.6212879364809637,4.959256129828123e-07,0.0003761604893952608,,0.0013802028261125088,0.6269398100138408,0.00010730580106610432
0.04046768322587013,,,4.1925916250329465,,0.999616477562421,1.0316684897688567e-09,0.00020865936358894105,0.0,fixed-e4m3,0.0007370567764155567,0.0,2,0.0,1100,bump,0.6332385178228095,1.4731254653955806e-06,0.0013435392174869776,,0.0014141231076791883,0.6344504362353903,0.00021621606720145792
0.026587558910250664,,,4.562981375027448,,0.9996844973061948,5.866995512886971e-10,0.00020865936358894105,0.0,fixed-e4m3,0.0005632649408653378,0.0,2,0.0,1200,bump,0.9617743448094503,1.0262994698444565e-07,0.0007335380651056767,,0.001006755861453712,0.961899916589149,7.630146137671545e-05
0.028008311986923218,,,4.941946625011042,,0.9997216429366188,1.4913547460044537e-10,0.00031298904538341156,0.0,fixed-e4m3,0.0003590460983105004,0.0,2,0.0,1300,bump,0.19389798676740083,8.531116769058921e-07,0.0002484952565282583,,0.0008302288479171693,0.1946059284651735,0.00023030024021863937
0.011255300603806973,,,5.364450667053461,,0.9996657249874324,3.327528031083008e-10,0.00031298904538341156,0.0,fixed-e4m3,0.0005247533554211259,0.0,2,0.0,1400,bump,0.663905747418547,2.7344808821944914e-07,0.0007128223660402,,0.0007076171459630132,0.6640992046479474,0.00017671323439572006
0.019353393465280533,,,5.760850042104721,,0.9997065594900251,7.7521473044538e-10,0.0,0.0,fixed-e4m3,0.00025549763813614845,0.0,2,0.0,1500,bump,-0.20117513116218583,3.6622152381017014e-06,0.0006339847459457815,,0.0005809529102407396,-0.20156627784938727,0.0004503063391894102
0.010724031366407871,,,6.148349583148956,,0.9996187984125626,2.897017111118325e-10,0.0,0.0,fixed-e4m3,0.0007438433240167797,0.0,2,0.0,1600,bump,0.7629320141955896,1.953972135984425e-06,0.0008178234566003084,,0.0009139199974015355,0.7626744093230902,0.0002598568389657885
0.00617574667558074,,,6.510349875083193,,0.9996548216168629,1.3236774058343635e-10,0.00010432968179447053,0.0,fixed-e4m3,0.00015667079424019903,0.0,2,0.0,1700,bump,0.8166641948749696,5.68173408813722e-07,0.00030437609530054033,,0.00025924440706148744,0.8182158452051017,0.00016157919890247285
0.008496982045471668,,,6.876831958070397,,0.9996808268618853,1.4431299552622597e-09,0.0,0.0,fixed-e4m3,0.0011649727821350098,0.0,2,0.0,1800,bump,0.955401681404757,1.6431009209875084e-07,0.0004965457483194768,,0.001289920648559928,0.9551117747919412,0.0002491523919161409
0.005075591616332531,,,7.244628750020638,,0.9996621814977866,7.098228417107182e-11,0.00020865936358894105,0.0,fixed-e4m3,0.0002181066811317578,0.0,2,0.0,1900,bump,0.2990568817282736,7.37157073867492e-07,0.00033280032221227884,,0.0003008851199410856,0.2999736158294028,0.00019527575932443142
0.008856479078531265,,,7.60645587509498,,0.9996608694658613,1.9763106519256662e-10,0.0,0.0,fixed-e4m3,0.00022918633476365358,0.0,2,0.0,2000,bump,-0.6509142190866246,1.6455268440582877e-06,0.0003026783524546772,,0.0003762076667044312,-0.6521462012580032,0.0004747886268887669
0.24072527885437012,,,0.0026528749149292707,,,,,0.0,fixed-e5m2,0.0006284767878241837,0.0,2,0.0,0,bump,,,,,0.004720067605376244,,0.00021140916214790195
0.2087559998035431,,,0.386676374822855,,0.9983790195085271,6.6960156044388415e-09,0.0,0.0,fixed-e5m2,0.0006351174670271575,0.0,2,0.0,100,bump,0.9887067912854741,4.7776973277014495e-08,0.001473702723160386,,0.004181792959570885,0.9902815392150364,4.890260970569216e-05
0.1947537511587143,,,0.7766229999251664,,0.9983799365661348,1.9653552856873473e-09,0.0,0.0,fixed-e5m2,0.0005343015072867274,0.0,2,0.0,200,bump,0.8743378262560199,3.3197483801901107e-07,0.0007996233180165291,,0.00384407676756382,0.8693321133113951,0.0003335587971378118
0.1879507154226303,,,1.1693663748446852,,0.9983599246319159,3.4690413641116908e-09,0.0,0.0,fixed-e5m2,0.0003584005171433091,0.0,2,0.0,300,bump,0.7262530832130005,8.082329771994637e-07,0.006135507021099329,,0.00355523987673223,0.7262061953399935,0.0005095648812130094
0.15389764308929443,,,1.690444708801806,,0.9987857039831737,1.0636418310546939e-09,0.0,0.0,fixed-e5m2,0.0006351061165332794,0.0,2,0.0,400,bump,-0.040533573991656156,1.1991059131700798e-06,0.007835453376173973,,0.003246917389333248,-0.0382207230661125,0.0007047014078125358
0.14879685640335083,,,2.0754410419613123,,0.9988219268082028,2.8648030523580173e-09,0.0,0.0,fixed-e5m2,0.0009314714116044343,0.0,2,0.0,500,bump,0.17060513904256322,1.7168455747391791e-06,0.0007944133249111474,,0.003451307537034154,0.17185947465529194,0.0007474957383237779
0.1167587861418724,,,2.5486199168954045,,0.9988595560425775,2.0327516163538125e-09,0.0,0.0,fixed-e5m2,0.0006866182084195316,0.0,2,0.0,600,bump,0.8897863931435439,1.81167145749922e-06,0.002337907673791051,,0.0026646526530385017,0.8882369418673896,0.0008213726687245071
0.07813942432403564,,,3.0324585419148207,,0.9986619852026472,1.4279830674124391e-09,0.0,0.0,fixed-e5m2,0.0007863512146286666,0.0,2,0.0,700,bump,0.9486667284112033,1.4354447817643792e-06,0.0007232004427351058,,0.002104557352140546,0.9483878731073961,0.0009727358119562268
0.06786549091339111,,,3.400470333872363,,0.9989659546357573,4.365282044959147e-09,0.0,0.0,fixed-e5m2,0.0009766663424670696,0.0,2,0.0,800,bump,0.875446011552189,1.3280476711356903e-06,0.0018566284561529756,,0.002116546966135502,0.8737325067732792,0.000712625915184617
0.07834109663963318,,,3.776014209026471,,0.9993680338180663,8.642138682976616e-10,0.0,0.0,fixed-e5m2,0.0004470420244615525,0.0,2,0.0,900,bump,0.6793214865388839,1.5110048066984268e-06,0.0003948707308154553,,0.0017744672950357199,0.6857417927223518,0.0006242424715310335
0.04396869242191315,,,4.17907579196617,,0.9987151268992953,3.083264903225606e-10,0.0,0.0,fixed-e5m2,0.0006225535180419683,0.0,2,0.0,1000,bump,0.8460189753844648,5.493802745767779e-07,0.00031130050774663687,,0.0013612331822514534,0.847304440370123,0.0004809439997188747
0.034518301486968994,,,4.567481959005818,,0.9986761078554768,2.8519614485576946e-09,0.0,0.0,fixed-e5m2,0.0006555754807777703,0.0,2,0.0,1100,bump,0.9695910304933394,4.6773535370231473e-07,0.0013960095820948482,,0.0012326444266363978,0.9705876484908359,0.0003212356532458216
0.02991698496043682,,,4.9485398340038955,,0.9984092151581647,2.6170430314909516e-09,0.0,0.0,fixed-e5m2,0.0007229605689644814,0.0,2,0.0,1200,bump,-0.34833336028572376,2.6230946939055236e-06,0.0007167226285673678,,0.0012204681988805532,-0.33474228724789734,0.0002213893603766337
0.026834659278392792,,,5.325620374875143,,0.9985098694400513,8.702004485665886e-11,0.0,0.0,fixed-e5m2,0.0003670914738904685,0.0,2,0.0,1300,bump,-0.8042705467110309,2.2757437895984843e-05,6.773402856197208e-05,,0.0008181364391930401,-0.8004144992858144,0.001957210712134838
0.011538996361196041,,,5.698470624862239,,0.9990570961742516,4.140853196448816e-10,0.0,0.0,fixed-e5m2,0.00047746748896315694,0.0,2,0.0,1400,bump,-0.603977788503662,1.333396076132105e-05,0.0003891381493303925,,0.0006659716018475592,-0.6055701314491502,0.001110939309000969
0.025708161294460297,,,6.064346499973908,,0.9983932738734173,9.446432909267745e-10,0.0,0.0,fixed-e5m2,0.002018950879573822,0.0,2,0.0,1500,bump,0.40723672371767883,3.639285351585632e-06,0.0006521401228383183,,0.0024226487148553133,0.4190689400469436,0.0010810201056301594
0.007193755824118853,,,6.443515749881044,,0.9985717667905719,2.7922998854882754e-09,0.0,0.0,fixed-e5m2,0.0002455822250340134,0.0,2,0.0,1600,bump,0.5570222675055275,1.9358209869080344e-06,0.0013010033871978521,,0.0003639889764599502,0.5558742354688244,0.0006719508091919124
0.007203418295830488,,,6.809906041948125,,0.9988539429037453,9.511564677329135e-10,0.0,0.0,fixed-e5m2,0.00021020665008109063,0.0,2,0.0,1700,bump,-0.7305972797063881,1.1431582694076801e-05,0.0003739546809811145,,0.00032938088406808674,-0.7212546002804838,0.0010509917046874762
0.006673160940408707,,,7.197451249929145,,0.9983952381334519,9.724234398849442e-09,0.0,0.0,fixed-e5m2,0.0008108405745588243,0.0,2,0.0,1800,bump,0.899316594741845,6.105732729978023e-07,0.0006423541344702244,,0.0009107428486458957,0.9048307474657837,0.00027818046510219574
0.007099140901118517,,,7.5855368338525295,,0.998667872863538,3.434059026728449e-10,0.0,0.0,fixed-e5m2,0.00016643627895973623,0.0,2,0.0,1900,bump,0.3196795914211721,8.469143889034264e-07,0.0003689108125399798,,0.0002845793787855655,0.31695835092955865,0.0005322165670804679
0.0039861248806118965,,,7.973329749889672,,0.9990776379211905,1.6096045281956852e-09,0.0,0.0,fixed-e5m2,0.00012818734103348106,0.0,2,0.0,2000,bump,0.9131930181170356,3.086997536437163e-06,0.00013969765859656036,,0.0001939320791279897,0.9121183106482104,0.0009105780627578497
0.23053376376628876,,,0.002886124886572361,,,,,0.0,fixed-hybrid,0.0006388138863258064,0.0,2,0.0,0,bump,,,,,0.004556550178676844,,3.448034112807363e-05
0.21262149512767792,,,0.3825494588818401,,0.9985466011253112,4.768801308777111e-09,0.0,0.0,fixed-hybrid,0.0004987887805327773,0.0,2,0.0,100,bump,0.9821177158909257,5.768237297346735e-08,0.001347369747236371,,0.004113661125302315,0.9825801950356927,4.0814549720380455e-05
0.19471995532512665,,,0.7522963748779148,,0.997838618988254,3.961569526117769e-10,0.0,0.0,fixed-hybrid,0.00047652635839767754,0.0,2,0.0,200,bump,0.7816897146502674,6.462267605270018e-08,0.0006235834443941712,,0.0037867105565965176,0.7771496851074648,4.2347190174041316e-05
0.1728944182395935,,,1.1368788748513907,,0.9990007456894847,1.9843385899338524e-09,0.0,0.0,fixed-hybrid,0.0005318796611391008,0.0,2,0.0,300,bump,0.9854468327881656,8.147241235592245e-08,0.005885309539735317,,0.0034691826440393925,0.9875112897447013,5.154166501597501e-05
0.13104809820652008,,,1.5079908748157322,,0.9987321295668224,2.6597932830459894e-10,0.0,0.0,fixed-hybrid,0.0012944190530106425,0.0,2,0.0,400,bump,0.776723405739493,5.853272116314837e-08,0.007230232935398817,,0.0035056057386100292,0.7796135257240158,4.311277371016331e-05
0.1471623182296753,,,1.8794115839991719,,0.9985214725828165,1.480932947151171e-08,0.0,0.0,fixed-hybrid,0.0004866273084189743,0.0,2,0.0,500,bump,0.9979865886594509,4.711353363688438e-07,0.0013265528250485659,,0.002986189443618059,0.9992303172944208,8.396236080443487e-05
0.1038755252957344,,,2.2452482918743044,,0.998806274956602,1.117886260353889e-09,0.0,0.0,fixed-hybrid,0.0005724816583096981,0.0,2,0.0,600,bump,0.9914836514931402,1.3348100753022847e-08,0.0018385009607300162,,0.002332912292331457,0.9923096496948508,2.1963340259389952e-05
0.06981739401817322,,,2.617771874880418,,0.9982461164185537,3.5827274421434937e-09,0.0,0.0,fixed-hybrid,0.0008811788866296411,0.0,2,0.0,700,bump,0.36908981265098983,2.0145241397735316e-06,0.0009515319252386689,,0.002055949764326215,0.35569280011004684,0.0002657685545273125
0.05825883895158768,,,2.9954124169889838,,0.9988028534018369,4.686228583573599e-10,0.0,0.0,fixed-hybrid,0.0011542744468897581,0.0,2,0.0,800,bump,0.5181123228502542,2.047664301096887e-06,0.001139555242843926,,0.0021274173632264137,0.5206528560212001,0.0008256682194769382
0.06352786719799042,,,3.397526708897203,,0.9985839744219025,4.481221967418024e-10,0.0,0.0,fixed-hybrid,0.000446153775556013,0.0,2,0.0,900,bump,-0.1549383864068522,3.2102823565240978e-06,0.00038476698682643473,,0.0015211557038128376,-0.16195888564163052,0.0008406992419622838
0.04522529989480972,,,3.777981041930616,,0.9988772919851668,1.003477402744942e-09,0.0,0.0,fixed-hybrid,0.0007734376704320312,0.0,2,0.0,1000,bump,0.3131463685985081,4.829078074149426e-06,0.000483305542729795,,0.0015309604350477457,0.3202502687394736,0.00030542229069396853
0.03922504559159279,,,4.162734749959782,,0.9988216273841682,1.1453766445697124e-08,0.0,0.0,fixed-hybrid,0.0006039966829121113,0.0,2,0.0,1100,bump,0.9832790633713717,1.2582843906850487e-06,0.001973403850570321,,0.001262154197320342,0.9861962003887956,0.00042812374886125326
0.028879718855023384,,,4.553716458845884,,0.9988886105985663,1.2463639758489953e-09,0.0,0.0,fixed-hybrid,0.0006492622196674347,0.0,2,0.0,1200,bump,0.9469710704193982,9.936935730041079e-08,0.0008122724830172956,,0.0011303493520244956,0.94713117672916,6.282529648160562e-05
0.038812801241874695,,,4.950166791910306,,0.9988484162059281,5.3746033678611615e-09,0.0,0.0,fixed-hybrid,0.0008925648289732635,0.0,2,0.0,1300,bump,0.6785291390390508,1.3942168685152554e-06,0.0005507309688255191,,0.0015387794701382518,0.6835723725059799,0.00031500219483859837
0.018192287534475327,,,5.330613458994776,,0.999006973347192,2.2851991506774717e-09,0.0,0.0,fixed-hybrid,0.0004301364242564887,0.0,2,0.0,1400,bump,-0.8962326718033526,4.119454704922317e-06,0.0006249436410143971,,0.0007328286883421242,-0.894935084691213,0.0005337628535926342
0.020013026893138885,,,5.717033166904002,,0.9984884109399661,7.409576209851938e-09,0.0,0.0,fixed-hybrid,0.000312537100398913,0.0,2,0.0,1500,bump,0.025753932344389247,2.1009611410177113e-06,0.000325918139424175,,0.0006482614553533494,0.013602752681190164,0.00027079685241915286
0.008636531420052052,,,6.165837541921064,,0.9989165730257027,5.138519242508256e-09,0.0,0.0,fixed-hybrid,0.00032707821810618043,0.0,2,0.0,1600,bump,0.8613462857921833,1.227551044075628e-06,0.0015088962391018867,,0.0004686831380240619,0.8634609411146944,0.0003087263321503997
0.006687733344733715,,,6.561814833898097,,0.9992367705476322,1.5503367658866016e-09,0.0,0.0,fixed-hybrid,0.0002295801241416484,0.0,2,0.0,1700,bump,0.5172092682790366,7.805421559934789e-07,0.0004476392350625247,,0.00033963622990995646,0.5174191961643207,0.00013812318502459675
0.0069642141461372375,,,7.04044608399272,,0.998559241517121,1.9475995508679966e-09,0.0,0.0,fixed-hybrid,0.00013433163985610008,0.0,2,0.0,1800,bump,0.8112046658261136,3.860262474280313e-07,0.00052137381862849,,0.0002507225435692817,0.8082910073841751,9.361978300148621e-05
0.009343822486698627,,,7.4429663338232785,,0.9981036912747464,3.0606757474165244e-09,0.0,0.0,fixed-hybrid,0.00047067494597285986,0.0,2,0.0,1900,bump,0.9920615954805825,9.842001115046111e-08,0.00042227061931043863,,0.0006218859343789518,0.9930845296027849,5.51734228793066e-05
0.008209733292460442,,,7.82909549982287,,0.9989413269590419,7.484025578472236e-10,0.0,0.0,fixed-hybrid,0.0002394888288108632,0.0,2,0.0,2000,bump,-0.5724452715741604,2.0642160195500334e-06,0.00034969509579241276,,0.00037531310226768255,-0.571479928915022,0.00026845940737985075
0.23377901315689087,,,0.0027087910566478968,,,,,0.005181125132367015,calibrated,0.00039352368912659585,0.0,2,0.005181125132367015,0,bump,,,,,0.004370743874460459,,2.1680130885215476e-05
0.21057140827178955,,,0.4377084160223603,,0.9998473700290607,5.279102683586448e-10,0.01575378195096505,0.005181125132367015,calibrated,0.0005320140044204891,0.0,2,0.005181125132367015,100,bump,0.99944172234933,1.5937527970219945e-08,0.0013713350053876638,,0.004111383110284805,0.9995818333744155,3.111658543275553e-06
0.20076555013656616,,,0.8215350001119077,,0.9999331784632425,4.908185431382626e-11,0.013458528951486698,0.005181125132367015,calibrated,0.0006057416321709752,0.0,2,0.005181125132367015,200,bump,0.8800199366291754,9.607283227694687e-08,0.0007201939588412642,,0.00401674909517169,0.8804508572927012,3.495983037282713e-05
0.18660657107830048,,,1.2075206660665572,,0.9999015863618615,7.995449453646654e-11,0.0198226395409494,0.005181125132367015,calibrated,0.0005070798797532916,0.0,2,0.005181125132367015,300,bump,0.7343215593967547,1.929984026702789e-07,0.005945899058133364,,0.0036784796975553036,0.7332075837663165,3.475831908872351e-05
0.14575675129890442,,,1.5851439160760492,,0.9999235328002002,4.7483283249384035e-11,0.033072509128847155,0.005181125132367015,calibrated,0.0008371795993298292,0.0,2,0.005181125132367015,400,bump,0.9555006485676119,4.0935768020064664e-08,0.007508554495871067,,0.0033068149350583553,0.955367577461929,1.1128841833851766e-05
0.15734484791755676,,,1.9786320000421256,,0.9999178843056206,5.349995979929034e-10,0.02232655190401669,0.005181125132367015,calibrated,0.0008381172665394843,0.0,2,0.005181125132367015,500,bump,0.9946169897951208,1.7105978515858806e-07,0.0011346963001415133,,0.0035052145831286907,0.9944555930243563,6.0753660363843665e-05
0.1139153391122818,,,2.3789762500673532,,0.9999187367142819,1.7137207627446065e-11,0.02430881585811163,0.005181125132367015,calibrated,0.0006071304669603705,0.0,2,0.005181125132367015,600,bump,0.9649650965158393,6.204867132846467e-08,0.0021131166722625494,,0.0025380635634064674,0.9650909900664641,4.053419252159074e-05
0.08384300768375397,,,2.7543123750947416,,0.9998878882978608,1.1155340282245598e-10,0.01961398017736046,0.005181125132367015,calibrated,0.0006427679327316582,0.0,2,0.005181125132367015,700,bump,0.8810190181591787,7.747364217763306e-07,0.0008107348112389445,,0.002060618018731475,0.8807312109977041,0.00012066232739016414
0.07917049527168274,,,3.121322208084166,,0.9998979038055321,7.302886521276516e-11,0.01794470526864893,0.005181125132367015,calibrated,0.001126901712268591,0.0,2,0.005181125132367015,800,bump,-0.003039510199613231,5.79570477214945e-07,0.0007545931148342788,,0.002456875517964363,-0.003963191034813202,8.783300290815532e-05
0.06892950087785721,,,3.500179500086233,,0.9999240138359575,3.327971287395794e-11,0.022848200312989047,0.005181125132367015,calibrated,0.0005171579541638494,0.0,2,0.005181125132367015,900,bump,0.6953371740053177,8.670647766302167e-07,0.0003098995366599411,,0.0016830011736601591,0.6969453295964579,0.0001908944541355595
0.056640174239873886,,,3.861765625188127,,0.9999066766522575,3.522791523766813e-10,0.01763171622326552,0.005181125132367015,calibrated,0.0007198718376457691,0.0,2,0.005181125132367015,1000,bump,0.9251300373473464,2.3697569936797272e-07,0.0007395105203613639,,0.0016728331102058291,0.9255321491300956,4.638099926523864e-05
0.03090011700987816,,,4.234554541064426,,0.9999315975981887,4.928253733618295e-10,0.024830464267083987,0.005181125132367015,calibrated,0.0007498112390749156,0.0,2,0.005181125132367015,1100,bump,0.9613950890094825,2.5377576041897247e-07,0.0022175656631588936,,0.001263615326024592,0.9618007039789972,2.758200207608752e-05
0.02940203808248043,,,4.598219625186175,,0.9998973017309986,5.260382371111095e-11,0.013562858633281168,0.005181125132367015,calibrated,0.0008719850447960198,0.0,2,0.005181125132367015,1200,bump,0.9764047894244438,1.2671988431580385e-08,0.0007548819412477314,,0.0013581776292994618,0.9765100749803309,2.1477113477885723e-05
0.03271187096834183,,,4.97062712511979,,0.9998954991529482,4.847061746996148e-10,0.01940532081377152,0.005181125132367015,calibrated,0.0005292369169183075,0.0,2,0.005181125132367015,1300,bump,0.7356000547297857,1.1659983663030042e-06,0.00043319983524270356,,0.001077674562111497,0.7354806322048665,0.00012308005534578115
0.011725960299372673,,,5.344868333078921,,0.9999001446711283,2.442204450162602e-11,0.02608242044861763,0.005181125132367015,calibrated,0.000654791365377605,0.0,2,0.005181125132367015,1400,bump,0.8611770633765511,6.10260547172718e-08,0.0004930340219289064,,0.000843459798488766,0.8608549489439218,5.405135379987769e-05
0.014857824891805649,,,5.7200355001259595,,0.9999469108754597,4.026438166174677e-10,0.03140323422013563,0.005181125132367015,calibrated,0.00037057444569654763,0.0,2,0.005181125132367015,1500,bump,0.9260273334536646,1.067047355986028e-06,0.0005179056315682828,,0.0006174577283672988,0.9261240788496095,4.1583902202546597e-05
0.007932320237159729,,,6.089935375144705,,0.9999080007781629,1.3195098076919486e-10,0.034220135628586335,0.005181125132367015,calibrated,0.00045506059541366994,0.0,2,0.005181125132367015,1600,bump,0.9846870026417237,3.5528135837203877e-08,0.0010693016229197383,,0.0005824837717227638,0.984587025518347,4.0993301809066907e-05
0.005059866234660149,,,6.456250541144982,,0.9999052702991243,2.6063506083796892e-11,0.046531038080333854,0.005181125132367015,calibrated,0.0003371852508280426,0.0,2,0.005181125132367015,1700,bump,0.053841303400689294,9.694426912084128e-07,0.0003935476124752313,,0.0004176664224360138,0.05110472134443101,5.348093691281974e-05
0.0075926207937300205,,,6.827614250127226,,0.999894331451888,3.922630168194606e-10,0.03954094940010433,0.005181125132367015,calibrated,0.00028784212190657854,0.0,2,0.005181125132367015,1800,bump,0.9824358670674767,6.493214569527728e-08,0.0006638393388129771,,0.00041232595685869455,0.9820753110821696,4.886819442617707e-05
0.006865749601274729,,,7.190732249990106,,0.999889702017871,1.7527626458406616e-10,0.02785602503912363,0.005181125132367015,calibrated,0.0004832364502362907,0.0,2,0.005181125132367015,1900,bump,0.9761926846278675,5.41837477934457e-08,0.0007759652798995376,,0.0005920035182498395,0.9765647450032698,8.691059338161722e-05
0.006354666780680418,,,7.577913915971294,,0.9999309973325088,1.0746466103790214e-10,0.025143453312467395,0.005181125132367015,calibrated,0.00015479132707696408,0.0,2,0.005181125132367015,2000,bump,0.920947151099962,9.857548210192499e-08,0.0002067593450192362,,0.0002604460169095546,0.9201290427262011,0.00010910193668678403
0.23377901315689087,,,0.0025536660104990005,,,,,0.005181125132367015,adaptive,0.00039352368912659585,0.0,2,0.005181125132367015,0,bump,,,,,0.004370743874460459,,2.1680130885215476e-05
0.21057140827178955,,,0.39729537488892674,,0.9998473700290607,5.279102683586448e-10,0.01575378195096505,0.005181125132367015,adaptive,0.0005320140044204891,0.0,2,0.005181125132367015,100,bump,0.99944172234933,1.5937527970219945e-08,0.0013713350053876638,,0.004111383110284805,0.9995818333744155,3.111658543275553e-06
0.20076555013656616,,,0.7992207498755306,,0.9999331784632425,4.908185431382626e-11,0.013458528951486698,0.005181125132367015,adaptive,0.0006057416321709752,0.005165585316717625,2,0.01034671044908464,200,bump,0.8800199366291754,9.607283227694687e-08,0.0007201939588412642,,0.00401674909517169,0.8804508572927012,3.495983037282713e-05
0.18660657107830048,,,1.1814617079216987,,0.9999015863618615,7.995449453646654e-11,0.0198226395409494,0.005181125132367015,adaptive,0.0005070798797532916,0.010096836369484663,2,0.015277961501851678,300,bump,0.7343215593967547,1.929984026702789e-07,0.005945899058133364,,0.0036784796975553036,0.7332075837663165,3.475831908872351e-05
0.14575675129890442,,,1.5711765000596642,,0.9999235328002002,4.7483283249384035e-11,0.033072509128847155,0.005181125132367015,adaptive,0.0008371795993298292,0.015099917305633426,2,0.02028104243800044,400,bump,0.9555006485676119,4.0935768020064664e-08,0.007508554495871067,,0.0033068149350583553,0.955367577461929,1.1128841833851766e-05
0.15502940118312836,,,2.0318513750098646,,0.9999247929788353,6.320043026423801e-10,0.028482003129890455,0.005181125132367015,adaptive,0.00048538699047639966,0.020078253466635942,2,0.025259378599002957,500,bump,0.9912092712029004,2.1252425274714568e-07,0.001359768328256905,,0.003119036788120866,0.9911499730160821,6.925991328898817e-05
0.11428070068359375,,,2.464603249914944,,0.9999197043677661,1.3279620058211329e-11,0.02410015649452269,0.005181125132367015,adaptive,0.0007530456059612334,0.02518167276866734,2,0.030362797901034355,600,bump,0.8529777992384235,2.9406280071150505e-08,0.0021209130063652992,,0.002687718253582716,0.8532174038576353,4.459769115783274e-05
0.08385884761810303,,,2.8471719999797642,,0.9999143671681104,1.4654989815898412e-10,0.019509650495565987,0.005181125132367015,adaptive,0.0007306748302653432,0.030013422714546323,2,0.03519454784691334,700,bump,0.9867229343424212,1.4197052168987528e-07,0.0009581301710568368,,0.0021472969092428684,0.9864820604114615,3.120210749329999e-05
0.07301345467567444,,,3.232012249995023,,0.9999030738701794,2.481451883368712e-10,0.020761606677099635,0.005181125132367015,adaptive,0.0009069073712453246,0.03502525272779167,2,0.04020637786015868,800,bump,0.820318493600463,8.479108774422391e-07,0.0012788461754098535,,0.0021357054356485605,0.8230572493021092,8.548737969249487e-05
0.07362707704305649,,,3.6035264579113573,,0.9998515424314911,1.2229177463854968e-11,0.026186750130412103,0.005181125132367015,adaptive,0.00044900737702846527,0.039789463160559535,2,0.04497058829292655,900,bump,0.3675211914503283,1.0702794021480183e-06,0.0002487903693690896,,0.001696065766736865,0.3630918780838252,0.00016228847380261868
0.05761374533176422,,,4.001781624974683,,0.9999226408308655,1.8615663255313725e-10,0.021178925404277515,0.005181125132367015,adaptive,0.0005980250425636768,0.04452988272532821,2,0.04971100785769522,1000,bump,0.9712239135090214,1.0894755235385158e-06,0.0006187991239130497,,0.0015696537448093295,0.9718752846785861,0.00016270705964416265
0.03275249898433685,,,4.387273999862373,,0.99991658116975,5.291291625372165e-10,0.02775169535732916,0.005181125132367015,adaptive,0.0012242201482877135,0.04957096581347287,2,0.05475209094583988,1100,bump,0.9719175525001503,1.7506628524522442e-07,0.0028110449202358723,,0.0017615066608414054,0.9710471419168147,3.501541505102068e-05
0.023249708116054535,,,4.787216458003968,,0.9999179879220648,3.132548402433317e-11,0.027438706311945747,0.005181125132367015,adaptive,0.0008837586501613259,0.0545488428324461,2,0.05972996796481311,1200,bump,0.7558045927153986,1.461575228471571e-07,0.0007497807964682579,,0.0012649062555283308,0.7548829618233588,8.627209172118455e-05
0.02706902287900448,,,5.199689915869385,,0.9999484589577307,2.2089553498783468e-10,0.03380281690140845,0.005181125132367015,adaptive,0.0003200683859176934,0.05980988382361829,2,0.06499100895598531,1300,bump,0.9980336999104799,4.559963711768747e-07,0.000372755981516093,,0.000775908469222486,0.9980433598321378,6.878517160657793e-05
0.013341756537556648,,,5.689710249891505,,0.999924186600688,6.874571525835679e-12,0.02389149713093375,0.005181125132367015,adaptive,0.0004040327330585569,0.0654600525740534,2,0.07064117770642042,1400,bump,0.5218966581273525,3.6940872892368896e-06,0.0003668130375444889,,0.0006245099357329309,0.5225749997826558,0.0003462975728325546
0.016970409080386162,,,6.164006541017443,,0.9998712549699055,2.684735001400577e-09,0.028586332811684923,0.005181125132367015,adaptive,0.0004407716041896492,0.07131821778602898,2,0.076499342918396,1500,bump,0.997884372547162,2.0957251584393324e-06,0.0006615185411646962,,0.0007224600412882864,0.9978467027129819,7.614869537064806e-05
0.009106210432946682,,,6.587452624924481,,0.9999078037276227,1.0783228923119653e-10,0.02556077203964528,0.005181125132367015,adaptive,0.0004899876075796783,0.07665767264552414,2,0.08183879777789116,1600,bump,0.44682161926792235,1.108494155999711e-06,0.0010602005058899522,,0.000636820332147181,0.4454713271063917,0.00020177976693958044
0.006200696807354689,,,7.026841040933505,,0.9998989902561172,9.25666501857059e-11,0.03275952008346374,0.005181125132367015,adaptive,0.00024124569608829916,0.08268538280390203,2,0.08786650793626904,1700,bump,0.958372352465872,1.8738511328896655e-07,0.0006719153025187552,,0.0003428031923249364,0.9593068738735351,2.8286458473303355e-05
0.007414741441607475,,,7.434823957970366,,0.9999096206492848,9.669351719733992e-11,0.03912363067292645,0.005181125132367015,adaptive,0.0005361200892366469,0.08799842838197947,2,0.09317955351434648,1800,bump,0.8312366949945554,1.6542721585916778e-07,0.00047752432874403894,,0.0006533415871672332,0.8313088036027205,0.00012781571422237903
0.005908569321036339,,,7.822694165864959,,0.9999107389373733,7.976863458825479e-11,0.0332811684924361,0.005181125132367015,adaptive,0.00018181717314291745,0.09276155126281083,2,0.09794267639517784,1900,bump,0.837129157636533,1.3475767623498458e-07,0.0005392343737185001,,0.00027940914151258767,0.838609559397946,6.434148963307962e-05
0.006365128327161074,,,8.203973083058372,,0.9999304438120895,2.5978704063617136e-10,0.028482003129890455,0.005181125132367015,adaptive,0.00023549333855044097,0.09768688539043069,2,0.1028680105227977,2000,bump,0.992562355999872,7.230158582554592e-07,0.0002910391194745898,,0.0003399510751478374,0.9924749026185694,8.463313861284405e-05
,,,0.0019376249983906746,,,,,0.0,fp32,,0.0,2,0.0,0,composition,,,,,0.5814058780670166,,0.0
,,,0.06671516597270966,,0.9999999999999994,0.0,0.0,0.0,fp32,,0.0,2,0.0,100,composition,0.9999999999999994,0.0,0.133274108171463,,0.11084921658039093,0.9999999999999994,0.0
,,,0.1297140410169959,,0.9999999999999959,0.0,0.0,0.0,fp32,,0.0,2,0.0,200,composition,0.9999999999999959,0.0,0.037518084049224854,,0.04106973111629486,0.9999999999999959,0.0
,,,0.19322508317418396,,0.9999999999999964,0.0,0.0,0.0,fp32,,0.0,2,0.0,300,composition,0.9999999999999964,0.0,0.025915466248989105,,0.029299220070242882,0.9999999999999964,0.0
,,,0.2568565830588341,,0.9999999999999966,0.0,0.0,0.0,fp32,,0.0,2,0.0,400,composition,0.9999999999999966,0.0,0.016660165041685104,,0.02146110311150551,0.9999999999999966,0.0
,,,0.31985229114070535,,0.9999999999999986,0.0,0.0,0.0,fp32,,0.0,2,0.0,500,composition,0.9999999999999986,0.0,0.017230771481990814,,0.011780590750277042,0.9999999999999986,0.0
,,,0.38313995813950896,,0.9999999999999974,0.0,0.0,0.0,fp32,,0.0,2,0.0,600,composition,0.9999999999999974,0.0,0.009875038638710976,,0.008580345660448074,0.9999999999999974,0.0
,,,0.446279208175838,,0.999999999999996,0.0,0.0,0.0,fp32,,0.0,2,0.0,700,composition,0.999999999999996,0.0,0.007991224527359009,,0.00807143747806549,0.999999999999996,0.0
,,,0.5089084999635816,,0.9999999999999972,0.0,0.0,0.0,fp32,,0.0,2,0.0,800,composition,0.9999999999999972,0.0,0.007393732666969299,,0.007516464684158564,0.9999999999999972,0.0
,,,0.5719178749714047,,1.0,0.0,0.0,0.0,fp32,,0.0,2,0.0,900,composition,1.0,0.0,0.004458913579583168,,0.007050829473882914,1.0,0.0
,,,0.6350635001435876,,0.9999999999999977,0.0,0.0,0.0,fp32,,0.0,2,0.0,1000,composition,0.9999999999999977,0.0,0.010662587359547615,,0.006692979019135237,0.9999999999999977,0.0
,,,0.697613958036527,,0.9999999999999958,0.0,0.0,0.0,fp32,,0.0,2,0.0,1100,composition,0.9999999999999958,0.0,0.006042540539056063,,0.004998794291168451,0.9999999999999958,0.0
,,,0.7608061661012471,,0.9999999999999998,0.0,0.0,0.0,fp32,,0.0,2,0.0,1200,composition,0.9999999999999998,0.0,0.004622653126716614,,0.004407163243740797,0.9999999999999998,0.0
,,,0.8243710831739008,,0.9999999999999967,0.0,0.0,0.0,fp32,,0.0,2,0.0,1300,composition,0.9999999999999967,0.0,0.003419450018554926,,0.003985848743468523,0.9999999999999967,0.0
,,,0.8887059160042554,,0.9999999999999974,0.0,0.0,0.0,fp32,,0.0,2,0.0,1400,composition,0.9999999999999974,0.0,0.0017322942148894072,,0.0021235093008726835,0.9999999999999974,0.0
,,,0.9524359160568565,,0.9999999999999977,0.0,0.0,0.0,fp32,,0.0,2,0.0,1500,composition,0.9999999999999977,0.0,0.0014567633625119925,,0.0018038138514384627,0.9999999999999977,0.0
,,,1.016482040984556,,0.9999999999999969,0.0,0.0,0.0,fp32,,0.0,2,0.0,1600,composition,0.9999999999999969,0.0,0.0009117135778069496,,0.0010602055117487907,0.9999999999999969,0.0
,,,1.0801722910255194,,0.9999999999999983,0.0,0.0,0.0,fp32,,0.0,2,0.0,1700,composition,0.9999999999999983,0.0,0.0005392353050410748,,0.00045897893141955137,0.9999999999999983,0.0
,,,1.1431173749733716,,0.9999999999999989,0.0,0.0,0.0,fp32,,0.0,2,0.0,1800,composition,0.9999999999999989,0.0,0.0003509570087771863,,0.0005060985567979515,0.9999999999999989,0.0
,,,1.2078414580319077,,0.9999999999999991,0.0,0.0,0.0,fp32,,0.0,2,0.0,1900,composition,0.9999999999999991,0.0,0.00034548304392956197,,0.0005833454779349267,0.9999999999999991,0.0
,,,1.2717758330982178,,0.9999999999999984,0.0,0.0,0.0,fp32,,0.0,2,0.0,2000,composition,0.9999999999999984,0.0,0.0005782825173810124,,0.0009492923854850233,0.9999999999999984,0.0
,,,0.002753332955762744,,,,,0.0,fixed-e4m3,,0.0,2,0.0,0,composition,,,,,0.5824047923088074,,0.0004270090430509299
,,,0.39030108298175037,,0.999665829803699,4.935975058078622e-07,0.0,0.0,fixed-e4m3,,0.0,2,0.0,100,composition,0.9876056992319897,4.408282986688249e-05,0.12881165742874146,,0.10616008192300797,0.9875845661942046,0.004268552176654339
,,,0.7649185829795897,,0.999652861723209,4.718758011539538e-08,0.00010432968179447053,0.0,fixed-e4m3,,0.0,2,0.0,200,composition,0.950308880309639,8.515250335571558e-06,0.03891099989414215,,0.042533330619335175,0.9504914093581784,0.0007640715921297669
,,,1.145727374823764,,0.9996638303117825,5.7451004938863347e-08,0.00031298904538341156,0.0,fixed-e4m3,,0.0,2,0.0,300,composition,0.5945974663249735,5.5004802664151044e-05,0.01519557274878025,,0.02082196995615959,0.5942413037198772,0.0017949007451534271
,,,1.5085589168593287,,0.9996494959161782,1.3790660384378318e-07,0.0,0.0,fixed-e4m3,,0.0,2,0.0,400,composition,0.7738793403543237,9.021285216895503e-05,0.016801662743091583,,0.013334362767636776,0.773387776999728,0.0038779480382800102
,,,1.885873207822442,,0.9996187486612588,3.04196023125352e-07,0.00010432968179447053,0.0,fixed-e4m3,,0.0,2,0.0,500,composition,0.8137112041624672,0.00013447445352916804,0.02458909898996353,,0.012580773793160915,0.8139186840688838,0.00825233943760395
,,,2.261660457821563,,0.9996619114314457,3.595185877636237e-08,0.0,0.0,fixed-e4m3,,0.0,2,0.0,600,composition,-0.19323546786562748,0.00025171426859267674,0.012273915112018585,,0.009052201174199581,-0.19566510068939794,0.007709484081715345
,,,2.6376653749030083,,0.9996841281688966,1.2273115803155463e-08,0.0004173187271778821,0.0,fixed-e4m3,,0.0,2,0.0,700,composition,-0.12355977797067966,0.00040328942635988135,0.006080907303839922,,0.01016596332192421,-0.12392753782029776,0.009304645471274853
,,,3.0204037497751415,,0.9996742184920125,1.2221911944640876e-07,0.00010432968179447053,0.0,fixed-e4m3,,0.0,2,0.0,800,composition,0.9280146917821436,0.00013819378674074056,0.01038241758942604,,0.010910434648394585,0.9287814839477707,0.010105585679411888
,,,3.3981977079529315,,0.9996859677930344,1.3201609935725318e-08,0.0,0.0,fixed-e4m3,,0.0,2,0.0,900,composition,0.9713386467159711,0.0001928840466561295,0.005574383307248354,,0.007029495667666197,0.9715961002998992,0.009678184054791927
,,,3.7884487498085946,,0.9996382011827656,2.5220919058683255e-08,0.00031298904538341156,0.0,fixed-e4m3,,0.0,2,0.0,1000,composition,0.6841913430887903,0.00021426945938969523,0.010368277318775654,,0.005896167363971472,0.6840574909597983,0.0077602444216609
,,,4.162319999886677,,0.9996076392955295,1.1612370453441237e-08,0.0,0.0,fixed-e4m3,,0.0,2,0.0,1100,composition,-0.6015680125214244,9.535804668839549e-05,0.003502268111333251,,0.004987491760402918,-0.6012270058885553,0.006897937040776014
,,,4.557077624835074,,0.9996427521480244,7.544727191435287e-08,0.0,0.0,fixed-e4m3,,0.0,2,0.0,1200,composition,0.011241593631870172,0.00013544131761095658,0.006522963754832745,,0.006116332486271858,0.01153983627741555,0.006907689850777388
,,,4.956927999854088,,0.9996546569134847,1.8494443731713368e-08,0.0034428794992175274,0.0,fixed-e4m3,,0.0,2,0.0,1300,composition,0.8438436668198567,0.0001702393532683614,0.0028413727413862944,,0.0039255679585039616,0.8439141431685149,0.006530954968184233
,,,5.3439847498666495,,0.9996035589719107,7.076676818341906e-08,0.0,0.0,fixed-e4m3,,0.0,2,0.0,1400,composition,0.9286894909809991,1.372547844998162e-05,0.005689839832484722,,0.003980033099651337,0.929310168415955,0.0029064668342471123
,,,5.73213249980472,,0.9996664468582732,5.34018689938232e-09,0.0,0.0,fixed-e4m3,,0.0,2,0.0,1500,composition,0.19537744593415474,1.6400383501475594e-05,0.0017503066919744015,,0.002274941885843873,0.194804746101585,0.0015563888009637594
,,,6.103915499988943,,0.9996981213333868,1.6940389410528714e-09,0.00010432968179447053,0.0,fixed-e4m3,,0.0,2,0.0,1600,composition,-0.5305551152104241,2.037007681463585e-05,0.0008301222696900368,,0.0016978699713945389,-0.5286751521299039,0.0018951965030282736
,,,6.499036082997918,,0.9996617738803721,3.87683694236294e-08,0.0,0.0,fixed-e4m3,,0.0,2,0.0,1700,composition,0.06062155132567066,0.00010860206584079812,0.0019374046241864562,,0.001011547283269465,0.05989747296930834,0.002287402516230941
,,,6.912968166870996,,0.999689562037348,2.0230037494786648e-08,0.0,0.0,fixed-e4m3,,0.0,2,0.0,1800,composition,0.9018257271835523,5.3380123267864646e-05,0.0016589768929407,,0.0025350244250148535,0.901356527425762,0.0031998890917748213
,,,7.324490041937679,,0.9996415973164715,1.565623782580716e-08,0.0,0.0,fixed-e4m3,,0.0,2,0.0,1900,composition,0.5574590843999871,4.251121430327763e-05,0.0012301011011004448,,0.0006443742895498872,0.5575805677087217,0.002400987548753619
,,,7.735581082990393,,0.9996427893250166,4.8223625395870615e-09,0.00010432968179447053,0.0,fixed-e4m3,,0.0,2,0.0,2000,composition,-0.007361531798830726,8.533223434998984e-05,0.00067035888787359,,0.0022076903842389584,-0.006614574360028795,0.003194179618731141
,,,0.0027668748516589403,,,,,0.0,fixed-e5m2,,0.0,2,0.0,0,composition,,,,,0.5834331512451172,,0.0017342733917757869
,,,0.44578924984671175,,0.9987552896017275,1.3623787731471036e-06,0.0,0.0,fixed-e5m2,,0.0,2,0.0,100,composition,0.9833833563876732,1.8734818457350966e-05,0.13052122294902802,,0.11221926659345627,0.984915250632568,0.005492811091244221
,,,0.8776683339383453,,0.998470701965996,4.498658786198719e-07,0.0,0.0,fixed-e5m2,,0.0,2,0.0,200,composition,0.8114636118175633,5.262103382259405e-05,0.03788159787654877,,0.04032159224152565,0.8129816898179897,0.004705882165580988
,,,1.2819510840345174,,0.9986174356561801,4.100577912837577e-07,0.0,0.0,fixed-e5m2,,0.0,2,0.0,300,composition,0.946968225792538,8.39483875086322e-05,0.0278400257229805,,0.03678782656788826,0.9485026247065487,0.005131123587489128
,,,1.6833919589407742,,0.9986735115110125,5.544667045017185e-07,0.0,0.0,fixed-e5m2,,0.0,2,0.0,400,composition,0.9544682182109749,4.009560334037271e-05,0.02359483204782009,,0.02487550489604473,0.9553403320082554,0.007257629185914993
,,,2.0814538749400526,,0.9986329507094985,6.801065456352726e-07,0.0,0.0,fixed-e5m2,,0.0,2,0.0,500,composition,0.9597137930342636,8.207420406663071e-05,0.021934788674116135,,0.024370655417442322,0.9608014474072171,0.004860688932240009
,,,2.4887774589005858,,0.9986985423629354,1.2297107996303265e-07,0.0,0.0,fixed-e5m2,,0.0,2,0.0,600,composition,0.6120373832259397,3.729705100472475e-05,0.016284139826893806,,0.01693684235215187,0.6135918216171323,0.007031114771962166
,,,2.974287874996662,,0.9987001223330003,1.6372686686313077e-07,0.0,0.0,fixed-e5m2,,0.0,2,0.0,700,composition,0.11358837615993884,0.00011973032244594338,0.013719562441110611,,0.014538410119712353,0.11284805494456167,0.00863837730139494
,,,3.460541833890602,,0.9985942056701025,1.339869572387099e-06,0.0,0.0,fixed-e5m2,,0.0,2,0.0,800,composition,0.968367161258129,4.6493702786750355e-05,0.019808847457170486,,0.021235547959804535,0.9694258500018813,0.010771547444164753
,,,3.8706816248595715,,0.9986825459060839,2.2618025030986638e-08,0.0,0.0,fixed-e5m2,,0.0,2,0.0,900,composition,-0.31350825538653615,0.00013399465852600948,0.010600894689559937,,0.017598895356059074,-0.31227529132370946,0.007651954889297485
,,,4.305601249914616,,0.998583797048974,7.922686149926214e-08,0.0,0.0,fixed-e5m2,,0.0,2,0.0,1000,composition,-0.42040845818686845,9.13242630213066e-05,0.015703706070780754,,0.011590387672185898,-0.41751190914234354,0.0071432809345424175
,,,4.727503166999668,,0.9983578274798716,6.496416994661292e-08,0.0,0.0,fixed-e5m2,,0.0,2,0.0,1100,composition,-0.20608514013372278,0.00020728388930978039,0.006622597109526396,,0.008720383048057556,-0.20809682809240274,0.008116967976093292
,,,5.149031458888203,,0.9985549302817901,1.09317708759798e-06,0.0,0.0,fixed-e5m2,,0.0,2,0.0,1200,composition,0.19698918079206582,0.000548048414139901,0.013995133340358734,,0.01181961689144373,0.19779125397596378,0.013116715475916862
,,,5.5640127919614315,,0.998659139784295,3.0421777356996764e-08,0.0,0.0,fixed-e5m2,,0.0,2,0.0,1300,composition,0.8931386252082828,0.000353603156171541,0.0038678343407809734,,0.008174204267561436,0.8937156423987771,0.014972648583352566
,,,6.039685916854069,,0.9987371088227649,5.196817699130775e-07,0.0,0.0,fixed-e5m2,,0.0,2,0.0,1400,composition,0.9437386075846168,0.00010174513373701708,0.008752211928367615,,0.006237430032342672,0.9437929633994104,0.008334722369909286
,,,6.53343216702342,,0.9988722451395966,1.2289556228928448e-07,0.0,0.0,fixed-e5m2,,0.0,2,0.0,1500,composition,0.9244346525306942,0.00023451433793732822,0.005369153805077076,,0.004231433849781752,0.9248302318274682,0.014356434345245361
,,,6.961765416897833,,0.998412274156922,2.1498015481208843e-07,0.0,0.0,fixed-e5m2,,0.0,2,0.0,1600,composition,0.5955458537912074,0.0004688429082353624,0.004925892688333988,,0.005774675402790308,0.5977155680697087,0.016022300347685814
,,,7.4346669998485595,,0.9982854771431876,9.057890546820988e-07,0.0,0.0,fixed-e5m2,,0.0,2,0.0,1700,composition,0.8228316204135236,0.00012506008021741558,0.015609979629516602,,0.008050614967942238,0.8227122208823077,0.007721750997006893
,,,7.911155541893095,,0.9987441940053631,3.294736409052584e-07,0.0,0.0,fixed-e5m2,,0.0,2,0.0,1800,composition,-0.8981751319525783,0.0003443581732694835,0.006253145169466734,,0.014017391949892044,-0.8994866286188685,0.005620017647743225
,,,8.312182917026803,,0.9985455174612562,6.263508942332513e-08,0.0,0.0,fixed-e5m2,,0.0,2,0.0,1900,composition,0.5452962413717659,4.316113606662631e-05,0.0038774823769927025,,0.0028986046090722084,0.5461465939259825,0.006260056979954243
,,,8.756578499916941,,0.9986173448510419,8.700834837093363e-08,0.0,0.0,fixed-e5m2,,0.0,2,0.0,2000,composition,-0.45370333260715023,0.0001316587042337657,0.002048186492174864,,0.0019189069280400872,-0.4556475491956972,0.009870334528386593
,,,0.002934874966740608,,,,,0.0,fixed-hybrid,,0.0,2,0.0,0,composition,,,,,0.5824047923088074,,0.0004270090430509299
,,,0.444025042001158,,0.9988512253772727,1.8741961025404674e-06,0.0,0.0,fixed-hybrid,,0.0,2,0.0,100,composition,0.9966410223403103,7.970615466846104e-06,0.1306961625814438,,0.10596293210983276,0.997871718379792,0.0015392652712762356
,,,0.8894895841367543,,0.9986231980668397,2.882922797288775e-07,0.0,0.0,fixed-hybrid,,0.0,2,0.0,200,composition,0.9855804272311498,1.2436028293269678e-05,0.040212664753198624,,0.04725908115506172,0.9862795503370506,0.0009865229949355125
,,,1.3278017500415444,,0.9986084219130622,5.729209178818602e-07,0.0,0.0,fixed-hybrid,,0.0,2,0.0,300,composition,0.9779315927917616,1.769259459075068e-05,0.026356365531682968,,0.02645125985145569,0.9790999340343676,0.0009929300285875797
,,,1.8023215839639306,,0.9985171490053211,3.7800694017690347e-07,0.0,0.0,fixed-hybrid,,0.0,2,0.0,400,composition,0.7623545407837115,5.6178199126931276e-05,0.014566689729690552,,0.015074190683662891,0.7640818203097505,0.0034092727582901716
,,,2.229173167143017,,0.9986140470615676,8.312135497994599e-08,0.0,0.0,fixed-hybrid,,0.0,2,0.0,500,composition,0.8039878463076662,0.00010214206925523886,0.012826276943087578,,0.012399070896208286,0.8064975045316737,0.006761273369193077
,,,2.661113749956712,,0.9986239959866732,1.2146209478555498e-07,0.0,0.0,fixed-hybrid,,0.0,2,0.0,600,composition,0.8824828825071377,8.095859487154327e-05,0.013018043711781502,,0.012089426629245281,0.8829785395794965,0.005936726462095976
,,,3.1792271670419723,,0.9987451384665273,2.0365397946932704e-07,0.0005216484089723526,0.0,fixed-hybrid,,0.0,2,0.0,700,composition,0.7657711199441244,0.000275955945992205,0.007914120331406593,,0.008857542648911476,0.7662236285154213,0.009187252260744572
,,,3.6160640420857817,,0.9984811628738984,2.45820947449739e-08,0.0,0.0,fixed-hybrid,,0.0,2,0.0,800,composition,0.854878295614428,0.00025674603442958833,0.0029901673551648855,,0.009151598438620567,0.8572298108858185,0.014543845318257809
,,,4.024722125148401,,0.9987657184864722,6.1510638213338545e-09,0.0,0.0,fixed-hybrid,,0.0,2,0.0,900,composition,-0.3930152077410966,0.00012239293686145043,0.00573187880218029,,0.00737528083845973,-0.39442896302041863,0.00787649117410183
,,,4.4343791250139475,,0.9984433214056977,5.8227555995753805e-08,0.0,0.0,fixed-hybrid,,0.0,2,0.0,1000,composition,0.8193743545891655,0.0002891516911602757,0.011437159962952137,,0.006844500545412302,0.822080237980704,0.008911697193980217
,,,4.860366374952719,,0.9987296323071518,4.715778902733426e-07,0.0,0.0,fixed-hybrid,,0.0,2,0.0,1100,composition,0.6959074843233379,0.00015942575400053991,0.008138836361467838,,0.006032174453139305,0.6968323121967511,0.00991123542189598
,,,5.291090124985203,,0.998775098331084,2.735682080544267e-07,0.0,0.0,fixed-hybrid,,0.0,2,0.0,1200,composition,0.02693031170976518,0.0001393276606967927,0.007757952436804771,,0.005866339895874262,0.03054066041995937,0.007787838578224182
,,,5.703003874979913,,0.9986723799897458,5.7206207369919735e-08,0.0,0.0,fixed-hybrid,,0.0,2,0.0,1300,composition,0.8480576280520472,0.00015462081112059702,0.0031137820333242416,,0.004867641255259514,0.848243301861183,0.006865364033728838
,,,6.296981374965981,,0.9984187567232389,4.1538883006505846e-08,0.0,0.0,fixed-hybrid,,0.0,2,0.0,1400,composition,0.8375627288001577,4.983054648760152e-05,0.0029931822791695595,,0.0036681087221950293,0.838258454227202,0.004920561332255602
,,,6.71625666692853,,0.99857056528253,8.286471250950631e-08,0.0,0.0,fixed-hybrid,,0.0,2,0.0,1500,composition,-0.5868011640048045,0.0003044808211153957,0.0028462382033467293,,0.003119410015642643,-0.5846821479148275,0.009106654673814774
,,,7.116674709133804,,0.9987361177995742,2.3359155482261787e-07,0.0,0.0,fixed-hybrid,,0.0,2,0.0,1600,composition,0.5728380971360796,6.182222341398247e-05,0.0044563887640833855,,0.0024674762971699238,0.5748845471383006,0.004358955193310976
,,,7.536026125075296,,0.9985647129663452,2.5529367467996464e-08,0.0,0.0,fixed-hybrid,,0.0,2,0.0,1700,composition,0.5727991892523073,7.025685790101482e-05,0.0017466879216954112,,0.0018879269482567906,0.5689956888565817,0.0029725690837949514
,,,7.951651042094454,,0.9986508779976578,2.5778899321448523e-08,0.0,0.0,fixed-hybrid,,0.0,2,0.0,1800,composition,0.6759959346408816,2.2293503576252405e-05,0.0011054701171815395,,0.0006905907648615539,0.6794432144708735,0.0016646429430693388
,,,8.359904792159796,,0.9986021734078937,2.4001259355800412e-08,0.0,0.0,fixed-hybrid,,0.0,2,0.0,1900,composition,0.8953604202699494,1.8926910232508198e-06,0.0007190177566371858,,0.0008732229471206665,0.895514168871612,0.0010417025769129395
,,,8.758987416978925,,0.9986330606979399,1.0875337094623556e-08,0.0,0.0,fixed-hybrid,,0.0,2,0.0,2000,composition,-0.040416766917040846,1.7813451200689133e-05,0.0009325986029580235,,0.0030733738094568253,-0.04124284636393026,0.0013902188511565328
,,,0.002808708930388093,,,,,0.00540133286267519,calibrated,,0.0,2,0.00540133286267519,0,composition,,,,,0.5816824436187744,,6.174296868266538e-05
,,,0.5343795418739319,,0.9999101507775694,1.6787656724109991e-07,0.021074595722483047,0.00540133286267519,calibrated,,0.0,2,0.00540133286267519,100,composition,0.9984687398496587,3.6311106697355447e-06,0.13741067051887512,,0.10989131778478622,0.9985506145797934,0.0002622731262817979
,,,0.9544117089826614,,0.9999097451563825,6.706068855525477e-08,0.019509650495565987,0.00540133286267519,calibrated,,0.0,2,0.00540133286267519,200,composition,0.9858268591396948,1.9201028943357772e-05,0.046218857169151306,,0.03807057440280914,0.9859888437856219,0.0002714276488404721
,,,1.359953333856538,,0.9999175790198912,4.777658452390363e-08,0.0180490349504434,0.00540133286267519,calibrated,,0.0,2,0.00540133286267519,300,composition,0.9545529971195412,3.7723451307807624e-05,0.03189718350768089,,0.034433815628290176,0.9551268111189666,0.0013595089549198747
,,,1.766791292000562,,0.9999051777130197,1.4151639367124255e-08,0.015023474178403756,0.00540133286267519,calibrated,,0.0,2,0.00540133286267519,400,composition,0.9757062662632938,1.0010759867300283e-05,0.02192084863781929,,0.02762104943394661,0.9758824792777059,0.0011050532339140773
,,,2.18281349982135,,0.999911512259999,1.6455400561704356e-08,0.022430881585811163,0.00540133286267519,calibrated,,0.0,2,0.00540133286267519,500,composition,0.9062257111695342,2.1070608689096586e-05,0.01729404367506504,,0.017984848469495773,0.9063194672160917,0.0007598779629915953
,,,2.5987457919400185,,0.9999151712421642,1.3699416559890827e-08,0.02430881585811163,0.00540133286267519,calibrated,,0.0,2,0.00540133286267519,600,composition,0.9814850882441768,7.87414347761668e-06,0.01287964265793562,,0.014201407320797443,0.981486908110347,0.00024650373961776495
,,,3.0200263338629156,,0.9999061337444859,1.706777603312104e-08,0.020657276995305163,0.00540133286267519,calibrated,,0.0,2,0.00540133286267519,700,composition,0.994974078935165,2.075670107042914e-05,0.012256009504199028,,0.0121148731559515,0.9951726042488135,0.000753893400542438
,,,3.4829808748327196,,0.9999012204091821,7.299955500573423e-08,0.030777256129368807,0.00540133286267519,calibrated,,0.0,2,0.00540133286267519,800,composition,0.995517392846463,1.1727728620403388e-05,0.014861850067973137,,0.012449479661881924,0.9956516131309406,0.0006133580463938415
,,,3.9105374589562416,,0.9999042314652158,6.097114483908063e-09,0.026604068857589983,0.00540133286267519,calibrated,,0.0,2,0.00540133286267519,900,composition,0.9745578005465941,1.6019186059094698e-06,0.007527402602136135,,0.008755789138376713,0.9747152609756582,0.0004028934345114976
,,,4.324721249984577,,0.9999072420477941,3.2936239945397684e-08,0.03129890453834116,0.00540133286267519,calibrated,,0.0,2,0.00540133286267519,1000,composition,0.9357102364602129,2.8365000328803544e-05,0.014415813609957695,,0.007437449414283037,0.9355716977504459,0.0010566897690296173
,,,4.738822374958545,,0.9999064012540513,8.381051086404544e-09,0.022743870631194575,0.00540133286267519,calibrated,,0.0,2,0.00540133286267519,1100,composition,0.9369946202257933,2.2981539849913286e-05,0.005274831783026457,,0.005830684211105108,0.9372589618700402,0.00044133857591077685
,,,5.155549499904737,,0.9999231896291285,1.0154542029463628e-08,0.028482003129890455,0.00540133286267519,calibrated,,0.0,2,0.00540133286267519,1200,composition,0.8423922402676907,4.3601266390620295e-05,0.005699576810002327,,0.008101340383291245,0.8428190558893515,0.0011830665171146393
,,,5.566077959025279,,0.9999173699089667,4.297814418472029e-09,0.02587376108502869,0.00540133286267519,calibrated,,0.0,2,0.00540133286267519,1300,composition,0.5934167766616543,1.6849624562768037e-05,0.0031717894598841667,,0.007089951075613499,0.5938264337477102,0.0005447064759209752
,,,5.985993542009965,,0.9999098252696678,3.769192105801046e-10,0.026395409494001043,0.00540133286267519,calibrated,,0.0,2,0.00540133286267519,1400,composition,-0.54917589956864,7.560848391215538e-06,0.0027610361576080322,,0.003155691083520651,-0.5491586554422536,0.0003271865425631404
,,,6.407782333903015,,0.9999056722591445,5.753302471454657e-09,0.029212310902451747,0.00540133286267519,calibrated,,0.0,2,0.00540133286267519,1500,composition,0.7283270458843654,1.8495110227750906e-05,0.0029933045152574778,,0.0025290921330451965,0.7286329119036313,0.0008215089328587055
,,,6.82298787496984,,0.9999074755692386,6.946093233186658e-09,0.03797600417318727,0.00540133286267519,calibrated,,0.0,2,0.00540133286267519,1600,composition,0.966021709168582,3.8923731093445135e-05,0.0021534583065658808,,0.006225494667887688,0.9662764440985389,0.001396882813423872
,,,7.257056916831061,,0.9999145891667572,9.454834879635973e-09,0.033072509128847155,0.00540133286267519,calibrated,,0.0,2,0.00540133286267519,1700,composition,0.9055047573084369,1.1889474983171134e-05,0.0024806149303913116,,0.003364876378327608,0.9054772049632684,0.0012345935683697462
,,,7.704209208954126,,0.9999107974877843,2.7154692698812977e-09,0.03390714658320292,0.00540133286267519,calibrated,,0.0,2,0.00540133286267519,1800,composition,0.9764665881623892,6.1004223694675434e-05,0.00143908872269094,,0.0015561606269329786,0.9765381780551156,0.0018772199982777238
,,,8.15845770901069,,0.9999071928731084,1.769616177653481e-09,0.030985915492957747,0.00540133286267519,calibrated,,0.0,2,0.00540133286267519,1900,composition,-0.6882858196645144,3.838069648950329e-05,0.0006736523937433958,,0.0006466836202889681,-0.6877376339466271,0.0012259094510227442
,,,8.594678916968405,,0.9999106543114165,5.024790013756059e-09,0.042462180490349506,0.00540133286267519,calibrated,,0.0,2,0.00540133286267519,2000,composition,0.788466365288651,2.8307526018284915e-05,0.0009023342281579971,,0.00038980937097221613,0.7885920721235984,0.001089018420316279
,,,0.0027815839275717735,,,,,0.00540133286267519,adaptive,,0.0,2,0.00540133286267519,0,composition,,,,,0.5816824436187744,,6.174296868266538e-05
,,,0.4308498341124505,,0.9999101507775694,1.6787656724109991e-07,0.021074595722483047,0.00540133286267519,adaptive,,0.0,2,0.00540133286267519,100,composition,0.9984687398496587,3.6311106697355447e-06,0.13741067051887512,,0.10989131778478622,0.9985506145797934,0.0002622731262817979
,,,0.8711551669985056,,0.9999116644934182,4.3657970360291324e-08,0.015440792905581638,0.00540133286267519,adaptive,,0.005095039959996939,2,0.010496372822672129,200,composition,0.9889561631103353,5.4303742774387575e-06,0.041069336235523224,,0.03901130333542824,0.9889882250402124,0.00037385430186986923
,,,1.3037030000705272,,0.9999131530663357,6.69728681441221e-08,0.01606677099634846,0.00540133286267519,adaptive,,0.01073745614849031,2,0.0161387890111655,300,composition,0.9828437204933652,1.3911611739792856e-05,0.03619186580181122,,0.03483118116855621,0.9827514858126712,0.000624384731054306
,,,1.7416042499244213,,0.9999126725282548,2.005944321777948e-08,0.010537297861241524,0.00540133286267519,adaptive,,0.016082038870081306,2,0.021483371732756495,400,composition,0.8847873073799581,2.5020598142239255e-05,0.022741273045539856,,0.026707705110311508,0.8847684677082104,0.0017729776445776224
,,,2.182720874901861,,0.9999074300375137,3.657995479427877e-08,0.025039123630672927,0.00540133286267519,adaptive,,0.021219578804448247,2,0.026620911667123437,500,composition,0.9600245586075196,1.6140867143344734e-05,0.01994198001921177,,0.020773712545633316,0.9603433605898748,0.0006006531184539199
,,,2.6146622500382364,,0.9999242774573658,1.2289224051936684e-08,0.02556077203964528,0.00540133286267519,adaptive,,0.026521163061261177,2,0.03192249592393637,600,composition,0.9936982842659239,5.983961753799001e-06,0.014060266315937042,,0.02407205104827881,0.9937683639015714,0.0002571175864432007
,,,3.0808742919471115,,0.9999165255080711,5.1143720566993166e-09,0.017005738132498695,0.00540133286267519,adaptive,,0.03191503882408142,2,0.03731637168675661,700,composition,0.9213011839401597,2.3444704164065586e-05,0.010919827036559582,,0.012503835372626781,0.9210495090666979,0.00047048789565451443
,,,3.5477115840185434,,0.9999146944450142,7.027386266555549e-08,0.027960354720918103,0.00540133286267519,adaptive,,0.037667329888790846,2,0.043068662751466036,800,composition,0.9966344071628707,1.1377854521649444e-05,0.015943948179483414,,0.01596149057149887,0.9967462900539401,0.0008226350764743984
,,,4.011555792065337,,0.9999096599171835,8.194040416998826e-09,0.02952529994783516,0.00540133286267519,adaptive,,0.043038660660386086,2,0.048439993523061275,900,composition,0.9875221069967819,1.9966427336379746e-06,0.008581146597862244,,0.009709986858069897,0.9874641326336395,0.00040514805004931986
,,,4.503101208945736,,0.9999205925200946,2.2896335301260737e-08,0.04110589462702139,0.00540133286267519,adaptive,,0.048041325295343995,2,0.053442658158019185,1000,composition,0.9704005628810943,2.699356211251942e-05,0.01553538627922535,,0.00899537093937397,0.9704145114442343,0.00031492693233303726
,,,4.9920922089368105,,0.9999159196990376,2.0113489551511867e-08,0.02003129890453834,0.00540133286267519,adaptive,,0.05487562180496752,2,0.06027695466764271,1100,composition,0.9959568871134227,9.917517826748444e-06,0.007842152379453182,,0.007486201357096434,0.9960442550954735,0.0005936630186624825
,,,5.4558253339491785,,0.9999053103461021,4.5812668023174164e-09,0.03244653103808033,0.00540133286267519,adaptive,,0.061299166176468134,2,0.06670049903914332,1200,composition,0.8996720573965717,1.1784542367528428e-05,0.005179082974791527,,0.009219985455274582,0.8999459361730996,0.000913078838493675
,,,5.847776083974168,,0.9999017188152458,7.968831000209151e-10,0.04037558685446009,0.00540133286267519,adaptive,,0.06663591600954533,2,0.07203724887222052,1300,composition,-0.38419141186416206,2.0578485008067537e-05,0.0028711219783872366,,0.005947714671492577,-0.3838769958493033,0.0006518170121125877
,,,6.255716084036976,,0.9999049177480436,1.4744523997087609e-08,0.03547209181011998,0.00540133286267519,adaptive,,0.07174954214133322,2,0.07715087500400841,1400,composition,0.9842366511000454,6.136361662862603e-06,0.004371083341538906,,0.00368711119517684,0.984247660790624,0.0005491155316121876
,,,6.706570334034041,,0.9999159820190833,9.989946596329325e-09,0.054773082942097026,0.00540133286267519,adaptive,,0.07706512627191842,2,0.0824664591345936,1500,composition,0.9681694382448311,1.7835725712903282e-05,0.003293159883469343,,0.006245275028049946,0.9683895988752227,0.0007864414947107434
,,,7.120422959094867,,0.999903756524183,4.643519680320418e-09,0.01815336463223787,0.00540133286267519,adaptive,,0.08235800359398127,2,0.08775933645665646,1600,composition,-0.10367649664899828,3.1238037975101235e-05,0.001920725335367024,,0.002512238221243024,-0.10296104098409013,0.0012320090318098664
,,,7.551496375119314,,0.9999241834495224,1.915967785117684e-09,0.020448617631716223,0.00540133286267519,adaptive,,0.08724571345373988,2,0.09264704631641507,1700,composition,0.9709670041629878,3.003769851356322e-05,0.001383077003993094,,0.0021619268227368593,0.970967349508739,0.0008822372183203697
,,,7.947905584005639,,0.9999114992981933,2.385331977661949e-10,0.019509650495565987,0.00540133286267519,adaptive,,0.0922050888184458,2,0.09760642168112099,1800,composition,-0.2704288220274452,0.00032024962812996914,0.001254276023246348,,0.003228771733120084,-0.27068883258683374,0.0029063604306429625
,,,8.342142584035173,,0.9999205957217112,9.876873820286887e-09,0.03442879499217527,0.00540133286267519,adaptive,,0.09719842253252864,2,0.10259975539520383,1900,composition,0.9655005606171299,6.534077696228411e-05,0.0017074611969292164,,0.0010526215191930532,0.9653885130708882,0.002726969076320529
,,,8.765322250081226,,0.9999147004904217,2.2030620361124654e-09,0.024413145539906103,0.00540133286267519,adaptive,,0.10213000443764031,2,0.1075313373003155,2000,composition,-0.5557053766773428,5.0774188455578635e-05,0.0007072403095662594,,0.0013784285401925445,-0.555147007964373,0.001578279072418809
